:020000040000FA
:1000000060D3002095AD01000FFC030081AD01001D
:1000100081AD010081AD010081AD010081AD010024
:1000200000000000000000000000000001AF01001F
:1000300081AD01000000000099AE010081AD01001A
:10004000A5B00100A5B00100A5B00100A5B0010058
:10005000A5B00100A5B00100A5B00100A5B0010048
:10006000A5B00100A5B00100A5B00100A5B0010038
:10007000A5B00100A5B00100A5B00100A5B0010028
:10008000A5B00100A5B00100A5B00100A5B0010018
:10009000A5B00100A5B00100A5B00100A5B0010008
:1000A000A5B00100A5B00100A5B00100A5B00100F8
:1000B000A5B00100A5B00100A5B00100A5B00100E8
:1000C000A5B00100A5B00100A5B00100A5B00100D8
:1000D000A5B00100A5B00100A5B00100A5B00100C8
:1000E000A5B00100A5B00100A5B00100A5B00100B8
:1000F000A5B00100A5B00100A5B00100A5B00100A8
:10010000A5B00100A5B00100A5B00100A5B0010097
:10011000A5B00100A5B00100A5B00100A5B0010087
:10012000A5B00100A5B00100A5B00100A5B0010077
:10013000A5B00100A5B00100A5B00100A5B0010067
:10014000A5B00100A5B00100A5B00100A5B0010057
:10015000A5B00100A5B00100A5B00100A5B0010047
:10016000A5B00100A5B00100A5B00100A5B0010037
:10017000A5B00100A5B00100A5B00100A5B0010027
:10018000A5B00100A5B00100A5B00100A5B0010017
:10019000A5B00100A5B00100A5B00100A5B0010007
:1001A000A5B00100A5B00100A5B00100A5B00100F7
:1001B000A5B00100A5B00100A5B00100A5B00100E7
:1001C000A5B00100A5B00100A5B00100A5B00100D7
:1001D000A5B00100A5B00100A5B00100A5B00100C7
:1001E000A5B00100A5B00100A5B00100A5B00100B7
:1001F000A5B00100A5B00100A5B00100A5B00100A7
:10020000A5B00100A5B00100A5B00100A5B0010096
:10021000A5B00100A5B00100A5B00100A5B0010086
:10022000A5B00100A5B00100A5B00100A5B0010076
:10023000A5B00100A5B00100A5B00100A5B0010066
:10024000A5B00100A5B00100A5B00100A5B0010056
:10025000A5B00100673A0400A5B00100A5B00100F7
:10026000A5B00100A5B00100513A0400A5B00100FD
:10027000A5B00100A5B00100A5B00100A5B0010026
:10028000A5B00100A5B00100A5B00100A5B0010016
:10029000A5B00100A5B00100A5B00100A5B0010006
:1002A000A5B00100A5B00100A5B00100A5B00100F6
:1002B000A5B00100A5B00100A5B00100A5B00100E6
:1002C000A5B00100A5B00100A5B00100A5B00100D6
:1002D000A5B00100A5B00100A5B00100A5B00100C6
:1002E000A5B00100A5B00100A5B00100A5B00100B6
:1002F000A5B00100A5B00100A5B00100A5B00100A6
:10030000A5B00100A5B00100A5B00100A5B0010095
:10031000A5B00100A5B00100A5B00100A5B0010085
:10032000A5B00100A5B00100A5B00100A5B0010075
:10033000A5B00100A5B00100A5B00100A5B0010065
:10034000A5B00100A5B00100A5B00100A5B0010055
:10035000A5B00100A5B00100A5B00100A5B0010045
:10036000A5B00100A5B00100A5B00100A5B0010035
:10037000A5B00100A5B00100A5B00100A5B0010025
:10038000A5B00100A5B00100A5B00100A5B0010015
:10039000A5B00100A5B00100A5B00100A5B0010005
:1003A000A5B00100A5B00100A5B00100A5B00100F5
:1003B000A5B00100A5B00100A5B00100A5B00100E5
:1003C000A5B00100A5B00100A5B00100A5B00100D5
:1003D000A5B001003B3A0400A5B00100A5B00100A2
:1003E000A5B00100A5B00100A5B00100A5B00100B5
:1003F000A5B00100A5B00100A5B00100A5B00100A5
:10040000A5B00100A5B00100A5B00100A5B0010094
:10041000A5B00100A5B00100A5B00100A5B0010084
:10042000A5B00100A5B00100A5B00100A5B0010074
:10043000A5B00100A5B00100A5B00100A5B0010064
:10044000A5B00100A5B00100A5B00100A5B0010054
:10045000A5B00100A5B00100A5B00100A5B0010044
:10046000A5B00100A5B00100A5B00100A5B0010034
:0C047000A5B00100A5B00100A5B001007E
:10048000054B00221B78826001330260034A426000
:10049000C371FF2303727047B81A002028010800B7
:1004A000064A074B02604FF43672DB7882800822DE
:1004B000C371002382710372704700BF456301005E
:1004C000B81A0020064A074B02604FF4B472DB7A78
:1004D00082800822C371FF2382710372704700BFBC
:1004E0007D5E0100B81A00202DE9F341C41D0028EB
:1004F000064624F007040CBF0020204600F016FD3D
:10050000071E04DA6FF00B0002B0BDE8F081374D32
:10051000E988A88803316B7A03302A7A89B280B2DD
:1005200011F033FE0028EDDB3C44A978EB78002E77
:1005300004F10304194424F0030400FB01F10CBF8F
:100540000020204600F082FE20440EB90028D9DBAE
:10055000EA7A0446B2B1EB7B697C13441944FF2963
:10056000D0D80330002EAA89C9B220F003040CBFF2
:100570000020204600F0DCFE0028C3DB04440EB956
:10058000002CBFDB012000F0C7FCB0B1A97BA1B1FA
:1005900095F82B3033B340234FF481720734002E8B
:1005A00024F007040CBF0020204603F05BFE002867
:1005B000A8DB04440EB9002CA4DBAB7AFBB1EB7AC8
:1005C000B3B10734002EA97A24F007040CBF002031
:1005D000204607F093FD002894DB04447EB9002CEC
:1005E0000DDA8FE725232822D8E700BFB81A0020AC
:1005F000012000F091FC10B1AB7B002BE1D1734BDB
:100600001B6893B1A97D81B10334002EEA7D24F0EB
:1006100003040CBF0020204698470028FFF672AF65
:10062000044416B9002CFFF66DAF694B1B688BB103
:10063000297C79B10334002E24F003040CBF002080
:10064000204698470028FFF65DAF044416B9002CF9
:10065000FFF658AF5F4B1F68B7B1697CA1B1033497
:10066000002E2B7D24F0030408BF0020009318BF48
:100670002046EB7CAA7CB8470028FFF643AF044431
:1006800016B9002CFFF63EAF072000F045FC98B1EC
:10069000A97D89B10334002E2A7E24F003040CBF07
:1006A0000020204600F032FF0028FFF62BAF044464
:1006B00016B9002CFFF626AFB6FA86F795F8230098
:1006C0007F09A0B103346B7FA97E24F0070419448D
:1006D0003B4644F00404C9B2224600F057FF00280C
:1006E000FFF610AF044416B9002CFFF60BAF95F8D7
:1006F000241000294CD004F10708002EEA8C28F0C1
:1007000007080CBF0020404611F053FD041EFFF601
:10071000F9AE4444002E3ED1002CFFF6F3AEA97F83
:10072000002945D095F82230002B41D02A8C07347F
:10073000002E02F1240224F007080CBF00204046DE
:1007400092B211F036FD0028FFF6DCAE404416B937
:100750000028FFF6D7AE03302B7FA97E20F00700DC
:1007600019443B4640F0040495F82200C9B22246E1
:1007700000F0FEFE0028FFF6C5AE044486B9002C4A
:10078000FFF6C0AEEB6AF3B1C6B1EC620020BBE687
:10079000002EC4D08846E98C40460DF08FFCBEE7A1
:1007A0002A8C4046A97F083292B20DF08DFCE9E711
:1007B000002EE7D0002211461046F6E728343FF518
:1007C000A1AE2046A0E6002EE0D1FAE7AC00002062
:1007D000B0000020B40000201FB572B6194B1C6B8E
:1007E000ECB9BFF34F8F1849184BCA6802F4E062A6
:1007F0001343CB60BFF34F8F00BFFDE7B2FBF6F2B0
:100800002B465D1C002AF9D1DBB203F110056D44C3
:1008100005F80C2C0A2233B901A8A047E1E70246EB
:1008200000230A26EDE7013BDBB203F110050DEBD7
:100830000506B0FBF2F502FB1500303006F80C0C93
:100840002846E8E7B81A002000ED00E00400FA05A9
:1008500013B5124C68462389ADF80030E388ADF833
:100860000430A388ADF8023005F002FC18B1FC2179
:100870009C20FFF7B1FF207D05F056FC08B1FF2159
:10088000F6E7E07C05F04AFC10B14FF48071EFE729
:1008900094F829000BF0A8FF02B010BDB81A002090
:1008A00070B5054600285BD010F046FB18B94FF034
:1008B000FF34204670BD0FF099FFB0F5FA7FF6D8EF
:1008C000294C012629482563002500F0A1FA284675
:1008D00084F83450257084F82B50E56284F82A504F
:1008E0000DF08EFB1A22294604F10F0016F0E1F8F4
:1008F0001B2308210322A3802846E3800223A17240
:100900001F216372E375F72322722384FB23A273F2
:100910004922E3840A23A1812946E27484F829301C
:10092000A670E670E672A674267604F063FB2A468B
:100930003146304604F012FB044620B140F2AD319E
:100940009C20FFF749FF0246014604F035FBEFF318
:10095000108572B600F040FE002DAAD162B6A8E75D
:100960006FF01504A5E700BFB81A00205108000079
:1009700038B51446002840F0EE80784D95F83430B4
:10098000032B00F0E58019B312B96FF0150038BDE4
:100990000139172900F2DF80DFE811F01800290083
:1009A0002C0042006C0075009400480078007B0029
:1009B0008E004E005400620067009A009D00AC005B
:1009C000AF00B200A300B500B900D2001378AB703D
:1009D0000020FFF789FD0028B7BF012302236FF035
:1009E0000B0085F83430A8BF85F83430CFE7137892
:1009F000EB70EDE71379002BC7D05379002BC4D0EF
:100A00001288FB2AC1D863881B3B9BB2E02BBCD861
:100A10001A2ABAD92368A2886B60514B9A80D7E70B
:100A20001378EA7B9342B0D3EB72D1E71378EA7A7A
:100A30009342AAD8EB73CBE71378EA7A9342A4D80F
:100A40006B74C5E71378002B9FD05378013BDBB262
:100A5000F82B9AD8138892786B82424B9A70B7E73A
:100A6000107868750BF0BAFEB2E71378002B8CD0C3
:100A70002B76ADE7012000F04FFA237808B1012B67
:100A800083D9AB73A4E71388AB81A1E71378AB7567
:100A90009EE7072000F040FA18B92378012B7FF673
:100AA00074AF072000F038FA18B12378002B3FF418
:100AB0006CAF2378EB758BE71378082B3FF665AFA7
:100AC0002B7485E71388FF2B3FF65FAFAB727FE790
:100AD00013786B767CE713780E2B3FF656AFAB7628
:100AE00076E72368204AC5F81E306368536023897F
:100AF00013816DE71378EB766AE713786B7767E716
:100B000013782B7764E7137885F8283060E704F0D2
:100B10001FFA98B1007900F001026178207804F0A2
:100B20001DFA00287FF433AF6378012B7FF650AFB6
:100B30000DF06CFA00287FF44BAF26E70246ECE795
:100B400013785A1E092A3FF620AF85F829303FE76F
:100B50004FF0FF301BE76FF02C0018E7B81A0020A9
:100B6000BC1A0020CA1A0020D61A0020F8B50D467B
:100B7000064630B329B311F0070422D1124F97F87B
:100B80003430012B02D16FF00B00F8BD032B02D1E2
:100B90004FF0FF30F9E700F073F80028F8D028464E
:100BA000FFF7A2FC0028EEDB15F0ACFC3046F96A3A
:100BB00005F06EFBFFF74CFE0323204687F8343028
:100BC000E3E76FF01500E0E7B81A002010B5074C16
:100BD00094F83430032B03D105F076FB06F028FBA4
:100BE00011F033FC002084F8340010BDB81A002046
:100BF00050B1074B03F1140253F8041B934240F821
:100C0000041BF9D1002070476FF01500704700BF3A
:100C10003A10050008B505F0E5FA03490320BDE8E0
:100C2000084000F071B900BFC504000008B505F028
:100C3000F3FA03490220BDE8084000F065B900BF9F
:100C4000A104000008B505F009FB0449012000F0EB
:100C50005BF9034B012283F82B2008BD81040000BF
:100C6000B81A002002680020014B1A60704700BFCC
:100C7000F01A0020014B1B68184700BFF01A002033
:100C8000024B1868003818BF01207047F01A002086
:100C9000F7B504462D4E071D2C48376006F0E0FAE4
:100CA0000228054606D12949204610F0E5FB2846D2
:100CB00003B0F0BD042842D13378092B0AD0262B8B
:100CC0001ED03146204610F051FCB0F5817F2DD367
:100CD000722112E005213E2010F0A0FB0028F0D187
:100CE000F37801A93279684643EA0223ADF800306F
:100CF00011F01BF80028CFD053210820FFF76CFD1E
:100D00001A213E2010F08AFB0028DAD17368694668
:100D100001A8C3F30F23ADF8043011238DF806307A
:100D200011F02DF80028B7D06521E6E70028B3D0F0
:100D3000A178207810F072FB0028B8D1ACE7082821
:100D4000B5D10249204610F0CFFBB0E7F41A0020DD
:100D5000074B4FF0FF3141F6FF72C3E9001205491E
:100D60000022C1E900221F21C3E90212704700BF1F
:100D700040000020F81B00203F280CD801380B4B06
:100D8000C0F3421200F01F0053F8223023FA00F0A3
:100D900000F001007047FF2806D04038044BC0F334
:100DA000421200F01F00EFE70120704740000020D2
:100DB000F81B0020074B0146006849681A4603C229
:100DC00040F48C221A6041F0107242F4FF625A60C3
:100DD000704700BF400000200246024B0068516887
:100DE00003C3704748000020431EF428DBB201D142
:100DF00004F0F8B85909054A03F01F0302EB810219
:100E00009068D84000F00100704700BF400000200B
:100E1000014B1860704700BF001C002010B5FFF7A1
:100E200097FF12F0BDFB034B04461B6803B19847C4
:100E3000204610BD001C00200A8870B595B2C67C03
:100E4000C2F30E020488023602F118033444C35A76
:100E5000A4B233442344013BB3FBF4F303FB042269
:100E6000438892B29342044B8BBF2B40AB43134356
:100E70009BB20B8070BD00BF0080FFFF4A1E062A98
:100E800008B50346084604D84FF4D1711520FFF782
:100E9000A3FC094A914202D940F2A311F6E711B925
:100EA00003B1196008BD2BB11B680022C3E9012101
:100EB0001A1D1A600430F5E7FAFFFF7F10B5114BD9
:100EC00000EB41041A786389B3FBF2F303FB0223BE
:100ED000013A1A44B2F5706F0279807828BF002376
:100EE0001A440B18B2FBF0F100FB11215B1AB3FBA3
:100EF000F0F100FB113313446FEA43436FEA5343AD
:100F0000638110BD041C0020024B03EB8003596079
:100F1000704700BF041C0020034B03EB800358689C
:100F2000003818BF01207047041C00202DE9F04F45
:100F300010F0070A85B0054604D040F26111172071
:100F4000FFF74AFC534F04464FF0010B07F15406DC
:100F5000B146B04657F8043B8DF80BA03BB101A851
:100F600098479DF80A30082B01D9E821E7E79DF85A
:100F70000B1041BB05B131604F4506F10406E9D1C4
:100F8000002D6ED00022DFF810911427964689F8C4
:100F9000002058F827A0013FBAF1000F54D09AF86A
:100FA00004609AF802C0FF2E5FD039460023481C27
:100FB00037D19C44BCF1FF0F3ED90AB189F800E05B
:100FC00040F22711BBE79DF80AC04B1D60465A004E
:100FD00004EB4303022838BF0220441E404223444E
:100FE000BDF808406444CCF1000C0340013C04EA25
:100FF0000C04B4F5803F01D3F821A0E775B19A1A2B
:1010000032609170148082F803B09DF80C0010716A
:1010100001984FEA104C1081A2F806C004FB01347D
:10102000AAE758F8210028B190F804B0B34504BFEE
:1010300080781B180139BAE7DBB2E6458AF804303C
:101040003CBF5FFA8CFE01227B1CA2D10AB189F859
:1010500000E0142640F6FF6A58F82670B7B9013E42
:10106000FAD2601B05B0BDE8F08F0023E5E707EB7F
:10107000410309F101093846A3F80AA0FFF71EFF52
:101080005FFA89F1BB788B42F1D8E8E74FF00009AD
:10109000F6E700BF081C0020041C0020034B03EBF4
:1010A0008003986D00B18078704700BF041C002059
:1010B00038B54FF6FF7302460380184B03EB8103EC
:1010C000986DA8B184780379B3FBF4F104FB113374
:1010D000DBB2194600EB4105B5F90A50002D0EDBD5
:1010E0000131B1FBF4F504FB1511C9B28B42F1D10A
:1010F000002038BD6381BDE8384011F022B800EB14
:1011000041046389C3F30E031380C278002AF1D12E
:101110004FF4D5711720FFF75FFB00BF041C0020C0
:101120001C4B03EB810370B59C6D054644B303046F
:1011300004D54FF4DC711720FFF74EFB0146204623
:1011400010F0E2FFFF28014604D02046BDE87040C1
:1011500010F0F7BFA078B5FBF0F300FB1353DBB240
:1011600019460A1D04EB4206B6F90260002E09DB9F
:101170000131B1FBF0F200FB1211C9B28B42F0D188
:10118000002070BD8B4201D00023E37004EB4202CB
:101190005580DAE7041C0020094B03EB810301466C
:1011A00010B59C6D204610F0AFFFFF28014604D01B
:1011B0002046BDE8104010F0C4BF002010BD00BFA5
:1011C000041C0020F8B5104B074603EB81030146D1
:1011D0009C6D204610F098FFFF28054611D0E2884C
:1011E000238953EA024606D00146204610F0A9FFA3
:1011F00001463846B04720462946FFF75FFE0020EB
:10120000F8BD0520FCE700BF041C002038B50E4BDC
:101210000446827903EB8203986D08B9052038BD36
:101220008278E1799142F9D24B1CE37100EB4103E2
:101230005D89B3F90A30002BF3DBA58010F081FF44
:1012400020600020EBE700BF041C002070B50446BE
:1012500010F003000E4603D04E211820FFF7BCFA11
:10126000FFF70CFE054624B1034831460460FFF742
:1012700005FE284670BD00BFB01C00202DE9F14FCF
:10128000DFF870B01E4607460D46DBF8003090468A
:101290009DF828A09DF82C901BB960211820FFF71D
:1012A0009BFA52460921404610F0AEFD4A4684B2F0
:1012B0000921304610F0A8FD81B2DBF8000021447E
:1012C00010F0F6FE386018B9286001B0BDE8F08F64
:1012D00004445346414609222C60386810F057FDFB
:1012E0004B4609223146286801B0BDE8F04F10F0A6
:1012F0004EBD00BFB01C002070B50E46044610F075
:1013000096FD0546304610F092FD044B2A18214602
:101310001868BDE8704010F0F0BE00BFB01C00209F
:10132000024B186808B110F0B7BE7047B01C00201F
:101330001F2AF8B5044613460ED89200033222F055
:101340000303B3F5803F2DD2184DACB1A00710D0E8
:101350005F210920FFF740FAFF2B4FEA420204D930
:10136000FF339A42A8BF1A46E8E77C2AB8BF7C221E
:10137000E4E729706C602B8122F003022823012707
:10138000120403FB01F06B680025120CEEB2B142AF
:1013900000D8F8BD14B126181F705E6010440135E6
:1013A0002833F3E74FF0FF30F3E700BFB41C002011
:1013B000154A002170B553681578C8B2854203D824
:1013C000AB210920FFF708FA1C461846013114F832
:1013D000286B0EB92346F0E7002199700124128989
:1013E000996103F126055C709208D96103F11E042E
:1013F000596824F8022FA54243F8041F1144F8D17C
:1014000000234361037070BDB41C00200A4B1B898C
:10141000B3F5FF7F4FEA930006D25A089B1A9BB29E
:10142000984238BF18467047B3F5EE6F01D8FF22D7
:10143000F4E740F27263F3E7B41C00204B782DE927
:10144000F04106460C4602F0040702F0FB05E3B14A
:10145000A5BBFF23A3707B0804EB57073A7D032A43
:1014600002D1022D18BF0133E2180121117503F1D9
:101470000C01002204EB830324F811205B68A270A6
:1014800030463360B280BDE8F081002DE1D1012308
:1014900001F11E028D6120464B7004F1260C1A4B9F
:1014A000CD611B8949689B0822F8023F944540F8AA
:1014B000041F1944F8D100236361CAE7D1F80480FE
:1014C00014220021A018617015F0F3FA0E4B1B894D
:1014D000B3F5FF7F0FD25A089B1A9BB208EB0301AA
:1014E000C4F804802384A1606284C4F80C80A384BF
:1014F0002161E284ADE7B3F5EE6F4FF0FF02EBD967
:1015000040F27263EAE700BFB41C00202DE9F84303
:1015100005460C46F7200521914610F075FC061E85
:1015200021DB1DB906FB04F0BDE8F88315F00307C5
:1015300003D098211920FFF74FF9DFF83080C8F861
:101540001050A8F81460BBB29C42EBD9B8F8145004
:101550004B46D8F810000522F72107FB050001379C
:1015600010F015FCEFE74FF0FF30DDE7C81C00205E
:1015700007B5CDE900230B4603490246081D10F0CC
:101580003EFF03B05DF804FBE01C002013B5064CE1
:10159000CDE900230B46024604F1080104F10C00DA
:1015A00010F02DFF02B010BDE01C002008B54B1E4E
:1015B000032B03D923219020FFF70EF90028054AB9
:1015C0000CBF05230C2303EB8103053323F0010338
:1015D000137008BDF01C00201F4B4FF0FF3000219E
:1015E0001A6801235360C2F80803C2F80015C2F854
:1015F00004351A4A12685360C2F80803C2F800158D
:1016000040F6FE71164A1748C2F80815B0F90020D6
:10161000002A0CDB510902F01F02934001F1200265
:10162000114941F82230BFF34F8FBFF36F8FB0F9EC
:101630000030002B09DB5A09012103F01F039940F8
:1016400002F16003084A42F82310054B40F6FE728F
:10165000C3F80825704700BFA02800209C28002060
:1016600000200850B428002000E100E00A460648A7
:101670003D2302F8033BC368C1F80330036953609C
:1016800043699360704700BFF81C0020024B5A8CDE
:1016900002435A845B6A1847F81C0020014B002162
:1016A0005B6A1847F81C002010B5154C0CF09EF82A
:1016B0000BF002FB208DFFF7F1FF237E63B1224682
:1016C000104904F1190052F80C3BE3606368536061
:1016D000A368936013F0EDFB0B4B228D93E803009E
:1016E00006F03CFD236B188806F0BEFCA36B94F853
:1016F000341094F835009847002384F83C3010BD2E
:10170000F81C00206D160000241D0020034B93F8E8
:101710003C300BB1FFF7C8BF704700BFF81C00207A
:1017200070B5254C0646256B636C95F894202364B0
:1017300094F8483095F8751003EB82002EB9FF2815
:1017400003D195F874308B4201D00BF0CBFE95F8A5
:10175000943053B3E06C0CF02BF994F82C30E16C1E
:10176000003B206C18BF012384F87030D5E93C237E
:10177000C4E918230BF024FA5EB995F87530033BE1
:10178000012B2B8F8CBF00202820184480B20CF036
:101790006FF9A88E0BF018FE95F8741000200CF06D
:1017A000C7F9022384F83C3070BD206C0CF000F9BE
:1017B0000BF082FAE0E700BFF81C00200138C0B24D
:1017C000032808B504D940F29D410620FFF704F82C
:1017D000014B185C08BD00BFDF7C040008B5094B55
:1017E00093F83C20022A04D040F24F212720FEF734
:1017F000F3FFDA7A42F00102DA72BDE80840FFF73F
:1018000053BF00BFF81C002003280B4B10B5044643
:1018100005D19A6FD278022A01D1002010BDD86F6D
:1018200010F084FB0028F9D1032CF6D004F074FFEB
:1018300080F00100C0B2F1E7F81C002038B52F4C51
:10184000054694F82C307BB101280DD1638C180724
:101850000AD5A26F137803F00303032B04D1D378C6
:10186000022B01D1012038BD0129FBD8D4F88030EA
:10187000284698470028F5D094F834000028F1D184
:1018800094F82C301BB9012D03D01846EBE7002D3E
:10189000E9D194F8845025B194F88500FFF7B4FF9E
:1018A0000546606C13F059FAD4F88830ABB9B4F837
:1018B0008C30B3FA83F35B0994F82C10628C71B10D
:1018C00091070CD5A26F137803F00303032BC9D142
:1018D000D078023818BF0120C5E70123ECE7002AC1
:1018E000C0D1012814BF002303F0010343EA05001F
:1018F00080F0010000F00100B5E700BFF81C0020F7
:101900002DE9F043334C85B00746884694F83C30C7
:10191000012BDEB204D040F204512720FEF75CFF19
:10192000256B02A8A16F10F092FD95F884309DF808
:10193000089053B10021042085F88410FFF7A6FE1B
:1019400094F82C300BB185F88660B9F1030F29D0DB
:10195000BDF80C30002B18BF022695F8943085F89E
:101960008A60CBB194F82C30216B003B94F848602E
:1019700091F8750018BF012384F87030D5E93C2335
:10198000C4E91823FFF71AFF002203461249009208
:10199000022032460BF042F86FB105B0BDE8F043CB
:1019A000FFF782BE95F88A301BB9A16F0220FFF7BE
:1019B0006DFE0326D1E7B8F1000FEED03946384668
:1019C000FFF73CFF0028E8D105B0BDE8F043FFF782
:1019D000A7BE00BFF81C0020481D002010B5094C10
:1019E000D4F8883023B940F2F6412720FEF7F4FE00
:1019F000B4F88C201846216C03320FF045FC2064AB
:101A000010BD00BFF81C00202DE9F341714C0023EC
:101A1000256B8DF8053095F8741058B995F8942019
:101A200094F8483003EB8203FF2B03D195F875300F
:101A30008B4202D0FF200BF055FD95F88A30032B26
:101A400000F2BB80DFE803F0023598AB94F88E30EB
:101A50006148ADF80630A5F8643004F033FE58B1A3
:101A60000121A36F85F88510DB781B2B1DD105F1B3
:101A700010000BF083FD18E00DF105020DF10601D9
:101A8000E06F10F0FBF9A06798B195F8CF3083B9FB
:101A90009DF805302BB9038001218370A06F13F0EE
:101AA0004CF9A36FBDF806205A70012384F88F30DB
:101AB00001E04A4BA367A76F95F88B203B78D200D3
:101AC00003F0030603F0F30302F008023046134369
:101AD00095F88C20920002F0040213433B70FFF74C
:101AE00093FE3B7823F0100343EA00133B70A06F92
:101AF00090F8018013F035F995F89330071E18BF60
:101B00000127002B5CD0B8F1000F59D0E06C0BF02E
:101B10004FFF94F82C30E16CB3FA83F3A06F5B09AC
:101B200084F87030D5E93A23C4E918233A460CF01A
:101B300097F918B9A16FE06C0AF0D6FF304610F0A3
:101B4000B3FCE88E0BF040FC95F8751001200125E0
:101B50000BF0EEFFA06F84F8935013F0FEF8A36F24
:101B600084F884001B7884F83C5003F0030384F865
:101B7000853002B0BDE8F081B5F864300DF10502A2
:101B80000DF10601E06FADF8063010F077F9A067AF
:101B900000288AD140F2F1212720FEF71DFE0E48D1
:101BA00004F090FD10B940F2FB21F5E7A36FDB785C
:101BB0001B2B7FF47AAF012159E740F20931EBE7A3
:101BC000A06F0BF0F5FE0BF077F83946A06F14F01C
:101BD000D3FCB3E7F81C0020701D0020881D0020F6
:101BE000064B10B593F83C2002F0FF0422B91C7696
:101BF00006F0ACFA204610BD0C24FBE7F81C0020D0
:101C00000A4B0B4A70B506460D461A60FFF7E8FF0F
:101C100018B1F4212720FEF7DFFD064C012104F165
:101C2000900013F08AF86664E56470BDB800002087
:101C3000C0230000F81C0020024B012283F89420EE
:101C4000704700BFF81C0020F0B585B09A4C02AE7A
:101C50000A9F86E8030094F83C1001F0FF0511B9D3
:101C60000AB103B127B940F283112720FEF7B4FD72
:101C700096E8030004F12C0C84F8945084F8345056
:101C800084F8955084F8355084F8935084F88F5038
:101C9000658425856262C4F88030A7638CE8030000
:101CA000256B0BF08DFC0BF007F895F97C000BF021
:101CB000EDFCAE6A286A0BF0EFFC30460BF05CFEE0
:101CC00095F8A4000BF0F2FC94F82C60002E40F084
:101CD000A78013F0BDFD95F87420784B4FF47A710E
:101CE00053F8223003F5FA73B3FBF1F354331918A8
:101CF00030460BF067FD724B724E05F5847718681D
:101D00000BF040FE6B69E367AB69C4F8983005F1EE
:101D1000F8031868083353F8041C3246BB4203C268
:101D20001646F6D15968684AD5F8080103C2226BF5
:101D300092F88E3092F87460A3F12601012903D93C
:101D400092F88F10262976D194F82C30002B6FD181
:101D500092F80A12304610F097FB064605F13C0750
:101D60003146384613F07CF9314612F041FCB5F8A3
:101D7000483095F87510834228BF0346384684F8EA
:101D80008E3013F01BF995F8751095F894700429AE
:101D9000B5F8506008BF032112F02AFC0FB90430D7
:101DA00080B2864228BF0646F6B284F89C6005F0F1
:101DB00033FB28B105F036FBB04238BF3046C6B21F
:101DC00094F82C7084F84860002F5AD195F893301D
:101DD0008BB1012395F8740084F87030D5E93A236B
:101DE000C4E91823FFF7EAFCFB2203463549042027
:101DF00000970AF013FE0120FFF706FE0023236080
:101E00006360A360B5F8883063802B88238095F8E1
:101E1000A4302371AB6F0BB101221A6005B0F0BD85
:101E200013F016FD95F8752000F17601012060E7AA
:101E300092F8A2128EE7213B012B11D8242911D050
:101E400094F82C30CBB192F82E315A0713D413F0FA
:101E500001017FF47FAFC3F340035B00D9B279E7A0
:101E600024290AD194F82C303BB192F82E3192F803
:101E70006D201340E9E704216CE7032E08BF042618
:101E80006CE795F8943093B1012395F8750084F8C8
:101E90007030D5E93C23C4E91823FFF78FFC0022FA
:101EA000034608490092022032460AF0B7FD01209D
:101EB000FFF736FCA2E700BFF81C002020800400DA
:101EC000B8000020481D0020601D002008B5114BFF
:101ED00093F83C201AB9BDE80840FFF7E5BB93F83A
:101EE0002C2042B993F83C30012B12D040F22D2126
:101EF0002720FEF771FC93F83C20022A02D040F222
:101F00003121F5E71B6BD3F8D801BDE808400BF091
:101F100083BD08BDF81C0020014B1876704700BF38
:101F2000F81C0020014B93F893007047F81C002028
:101F3000044B93F88F0018B993F82900C0F30010F0
:101F4000704700BFF81C0020024B93F82900C0F333
:101F5000C0007047F81C0020014B93F895007047B3
:101F6000F81C00202DE9F043314D85B004460F46A2
:101F700002A8296C2E6B10F06AFA14F00109BDF862
:101F80000C8004F0020428D0002385F89D3094B121
:101F9000FFF724FD0DF1020201A9D5F8980010F019
:101FA00071F8019810F054F8012238604146D5F8D4
:101FB00098000FF0FCFFB9F1000F0BD0D6E93C32CE
:101FC000013342F10002C6E93C3296F88C3001330D
:101FD00086F88C3005B0BDE8F08395F89D30032B72
:101FE00020D801A252F823F08F1F0000F91F000033
:101FF0001320000013200000002CEBD0FFF7EEFCB4
:1020000000224146D5F8980005B0BDE8F0430FF036
:10201000CEBF002CDED0D5F8980005B0BDE8F04367
:1020200010F02CB840F2A2412720FEF7D5FB00BFEC
:10203000F81C00202DE9F04F0023B74C87B08046F4
:102040008A46276BCDE9023394F83C30022B04D04A
:1020500040F28B512720FEF7BFFB216C04A810F043
:10206000F6F9BDF8146097F89430B8F1000F00F05D
:1020700059819DF810909DF811B0002B3AD00AF0CC
:1020800029FEB8BB6EB197F88C3003F001035B45B5
:102090000BD1012384F83530FFF706FB07B0BDE80C
:1020A000F08FA4F88C60002006E0A4F88C60314624
:1020B000D4F898000FF05BFF238D9DF8122043F4B5
:1020C0000073C4F88800238597F88B3003F0010370
:1020D0009A4200F0C880256B95F88A30002B3FD0DB
:1020E000022B13D102A9E06F0FF0EAFE38B940F2DB
:1020F0003B41AFE7A4F88C60002ED4D0D7E7D5E9F8
:102100003A32013342F10002C5E93A32002194F833
:102110002C3085F88A103BB195F8863023B1102019
:1021200085F88610FFF7B2FA95F885309BB100214B
:1021300085F8851004F0D8FA002110B940F2524118
:1021400088E70820FFF7A2FAD5E93A32013342F1D5
:102150000002C5E93A3295F88B30013385F88B30AF
:10216000238D002543F40063238597F88C3003F01A
:1021700001035B4579D0002648464FF0000910F076
:1021800093F997F89330B3B194F82C3097F8740022
:10219000B3FA83F35B0984F87030D7E93A23C4E9D2
:1021A0001823FFF70BFB002203465C490092042032
:1021B000FB220AF033FCBAF1000F00F0DE800BF0D6
:1021C000EDFC002E40F0F1804FF00109238D5A06FE
:1021D00006D44020FFF762FA238D43F040032385A5
:1021E00085B194F82C3043B1B4F80720B4F8053029
:1021F0001343B7F88820134304D0B4F809300133EF
:10220000A4F80930B8F1000F00F0D480B4F805301C
:102210000133A4F80530002384F89530404805F0D8
:1022200011FF029830B10FF013FF216B00220272F0
:1022300005F05AF8039B33B1216B00221A720C226D
:10224000039805F01FF8B9F1000F7FF425AF238D37
:102250001B063FF523AF8020FFF720FA238D43F0C4
:10226000800323851AE745467FE7B9F1020FD4F8CA
:1022700030B012D8B9F1000F1DD19BF88C3001336A
:102280008BF88C30002E3FF476AFDBE93C32013323
:1022900042F10002CBE93C326DE7B9F1030FECD11A
:1022A000238D0120216C43F480538BF88400238517
:1022B000FFF7ECF9E1E7002EDFD0238D9BF894B017
:1022C00043F4805323850BF08DF8042894F89C3058
:1022D00007D1BBF1000F0CBF1F221B22934228BF66
:1022E00013469E420BD8D4F88830002B3FF443AFFE
:1022F00094F894306BB12020FFF7D0F93BE794F8C5
:102300003430012043F0100384F834300DF094FA97
:1023100031E7464630E700BFF81C0020481D00208A
:10232000241D00200BB10AF0E9FC94F8953001332C
:1023300084F89530238D43F48063238597F87530B6
:10234000033B012B11D801200DF076FA0BF04AF86F
:10235000011FD1F1000949EB01091B2E4FF00006C6
:1023600098BF4FF0000935460BE705F055F8814658
:102370000028E8D10646054603E794F895100120A9
:10238000FFF75CFA00287FF41AAF1EB103A9012001
:10239000FFF7E8FD0020FFF737FB002E3FF416AFF4
:1023A00003A90220FFF7DEFD10E703A90320FFF7D2
:1023B000D9FD09E7B4F807300133A4F807302DE759
:1023C000DD17000035200000011900000D17000086
:1023D0000D4B0321186830B50D4690F8A52090F8F4
:1023E0004B400132B2FBF5F303EB4303D31ADAB2ED
:1023F00044FA03F3DB0703D4013911F0FF01F0D1F4
:1024000080F8A52030BD00BF981D0020014B186842
:1024100010F0A4B8981D002008B504F09DFC014BF5
:10242000187008BD50000020054B10B41C68827C59
:10243000836804F1420194F8410010BC11F0EFBF31
:10244000981D00202DE9F041054617461E460C4612
:1024500019B1AB6853BB01201FE0DFF86080D8F8EA
:10246000000000F15B0390F85A2000F1780190F829
:102470007E0011F0D4FFD8F804305A79D8F8003033
:10248000082A04D093F84E40A21A5442544193F8BB
:102490005630012BDDD023B1002000F00100BDE853
:1024A000F0810028D5D1002CD3D1F5E7002FD2D16F
:1024B000002EF1D02846FFF7B7FFEEE7981D002069
:1024C000024B18686C3001F035BF00BF981D00202A
:1024D00038B50F4CFFF7F4FF656801F0E5FE63685F
:1024E0002860186820B940F2EC413220FEF774F9F8
:1024F00010F065F910B940F2EE41F6E70BF058FA2A
:1025000000200BF0B5FA636804221A7138BD00BFD1
:10251000981D002038B5194D04466B681B79022BB5
:1025200004D940F6F9013220FEF756F92B68027CF7
:1025300083F8A4201A44C168996692F8242183F88C
:1025400020214268C3F88820037A022B0ED00BF0BA
:1025500037F80BF0D3FA0AF0C5F909480BF012FA74
:1025600008480BF009FA08480BF096F8637C23B191
:102570002B685B6E0BB101221A6038BD981D0020DC
:10258000C400002055555500D6BE898E38B5054685
:102590000C4603F001FF420704D4A37803F0E003E4
:1025A000402B30D003F0F8FE830704D4A37803F067
:1025B000E003202B27D0237803F03F03242B22D8DD
:1025C0000AF016FF94F90030A278002B637802F02D
:1025D0001F02B4BF4FF496711E2143EA02234B43FE
:1025E0001A1AB2F5877F0ED398420CD8074B2946AA
:1025F00018682388A0F82131A37880F82331BDE83A
:10260000384010F0D6BB002038BD00BF981D002018
:1026100008B5074B93F900207F2A04D140F292318C
:102620003220FEF7D9F802707F221A7008BD00BF71
:102630005000002010B504788EB004F00F0404A9F7
:10264000224610F0FBF8FFF7E7FE042C33D11B4CB9
:10265000059A2368107893F8781088422BD1507827
:1026600093F87910884226D1907893F87A108842AE
:1026700021D1D07893F87B1088421CD1107993F83F
:102680007C10884217D1517993F87D20914212D164
:102690009DF8212093F87E309A420CD10DF10F0065
:1026A000FFF7B6FF9DF90F3004A90093237B227A30
:1026B000606810F096F803200EB010BD981D002041
:1026C0002DE9F04387B0194C06460F460DF117006F
:1026D000FFF79EFF65682B79032B20D02B79062B03
:1026E00014BF4FF001094FF00309236803F14208BA
:1026F0000AF078FE9DF917303A46CDF80C90314635
:102700000293237ACDE900034346284601F092FE66
:1027100040B1606807B0BDE8F04301F027BE4FF05C
:102720000009E2E707B0BDE8F08300BF981D002074
:102730002DE9F043304D87B004460F466E68B379FB
:102740008BB3D5F8008098F8953033B90378002B17
:1027500014BF0223012388F895303379062BDAB2AF
:1027600025D0072A0CBF4FF002094FF001090DF1E7
:102770001700FFF74DFF0AF035FE9DF91730CDF831
:102780000C903A46029321462B7ACDE9000308F1DA
:102790004203304601F04EFE28B16378DB0609D4CF
:1027A000686801F0E3FD002007B0BDE8F0834FF05A
:1027B0000309DCE7A1690220FFF7E8FEB8B10022B7
:1027C0002B6883F8962062696AB15178C1F30311CE
:1027D00083F897101178527802F00F0241EA022232
:1027E000A3F89820E0E7FF2283F89720DCE76868E9
:1027F00001F0ECFDD7E700BF981D002010B504469E
:102800008AB0FFF709FE237803F00F03072B02D0ED
:1028100001200AB010BD6946204610F0A2F86846B3
:1028200010F047F99DF80030002BF1D19DF80130F0
:10283000DB07EDD50C4C019922689DF8110002F1DF
:10284000780392F87E2011F0EAFD0028E0D020689D
:102850000121A03011F070FCFF216846FFF768FFEE
:102860000130C0B2D5E700BF981D00200D4A536863
:1028700010B51979022904D841F2A6413220FDF79A
:10288000ABFF1979082902D941F2A741F6E71B7974
:10289000126903F180439268033BBDE8104052F88F
:1028A00023301847981D002010B5054C637A2BB1D2
:1028B0000BF024F90AF016F80023637210BD00BF74
:1028C000981D002010B5054C23792BB10BF016F99B
:1028D0000AF008F80023237110BD00BFF024002087
:1028E00010B5094CFFF7E0FF012263681A7100235D
:1028F0002268A2F8213182F82331FFF7E1FD206838
:10290000BDE8104010F022BC981D002008B5044B13
:10291000586801F05BFDBDE808400FF027BE00BF1E
:10292000981D0020062938B51D469DF8104019D97C
:1029300008291BD802B18CB143689BB912B94378FE
:10294000DB0615D40B4B5B6818680FF059FF00B11C
:1029500034B92DB904F038F800F00104204638BD30
:102960000120F9E79DF814402C43F7E70024F5E730
:102970000124F3E7981D002038B50D1E04460CBF56
:1029800005200320104404F08FF8094B587270B1F1
:102990005DB9033C012C8CBF5024552409F076FF0F
:1029A0002046BDE838400BF09DB84024F6E738BD1E
:1029B000981D0020F8B53D4CFFF782FD656801F0D9
:1029C00073FC63682860186820B940F249413220DE
:1029D000FDF702FF0FF0F3FE054610B940F24B4140
:1029E000F5E7236893F8A6306BB123681A6D93F866
:1029F000A710C3F8102193F854200A4383F85420F9
:102A0000002283F8A620206890F8A430034493F8AD
:102A10002471636880F820711A7952B11B79012BF7
:102A200007D0002110F0C5F918B9BDE8F840FFF74C
:102A300057BF23681E4A93F8A530D05C0AF036FED3
:102A4000236893F8A420134493F82461022E2BD01A
:102A500004D8012E05D040F2F971B8E7F31E012B1E
:102A6000F9D801F01BFC31460AF03CFD28460AF07B
:102A70009FFF314601200AF043FE7B1E2A4638465E
:102A800059425941FFF778FF6268082100235171CC
:102A900021722168D3801372E37281F89530A3729A
:102AA000237303231371F8BD0D20DCE7981D00206C
:102AB000E37C040010B50A4C0521206810F079F978
:102AC00018B9BDE81040FFF70BBF2368012093F849
:102AD00020110BF02DF863680B221A7110BD00BF96
:102AE000981D0020124A10B5536800B931B9184634
:102AF00001F06CFCBDE81040FFF7F2BE197908291F
:102B000004D841F276413220FDF766FE19790C298E
:102B100002D941F27741F6E71B79126903F180434C
:102B20005268093BBDE8104052F82330184700BFF7
:102B3000981D0020054B1A6892F85420920703D084
:102B40005B68186801F0DABB58697047981D00206F
:102B500070B5304D06466B681A79032A0BD01A7986
:102B6000042A08D0FFF7E6FF044640B941F2AE312F
:102B70003220FDF731FE18680FF021FEF4E72B68D4
:102B800093F8543013B941F2B431F1E776B112F051
:102B90009FF830B16B681A79022A0ED841F23431AD
:102BA000E6E7204612F0AFF80028F3D16B681A79F7
:102BB000022A17D841F29431DAE71A79082A02D9A1
:102BC00041F23531D4E71B7920462A6903F180436D
:102BD0001269033B52F8233098470C2812D941F26E
:102BE000C731C5E71A79082A02D941F29531BFE702
:102BF0001B792A6903F180435269033B52F8233061
:102C00009847EAE72B69DB68BDE8704053F820304D
:102C1000184700BF981D002038B5FFF78BFF04460A
:102C200020B940F213513220FDF7D6FD0B4DFF20A5
:102C30002B6893F820110AF055FC20460AF0B8FEE4
:102C40002B6893F82031033B012B94BF28200020F0
:102C50000AF00EFF6B6807221A7138BD981D00201C
:102C600010B5074C606801F081FBFFF7D5FB2068C9
:102C70000021A03011F060FABDE81040FFF730BE2F
:102C8000981D002007292DE9F043064687B00F461E
:102C900090464568634C23D11DBB002A49D1D4E935
:102CA000001091F8543013F0030218BF012213F002
:102CB0000403827103D033785A1E53425341C371C7
:102CC00091F894304BB12368D3F89000503012F053
:102CD000ABFD10B9636801221A7207B0BDE8F0833A
:102CE0003DB32946707C0FF0EEFB072F814661D182
:102CF000637A63B158B1B8F1000F52D0656811F032
:102D0000C3FB636868715B7923720123A3726368F4
:102D10005879082855D17168707C12F07BFD626883
:102D2000054671680532707C03F054FE6368002824
:102D300059D0236893F8540010F003000AD093F898
:102D40004C3039460195304662689279009242468D
:102D5000FFF7E8FD62682368907193F8540010F063
:102D6000040009D093F84D30394601953046D279A8
:102D700000924246FFF7D6FD2B4B65681B68E87151
:102D80001BB1414630469847287272686AB3717C1D
:102D9000236883F87E10116899679288A3F87C20D5
:102DA00023E0236893F820110129A7D1284603F0D6
:102DB0004DFE6072637A002BA9D0B9F1000FA6D046
:102DC0009CE704AA0DF10F0103F028FE20B940F69C
:102DD000A6313220FDF700FD04A99DF80F0012F086
:102DE00019FD0546A5E7D88018726268137AB3B951
:102DF000D388003B18BF0123B06800283FF46DAFB3
:102E0000072F7FF46AAF517908293FF466AF002B92
:102E10003FF463AF03F038FE0123E3725DE7012363
:102E2000EAE700BF981D0020C00000202DE9F84F00
:102E3000DFF8C0A0914604468846DAF800201F4615
:102E40008168807C0FF03FFB92F848609AF8093067
:102E5000054686F00106002B3AD092F854305B0705
:102E60001DD592F84D30D3B192F84EB0BBF1080F9A
:102E700023D0584603F08CFD3043C6B245B39AF8D0
:102E80000B303BB311F00AFB002304468AF80B30E9
:102E900089F8004088F800503E70BDE8F88F6368FC
:102EA00023B1DAF8043093F805B0DFE7DAF804303C
:102EB00018680FF0A5FC0028F3D1CDB19AF80A10DC
:102EC00031B9A06803F0C2FD04468AF8090038B998
:102ED0000024DDE7A168584603F090FE0446D7E7DA
:102EE00011F0D2FA0828F3D0DAF804305871CFE79D
:102EF0002C46CDE7981D00202DE9F043874D87B083
:102F000004462E6896F85730002B47D06F68BB797F
:102F100023B9FA7912B93A7A002A3FD094F800809E
:102F2000B8F1010F72D0B8F1020F00F0D380B8F100
:102F3000000F33D196F8542091072FD00BB93B7A6C
:102F400063B3637813F0100FC3F300170CBF0122B3
:102F500008229A4322D10022A3688DF814208DF80C
:102F60001520002B47D00DF1160305AA0DF1150110
:102F70002046FFF75BFF2B6893F841609DF8143003
:102F800083B92046FFF750FA70B92B6893F8553093
:102F9000023B012B02D89DF8153083BB032007B0FC
:102FA000BDE8F08346F002065FB30DF117004FF065
:102FB0000008FFF72DFBD5E9003903F142070AF0BD
:102FC00011FA9DF917303246CDF80C802146029354
:102FD0002B7ACDE900033B46484601F02BFA002846
:102FE000DCD0A1690120FFF7D1FA0028D6D02B68E8
:102FF00083F896803BE0FF268DF81630D4E7FE2656
:10300000D2E731462046FFF75BFBC7E796F8202161
:103010006378022A3DD103F01903192BBED196F82B
:1030200054305A0739D40DF11700FFF7F1FAD5E9FA
:10303000003703F142060AF0D5F90023FF222146AA
:1030400003939DF9173002932B7ACDE900033346A1
:10305000384601F0EFF90028A0D0A1690120FFF760
:1030600095FA00289AD02B68012283F8962062698D
:10307000002A4ED05178C1F3031183F897101178CC
:10308000527802F00F0241EA0222A3F898200220AF
:1030900085E703F01803182BC0E76168002320467A
:1030A000B1FA81F11A464909FFF7CCF900283FF43B
:1030B00075AFA3692A689B781F2B04D892F8493012
:1030C000002BB0D16AE703F0E003402BABD192F8BC
:1030D0004A30F5E796F854309B073FF45FAF6378CA
:1030E00003F01803182B7FF459AF0DF11700FFF709
:1030F0008FFA0AF077F90023FF22214603939DF906
:10310000173002932B7ACDE9000306F142033846CB
:1031100063E7FF2283F89720B9E700BF981D0020DE
:10312000014B586801F052B9981D00202DE9F04F6D
:10313000044689B0062900F2C580DFE811F060007E
:10314000E7000700C300C300C30026006E4D0AF06D
:103150004DFB2F6897F85430980714D06E68B379F8
:103160008BB10DF11F00FFF753FA9DF91F300222BA
:103170002146029330462B7A0193FF23009307F1F7
:1031800042030FF01EFB03201FE05F4D6E68B37912
:10319000002B00F097802F6897F85420910717D5DF
:1031A0000DF11F00FFF734FA9DF91F30304606225B
:1031B000029321462B7A0193FF23009307F14203E8
:1031C0000FF0FFFA002309202B7309B0BDE8F08F40
:1031D000D30777D5570701D50AF008FB0DF11F007B
:1031E000FFF716FA9DF91F202B6802922A7A4233C4
:1031F0000192FF220092062221466868C1E7424DF3
:103200002B6893F85420560737D56968CA79002A85
:1032100033D0426893F85B001678864255D15678D1
:1032200093F85C00864250D1967893F85D00864210
:103230004BD1D67893F85E00864246D1167993F842
:103240005F00864241D1507993F8602090423CD192
:10325000627C93F85A00101A4242424193F8560099
:1032600001284ED0002A4CD193F84E30082B02D0C2
:103270004A799A4245D00AF0B9FA6E68B379002BC0
:103280003DD02F6897F85420930720D50DF11F00EB
:10329000FFF7BEF99DF91F30304600220293214608
:1032A0002B7A0193FF23009307F142030FF089FA71
:1032B000012309202B736B68DA79002A85D19B7969
:1032C000002B82D10AF092FA5DE70022C6E7D6070A
:1032D00015D5500701D50AF089FA0DF11F00FFF747
:1032E00097F99DF91F202B68214602922A7A4233D2
:1032F0000192FF220092002268680FF062FA032018
:10330000D9E70A20D7E700BF981D0020644D8168E7
:103310002A68807C0FF0D7F892F854306E68074620
:1033200092F84890590796F806A096F807B089F0E9
:10333000010940F18E8092F84D30002B00F0898019
:1033400092F84E60082E00F08680304603F020FB95
:1033500049EA00005FFA80F9002F7ED03046A1686C
:1033600003F04CFC06462B6893F8542093F84180F8
:10337000520749D5626893F85B10107888426ED185
:10338000507893F85C10884269D1907893F85D107A
:10339000884264D1D07893F85E1088425FD110796A
:1033A00093F85F1088425AD1517993F86020914286
:1033B00055D1627C93F85A10501A424242416968D2
:1033C000497908294DD093F84E30591A4B424B4158
:1033D000002E48D1B9F1000F47D02046CDE9042393
:1033E000FFF722F8DDE90423BBF1000F0AD02968BA
:1033F00091F8561001294ED021B9002A4BD108B1BD
:10340000002B4AD10AF0F2F92B6893F854309B074D
:103410003FF4B9AE0AF0EAF9BAF1000F3FF4B3AEE7
:103420002046FFF701F8D5F8009000B9FEB10DF184
:103430001F0048EA4608FFF7EBF89DF91F3002939A
:103440002B7A01935FFA88F30093012209F142037A
:10345000D2E6767976E7002685E73E4683E70022C6
:10346000ADE70023B4E70120BEE73046BCE799F89A
:103470005530023B012B3FF686AE002F3FF483AE62
:103480000DF11F00FFF7C4F89DF91F3002932B7A4E
:103490000193FE23D8E70028B4D00A2095E600BFA8
:1034A000981D002030B505468BB0FEF7B5FF2C788F
:1034B00028466946294D04F00F040FF052FA2B6894
:1034C000072C16D193F8201168460FF053FA00220A
:1034D00021466846FFF7D6FB2B6893F82031022B74
:1034E00032D017D8012B1AD041F22F213220FDF70C
:1034F00073F993F8542012F0060FE8D093F8A42043
:10350000134493F82421012AE1D19621002013F0DD
:1035100027F8DCE7033B012BE6D8072C19E0062C43
:1035200002D00BD8022C0BD821466846FFF7FEFDCF
:103530000446FFF7B9F920460BB030BD072C09D07F
:103540000AF054F90324F4E7072CFBD19DF800306E
:10355000012BF7D16846FFF7CFFCE9E7981D002063
:1035600038B5154D2C6894F84830F3B16FF000432E
:10357000D4E920129A4208BFB1F1FF3F15D00BF0F9
:1035800055FFD4E92023904299410ED32B6893F83C
:1035900048305BB92D6803F03BFA04460BF046FF58
:1035A000064BE4FB0301C5E9200138BD012003F00F
:1035B000F1FA0028F9D0EDE7981D002040420F00F5
:1035C00070B51E4D06462A6892F8233192F8210103
:1035D0005F2B4FEA531100F03F0097BF184B0024B8
:1035E0005B18DC780AF062F82B6893F958000AF04F
:1035F0004DF8FEB12B682246996E01200AF0E2F8E0
:103600002B68214693F89630022B14BFFF204020F0
:1036100009F068FFFFF78EFA2B68064693F89510BD
:1036200019B902462046FFF7A7F93046BDE87040B9
:103630000AF0BEB92246AA21DFE700BF981D00208C
:10364000E37C0400F7B52C4C0746226892F823313E
:103650005F2B4FEA531197BF284B00255B18DD788D
:10366000936E13B10120FFF7ABFF2368D3F88800F6
:103670000AF0D2F9236893F85420910703D593F800
:103680009610022905D052070ED593F89620012AEC
:103690000AD1042D26D193F85930012B0CBF0321F8
:1036A000042100200AF044FAD4E9006318689A362D
:1036B000D7B90FF0A5F86368074618680FF0A6F8A9
:1036C00021680246304691F8963091F82011009119
:1036D00039460FF0A2F9236883F820510023A37222
:1036E00003B0F0BD2946DCE70FF09CF801463046F8
:1036F0000FF088F9EFE700BF981D0020E37C04007D
:1037000008B50120FFF79EFF024B06225B681A7185
:1037100008BD00BF981D002008B50020FFF792FFEC
:10372000024B05225B681A7108BD00BF981D00207E
:1037300010B50446FEF7EEFE237A032B0AD1194B8F
:103740001B68986E20B140F63E113220FDF744F818
:10375000FFF736FF237A012B06D003D9023B012B5A
:1037600012D910BDFEF734FE0E4C236893F95800B1
:1037700009F08CFF2368002283F89520FFF71AF9DF
:10378000BDE81040FFF7ECBE064B1B6893F8953080
:103790001BB9BDE81040FFF7BFBFBDE81040FFF701
:1037A000AFBF00BF981D002008B5044B586800F05B
:1037B000DDFDFEF731FE012008BD00BF981D002091
:1037C0002DE9F8436D4F0023064689467869D7F8FE
:1037D0000080037043700AF007F9054630B90025F0
:1037E000032003F06FFD2846BDE8F8837C69032EB3
:1037F000237834D123F00F0343F0030323700C2309
:103800006370D8F878307869C0F80930B8F87C303F
:10381000A0F80D3098F87E1011F056F80021786964
:1038200012F0AAFE3B6893F8482003F1420993F88E
:103830004180002A7FD14C46236841467869C0F810
:103840000330A388A0F8073011F031F84C4BD3F8BF
:103850000C32002B00F0848009F0C8FFBFE723F092
:103860002F032222396843EA4913627043F00503AB
:1038700023700B6D1B6AC4F80F300A6D936A180A27
:10388000E3741B0C2075637592F87E00138E00287C
:103890004BD04FF0640CB3FBFCF3A375D36A002844
:1038A00046D06420B3FBF0F3E375C3F3072341F282
:1038B00070702376D369A3F57A7C844595BF4FF465
:1038C0007A7040F2E240B3FBF0F3B3FBF0F398BF41
:1038D00003F550639BB263761B0AA376938CE37661
:1038E0001B0A2377D38C63771B0AA377D2F8973010
:1038F000C4F81F3092F89B3094F8242084F82330C9
:103900000B6D22F01F0293F8A23003F01F03134344
:1039100084F8243002F066FD94F8243003F01F038D
:1039200043EA401384F824306BE740F2E24CB2E7FC
:1039300040F2E240B6E793F8542052070DD593F8D1
:103940004D2052B193F84E0003F092F9044600283E
:103950003FF471AF4FF001086EE77B685879F3E7E9
:10396000052E7FF440AF3B6821681A6DC2F80A103B
:10397000A188D1811B6D83F8098034E7981D002050
:1039800000A0085010B500210320FFF719FF18B957
:10399000BDE81040FEF7A4BF074C032120680FF0DC
:1039A00008FA0028F4D0012108460AF0C1F863683B
:1039B00009221A7110BD00BF981D00202DE9F041A9
:1039C000044690B00D46FEF727FD237803F00F0361
:1039D000072B06D00124FFF7A3FB204610B0BDE85B
:1039E000F0812046A44C06A90EF0BBFF206806A972
:1039F0009A300FF030F823689DF8181093F896204D
:103A0000914248D1032D03D193F89720FF2A13D078
:103A10009DF8192012073ED50B9993F897004A7824
:103A2000B0EB121F37D1097802F00F02B3F89830CB
:103A300041EA02229A422ED12A46072106A8FFF720
:103A400021F96368DA880AB91B7A23B30023089E38
:103A50008DF814308DF815308DF81630F6B10DF163
:103A6000160305AA0DF1150106A8FFF7DFF9236873
:103A70009DF8146093F8415045EA4605EDB29DF873
:103A800018209DF81580012A9DF8163008D0022ACA
:103A90007AD0002A4BD0FFF743FB14E0FF25EEE776
:103AA0009DF81900226800F0090792F89A10092F72
:103AB00002D041B1070706D592F85420500704D42C
:103AC00063689B799BB9012459E06268D279002A26
:103AD000F6D0324606A8FEF7B5FC0028F0D02068E4
:103AE000A03010F04BFB0028EAD00C2447E02368FC
:103AF00093F854309A07E6D09DF819309B0700F1EF
:103B0000C280FF2106A8FEF7DBFDDCE706A8FEF772
:103B10008BFC002840F0BA80236893F85530023BB4
:103B2000012BD0D8B8F1000FCDD0FE21EAE72368F1
:103B300093F854309F07C6D09DF81930980721D5C7
:103B40006EB906A8FEF770FC48B9236893F85530A3
:103B5000023B012BB7D8B8F1000FB4D0FE25636843
:103B60001B7A33B1454B1B681BB10D9808B10F99F7
:103B70009847294606A8FEF7DBFD441CE4B2FEF791
:103B800093FE2AE7FF25EAE7226892F8542091077E
:103B900099D061688979002995D09DF8197007F04E
:103BA000090109298FD1920707F0020768D5002F74
:103BB00034D05EB30DF11700FEF72AFD002103207B
:103BC000FFF7FEFD0646D4E9003803F1420709F08D
:103BD00009FC01232A4606A903939DF91730029395
:103BE000237ACDE900033B46404600F023FC002E3B
:103BF0003FF469AF00283FF466AF2068A03010F0B2
:103C0000BDFA00283FF45FAF0B24B8E7002B83D048
:103C100006A8FEF709FC0028CCD17DE70DF11700BE
:103C2000FEF7F6FC39460320FFF7CAFD0646D4E945
:103C3000003803F1420709F0D5FB01232A4606A903
:103C400003939DF917300293237ACDE900033B4695
:103C5000404600F0EFFB002E3FF435AF00283FF464
:103C600032AF2068A03010F089FA0028CCD160680B
:103C700000F07CFB27E700BF981D0020BC0000205F
:103C8000002F3FF43EAF002E3FF440AF294639E706
:103C9000F8B5184F0E46012178610020FDF740FA73
:103CA000054620B940F682013220FCF795FD4FF41D
:103CB0009472002112F0FDFE01210846FDF730FA52
:103CC000044620B14FF49472002112F0F2FE3B69D9
:103CD00013B940F68C01E7E730460EF085FC284624
:103CE0000FF0D5F824B12046BDE8F8400FF0CFB86A
:103CF000F8BD00BF981D0020014B024A1A617047B1
:103D0000981D002058010020036810B523B940F623
:103D10006D113220FCF760FD044A13606C33536070
:103D20001369BDE810401B68184700BF981D0020AC
:103D300008B5044B586800F049FBBDE80840FEF7A1
:103D4000CFBD00BF981D002038B5044690F8400054
:103D500000F0FD0004F14201003818BF012084F892
:103D6000410002F001FD94F84030023BDBB2012B30
:103D700094BF0123002384F8483015D802F048FE90
:103D800005460BF053FB094BE5FB030194F8483063
:103D9000C4E9200143B1002002F0FCFE20B940F646
:103DA00015213220FCF718FD38BD00BF40420F003E
:103DB0000149363011F077B8EB24010010B5084CFA
:103DC0000222636820681A7100F0D2FC38B92068BA
:103DD0000EF0BFFC2068BDE810400FF0B7B910BD71
:103DE000981D0020013808B5C0B20A4B41B1032824
:103DF00001D8185C08BD40F2B9113320FCF7ECFC87
:103E0000032802D803441879F4E74FF461710620BF
:103E1000F4E700BFE97C040008B50EF002FA054A99
:103E2000D2E84F3F0133DBB2C2E8413F0029F7D16E
:103E300008BD00BFB01D0020024BA0F1080158686A
:103E4000FFF7EABFB01D00202DE9F84F1E463C4B9E
:103E50000D46934600211A7804689DF828709DF855
:103E60002C809DF930909DF834A0016032B9A4F106
:103E700008015868BDE8F84FFFF7CEBF1A2204F1D9
:103E8000090012F016FE0123A372BBF1060F4FD8F2
:103E9000DFE80BF00433394E434E3D00E37A23F064
:103EA000130343F01303E372012304F10E024146AE
:103EB0002846237547F6FF7384F81890E38204F1CF
:103EC0000D030EF050FCE37A5B0736D5BA1E04F101
:103ED0001C03012A8BBFAA6832681168E2618ABF9D
:103EE000E161B28892889A80E776002323721549AF
:103EF0002046BDE8F84F10F0D6BFE37A23F0150353
:103F000043F01503CFE7E37A43F01003CBE7E37AFE
:103F100023F0120343F01203C5E7E27A4AF01A0ACB
:103F200022F01B020AF01B0A42EA0A02E272BBE715
:103F300040F22B413320FCF74FFCFF23E376D4E71C
:103F4000B01D0020493F00002DE9F04F05468DB01F
:103F50000C4600200121FDF71FF9064620B940F26A
:103F6000C7113320FCF738FCA8300EF015FF18B14C
:103F700096F85430042B2ED130460EF02FFB50BB58
:103F8000B64C04F1080604F10C07AB6A93B9284655
:103F9000FFF752FF4FF40073ADF804309DF8043082
:103FA000002063F307009DF8053063F30F200DB088
:103FB000BDE8F08FA96A0B68B142AB624FF0000315
:103FC0000B704B708B70CB70DFD0B942DDD0606866
:103FD000FFF722FFD9E7AF6A37B3A14B9F4226D044
:103FE000043B9F4223D007F13B0A4FF0000802F048
:103FF0008FF98146B8F1000F40F0008102A95046C8
:104000000EF0AFFCB9F1000F16D004F10D00EE7AFE
:1040100016F0100613D09DF81860059932460DF081
:1040200033F94FF0010828E005F1330ADDE74FF0DE
:1040300001084FF0000ADAE704F11C00E7E7002F5F
:10404000EFD09DF80830022BEBD0014695F83230C6
:10405000E522504610F0C0FD95F832300646034484
:10406000504685F8323010F0AFFD95F83280A8EB5D
:104070000000D0F1000848EB0008B9F1000F00F093
:10408000C180EB7AD90604D45B216AE7C8460026D2
:10409000F7E713F0040FAA7A95F80DE004F1060093
:1040A00005F10E0C30D0E97EFE292DD11123E270EE
:1040B00084F805E023701301023363700123237138
:1040C000D5F80E30C4F80630BCF804308380217374
:1040D000EB69C4F80D302B8CA4F811302B7EE374FF
:1040E0005E4E06F1080A57453BD12379022205F1BD
:1040F000280062F3461323710EF051FB0227284675
:10410000FFF79AFE04263FE006F10A030321E2705E
:1041100053432170023384F805E06370D5F80E3004
:10412000C4F80630BCF804308380267326442B7E06
:104130007373EA7A12F0080002D004232371CFE7E8
:1041400002F00303032B01D12071C9E7520701D507
:104150000123F3E7022BF1D00BB92171C0E7A221B3
:10416000FFE606F10C094F4515D105F128000EF0C8
:1041700016FB6A7D6AB92379042662F3461323711C
:1041800002272846FFF758FE8DF804608DF8057069
:1041900004E70026F4E747B3B8F1000F20D005F19B
:1041A000280840460EF0FBFA39467068FFF734FEE7
:1041B000AB6A0022534585F8322096D04B4505D195
:1041C0002379404662F34613237195E79DF8083042
:1041D000022B05D1237923F068030127237191E78E
:1041E0002379012262F34613F7E7EE7A16F0100600
:1041F000CAD0237967F3461323717FE700287FF441
:1042000045AF0646042305F12301237006F1180388
:10421000AA7A5343E270221D0233637005F10B0347
:1042200053F8040B8B4242F8040BF9D195F814A013
:1042300095F815B002F0AAF8C1F340295046494656
:10424000FFF7D0FD6073BBF1000F04D0494658461C
:10425000FFF7C8FDA073E67642E700BFB01D00205F
:10426000BC1D0020343270B5054692B20C461E4685
:104270000DF09FFF25B1034A5560147456741470F5
:1042800070BD00BFB01D002010B5034C60680DF07C
:10429000B2FF237C237010BDB01D0020014B587C61
:1042A000704700BFB01D002038B5134D68680DF091
:1042B000A8FF044620B940F247113320FCF78CFADE
:1042C000D5E84F3F013BDBB2C5E8413F0029F7D1BC
:1042D00004F108033422184612F0EBFB47F6FF7294
:1042E0000121E462E283FF22627584F82320E27CEC
:1042F00061F34612E27438BDB01D002038B5436A40
:10430000044693B90A4D68680DF07BFF606220B9DE
:104310004FF4B0713320FCF75FFAD5E84F3F013B13
:10432000DBB2C5E8423F002AF7D1606A3B3038BDB6
:10433000B01D0020036810B504465BB1596A49B14D
:1043400001F10802934204BF00230360064B586842
:10435000FFF762FD216831B1034B08395868FFF758
:104360005BFD0023236010BDB01D002038B504683C
:1043700005469CB11349204610F09EFD124B0022C9
:104380001A735A739A73DA73EFF3108272B6A16AD2
:104390000C3399B9A362E36202B962B62C68616A10
:1043A00049B101F108039C4203D0074B5868FFF75D
:1043B00033FD0023636200232B6038BDE16A0B608C
:1043C000E9E700BF493F0000B01D002070B5066856
:1043D000044656B3716A154D41B101F108039E427E
:1043E00002D06868FFF718FD0023736221684E7DD4
:1043F000B6B100232B726B72AB72EB72EFF31082CB
:1044000072B6886A0A4B40B98B62CB6202B962B657
:104410002046BDE87040FFF7A9BFC86A0360F4E713
:1044200008396868FFF7F8FC266070BDB01D0020F1
:10443000B81D00202DE9F0470468914606460D4658
:104440009A469DF820209DF82C8024B94FF448719D
:104450003320FCF7C1F9664F3B78B3B9B8F1020FCE
:104460000DD009D9B8F1030F0CD03368002B00F040
:104470008A8040F23D31EBE7FFF75CFFF5E7FFF79D
:1044800075FFF2E7FFF7A2FFEFE7636A0BB9402180
:10449000DEE783F81180CB687BB1097C238E0B4467
:1044A00040F272618B4207DDFFF790FF3368002B0B
:1044B00069D040F25A31CBE723860123A3729DF9DC
:1044C00028302376B8F1000F60D122756B691BB1DB
:1044D0005B78C3F30313A375EB6913B15B88A4F88E
:1044E00019302A78511E4B424B41E17A63F30001A7
:1044F000C1F34003022A08BF43F0010363F3410103
:10450000C1F34003002A14BF002303F0010363F347
:10451000C301AB68E1721BB1CBB243F00403E37299
:104520002B6A13B193F90030E3756B6843B104F162
:104530000D0304F10E029DF8241028460EF013F925
:10454000AB688BB1A9F1020104F11C02012995BFEE
:10455000DAF800301968E361E16194BFBAF8043019
:104560009B88938084F81B90A969B8F1000F0FD144
:1045700079B38B784A7803F01F0352EA032228D1DB
:104580003046FFF7D7FE0020BDE8F08762759DE753
:104590000022636A1A705A709A70DA70A26AEAB9D5
:1045A000A362E36289B14A78897801F01F0152EA77
:1045B00001220AD1A16A3A727A72BA72FA720D4A6B
:1045C00079B9A2620023E26233600B49204610F001
:1045D00073FC636A3BB940F2971139E7E26A1360F2
:1045E000DFE71A60EEE7002301206362CCE700BF3B
:1045F000B01D0020B81D0020493F000010B590F804
:1046000054308A1E012BD2B205D1022A2CD8184B65
:1046100033F8120010BD03291DD002291FD14FF419
:10462000E1700024124B03EB4403DB88033903449D
:10463000012903F196038CBF00202820022A4FEAAB
:10464000400094BF0B4940F64802184498BF31F827
:1046500012201044DEE740F264600124E2E740F2F9
:10466000E6204FF4B073E1E740F64800D2E700BF20
:10467000F27C0400F27C0400014610B504460E48AA
:104680000AF0FCFE202884F8170111D021460A48C0
:104690000AF0F4FE202884F81E010BD194F81701CB
:1046A0000AF0DCFE20B940F28F212120FCF794F8BB
:1046B000002010BD0120FCE7BB2E0100014B18704B
:1046C000704700BF510000207FB590F8143103F00F
:1046D000FF0223B140F2B7212120FCF77DF80C78CE
:1046E000039214F0010318BF8D68CDE9012218BFB1
:1046F0000195A60707D504ADCE6805EB8305013308
:10470000DBB245F80C6C65072BD504AD0E6905EBE3
:1047100083050133DBB245F80C6C013B134D80F887
:104720001D314B68C0F8C830C0F8F83040F2712332
:10473000A0F8FC30002315F8011B0C420BD004A993
:1047400000EB820601EB8201013251F80C1CD2B25F
:104750002B39C6F8CC100133DBB2032BEBD104B0FC
:1047600070BD002BD9D14FF43471B5E7FE7C040045
:1047700090F823315F2B4FEA53112DE9F04F044697
:1047800089B000F2A5808F4A0A4492F80F90B9F1DF
:10479000040F04D100224FF0030980F81F2194F97F
:1047A000212103F01F0394F82271002A47EA03270E
:1047B00094F82131B4BF4FF496721E22DB0902FB3C
:1047C00007F70CBF4FF01E0B4FF4967B08F010FE5E
:1047D0003D1A08F04FFE94F82131804605EB0B0A94
:1047E00013F0400FB8440CBF4FF4FA7632260FF0A6
:1047F000D4FC754B0644B5F5977F0AFB06F606F523
:10480000742606F23F26B6FBF3F66AD394F8153108
:1048100003F0FF0A002B5ED1484609F011FB6B4BF9
:104820004FF47A7253F8297007F52243B133B3FB82
:10483000F2F5E2355D4405EB46050544484609F0CE
:10484000FFFA0190484609F003FB4946834620469B
:10485000FFF7D4FE00F18C03019AA7EB0B072B4462
:104860008DF808A08DF811A09B1A4FF47A72B7FB4F
:10487000F2F7DF1BD4E92C320397BB3B42F1FF3246
:1048800013EB080342F100029B1B62F10002CDE929
:1048900006324F4B1878FE2803D094F854305A074C
:1048A00001D40AF031FF8DF8100002A994F8170125
:1048B000C4F8D870C4F81851DDE90623C4E92E23E2
:1048C0000AF05AFE38B940F204712120FBF784FF48
:1048D0004FF0000963E708F0E5FF0AF0AAFD0120A8
:1048E0005EE048464FF47A7A09F0AAFA374B53F85B
:1048F000295005F2E737B7FBFAF720375F44474402
:1049000037440744484609F09BFA0190484609F0AD
:104910009FFA834649462046FFF770FEA5EB0B053C
:1049200000F18C03019AD4F8D8903B44B5FBFAF51A
:104930009B1A5D1BA94514D394F81C31A8F11008EB
:1049400002A802948DF818300223A8EB06060397FC
:104950008DF81030002305968DF81930FFF7D4F943
:10496000BDE71B4B93F800A0BAF1FE0F03D094F8FB
:1049700054305B0702D40AF0C7FE824650460AF064
:10498000CDFEA5EB09035146192B38BF19238342ED
:1049900028BF034618461D460AF055FE18B10020F0
:1049A00009B0BDE8F08FD4F8D8302B44A3F18200D1
:1049B000C4F8D830C4F8E0000AF02AFF0028BBD1C0
:1049C000EDE700BFF27C040040420F000C800400C1
:1049D0005100002008B50B4B30B101280DD040F636
:1049E00065012120FBF7F8FE18601A6841F669039B
:1049F0009A4206D940F66E01F3E740F6C4121A60F7
:104A0000F3E708BDC41D00202DE9F04F04468FB028
:104A10001E468B460392BDF860800AF007FD814672
:104A2000204604910EF0B2F8D4F8CCA00546002E32
:104A300000F02482002800F0428220460EF031FA75
:104A4000039B80F00106F6B2002B00F0188119F5E7
:104A5000FA630593049B43F10003069303F06AFC99
:104A600003F022FC074604F1E8003946079003F002
:104A7000F3FBD4F8101111B107980EF0E1F91FB152
:104A8000B7F92420A4F80C21B5B1D4F8F050B7B18F
:104A9000B868059BD7E9002100938018069B2A4639
:104AA00041F10001019310F0E1FE854208D240F28D
:104AB00067312120FBF790FED4F8C850E7E738466D
:104AC000079003F03DFC059B0798D4F8C8C0C518B3
:104AD000069B43F10007B8F1000F00F0CB801FFAEE
:104AE00088F842F2107329463A46E8FB03120CF2AA
:104AF000CF730344B3FBFCF30CFB03F3EB1A67F136
:104B00000000C4E93A300123C4E92A124FF000083A
:104B100004EB08022046069392F824110DF0F9FFE9
:104B20000590069BD4E92A21521B61EB0701012A5B
:104B300071F100004FF00000C0F290819245884171
:104B400000DB924604EB8808D8F8CC20524594BF8D
:104B5000C4F8DC20C4F8DCA026BB1BB35900B4F9B0
:104B60000C0189B210F0FBFAB4F80C21D4F8103122
:104B70004FEAE07C121A12B2A4F80C2143B1A3F858
:104B8000EC21D3E9722112184CEB0101C3E9722127
:104B9000D4E93A322D184CEB07071B184CEB0202F4
:104BA000C4E93A32039B2BB1D4E93A23C4E92C5728
:104BB000C4E93023059B4FF000082A462046C4F87C
:104BC000D8303B46C4E92E578BF809800DF0F4FF2E
:104BD000059B8BF80800CBF80430002E00F04981CB
:104BE000012304998BF80030D4E92A32B3EB09038E
:104BF00062EB0102012B72F10001C0F23181B34F6F
:104C00009F4278EB020200DB1F46D4F81031D4F843
:104C1000C880002B40F0298107262046A8FB0656B5
:104C20000DF0B4FF002800F01D81D4E92C32ED18FE
:104C300046EB0206A945049BB3410FD2B5EB09052B
:104C4000049B66EB03066FF00103AB424FF00003D9
:104C5000B34102D3AF4228BF2F46B846CBF81080ED
:104C6000D4F8DC00059B984234BF002001200FB02F
:104C7000BDE8F08F4FF0FF316FF0004237E7002EB4
:104C800038D06FF00043D4E92A129A4208BFB1F13C
:104C9000FF3F2AD094F81C312046234493F8241176
:104CA0000DF037FF039B19F1AB0205468DF820305C
:104CB000049B099008A843F10003CDE90C230223CB
:104CC000ADF828300AF092FC10B94FF49661F0E686
:104CD000D4E92A320C995B1A0D9962EB01025B1B35
:104CE00062F10003002BC0F2B2804D46049F012602
:104CF00000230BE7D4E93A37D4F8C8500026A9EBD3
:104D000003025919B2FBF5F205FB02F247F1000765
:104D10005218A2EB090147F10007AA290DD8D4F8CF
:104D2000B810C91AB1FBF5F105FB0133D31AB3FB77
:104D3000F5F3AD1847F10007E8E694F82411204692
:104D40000DF0E7FED4F8B820D4F8C85009902046FA
:104D50008DF820608DF82960D4E93A13521AB2FB1D
:104D6000F5F26A43521843F10003CDE90C230DF02C
:104D700023FF29468DF8280008A80FF009FC0346F8
:104D8000DDE90C57C2E651F8042F013302F12B0C78
:104D9000BC459FBF821A08F10108BF185FFA88F866
:104DA000DAB29645EFD804EB0803204693F82411B5
:104DB0000DF0AFFE384404EB8803D3F8CC308342C7
:104DC00009D3A3EB070ABAF1000F24DA4FF48D617F
:104DD0006FE62F466AE094F81D11D4F8C8204145CB
:104DE00011D908F1010895425FFA88F808D204EB5E
:104DF0008803D3F8CC3003F12B029A461546E2E73C
:104E000040F2424155E69542F7D352009542F4D321
:104E100040F25F414DE6AD19059B20464FF000067C
:104E200043F10007D4E92C230DF04BFED4F8C83031
:104E30005843D4E93A321B18204642F10002C4E933
:104E40003A323B462A460DF03CFE034660E6039BA1
:104E50004D46049F01269A46984659E6824671E6D9
:104E60004746D2E6D4E93032E1E64FF0FF352E4630
:104E7000E0E68BF80060CBE90457F1E6039B002BDA
:104E80007FF4E5ADD4F8C87009F1AB05D4E93A2355
:104E9000A9EB0206B6FBF7F67E43B618A5EB0605AE
:104EA00043F10003AF42059393D8EF1B002394F81E
:104EB0001DE104F1C8016FF02A00984670E7039BDA
:104EC000002B3FF417AF2E46C1E500BF0040420F54
:104ED0000138C0B2032808B504D94FF46171062027
:104EE000FBF77AFC014B185C08BD00BF0E7D040087
:104EF0000138C0B2032808B504D94FF46171062007
:104F0000FBF76AFC014B185C08BD00BF2B7D040059
:104F10000138C0B2032808B504D94FF461710620E6
:104F2000FBF75AFC014B185C08BD00BF8C7D0400E8
:104F30000138C0B2032808B504D94FF461710620C6
:104F4000FBF74AFC014B185C08BD00BF977E0400CC
:104F5000014B1868704700BF9C1E002008B503462F
:104F600010465A1E032A10D84A1E032A0DD8084A92
:104F7000012951700CBF00210A21107193709172A8
:104F80001946FCF713FB002008BD6FF01500FBE786
:104F90007C050020074B5A8A38B142F01002987AFB
:104FA0005A82DA8A9A839877704722F0100298839F
:104FB0005A82F8E77C05002010B4094C637A58B196
:104FC00043F004030029637210460CBF002307233B
:104FD000637110BCFFF7DEBF03F0FB03F2E700BF15
:104FE0007C050020024B987CC0F30010704700BF86
:104FF0007C05002040EA4100014BD870704700BF9B
:105000007C050020F8B50D46074640F67A4CBDF801
:105010001860A81FBDF81C1080B2604515D8941FF9
:10502000A4B264458CBF0020012087B9194C2479B3
:1050300084B188B96FF45067EC19062C04D86FF46A
:1050400050641419062C07D9F8BD0020EDE797F835
:105050007D40EDE70028F7D0954218D803FB0111F9
:10506000B1F5FA7F13DCA6F10A0340F676409BB255
:1050700083420CD810460EF0A9F842F21073414357
:105080005E43B6EB410F8CBF01200020DCE700201F
:10509000DAE700BFA81E0020304BF0B5B0F868700A
:1050A0000C4611461A88B0F8666085B097425D8854
:1050B00028BF1746964228BF16461B2E2ED0B5F5A0
:1050C000A47F2DD040F6480301AA9D4228BF1D466B
:1050D0000EF0ACF8BDF80A30BB4228BF3B46E38077
:1050E000BDF80C30AB4228BF2B462381BDF80630FB
:1050F000B34228BF33466380BDF80830AB4228BFB7
:105100002B46A380FF232370E3881B3B9BB2E02B3D
:1051100008D940F2F5613920FBF75EFB1B2FCED199
:1051200005B0F0BD63881B3B9BB2E02B02D940F277
:10513000F761F0E7238940F64812A3F5A4739BB208
:10514000934202D940F2F961E5E7A388A3F5A4737D
:105150009BB29342E4D940F2FB61DCE7A81E002039
:10516000F7B5002304460E461746CDE900336846DE
:10517000FCF74CF808B1002016E0009DA542F6D0DF
:105180003046EB1C0EF01CF83946AA780FF047F9B0
:105190000028ECD005F10A036A7A04F10A01607A6A
:1051A0000FF03DF90028E2D003B0F0BD054A1346E8
:1051B00092F8202053F8211B11F8030BC0F3801044
:1051C0000FF02DB93024002001281ED8022B0DD15C
:1051D000A2F57A700F4B984219D8A1F57A709842CF
:1051E00015D88A428CBF1220002070470A4882429C
:1051F0000DD8012B0CBF40F2527340F6C3139A42F4
:1052000005D9A1F6C410054BE9E7122070473020FC
:10521000704700BFA7F970028FFD7002CBF37002D8
:1052200010B504460A480DF063FA0A492046FFF714
:105230004BFA20460DF0F0F938B12046FEF784FD18
:1052400020460DF052FA002010BD1220FCE700BFEE
:10525000C41E0020CC1E00202DE9FF4106788046A8
:10526000012E40F09A8031460020FBF795FF05465D
:1052700020B940F633713920FBF7AEFAB8F80430A4
:10528000002B40F082800DF0A9F900287FD195F81D
:105290001431002B7DD12846FFF7C2FF04460028B9
:1052A00079D1594F31463046FBF776FF97F83810E1
:1052B000064619B110B940F64F71DCE73A7F00237A
:1052C000CDE9023312F001031CBFF86A02905207C5
:1052D00041BF04AA02EB83037A6B43F8082C002930
:1052E00045D096F81431002B41D0B8F80230002B8D
:1052F0003DD13B7F3046009302ABBA6AB97F0DF0D7
:105300009EF9A0B330460DF04DFD06F140038046F6
:1053100005F14002683653F8041BB34242F8041BFF
:10532000F9D12846FFF77CFF024610B140F67671AE
:10533000A1E7B8F10C0F07D1014628460DF0F9FEA0
:10534000F8B940F67A7196E7B8F1000F02D040F64E
:105350007F7190E77B7F2846296D43F0040385F831
:1053600054300DF0C2FE60B940F6817183E7B8F8A1
:1053700004202846B8F802100DF0DBFE002808BF14
:105380000724204604B0BDE8F0811124F9E73A244F
:10539000F7E70C24F5E71224F3E701210020FBF7DF
:1053A000FBFE054610B940F6947164E70DF089FCE8
:1053B00004460028E5D195F8543095F8A62022B18E
:1053C00095F8A720134385F8A600053B012BD8D8F4
:1053D0002B6D13B940F6A4714DE701210846FBF788
:1053E000DBFE29464FF4947206460BF04DFF042372
:1053F000316D304686F854300DF077FE0028C0D16C
:1054000040F6A97137E700BFA81E002010B50321A0
:105410000020FBF7C1FE044670B90321FBF780FEB4
:10542000044620B940F293313920FBF7D5F9034BFC
:1054300093F9641010F0E6FC204610BDA81E002071
:105440002DE9F04F87B007468846008804A90FF081
:1054500027F8064600287CD1059D95F87531002B6C
:105460006DD0B8F1020918BF4FF0010995F88F30DF
:10547000232B95F8E13043EAD3030CBF89F0010AEE
:105480004FF0000AD90702D4BAF1000F63D0B87800
:105490009DF8104008B900F07FFF8DF80B00F878F8
:1054A00008B900F079FF2E4B8DF80C00D3F800B04E
:1054B000BBF1000F0BD00AF0010320460DF10B02E7
:1054C0002946009303ABD847044600283AD19DF8FB
:1054D0000B20B2B39DF80C309BB3164695F87D2097
:1054E00032B1B20703F0020337D5B3B302231E462D
:1054F000FF2285F82D21B9F1000F28D195F82C2134
:1055000002F0FF041ABB85F82C8103A985F82E61EF
:10551000284685F82F31BB88A5F83031BA78ADF828
:105520000E308DF80C20FA788DF80D200FF081F8F0
:10553000002385F82D31204607B0BDE8F08F814665
:1055400094E70924BAF1000FF5D00023C6E73A2406
:10555000EEE70446EFE71A24EDE70924EBE700BF86
:105560009401002038B50EF059FF002501F01CFA17
:10557000234C00F01FFF0FF074FC02F0D1FD01F08E
:1055800047FC01F011FC012000F0BCFE1D4B1E4A3F
:1055900029461D601D4BA4F854501A601B22DD8360
:1055A0009A80F9221D8483F822501D77184B22839C
:1055B0005868184A1B8922601422E06104F1240013
:1055C0002384A576A580A57511F073FA012342F214
:1055D000107204F13A0084F8575084F8243084F8AB
:1055E0003930C4E90A2210F059FF04F1440010F0E8
:1055F0007AFF0022002384F87050C4E91A2338BDD2
:10560000A81E00207001002003021B006C23002054
:105610002B7D04001B004801064B41F64C521B2118
:105620005A611974C3E9022241F288329A61FFF784
:1056300099BF00BF6C23002073B5344D0446AB689E
:10564000C363334B1B79003B18BF012380F87D30C7
:10565000304BC36110F0D2F9064600F097FE830686
:10566000297C53BF1B236B88AA881A46A4F866308E
:10567000294BA4F868201B6884F84410A4F84660FD
:105680001BB194F97C1020889847244B1B6813B1F8
:10569000234920889847234920460EF0CAFF01235A
:1056A0006386214B1B6813B10021208898471F4B4C
:1056B0001B6813B10021208898471D4B1B680BB154
:1056C000208898471B4B1B680BB120889847AB88F4
:1056D00004F114006A8869780333033201919BB2A4
:1056E000297892B2009104F11801FBF7C7FD6369B4
:1056F00023B940F2CC613920FBF76EF8A36913B9E6
:1057000040F2CD61F7E7002002B070BD6C230020AD
:10571000A81E002000093D0084010020780100201F
:10572000B01E00208A23002098010020880100205C
:105730008C010020900100202DE9F34104460E4623
:1057400010F0A1FB002800F0B080204610F028FCEB
:1057500030B1B6F80130013B7F2B01D9122004E0B3
:10576000204610F021FC18B90C2002B0BDE8F081F1
:10577000204610F0D5F90028F6D1204610F02CFB79
:1057800007460028F0D1204605F050F90028E5D062
:1057900042F21073B6F80180F178204603FB08F856
:1057A00010F0E9FB04213078FBF7F6FC05460621F2
:1057B0003078FBF7F1FC2DB140B141F6834139203F
:1057C000FBF70AF808B3054690F8BD70384E336809
:1057D000DBB14035284610F033F8B0B1284610F060
:1057E00023F890B93FB1334B28461B68984760B106
:1057F00041F69741E3E730493A463368284649691C
:10580000984710B141F69C41D9E7204610F0C0FB03
:10581000014640B94246204603F022FA002842D011
:1058200041F6A541CBE7204610F0BAFB40B9022172
:105830000DF10600FBF73CFC054658B90D2094E736
:10584000204610F0C0FB0028F1D11C4B1B79002B27
:10585000EDD183E700210EF039FEBDF80630204679
:1058600029462B8010F0CDFB204610F0ACFB88B908
:10587000216A204610F0B1FB01462846FFF7DCFE06
:1058800042462946204603F0EBF9024620B141F694
:10589000C84194E70121F0E7084B1B6E1BB105F5E9
:1058A00091712846984700205FE742205DE700BFDE
:1058B000740100207C0100206C230020A81E002021
:1058C000024B1B6803B118470C2070477001002081
:1058D000014B93F964007047A81E0020B0F9002026
:1058E00011B292B2F8B502F5A0639BB2B3F5206F86
:1058F00037D8B0F902301DB29BB203F5A06080B278
:10590000B0F5206F2DD802F2F64040F2BE5480B2BE
:10591000A04228D803F2F64080B2A04223D8002942
:105920004FF00A04C4BF093211B2002DC8BF0933B9
:1059300091FBF4F4C8BF1DB201F03EFA0A2367B22E
:10594000064695FBF3F1384649B201F027FA074BBA
:105950001B6813B1A01B40B208B90020F8BD9847DE
:10596000FBE73020FAE71120F8E700BF80010020B4
:10597000034B5A8802801B7883700020704700BF59
:105980006C2300207FB5837806461A2B08D8042B99
:1059900004D9334A22FA03F3DB0705D412251AE0AF
:1059A000292B01D03B2BF9D13088B0F5706FF5D29F
:1059B00069460EF075FD88B9019B93F8202102F02D
:1059C000FF05C2B9B27883F82121FF2283F8202194
:1059D00068460FF01FFA284604B070BD09213088D0
:1059E000FBF7DAFB0446002837D002A9B0F8AC0177
:1059F0000EF056FD08B10C25EDE70821B4F8AE0114
:105A0000FBF7CAFB20B940F635213920FAF7E4FE4E
:105A100003781BB994F8C831032BECD1039B93F89E
:105A20003621002AE7D194F8F02102F0FF05002A80
:105A3000E1D1B4F8B021A3F8382194F8B82183F863
:105A40003A21027D83F83B21B27883F83C2184F827
:105A5000F021FF2283F83621BDE70225BBE700BF16
:105A6000200038040188A1F11B039BB2E02B0CD865
:105A7000428844F24810A2F5A4739BB2834204D832
:105A8000034B002019805A8070471220704700BFD6
:105A9000A81E0020034B1A885B88028043800020E8
:105AA000704700BFA81E002013B5008869460EF09D
:105AB000F7FC18B10224204602B010BD68460DF074
:105AC0009FFC0028F6D0019890F832310BB13A24AF
:105AD000F1E790F8DA3003F0FF04002BF7D190F8EB
:105AE000D1309B0706D1FF2380F8323168460FF092
:105AF00091F9E0E70249D2300FF0DBF9DBE700BFB4
:105B0000855701002DE9F84F03780446032B03D98C
:105B100012252846BDE8F88F4378032BF8D8437E3A
:105B20008578002B50D1012DF2D100F035FC854352
:105B300040F09D8094F8029019F0010506D00123F1
:105B40002269A168E078FFF73FFB054619F0020FD4
:105B500007D002232269A168E078FFF735FB2843CC
:105B6000C5B219F0040F00F0868094F803B0042346
:105B7000D4F808A0226958465146FFF725FB284370
:105B800010F0FF05C5D1B9F1050F0ED194F80490BE
:105B90000423E16862694846FFF716FB05460028C2
:105BA000B7D1CB4563D18A4561D1237E013B062B1A
:105BB000AED801210020FBF7EFFA054690B940F678
:105BC00034613920FAF708FE072DA1D8A90706D5B8
:105BD000022D9DD1294B5B79002BA6D198E7002D92
:105BE00096D0A2E7A8300DF0D7F818B195F8543048
:105BF0009A073ED1657EE278003DA178A06818BF83
:105C00000125012AB4F800E014BFB2FA82F20222A0
:105C100094F818C018BF5209CB071FD54B07266947
:105C20000BD56769F319984207D243089E4228BFF3
:105C30001E46831B9F4228BF1F46104B83F82150EE
:105C4000002519775A77A3F81EE083F820C083F85F
:105C50002410C3E90A06C3E90C875AE7022902D1D6
:105C6000D4F81080E9E74B0748BF2769E5E711251D
:105C70004FE70C254DE7002D97D04AE7A81E0020DE
:105C80002DE9F041054688B0002000F03BFB2B7861
:105C9000AC788DF804306B7804F001068DF806407E
:105CA0008DF80530630748BF013600F075FB84436B
:105CB00049D10DF1060102AA05F1030840F2712E47
:105CC00010468C46E3B29E4219D8214B93F820002F
:105CD00093F839308DF81C00A8788DF81D3030F01D
:105CE000050332D110F0050F2FD01A4CD8B28642DE
:105CF00017D801A8FFF706FF08B0BDE8F08104EB54
:105D00008403013418F803702B440CF8017F9F883A
:105D1000DB880EFB07F70EFB03F340F8047F83607C
:105D2000D0E711F8010F01280FD8D068A0F6C410F1
:105D3000A04206D852F8040F0133A0F6C410A042C6
:105D4000D4D93020D8E71120D6E71220D4E700BFFD
:105D5000A81E0020CBF3700200B589B0437940F251
:105D600071218DF8043083798DF8053001238DF889
:105D7000063003788DF80730B0F801304B430393B9
:105D8000B0F803204A430D4991F820100592A2F67D
:105D9000C4128DF81C1000218DF81D1008498A428C
:105DA00009D8A3F6C4138B4205D801A8FFF7AAFEB1
:105DB00009B05DF804FB3020FAE700BFA81E002000
:105DC0003C369C00F7B5067804460F46EF2E03D903
:105DD0001226304603B0F0BD90F901204378002A26
:105DE000F6DB82789207F3D113F0100048D19D06BC
:105DF00003F0030241D5002AEAD119074FD503F079
:105E00006702012AE4D1627A013A062AE0D8A27A2E
:105E1000032ADDD813F0040102D1023A012A03D883
:105E2000E27A012AD4D811B9A27C032AD0D8227DE3
:105E3000002847D0012ACBD1237E012BC8D80028C7
:105E400050D06378D90703D500F002FA002850D06B
:105E50006378227D03F01803082B5AD1022A48D117
:105E600003213046FBF798F90546002857D00FF07C
:105E700057FE00285FD00C26ABE7032ABDD1A7E769
:105E800013F0600FA4D103F00702052A05D003F038
:105E90000F010D22CA40D2079AD51D07B3D421792C
:105EA000E278E57942EA0122617942EA0142A17988
:105EB00041EA0521257A41EA05418A4288D81F2A0C
:105EC000A1D885E7022A04D103F06F03092B7FF4E0
:105ED0007FAFA37D013B022B3FF67AAFE37D0F2B13
:105EE000AAD975E700F058FA820707D4237D022B60
:105EF00001D111266DE7A37D022BFAD000F04CFAF8
:105F000043079ED4237D032BF3D0A37D032B98D18D
:105F1000EFE7022AA4D0237F002BA1D0E9E70321D9
:105F20003046FBF7FDF80546002843D0224B93F995
:105F300064100FF067FF0021304610F085FA28BB8F
:105F4000284610F022F821463870E074284604F004
:105F5000C7FDE37E0646002B3FF43BAF00287FF4ED
:105F600038AF0246E96C6846FBF768FA3246E86CDF
:105F700001210CF092F9E96C68460422FBF75EFA05
:105F800032463146E86C0CF088F922E740300FF0D9
:105F900057FC0028D4D0637813F0330F7FF418AF88
:105FA000A67D2846296A10F018F8FEF7A1FF864260
:105FB000C6D060E707260CE7A81E002030B502799E
:105FC0008BB00346042A4FD84088B0F5804F4BD899
:105FD000264900241144ADF800408DF808408A7C21
:105FE0004D7B42F010028DF8244042EA4502CD7DFF
:105FF000097F42EA850242EAC102694602F01F02B5
:106000008DF80020BDF80020ADF809201A888DF821
:106010000E00000A8DF80B20120A8DF80D408DF845
:106020000C208DF80F008DF810405A7BD3F8070034
:106030008DF811205A79059002A88DF812209A79CE
:106040008DF81320B3F80B209B7BADF818208DF84A
:106050001A307F238DF81B304FF00113CDE9073440
:10606000FFF7B0FE0BB030BD1220FBE72B7D040024
:106070000278034672B1427862B142881A2A09D97D
:1060800082881A2A06D90068034A106000209B887B
:1060900093807047122070476C2300200268002014
:1060A000014B9A60704700BF6C2300200378A3F176
:1060B0000A02112A9BBF024A002012201374704763
:1060C0006C2300200378FF2B15D14378FF2B12D1CE
:1060D0008378FF2B0FD1C378FF2B0CD1037923F0EA
:1060E000E0021F2A07D11F2B05D05B09034A0020BD
:1060F00082F8203070471220704700BFA81E002091
:106100000378012B9DBF03F00103034A00201220F6
:1061100098BF82F839307047A81E0020014B1876CE
:1061200000207047A81E0020014B587600207047C1
:10613000A81E0020024B1B6803B1184711207047AE
:106140009C01002008B5052000F0E8F806F0E8FA08
:10615000014B024A1A6608BDA81E00209950000093
:1061600008B504F049FB02F079FE0248BDE808409A
:1061700004F02CBB1C1F002008B502F033F806F019
:106180001FFBFFF7A5FB01460248BDE80840FDF7ED
:106190007FBD00BF1C1F002008B50EF03DF9074B66
:1061A000184603F58471FBF72BFD02200BF0D1FF9D
:1061B0000020BDE808400BF0CCBF00BF1C1F002032
:1061C00008B50122064B83F80A2204F01DFB05F0F6
:1061D0002FFCFFF7E1FFBDE8084001F039B800BF30
:1061E0001C1F002010B50C20084C00F097F8282048
:1061F00000F094F804F5037005490DF043FF04F531
:1062000004700449BDE810400DF03CBF1C1F002085
:10621000A0010020A801002010B5094C094904F58F
:1062200003700DF02FFF04F5047007490DF02AFFED
:1062300004F505700549BDE810400DF023BF00BF0F
:106240001C1F0020B0010020B8010020C001002068
:10625000014B93F80A0270471C1F002010B507205D
:10626000084C00F05BF80C2000F058F804F50370BF
:1062700005490DF007FF04F504700449BDE810401E
:106280000DF000BF1C1F0020C8010020D00100201D
:1062900038B5094C0D4600F0B7FFD4F80C02C4F82D
:1062A00004510DF0E7FEFFF7B7F901F0F1F8012313
:1062B00084F8183238BD00BF1C1F0020014B93F832
:1062C000180270471C1F002010B50D4CD4F81002A6
:1062D0000DF0D0FED4F814020DF0CCFEFFF742F919
:1062E000202000F02FF82F2000F02CF8262000F0BE
:1062F00029F8292000F026F8002384F8183210BD70
:106300001C1F0020014B83F8190270471C1F00203E
:10631000014B93F8190270471C1F0020C20807495F
:1063200000F0070001238340885C03438B54044939
:106330000B78934238BF13460B707047580000200B
:10634000362100200F4B012110B503EBD002C40809
:1063500000F0070001FA00F0195D21EA000119556B
:1063600009490B78A34205D1002012F8014914B164
:1063700000B10B7010BD002BFAD0013B0120DBB245
:10638000F3E700BF5800002036210020014BD3E97D
:106390000001704758000020054B1868C0F3C02268
:1063A000C0F30020400040EA820040F00100704746
:1063B0005800002008B50AF019FA0023074A32F8FD
:1063C0002310814205D302EB83029378044A1370B1
:1063D00008BD01330C2BF2D10023F7E75C7D0400EC
:1063E00037210020024B1878072828BF0720704764
:1063F0003721002010B54468238884F88311A4F85D
:10640000843194F87400FEF783FD84F8860194F8D3
:106410007500FEF77DFD054984F8870104F5BD7020
:106420000EF047FD002384F82C3110BD9F41010080
:10643000406807490388A0F8763190F86C3080F8FE
:10644000783190F86D3000F26D1003730EF02BBDB3
:10645000B54101002DE9F04389460979456885B0C9
:1064600099F8058001F00701044695F88E7008F050
:1064700007084B1E08F1FF320B4002EA08021343E3
:1064800095F88F20242A3DD105F18F060BBB40469D
:106490000DF0D1FE002840D095F8743098423CD0E1
:1064A00095F82E2118EA020F13D0222F35D095F837
:1064B0006D2018EA020F30D10138013B574AC0B2B3
:1064C000DBB21044032B007922D81A44137983429B
:1064D00023D995F82C31012B60D11E212046FFF7DE
:1064E00089FF222F5ED16368182283F811210A22C6
:1064F00083F88E2093F8CA30002B4BD14FF43171C2
:10650000AE2008E0222F40F0868005F18E06BDE720
:106510004FF40F710620FAF75FF908460DF08BFE75
:1065200038B195F87530834203D095F82F31194270
:10653000CFD0B9F8067003AB2846424600933B46DD
:106540000DF086FE656800283FD195F82C31012BAF
:1065500038D1B5F8883005F5287295F87410B5F87B
:1065600030010DF0D4FE074640BB01462046FFF740
:1065700041FF3770636803F18F02964202D1002217
:1065800083F88F20636803F18F0296423FD1204643
:106590000EF01AFE002005B0BDE8F083002385F858
:1065A0002C319EE70023204633700EF00DFE18219B
:1065B000204605B0BDE8F0430EF032BE282385F832
:1065C0008E30D7E785F82C01D4E7B5F88830A5F8E8
:1065D000A072013FFF1A47F6FD73BFB29F4206D972
:1065E0002823204685F8B13001F0C8FACAE795F8AB
:1065F0008F300E2B02D00B3B012B01D82A23F0E762
:10660000BDF80C30A5F8A23226233370BAE7002279
:1066100083F8CA20BEE70220BDE700BF8C7D0400DE
:10662000064B002283F850204FF6FF72A3F8522049
:10663000A3F85420A3F85620704700BF3A21002049
:10664000064BB3F85220824201BF002283F850204B
:106650004FF6FF72A3F85220704700BF3A21002086
:10666000014BA3F8540070473A210020084B4FF625
:10667000FF72B3F85210914206D193F85020012ACC
:1066800004D003600120704700230360002070479E
:106690003A210020074B93F85020012A1BBF01200C
:1066A000B3F85420002083F8500018BFA3F85220FC
:1066B000704700BF3A210020014BA3F856007047F5
:1066C0003A210020074B0246B3F85610B3F85200A7
:1066D000884205D193F8500018B10120136070472B
:1066E000002070473A2100200A4BB3F85210B3F84B
:1066F0005620914201D0002070474FF6FF72A3F858
:10670000522093F85020002AF5D00022012083F86F
:10671000502070473A210020064BB3F85210B3F8CE
:106720005620914203BF93F85000B0FA80F0400920
:10673000012070473A21002050B90A4A012013462F
:1067400003F8010B0868C2F801008A889A80704734
:10675000012805D1034B0A68D8719A608A889A810A
:10676000704700BF9221002050B90B4B187888B1B8
:10677000D3F80120B3F805300A6001208B80704700
:10678000012806D1044BD87920B19A689B890A6008
:10679000F3E70020704700BF9221002010B9044B9E
:1067A00018787047012806BF014BD8790020704740
:1067B00092210020F7B58A8800238DF80600ADF8F5
:1067C000042008680B4A8DF807300146147802F55A
:1067D000A872019DD8B2844201D8082007E052F87F
:1067E000087F01335668AE4208BF8F42F2D103B032
:1067F000F0BD00BFA0210020084B0146002230B5AB
:106800005C7803F20113D0B2844201D8082004E07E
:1068100013F8015F01328D42F5D130BDA021002077
:10682000F0B5254D89B095F8984105F29911684663
:1068300022460AF029FD214668460DF00EFE044668
:10684000B8B300EB400102A8C9B2FAF713FA631E0D
:1068500095F8A1610124DBB295F8981105E0721C4E
:10686000B2FBF1F001FB1022D6B206F120020DEBD3
:10687000020010F8202C002AF1D103EB430100F8AC
:10688000204C06EB460220312A44694411F8187C5A
:1068900082F8A27111F8177C11F8161C82F8A37106
:1068A00082F8A411013BAA19DBB282F89941FF2BAF
:1068B000D2D109B0F0BD00BFA021002070B50646BE
:1068C00088B00C46002A4ED0294A92F8A131D0183F
:1068D00090F8991119B9FF212820F9F77DFF03EBF2
:1068E00043010133114491F8A251E57091F8A3518D
:1068F00091F8A41125716171002180F8991192F825
:106900009811B3FBF1F001FB103382F8A13192F83A
:10691000C23123B9174902F5DD700EF0C7FA657967
:106920000D220021684605F03F0545F040056571E0
:1069300010F0BFF8E37804AA69468DF80F303046AE
:1069400023798DF80D508DF80E30042310F00FF8D8
:106950009DF81F3023709DF81E3063709DF81D3028
:10696000A37008B070BD03216018FAF783F9D6E769
:10697000A021002021680000044B5A78824286BF83
:106980001B1893F84A010020704700BFA021002087
:10699000044B5A78824286BF1B1893F842010020AC
:1069A000704700BFA0210020064B00224FF4617108
:1069B0001A8083F8C32183F8C421A3F8C61183F891
:1069C000C2217047A0210020014B93F8C4017047F9
:1069D000A021002010B51446FFF7ECFE082813D0C4
:1069E000FFF70AFF094B5A7882420DD904B1207093
:1069F000184490F83A3190F84A01012B08BF40F052
:106A0000010000F0010010BD0120FAE7A0210020E4
:106A1000014BB3F8C6017047A02100200A4B30B5E6
:106A20005C7884420ED9184490F802012B3003EBB5
:106A3000C004A5790D7053F8300010600120A388C0
:106A4000938030BD0020FCE7A021002070B50646F1
:106A50000D4607F053F805F045FF0A4890F8C3418A
:106A600064B1417861B100F1820302303246002DF9
:106A700008BF184605F0D8FE05F06AFF204670BD35
:106A80000C46FBE7A021002008B5064B024603EBAD
:106A90000113012103F1820005F0C6FEBDE80840A4
:106AA00005F056BFA02100200246074810B590F817
:106AB000C34124B1417821B1023005F0B5FE204632
:106AC00010BD0C46FBE700BFA02100202DE9F74FC9
:106AD0002F4C9A46804689466378834256D92318BC
:106AE00093F8425185F00105F9B193F84A31E3B9C1
:106AF00045F002070135BAF1000F18D1FA070AD59F
:106B0000062104EB0810524601FB0841823001F5D2
:106B10008571FFF7D3FEBB0734D504EB081052464E
:106B200049460230FFF7CAFE2CE02F46E3E794F80F
:106B3000A1614FF0010B002DE0D0A31993F899113A
:106B4000019399B90092DAB100F072FC019B06EB57
:106B50004601009A4FEA102C83F899B1214481F83C
:106B6000A201000C81F8A3C181F8A401013694F8B8
:106B70009831013DB6FBF3F103FB1166F6B2DAE79B
:106B800047F00407384603B0BDE8F08F0027F9E767
:106B9000A0210020F8B50646174C48B3617804F5EB
:106BA000A1700DF05AFC94F89851074604F2991020
:106BB00029460DF052FC2D1AEDB2AF421AD800252D
:106BC0006278EBB29A4201D80120F8BDE21892F83F
:106BD00042215AB90621324601FB034104EB03135B
:106BE00001F5857103F18200FFF768FE0135E7E7E3
:106BF0000546E5E70020E8E7A0210020F0B51B4EA0
:106C000089B007460D46737883422CD9331893F820
:106C1000424144BB0D22214668460FF04AFFEB7803
:106C200006EB071004AA8DF80F3069462B798230E5
:106C30008DF80E306B798DF80D3004230FF097FE30
:106C40002A789DF81F309A420AD16A789DF81E3042
:106C50009A4205D1AC789DF81D30E31A5C425C4144
:106C6000204609B0F0BD0020FBE700BFA0210020B6
:106C7000074B5A78824209D91A1892F842212AB948
:106C8000062202FB003000F5857070470020704737
:106C9000A0210020064B5A78824281BF1B1893F82E
:106CA0003A01B0FA80F0400998BF0020704700BF59
:106CB000A021002030B5002442F21075A0F8404019
:106CC000B0F844404C43B4FBF2F4A0F84440541EE6
:106CD00005FB0343B3FBF2F3A0F84230084BB3FBD0
:106CE000F2F30133A0F84830838F05FB0344436B74
:106CF0005943B4FBF2F4B1FBF2F18463416330BD5C
:106D0000005A6202034B80F87C101B680BB10088AC
:106D100018477047D80100200B2808B504D940F265
:106D2000C7112920F9F758FD014B33F8100008BDB1
:106D3000947D0400074B93F900301844142804DCB8
:106D400010F17F0F03DB40B27047142070476FF0E3
:106D50007E007047682300207F2307B50DF10700F0
:106D60008DF8073006F0D8FE03469DF9070053B1B1
:106D7000094B5B785B425BB21844142806DC10F1C7
:106D80007F0F05DB40B203B05DF804FB1420FAE787
:106D90006FF07E00F7E700BF68230020014B1870FA
:106DA0005970704768230020024B00221A705A70F5
:106DB000704700BF68230020014B93F90000704723
:106DC00068230020014B93F90100704768230020DD
:106DD000054B1B7833B9054B1A681B7902600371A8
:106DE00001207047002070476A23002068000020BF
:106DF000054BFF221A70054A016811600179117173
:106E000000221A70704700BF6A230020680000202B
:106E100007B5064A10681279009068468DF804207C
:106E2000FFF7E6FF03B05DF804FB00BF4F1005005D
:106E30000346407898B1DB783F2B05D8084AD35CED
:106E40001B1A58425841704703F10C02D2B2042A6F
:106E500004D8034A134413F8B43CF1E70120704707
:106E6000AC7D04003F2908B5C17003D80B4B5B5CB7
:106E7000437008BD01F10C03DBB2042B04D8074BAF
:106E80000B4413F8B43CF3E7FF2904D040F23A4135
:106E90002A20F9F7A1FC0123EAE700BFAC7D04003A
:106EA0002DE9F34789466946154698460DF0F8FAEC
:106EB000044620B9019E35B9012386F8953001209A
:106EC00002B0BDE8F0877769294638460AF080FFAE
:106ED00001460028F4D0174B5B88AB4227D33846D5
:106EE0000BF0B2F896F8953082460480002B84703F
:106EF0000CBF494602210DF020FF41462A460AF107
:106F000003000AF0C1F9294638460AF09CFF18B977
:106F10007E212B20F9F760FC9DF800302BB16846EC
:106F20000DF078FF019BA3F8CA410023C5E7204676
:106F3000C6E700BF6C230020034B93F82200C04338
:106F400000F00100704700BF6C230020044B93F851
:106F50002200C0F3400080F0010000F00100704703
:106F60006C23002083230B70014B1B78CB70704780
:106F7000902300202DE9F84FD0F804800D46D8F872
:106F8000186030460BF052F8044618B9FF21102063
:106F9000F9F722FC014630460BF056F8B4F800B081
:106FA00082461FFA8BF9B9F1000F02D140F20311AA
:106FB000EDE71E4BC71C1B688BB9B8F80030A5F86D
:106FC00006B0AB8000236B729AF8003003F0030325
:106FD000012B0FD0022B0DD040F21D11D7E74A46EE
:106FE0003946B8F80000984704460028E5D1204605
:106FF000BDE8F88F30462B720BF02CF8044610B920
:107000004FF49371C3E7B9F1FB0F02D940F2351188
:10701000BDE7286810B94FF49B71B8E74A46394676
:107020000AF032F930460AF070FFE0E7DC01002098
:107030002DE9F34705468A460527DFF86C81DFF81E
:107040006C91DAF8103053B11B7A1BB980211020F3
:10705000F9F7C2FBDAF81040B4B900207EE0DAF8A4
:107060000440237A012BF8D0EFF3108372B6DAF8DC
:1070700004201268CAF8042003B962B6CAF81040A6
:10708000237A0BB9A621E2E7267AF6B22772731E9D
:107090000B2B78D8DFE803F074061E36713F4E3FA5
:1070A0003F3F3F65636813B94FF4D771CFE7204680
:1070B000294698470420EFF3108272B6237A052BF5
:1070C000D9B24FF0000368D12372CAF81030B2B9B8
:1070D00062B614E0636813B940F2B711B7E7294606
:1070E000204698470346ADF80400C0B2C3F3072317
:1070F000012B4BD0022BDED10023CAF81030002820
:107100009FD02BE0636813B940F2BF119FE7204680
:1071100098470020CFE7D9F80030002BF9D032464D
:10712000606829469847A6F10A0204205342534159
:107130005B00DFE763680BB9B52188E70D22002407
:107140002A70012219885869AA70A5F803106A717B
:10715000AC710AF0DAFE0420CAF8104002B0BDE8B3
:10716000F087D8F80030294620469847034668B192
:1071700000230220CAF81030F0E74FF4FB7166E7F5
:1071800040F2F91163E74FF4FE7160E726720028C0
:10719000E4D1002B7FF455AF5FE711B940F21D2118
:1071A00055E7184693E700BFE4010020E001002006
:1071B00038B5134C14220021201D0FF07AFC012554
:1071C000257404F108031422002104F11800C4E915
:1071D00001330FF06EFC84F8245004F11C03094ABB
:1071E000C4E906330023E362236384F83430C4F82F
:1071F0003530C4F8393084F83D30136038BD00BFF5
:1072000090230020DC01002010B5084C2378FF2BD0
:1072100004D04FF4A0711020F9F7DEFA09F068FFEE
:107220002070BDE81040FFF7C3BF00BF6D00002015
:1072300010B5034C207809F075FFFF23237010BDB3
:107240006D000020014B187809F07CBF6D00002014
:10725000014B024A1A607047E4010020756F00007C
:1072600010B506490446FFF7E3FE28B92046044955
:10727000BDE81040FFF7DCBE10BD00BFA823002012
:1072800094230020134610B5027A22B140F29921CE
:107290001020F9F7A1FA0A4601460248BDE810405D
:1072A0000DF0E1BD94230020044890F834301BB960
:1072B00003492C300DF0F4BD704700BF902300202F
:1072C000594E01000346064890F83E203AB190F826
:1072D0003D2022B9034900F8353B0DF0E1BD704770
:1072E00090230020656F00000A4610B5037A23B191
:1072F00040F2A1211020F9F76FFA01460723024856
:10730000BDE810400DF0AFBDA82300201346027A5F
:107310000AB1037270470A46014601480DF0A3BD49
:107320009423002003460846F0B4B3F86020B3F875
:10733000544093F875509442B3F85810A5F10305E2
:10734000B3F84A7028BF1446B3F86220EDB2B3F820
:107350004E608A42A3F84A4028BF0A46012DB3F87E
:10736000501087BFB3F852C015464FF4296C4FF444
:107370002965A142A3F84E5038BF2146624538BF67
:107380006246A742A3F85010A3F8522026D1741BDE
:1073900018BF0124B3F85C20B3F85610B3F8486066
:1073A0009142B3F84C5028BF114693F87420033A29
:1073B000012A15D9B3F85A20B3F85E70BA4228BF33
:1073C0003A468E42A3F84810A3F84C2002D19542C9
:1073D00000D144B10549F0BC0DF06BBD0124D9E7E3
:1073E0004FF42962EDE7F0BC704700BFBF4E0100CB
:1073F0000B8BA2F809001046A2F80B304B8BA2F8B9
:107400000D308B8BA2F80F30CB8B0249A2F81130D4
:107410000DF049BD214F0100014B1878704700BFA6
:10742000CF230020014B1878704700BF6E0000206A
:10743000094AD2E90003434083EAB01181EA4321BB
:107440004FEAF34311605360044B58434FEAF06036
:1074500000EB8000704700BFD0230020BB79379E2F
:10746000094AD2E90003434083EAB01181EA43218B
:107470004FEAF34311605360044B58434FEAF06006
:1074800000EB8000704700BF70000020BB79379E82
:1074900010B50A4C08210948F9F7ECFBD4E9003291
:1074A0001343F7D0064CFFF7DBFF2060FFF7D8FF50
:1074B000236860601843F6D010BD00BF7000002044
:1074C000D0230020174B184A9A60184A5A60184A6D
:1074D0001A60184A9A62184ADA62184ADA60184A38
:1074E0009A61184A1A63184A1A62184ADA64184AE2
:1074F0009A64184A5A62184B184A9A60184A5A6293
:10750000184ADA62184A1A61184A5A61184A9A6186
:10751000184A1A63184A9A64184ADA64184A9A632D
:10752000704700BFE8010020675201009752010038
:10753000CD53010087550100F9550100A57C0000DD
:107540000F5601008D7F0000F97D0000CD5601002F
:10755000F5560100597E0000FC0200208352010014
:107560008D56010031560100D555010055560100D8
:10757000497D0000A3570100435701002D5701002A
:1075800073560100044B054A5A65054B054A1A65B6
:10759000054A5A65704700BFE80100200155010007
:1075A000FC020020E75401002F550100054B064A5C
:1075B0009A65064A1A66064B064A9A65064ADA65CD
:1075C000704700BFE80100204743010055640000F8
:1075D000FC0200201D420100F94301003F2A2DE971
:1075E000F34105460C4643D83F2A4AD8DFE812F05B
:1075F0004E009F00B900C400DB0099009900E7002D
:10760000E900EF0099009900F400FF00E90049004B
:107610004900030199009900160116012C012C0163
:107620003301490049007201870194019A01A001C8
:10763000AB01AD01AF01B101BC01C401F701F9011A
:1076400049004900CC010102FF01E501DB01DD0138
:10765000DF01E101E701EB01E901EF0199004900D8
:10766000ED01E301F101030205024900FB01FD0107
:10767000F52A00F0B081FF2A00F0C181F42A00F061
:10768000AC814FF4A1615120F9F7A6F8456841F2A9
:107690007073D5F81412B5F80E22A1F57A709842DD
:1076A0000BD84FF47A73B1FBF3F303F550639BB23D
:1076B00064200126B2FBF0F20CE040F2E2406FF4ED
:1076C0005066B1FBF0F39BB29E19062EF0D900264E
:1076D000B2FBF0F2E3711B0A22712372B5F8183283
:1076E00063721B0AA372B5F81A32E3721B0A237382
:1076F00095F8173133B905F5037305F5047228467B
:107700000DF0EFFDB5F80C3263731B0AA373D5F8C7
:1077100010324EB16422B3FBF2F36371C3F307235B
:10772000A37102B0BDE8F08140F2E242F3E746689F
:10773000D6F80032D3F801204A605B790B724068BA
:1077400090F817313BB90DF07EFD6B68B3F88830C7
:107750001844A6F80602B6F8063263721B0AA37232
:10776000DFE70378012B436802D193F8183101E079
:1077700093F821312371D4E74368D3F848224A6053
:10778000D3F84C228A60B3F850228A81D3F8282299
:10779000C1F80E20D3F82C22C1F81220D3F80831FA
:1077A000C1F81630BDE74268D2F8E6314B60D2F836
:1077B000EA318B604368D3F80C31CB60B1E74368A2
:1077C000D3E7084602B0BDE8F04100F099BB02B033
:1077D000BDE8F04100F0A4BB10230B7159234B719D
:1077E00000238B712023CB7130230B7299E7436800
:1077F00093F81231BEE7027843684AB993F818212A
:1078000032B193F815210A7193F81431637188E746
:1078100093F81321227193F81231F7E74368B3F814
:1078200060200A71120A4A71B3F81A218A71120A89
:10783000CA71B3F85C200A72120A4A72B3F818319E
:107840008B721B0ACB726CE7436893F82E210A7186
:1078500093F82F31DAE7476897F80A82A8F1030313
:10786000012B31D897F87430DA1E012A2CD8B8EBE6
:10787000030818BF4FF0010897F80B020CF058FDF1
:107880000646B8F1000F22D197F80A020CF050FD1D
:107890008046686890F817316BB946EA080313F020
:1078A000FF0306D00DF0CFFC6B68B3F888300344BB
:1078B0009BB2A7F80832B7F808326671A3711B0AA9
:1078C00084F80480E3712CE74FF00008D4E74FF010
:1078D0000008DEE723784168204643F02003237048
:1078E0000A7C4B7C01A9032A03F01F0308BF002276
:1078F00043EA82138DF804300DF037FA11E743683C
:1079000011211888F9F748FC00F15B01204602B00C
:10791000BDE8F0410DF066BA084602B0BDE8F0419E
:107920000EF0ACBD084602B0BDE8F0410EF0AEBDB1
:10793000384B1B68002B3FF4F4AE2946204602B0BA
:10794000BDE8F0411847344BF3E7344BF1E7344BD3
:10795000EFE7344B1B68002B3FF4E3AE02462320D5
:1079600002B0BDE8F04118472E4B1B68002B3FF4D6
:10797000D8AE02462420F3E72A4B1B68002B3FF4C5
:10798000D0AE02462520EBE7436811211888F9F7AD
:1079900003FC00F17D0200F15B01204602B0BDE86E
:1079A000F0410DF02BBA204BC3E7204BC1E7204B31
:1079B000BFE7204BBDE7204BBBE7204BB9E7204B8F
:1079C000B7E7204BB5E7204BB3E7204BB1E7204B9F
:1079D000AFE7204BADE7204BABE7204BA9E7204BAF
:1079E000A7E7204BA5E7204BA3E7204BA1E7204BBF
:1079F0009FE7204B9DE7204B9BE7204B99E743688F
:107A0000204693F89722D3F8981202B0BDE8F041CF
:107A10000DF0AEB91004002018040020140400205A
:107A20001C04002020040020240400202C0400203A
:107A300034040020380400203C04002040040020CE
:107A4000440400204C04002048040020500400207E
:107A50005404002058040020280400203004002092
:107A600064040020680400206C04002070040020DE
:107A70005C040020600400207404002078040020CE
:107A80003F2803D8064B53F82000704700F10C0341
:107A9000DBB2042B01D8B438F4E70020704700BFF4
:107AA000E80100203F2803D8064B53F82000704718
:107AB00000F10C03DBB2042B01D8B438F4E700204A
:107AC000704700BFFC02002030F8023CF7B50546C5
:107AD0000E4630F8A84C73B101226846ADF801405B
:107AE0008DF80020ADF80330FDF7EAFE18B19521BE
:107AF0006320F8F771FE1D4B1B6813B1A5F1280038
:107B000098471B4B1B680BB120469847194B1B68C5
:107B10000BB1204698470A230027A6F8034033708C
:107B2000B7706B7A55F8900C73710AF0F8F908B9D0
:107B3000BA21DDE72046FEF783FD39462046F9F7F6
:107B400041FB02212046F9F73DFB18B90A4B1B689F
:107B500003B198474FF40173002003F004021B0A9D
:107B600062F3070063F30F2003B0F0BD7C04002034
:107B7000800400208804002084040020F7B54568B4
:107B800004464FF6FF776E690DF102010DF1010217
:107B90003046ADF802700AF071F901A930460AF0DA
:107BA0008FF940B101980AF053FA6168002202721D
:107BB000FFF79AFBE8E7044905F1A80003B0BDE828
:107BC000F0400DF070B900BFC97A0000F0B504466E
:107BD00085B00D46FF2600F8C96C10F8CA3CF3B119
:107BE000184F3B781BB148211F20F8F7F5FD0C21F9
:107BF000381DF9F73FF83E70002304F8C93C09230B
:107C00002A4602F8033BD4F80930C5F80330D4F80B
:107C10000D305360D4F81130936005B0F0BD01A869
:107C20000C21F9F727F8A4F52E73039AC3F80C2159
:107C300001AB03CB44F8D20C44F8CE1C04F8CA6C58
:107C4000DAE700BFD823002010B5054C23782BB904
:107C50000C21201DF9F70EF8FF23237010BD00BF83
:107C6000D8230020024690F8EE31BBB990F8EF31EE
:107C700003F0FF010BB100207047094B1878002872
:107C8000F9D01970D9680433C2F80C1103CBC2F8CB
:107C9000E601C2F8EA11FF2382F8EE3101207047B5
:107CA000D8230020426838B592F88F3004460D463C
:107CB0003BB1142B05D0123B0B2B8CBF01200820AD
:107CC00038BDD2F81C317BBB92F8D03013B92046B6
:107CD0000DF069FA6268D5F80E30C2F8DE31D5F8D9
:107CE0001230C2F8E2316368D5F81620C3F80821D3
:107CF0001A88A3F8C1226A68C3F8C322AA68C3F825
:107D0000C7226368AA89A3F8CB226368002283F89C
:107D1000EE2160680B4900F52E700DF0C1F8636824
:107D2000162283F88F200BE00C22204603210DF051
:107D30005EFA63683222204683F88F200DF033FA12
:107D40000020BDE7CD7B000038B54368044693F8BA
:107D50008F201D2A04D04FF4DE711F20F8F73CFD60
:107D6000002293F8D0101D8803F5D77083F8CF2038
:107D700069B10B4983F8D020A3F8B85183F8B72133
:107D80000DF08EF86368002283F88F2038BD012241
:107D900083F8B711A3F8B851024983F8BA21EFE785
:107DA00073550100655501000B46072210B503F815
:107DB000032B0446D0F80920C1F80320D0F80D2089
:107DC0005A60B0F811201A81C27C9A7210F8483CAF
:107DD0007BB1084B1B681BB93D211C20F8F7FCFC4C
:107DE000A0F5C472A0F5847168389847002304F8A0
:107DF000483C10BD8C04002038B50578446825B98E
:107E000094F88F302BB101201AE0D4F88030DB07D2
:107E1000F9D44A680E4B896813400E4AC4F8E03022
:107E2000C3F307630A4043F00803C4F8E42084F86E
:107E3000E3300DF0B8F925B9042384F88F30002021
:107E400038BDD4F8803043F00103C4F88030F6E741
:107E50002FC904F76FDB0080436810B593F88E20BC
:107E6000042A2ED14A6800788C68C3F8E020C2F357
:107E70000762C3F8E44042F0080283F8E3200022DE
:107E800083F8CA2083F88E2008B983F8330193F869
:107E90003421A2B993F8902102F0FF007AB91A8830
:107EA00083F8910103F5C470A3F892214A68C3F8DE
:107EB00094218A680449C3F898210CF0F1FF00204E
:107EC00010BD0120FCE700BFA97D0000436893F8C6
:107ED000342112B1084B1B68184793F8902152B90E
:107EE0001A8803F5C4700549A3F892211A2283F871
:107EF00091210CF0D5BF704790040020A97D0000AF
:107F000010B50446FEF742FA034A044B02400B4008
:107F10006260A36010BD00BF2FC904F76FDB008053
:107F200037B50C464568FEF731FA084B084A03405E
:107F30000A4095F8E01000930B4001928DF8003054
:107F40006B4603CB6060A16003B030BD2FC904F75E
:107F50006FDB008038B5DB04154604D5037D13B113
:107F60000023436338BD446B013444630DF0FAFBD6
:107F7000836B9C42F6D30023034943632846BDE844
:107F800038400CF096BF00BFBF56010070B5446882
:107F90000546067894F88E30012B09D026B994F85E
:107FA0008F302BB101203FE0D4F880309807F9D40E
:107FB00094F8D1309A0715D40A79D80784F8DB20D1
:107FC000B1F80520A4F8DC20B1F80720A4F8DE20E1
:107FD00043F0020284F8D12010D5194904F1D200EF
:107FE0000CF067FF94F8D130D90712D4EEB994F8A9
:107FF0008F3043B150214020F8F7EEFB94F8323136
:10800000002BEAD1EEE7012384F88F3028460DF0EB
:10801000CAF894F88E300020012B4FF0000304BF03
:1080200084F88E3084F8CA3070BDD4F880309A0756
:1080300001D55521DFE743F00203C4F88030E5E7BE
:108040008557010070B545680446FEF785FE054B6F
:10805000014685F88D001B681BB12046BDE87040C5
:10806000184770BD98040020024B1B6803B11847E5
:10807000704700BF94040020F0B51F4D00242B78FA
:1080800014709BB1013B6D68DBB21E1B012E0FDC2F
:1080900005EBC40655F8347076688E4208BF8742F7
:1080A00027D0B84271EB060612D214700020F0BD42
:1080B0001E197710C6F3470655F837C005EBC70EF3
:1080C0008445DEF804708F412CBF33463446DCE72C
:1080D00005EBC30455F8335064688C4208BF8542F1
:1080E00006D0A84271EB040428BF01331370DDE70A
:1080F0001C4601201470DAE7F823002010F0070274
:1081000008B503D063214820F8F766FB18B1034B8C
:10811000197258601A70C80008BD00BFF82300200B
:10812000014B00221A707047F82300200A460648C7
:10813000822302F8033B0368C1F8033043685360AD
:1081400083689360704700BF01240020162200213D
:1081500001480EF0AEBC00BF01240020F7B51E4C54
:1081600002AB03E90300637DA3B39DF800300D4625
:108170002BBBD1E972760DF06BFB95F87420174B91
:10818000543053F822304FF47A7203F2E733B3FBE2
:10819000F2F3DB192A8846F100061B18228046F10B
:1081A00000066360A660B5F8883002220C4904F12D
:1081B0000C00638003B0BDE8F040FFF7A7B853069A
:1081C00008D50B882380D1F848326360D1F84C324F
:1081D000A360E8E703B0F0BD012400202080040084
:1081E0002D810000024B0022C3E90022704700BF2E
:1081F0001C24002008B5044B186810B9FFF7F2FFE3
:1082000008BD0C20FCE700BF1C240020024B187A9C
:10821000003818BF012070471C24002030B50D4ADB
:10822000FF231372D0E9065373B1D0E902149D61A4
:108230000C44D9682144D960816939B1CB610023EC
:10824000C0E90633137230BD1560F5E7002BF6D098
:10825000D960F4E71C24002010B5124AFF231372E2
:10826000C16189B91368836103B1D86110600023CB
:10827000C169C36099B1CB687BB18468A3420AD25B
:1082800030213720F8F7A8FA8B6988618361002BC9
:10829000EDD0D861EBE71B1BC3600023CB6000234C
:1082A000137210BD1C240020034B00201B6803B96F
:1082B000704718469B69FAE71C2400200B4B0022EC
:1082C00030B51B6804464FF0FF35104623B911B98D
:1082D000002808BF104630BDDA68A24203D3AA4284
:1082E0003CBF154618461A469B69EFE71C24002040
:1082F00070B50F4CFF232372036A1BB181689D6820
:10830000A94203D2E5213720F8F766FAC2698669E7
:10831000DA619E6152B193619A691AB1D361C26800
:1083200011444A1BDA600023237270BD2360F3E717
:108330001C240020014B01221A7170471C240020CC
:10834000014B00221A7170471C240020014B187940
:10835000704700BF1C240020094B53F8203003F560
:10836000224370B5B13316464FF47A720C46B3FB14
:10837000F2F5344405F064FD2C44204470BD00BF88
:108380000C8004002DE9F04F99468BB00023044681
:1083900088461746069390F875B00BF0FEFE05462A
:1083A00094F87F00FEF7B8FC05440DF051FA94F8FC
:1083B0008F3000F14D06ADB2442B3BD00E2B39D09F
:1083C00094F88EA0AAF14402D2F1000A4AEB020A04
:1083D000002F5FD194F80432032B5BD1BAF1000F68
:1083E00058D0B4F8A032434554D1D4F80C322046CA
:1083F000B4F8DC21C4F8F831E369C4F8FC31B4F80E
:108400005A321344C4F8003204F008F941F64B53D1
:10841000D4F8A82294F8B4129A428CBF0023012306
:1084200059B9E1698A421ED0208804930EF043F8BE
:10843000049B18E04FF0010ACAE720880EF038F8D4
:1084400020B940F293713020F8F7C6F9B4F8B03291
:108450006386B4F8B2328381B4F8A032C781438115
:10846000013B03823B4694F87E20002A36D1002B44
:1084700035D1D4F8A42284F87E300223E262B4F825
:10848000A22284F804322286D4F8A822E261D4F829
:10849000AC22626204F50A73B4F888C00493A8EBB6
:1084A0000C0CB4F858320FFA8CFCA8EB03031BB287
:1084B000002B1FDAD4E99023C4E99423002301227E
:1084C00084F81F32634694F80412032900F2BC8139
:1084D000DFE811F0120023016B0044012BB14FF0D3
:1084E0004D12626300222287C3E74FF09612238762
:1084F0006263BEE74A46E6E794F8751094F8D60141
:108500000CF0ACF88346E06A2946584408F022F99A
:108510002946C4F80802E06908F01CF994F87E3096
:1085200007A95B00DBB2034408A8C4F80C3205F0CD
:1085300045FB079B0093DDE90823D4E9940107F08C
:108540007CF9054620460DF0C3F9D4F85C32E26AA6
:1085500094F875000693049205F07AFC069B00F5EA
:108560002240049A203BD4F80812B13013444FF44F
:108570007A725B1A30319B1BB0FBF2F05B443246DF
:108580005B1B1B1A94F875000693238E03EB4101C5
:10859000FFF7E2FED4F85C22069BC4F810029B1A97
:1085A000CC2B5DD840F2FC414DE7E36A2946D4F874
:1085B000FC01184408F0CEF82946C4F80802E06926
:1085C00008F0C8F894F87E305B00DBB20344204624
:1085D000C4F80C320DF07CF9E36AD4F8FC511D4468
:1085E000B4F8DC31002B40F09480B9F1000F00F0BA
:1085F000908094F8750005F02BFCD4F80812D4F89C
:10860000483200F522406D1A94F87520B130203DB3
:108610001D44A74B53F822204FF47A7302F2E7323D
:10862000D4E990BCB2FBF3F2A5EB0B05B0FBF3F081
:108630001544AD1B2D1AD4F8F831D4F8002294F863
:10864000750002FB0311238E32460695303103EB91
:108650004101FFF781FE0123C4F8100284F80432BF
:10866000E56904F13C00D4F80C32A93D0699ED1AF5
:10867000D4F81032AD1B9D4228BF1D46002384F85C
:108680002832C4F8D851D4E994325B1842F1000280
:10869000C4E98E320CF090FC2844A4F85882C4F847
:1086A0002C02D4E98E23C4E9942303F0CFF920B13E
:1086B000D4F82C321E33C4F82C32B4F8C831A3EBF2
:1086C00008031BB2002BD4BF00220122520084F801
:1086D0003022BAF1000F40F0BA80B9F1000F40F03B
:1086E000B98094F80432002B00F0D080E16904F5E1
:1086F0000A70D4F80C32C91A0BF04AFF80B2002875
:1087000000F0C480149B03B1188001200BB0BDE8B9
:10871000F08FD4F808126D1A8DE7D4F80C02E269D4
:10872000D4F80012121AD4F8F8515A43D4F8083287
:1087300006923033B4F8DC2105FB01336244521A4F
:10874000218E013A00FB0233324694F8750001EBAA
:108750004301FFF701FEC4F8100281E7E1695943C4
:108760000691B9F1000F2DD0B4F8DC0150BB84F8AC
:108770001F02D4F80C0200FB131E94F88E300490F4
:10878000262BCDF818E003D094F88F30262B0AD191
:10879000B4F8A032A8EB03031B0404D494F8A3326A
:1087A000002B18BF9B46B4F8DC017AB370BBD4E948
:1087B0009251D4E99023AA4273EB010108D34FF4FC
:1087C000AA6140E694F81F0200287FF449AFD0E781
:1087D00094F87520203D364B53F82230D4E990129E
:1087E000CDE9021203F2E7324FF47A7103F5224326
:1087F000B2FBF1F2B1330592029AB3FBF1F3AD1A79
:10880000059A1544ED1AAD1B7544069500EB0C0551
:10881000049B324658465D4330356D002946FFF7CC
:108820009BFD41F64B53C4F81002E06998423FF6B5
:1088300017AF06AB32462946009304F504730BF0DC
:108840002AFF84F81F020BE74FF4AD61FBE5B9F195
:10885000000F1BD0B4F8F00110B3B4F8F21194F883
:10886000F4214D1CA4F8F21101FB022290420DDD0F
:10887000002B0BDD0023A4F8F25184F83032FEF710
:10888000D7FD00F00700013084F8F40104F50A7107
:1088900094F8200206F070FE20B940F2B151D2E502
:1088A0000146DCE787F0010784F81C7200202DE701
:1088B0000C800400F0B5044685B018B9AA21302018
:1088C000F7F78AFF072900F2F980DFE811F00800C6
:1088D000EB003E003E003900F700E300F50090F8A1
:1088E0001C32B0F8882013B3B0F81A32934208BF94
:1088F000B0F8CC319A1AA0F8CE21A4F888302046DE
:10890000D4E98E23C4E9902303F0B0FD94F8D33169
:10891000002B00F0BD800DF04AFD694B1B68002B59
:1089200000F0B680204605B0BDE8F0401847B0F82A
:1089300018329B1AA0F8CE31B0F818329BB2DCE79F
:1089400005B0BDE8F04005F045B906F06FFDD4E98B
:108950009023801A61EB0301012871F1000302DA10
:1089600040F23C61ABE76FF0010383424FF000033C
:108970008B4102DA40F23D61A1E7E3690BB1B0FB44
:10898000F3F394F88F00B4F81A22442810D094F826
:108990008E10433901290BD90E2809D0B4F888105C
:1089A0000B449BB2D11A0D0444D501339BB243E072
:1089B0000132A4F81A22B4F85A3202AEB4F8885040
:1089C0000133404FA4F85A32B4F8C2301D44B4F811
:1089D000C030013DED1AADB23B685BB1B4F81A127C
:1089E00000222046013989B29847B4F81A32184457
:1089F000A4F81A02B4F81A126B1A18042CD4002323
:108A0000204600961A46FFF7BDFC012840D1B4F875
:108A10001A22B4F8C811BDF808301344521A1204CF
:108A20009BB204D5EA1A12F4004F18BF0B46A4F803
:108A30001A32D1E7013293B2A4F81A3294F81D32F7
:108A4000002BB8D1B4F8CC31B4F81A22934204BF49
:108A50000133A4F81A32AEE794F89230304603940A
:108A6000002B14BF08233E2384F8B13001238DF876
:108A70000830FFF783F820460DF09BFC002394F8A4
:108A8000200284F8043206F0E9FC202384F8203226
:108A900005B0F0BD012006F0CFFE05B0BDE8F04006
:108AA00009F00FBD90F80432042B01D0D02106E765
:108AB000002380F80432EBE7D62100E7DA21FEE656
:108AC0009C040020A4040020F7B5044618B9E22154
:108AD0003020F7F781FE072900F2BC80DFE801F0C3
:108AE0000484464641BA33B706F03CFEC4E952015D
:108AF000204602F089FAD4F83C01A43806F088FE3A
:108B000010B940F27B21E3E720460DF049FA054613
:108B1000F8B9014620460DF0BBF900F1AE06D4F8D5
:108B20003C01B04209D2301A0321192838BF19205C
:108B300006F089FD051E18BF0125C4F83C612046DA
:108B40000DF06BFA3DB1204603B0BDE8F0400DF0EA
:108B500065BA0025F3E7D4E95223C4E94C2303B0F6
:108B6000F0BD03B0BDE8F04005F034B80DF0DFF91A
:108B7000002307460E4684F8413106F057FC0722D1
:108B8000A7FB023502FB0655D4F834210192D4F834
:108B900030219B18019A45EB0205D4F8142132B11B
:108BA00057EA060203D0984271EB050216D2022260
:108BB00084F84021D4F85021D4F854C1121A6CEB37
:108BC000010C94F860E1BEF1000F09D1012A7CF19B
:108BD000000E11DA204602F01FFA05E00122E7E755
:108BE000012A7CF1000CF5DB94F8100106F036FC4C
:108BF000002384F85831B2E7984271EB050E0ED28B
:108C00003E430CD01B1A65EB01019A427CEB01003C
:108C100005DB012B71F10000A4BF1A468C460F49F9
:108C2000012394F81001914284F859314FF0000368
:108C300084F8383173EB0C03B8BF0A4604F59C7115
:108C400006F006FE00288AD140F2EF6140E74FF4BB
:108C500080713DE74FF482713AE700BF0040420F58
:108C60002DE9F04104460E46154690F8583103F0C0
:108C7000FF071BB10C273846BDE8F08101464E487E
:108C800006F0FCFB20288046F4D05722394604F237
:108C900011100DF00EFF84F81081C4F81461FF2349
:108CA00084F8583136B1FEF7DBFB00F007000130E5
:108CB00086F8F40102234FF00008A4F8403184F84C
:108CC000388107F09DFD00F1490620460DF068F956
:108CD0000146B6B2002846D00BF05FFA00F5CD6130
:108CE000284689B207F036FD2844C4F83C0106F056
:108CF0009DFB30184FF00106A4F8268041F10001D9
:108D000084F81861C4E9520120460DF060F928B3D7
:108D1000A5F2AA45314620460DF0BAF82D1AC4F83E
:108D20001C514FF0FF356FF0004194F81001D4E969
:108D30005223C4E95451002504F59C71C4E94A2327
:108D4000C4E94C2384F8595142F2107206F080FDB8
:108D500060BB40F2EB113020F7F73EFD3046AE3DF0
:108D60000DF02FFADAE72046DFF850800DF090F88A
:108D7000AE30C4F83C01B8F8000048B1E08C38B11E
:108D8000FEF76EFBB8F80030B0FBF3F202FB130005
:108D9000064406F04BFB361841F10001C4E952616C
:108DA000002DBED0AD1941F10001BEE72946204695
:108DB0000DF036F95FE700BFC98A000028240020C3
:108DC000F0B5002385B0CDE9003303238DF80630DC
:108DD0006846F8F71BFA88B11F4E01230027B370CD
:108DE0000223CDE902778DF80E3002A8F8F70EFACB
:108DF0000546C8B10023B37005B0F0BD00980CF073
:108E0000C6FDE5E790F8200206F0E8FB94F82002A2
:108E100006F08EFC94F8200284F8045206F01EFB43
:108E2000202384F82032DBE7029B002BDDD093F86F
:108E30002022202AD9D018884FF6FF739842D9D023
:108E40000221F8F7A9F904460028DBD140F23711D6
:108E50003020F7F7C1FC00BF28240020044B00227B
:108E6000DA709A7042F210721A80FFF7A9BF00BF41
:108E700028240020014BD870704700BF2824002010
:108E800008B504F0D3FA044B5A6882422ABF987896
:108E9000002080F0010008BD28240020F0B5044621
:108EA00085B090F8D33103F0FF05002B6AD190F81C
:108EB0000432032B66D106F0B9FAD4E99023801A64
:108EC00061EB0301012871F100035BDB6FF001032B
:108ED000834275EB010104DA40F2E5513020F7F7E7
:108EE0007BFCE269B4F888300AB1B0FBF2F20133DE
:108EF00013449BB2A4F81832B4F8CC31B4F8182259
:108F00009B1A1BB2002B3DDD94F8200206F066FB95
:108F1000002837D0FF2384F81D32B4F8C2300DF199
:108F20000E07B4F88850184E1D44B4F8C030013D07
:108F3000ED1AADB2336863B1B4F8181200222046BE
:108F4000013989B29847B4F81832184480B2A4F8AD
:108F50001802B4F81832EB1A1B0413D4B4F8181220
:108F600000230122204689B20097FFF70BFA01285F
:108F700008D1B4F81832BDF80E2013449BB2A4F8FF
:108F80001832D7E705B0F0BDA40400202DE9F34165
:108F90000446062900F2A580DFE801F00427142426
:108FA0002B309E00504B9B7803F0FF0253B9009288
:108FB0000123B0F8CC11FFF7E5F930B140F21E7192
:108FC000302031E0042384F8043204F06BFC06F016
:108FD00030FA0023B4F88820A4F85A32A4F81A22F0
:108FE00084F81D3202B0BDE8F081032380F804321A
:108FF000F8E70DF0A4FAC4E99201F3E73B4B1B68D4
:109000001BB10246D0E99201984713212088F8F756
:10901000C3F800285ED094F87530022B58D005D8DC
:10902000012B08D0D621B420F7F7D6FB033B012B48
:10903000F8D81E3000E00A30858894F87500DFF813
:10904000A880C31E012B8CBF002628260CF029FC0B
:109050007730D4F80C2206F58076A84234BF2B1A5C
:109060000023E56999188D428ABFAD1A0025ED1AD3
:1090700098F803301BB9E36B9D4228BF1D46D4F816
:10908000D87104F13C000BF097FF0744022006F072
:1090900045FB0221ED1B25EAE575854228BF054603
:1090A000284606F0D0FA00B92F440123324639464B
:1090B00020460CF02CF8D4F8D831C8F80400E06948
:1090C000184406F0A5FB00288CD140F2A33177E7C5
:1090D0001430B1E79625B0E702B0BDE8F0410CF0DE
:1090E000F7BB40F2ED716BE728240020A0040020BC
:1090F000012A70B505460C46164617D0022A1AD02A
:109100003ABB0246144994F8100106F0D9F920B987
:1091100040F2FD713020F7F75FFB04F087F932462B
:1091200001462046BDE870400CF007BC04F07EF913
:10913000C5F85C0270BD0246074994F8100106F0BC
:10914000BFF910B94FF40161E4E70122D5F85C12D0
:10915000E7E740F61801DDE7B5880000014B18800D
:10916000704700BF282400200C4B4FF47A7253F84C
:109170002130023903F2E733C9B2B3FBF2F302291B
:1091800000F1FF3210B54FEAC21296BF044CF02135
:1091900034F81110134400FB013010BD208004008E
:1091A000327E0400D928F0B5054628BFD925BDF880
:1091B00014600446303501F5A57006F00207ADB223
:1091C000FF2D28BFFF2516F0010621D10FBB002B74
:1091D00000F0C580911EC9B2022996BF7B4D40F6B2
:1091E000480135F811100844D92C7FD9D93C951E77
:1091F000F721A4B2EDB2002B00F0CF80F634022D9F
:10920000B4FBF1F400F2C680714B33F815306BE01B
:10921000EFB1911EC9B2022997BF6E4D4FF4147180
:1092200005EB4101C9880144D01E012837D801F659
:1092300014409830002E3BD0023AD2B2022A97BF97
:10924000644BC02303EB42035B8A18444EE053B1E6
:10925000911EC9B2022997BF5E4D40F6480105EB49
:1092600041018989DFE7042A05D1691D89B2890195
:1092700001F5C871D7E7032A05D1691D89B2090133
:1092800001F5BF71CFE7022A0BBF05F10B0105F114
:109290000A0189B289B20CBF8900C900C3E7022A5A
:1092A00001F19C0114BF4FF4B070B4200844C0E732
:1092B000EBB1911EC9B2022996BF474D40F6480155
:1092C00035F81110D92C084410D9D93C951EF72136
:1092D000A4B2EDB24BB3F634022DB4FBF1F459D87D
:1092E0003C4B03EB45031B8B03FB0400F0BDF12C4F
:1092F000214628BFF121042A05D1133189B2890101
:1093000001F5C871DEE7032A05D1133189B20901DD
:1093100001F5BF71D6E7022A0BBF1931183189B2A6
:1093200089B20CBF8900C900CCE7B4FBF1F3022D70
:10933000DBB239D8294931F8151001FB0300C3EB22
:109340004311C3EBC103E41AA3B2002BCED0083300
:10935000042A9BB22BD19B0103F21A4375E7042A1E
:1093600006D10535ADB2AD0105F5C87528443BE71A
:10937000032A05D10535ADB22D0105F5BF75F5E719
:10938000022A0BBF0B350A35ADB2ADB20CBFAD0032
:10939000ED00EBE740F69213A6E7B4FBF1F3022DE4
:1093A000DBB201D80E49C6E740F69211C5E7032AA1
:1093B00003D11B0103F5467347E7022A0BBF9B004D
:1093C000DB0003F5BB7303F5CD733EE73E7E04007F
:1093D0004A7E0400327E04003E7E04004A7E040081
:1093E0004A7E0400264B1A6810B5D2F80F3003628B
:1093F000537D117D1B0443EA0123D17C0B436FF4A1
:1094000050618362B2F81930591806298DBF40F2B5
:10941000E241A3F550634FF47A714B438EBF0021B4
:109420004B430121C36180F87E10937DD9B103EBDA
:10943000830303EB83039B000386B2F81730D9B193
:1094400064214B43C362B2F81B308384B2F81D30F1
:10945000C38492F8243003F01F025B0980F8A22035
:1094600080F87F3010BDC3EB431403EB840303EBA0
:1094700083035B009BB2DFE740F2E241E1E700BF1C
:1094800030240020042937B5144617D19B0103F579
:109490003473417990F844500139C9B203291AD87C
:1094A000194A0A44907FE201CA3203FB0422174B97
:1094B0009A4215D940F272712D200FE0032903D191
:1094C0001B0103F5E773E4E702290BBF0B330A33F3
:1094D0009B00DB00DDE740F2D6310620F7F77CF990
:1094E0001E23B2FBF3F205F03F03110AD2B241EAA8
:1094F000401143F04003002063F3070062F30F20A4
:1095000061F3174003B030BD327E0400C3BF0300D7
:109510000346074A1068D3F86920C0F80320B3F85F
:109520006D20A0F8072093F868100BF0C0B900BFB9
:1095300030240020D0F8803073B50BB101221A60BE
:109540004388DB0726D50023134E056ACDE9003397
:1095500002238DF80630FF2386F820306846F7F79F
:1095600055FEB8B9009CA542F8D005F10A036A7A05
:1095700004F10A01607A0AF052FF0028EED0A378C5
:1095800086F82030D4F80330C6F82130034BB4F805
:1095900007209A8002B070BD3024002051240020A2
:1095A00038B5084D044600F16901062328680022F9
:1095B0000BF08FFA94F868102868BDE838400BF07B
:1095C00076B900BF3024002007B50BF087F88DF87E
:1095D00007000548012306220DF1070100680BF082
:1095E00078FA03B05DF804FB30240020034B98693F
:1095F00010B140300CF018B9704700BF3024002083
:10960000034BD86910B140300CF00EB9704700BF61
:109610003024002070B504460E461346807F6588CE
:10962000324615F0040118BF04F17701FDF74EFA38
:109630004107054621D4C2070BD50123A07F84F83A
:109640006830FDF715FB0368C4F869308388A4F817
:109650006D30AB0701D4012070BD094B01211868A2
:10966000D4F8773084F87610C0F80930B4F87B303D
:10967000A0F80D300BF028F9EDE70020ECE700BF73
:109680003024002010B50446084694F8D8306BBB4F
:109690002378082904F1DB0284F8D93016D004F1CC
:1096A000DA01FDF7BBF920B940F64A712D20F7F732
:1096B00093F894F8DA3043F0020384F8DA3004F1D6
:1096C000D0000B49BDE810400BF0EABB094B18680D
:1096D000034613F8031BC1F3801184F8DA10D0F8A5
:1096E0000310C4F8DB109B889380E8E710BD00BF2F
:1096F000435B01003024002070B504460E46154639
:10970000FCF706FE98B92378A4F8C16084F8C0304D
:10971000637C84F8BF500BB194F8483004F1B60074
:1097200084F8C3300249BDE870400BF0B9BB70BD8E
:10973000835D010010B504460E498C300BF0B0FB80
:109740000D4904F1C4000BF0ABFB94F89520B4F87C
:1097500096102046FFF7D0FF084B00221A71084BE5
:109760001B682BB12146206A0222BDE81040184731
:1097700010BD00BF035C01002D5B01003024002000
:10978000AC04002003292DE9F043054685B01746B7
:1097900007D14388980723D40024204605B0BDE8AC
:1097A000F083428890F88830D107DBB2F4D5002BE3
:1097B000F2D14FF00108DFF8D49099F81260C6B1E9
:1097C0000AF062FE0828387016D002AA0DF10701CF
:1097D000FDF724F938B940F6D4612D20F6F7FCFFE7
:1097E0004FF00208E7E702A99DF807000CF012F815
:1097F00006463B78082B08D1D9F8001011F8030B66
:10980000C0F380100CF006F80646D9F8001005F1F8
:10981000700395F86F2011F8030BC0F380100AF065
:10982000FEFDD9F80010044611F8030BC0F38010B8
:109830000AF020FE8146FDF72DFA40B1B9F1080F7C
:109840001BD04846FDF798F880F00103D8B23A786B
:10985000082A14D01CB9AC7FA21A544254416A8819
:1098600053079AD4002897D176B92C7D444518BF68
:10987000002C0CBF012400248FE70020E7E780F0D4
:1098800001022240D4B2EAE7344686E730240020C1
:109890002DE9FF4108230DF10702052104468DF84B
:1098A0000730FFF76FFF054620B90025284604B0B2
:1098B000BDE8F081FBF77AFC06460028F5D1334F6E
:1098C0000DF10808216A3A6891F89630104610F8B0
:1098D00003CB03EA5C1303F0010381F89630D2F85E
:1098E0000330C1F803308388A1F807301146D4F85B
:1098F00020C011F81F3BC3F380138CF80230D2F85C
:109900001F000B79029060468DF80C30FFF76AFD5E
:10991000434694F913200121206A0CF0A4F9216A2E
:1099200084F8956020460B889DF80720A4F89630AF
:10993000FF2384F8B3304FF6FF73A4F8B4300CF073
:10994000B9F9134904F18C000BF0AAFAFCF7E0FC1A
:1099500060B9236A04F1C4000E491A88A4F8CD2026
:1099600093F8963084F8CF300BF09AFA236A0022ED
:1099700020461988FFF7C0FE074B00221B683A718A
:10998000002B93D02146206A98478FE7302400208F
:10999000035C01002D5B0100AC040020032973B5BA
:1099A000044604D005292BD0012002B070BD082345
:1099B0000DF107028DF80730FFF7E4FE0028F3D021
:1099C000237C23B19DF807102046FFF75BFE114D65
:1099D0000622042620462B685A701E70FFF798FD59
:1099E000A16D94F85C2028680AF087FF28682E7122
:1099F00003F0DEFF002128680CF0BEFD0020D4E754
:109A0000054B1B68002BF9D0984780F00100C0B2CD
:109A1000CBE700BF30240020A804002038B5B0F800
:109A200048300446194D0133C3F30E03A0F8483003
:109A3000AB7C2BB104F062F802F054FF0023AB744E
:109A400000232B7194F889302BB101212046BDE809
:109A500038400BF0E3BF637CB3B1B4F848209A42BE
:109A600012D3012120460BF0D9FF63882046DB0783
:109A700047BF236A432243224FF6FF7148BF19882C
:109A8000BDE83840FFF738BE0021DFE73024002072
:109A900010B5094C2379012B02D02379022B05D173
:109AA000A37C1BB104F02AF802F01CFFA06ABDE8F9
:109AB0001040FFF7B3BF00BF302400200346074A21
:109AC000906A03B909B9FFF7A9BF1379D26A03F104
:109AD00080431269033B52F823301847302400209A
:109AE000F7B5404C2379012B07D02379022B04D002
:109AF00040F65C412D20F6F76FFEA26A166A0EB1A1
:109B000096F87D60B8B3216802F1690392F8682085
:109B100011F8095BE8090AF082FC60B305F00F0553
:109B20002068052D3BD190F8243003F01F03102B43
:109B300035D9A76ABB7C93B308230DF107022946E8
:109B400038468DF80730FFF71DFEA0B197F8E930D1
:109B50008BB9226807F1EA01D31C233253F8040BB6
:109B6000934241F8040BF9D11B8807F1E1000B8007
:109B70001D490BF095F90125A37C1BB103F0BEFF35
:109B800002F0B0FE65B3A06A0BF026FF10B303F03D
:109B90002DFEE36A9B6803B0BDE8F04018473146EC
:109BA0000AF0BAFE0028E6D02379A06A012B05D07E
:109BB0002379022B02D040F635419BE723792946D1
:109BC000E26A03F180435269013B52F8233098471F
:109BD0000546D1E7A06A03B0BDE8F040FFF71EBF1D
:109BE00003B0F0BD302400205B5B0100F8B50446F3
:109BF0000F4619B300F1300528460CF08CFAA0B9D5
:109C000063881A072ED528460CF09AFA064628468D
:109C10000CF081FA301AC0B20CF0D3FA494A9368BA
:109C20000344284693600CF055FA28460CF057FA86
:109C300003F03CFD2179252003F054FC414E002324
:109C400094F876203068037043706388103B0D2BC6
:109C500068D8DFE803F063675F0C6744676767678E
:109C6000676767442046BDE8F840FFF7D7BE062384
:109C70004370202303702046FFF74AFC638823F0DB
:109C800008039BB2152B05D094F85420216D306841
:109C90000AF024FE306803F08BFE002130680CF0DF
:109CA0006BFC032321790020337103F029FD054665
:109CB00007B9F06063881B0704D50CF07FFA0544F0
:109CC000C4F820516388103B0D2B36D8DFE803F031
:109CD00038352F2F352F353535353535352F0C2384
:109CE00021214370034603F8091B52B1D4F87720B1
:109CF0000121C0F80920B4F87B209A800AF0E4FD25
:109D0000B9E7226FC0F80920B4F874209A8094F85B
:109D10006F10F3E7062303704370ACE70223037070
:109D20000623F9E740F236612D20F6F755FD21793B
:109D30000120BDE8F84003F0FBBE40F6CF41F3E759
:109D4000F8BD00BF3024002038B543880446102BEE
:109D500004D10121BDE83840FFF748BF0B4DAB7C73
:109D600023B102F093FD402003F0BCFE286803F00D
:109D70001FFE608810F0040002D1217903F0D8FEA4
:109D8000002003F075FE01232B7138BD3024002024
:109D900003292DE9F743044605D0052900F0888002
:109DA000FFF73CFE80E008230DF103028DF803303D
:109DB000FFF7E8FC002879D0237C23B19DF803103D
:109DC0002046FFF75FFC0123B4F802803E4E0025D9
:109DD0001F464FEA98123068294662F38617072219
:109DE0004370C8F380180270C5700AF09CFE2A46C2
:109DF000394630680AF09EFE2046FFF7D1FB3068F6
:109E00000AF003FFB4F85C30C0F1FE05AB42B4BF0A
:109E1000DDB2EDB2AB422AD947F010070022A5F11E
:109E2000030930683946023D0AF084FE30680AF0C2
:109E300076FE411920465FFA89F9C9B20BF0D3FECC
:109E40000422C0F307238DF80400C0F307400DEB94
:109E500002018DF805304D4603238DF80600306869
:109E60000AF037FE0022394630680AF063FEB8F186
:109E7000000F06D094F9132094F844106079FFF78E
:109E8000A3FB2A46A16D30680AF088FEFF203582C8
:109E9000617903F027FB07233068337103F088FDF5
:109EA000002130680CF068FB002009E0204677E7CD
:109EB000064B1B68002BF7D0984780F00100C0B21A
:109EC00003B0BDE8F08300BF30240020B0040020C0
:109ED00010B5154CA37C1BB103F010FE02F002FD7F
:109EE000A06A0BF079FD0346A06A1BB1438803F01A
:109EF00018031BB9BDE81040FFF790BD2379012B73
:109F000007D02379022B04D040F65E312D20F6F7DE
:109F100063FC2379E26A03F18043D268013BBDE828
:109F2000104052F823301847302400202DE9F04F1C
:109F300044888BB01646054614F0030204F0020371
:109F40000291019204F004021DD0E10705D54BB146
:109F500040F263612D20F6F73FFC002BF8D04FF064
:109F6000020A12E01FFA82F8002A00F0A5804FF0E2
:109F7000010A002E00F0F6804FF000084FF00109B2
:109F8000C34601210EE0DDF804A092B2002B55D0AB
:109F9000002AEED1002E00F0E580904693464FF067
:109FA00001091146012714F0400003D0002E00F0F3
:109FB000E780012047EA41048C4F0022012144EA56
:109FC000C9043B6844EA0B145A70597044EA4814B7
:109FD00044EA8014072004F07B041870A046002E89
:109FE00040F0EC80DE7000235146386801930AF09F
:109FF0009AFD38682146019A5FFA84FA0AF09AFDC0
:10A00000E00702D52846FFF7CBFA1AF0020F0ED070
:10A01000029B3868002B00F0DF8005F177010623F2
:10A0200001220AF056FD012138680AF04DFC002398
:10A03000002B00F0DD8040F645018BE704F0200B9B
:10A04000002A4ED126BBB5F854208AB1BBF1000FCF
:10A0500040F088802F794FF000084FF0010B033F4C
:10A06000012F94BF002701274FF0010941469AE7CD
:10A07000BBF1000F76D1FFF7B9FA0028EAD1FFF75C
:10A08000BFFA01460028E5D1B046B346B14689E79C
:10A09000FFF7ACFA804610B9FFF7B2FA8046BBF181
:10A0A000000F66D12F794FF001095946033F012F68
:10A0B0008CBF0027012776E7077966B9A7F1020C64
:10A0C0004FF0010AB0463146DCF10007D346D146D5
:10A0D00047EB0C0767E7023FB246C34618BF0127AC
:10A0E000C2E74EBBB5F85420AAB1BBF1000F21D195
:10A0F0002F79033F012F94BF0027012729794FF0C3
:10A1000000084FF0010B0339012994BF0021012100
:10A110004FF0010947E7BBF1000F0BD1FFF766FADB
:10A120000028E5D1FFF76CFA81460028E0D1B0465F
:10A13000B34626E73746E1E7FFF758FA804610B9FD
:10A14000FFF75EFA80462979033901298CBF002187
:10A150000121BBF1000F14BF002701F001074FF0F0
:10A16000000BD5E74FF0010BB04631463746D946D4
:10A1700019E74FF0000B4FF0010959465F4612E70F
:10A18000B5F8540030B128790338012894BF002075
:10A1900001200FE7688800F023000028F3D1039125
:10A1A000FFF724FA03990028EDD1FFF729FA039964
:10A1B0000028E8D1019B002BE5D1FAE6DA70FFF721
:10A1C0001FFA00283FF40FAFFB6993F8BD30002B56
:10A1D0003FF409AF0A2307E705F1700106230122C6
:10A1E0000AF077FC95F86F101EE700BF30240020BE
:10A1F0001AF0080F19D06A6C05A98DF81530C2F352
:10A200000B22BDF81430386862F30B0395F8462032
:10A21000ADF814301209C3F3072362F307130322C6
:10A220008DF8153002230AF054FC1AF0200F00F0CC
:10A23000AF80D5F848310293D5F84C310393FB69D0
:10A24000002B52D09B46DBE9189AFFF7D9F978B179
:10A25000F86990F8BD0058B10BF140000CF008F916
:10A2600030B9DBF8700010EB090081464AF1000AB2
:10A270009BF810C0A2487B6950F82C004FF47A7C00
:10A28000029900F2E730B0FBFCF2D3F16E0C60EB08
:10A290000000BCEB010C039960EB010012EB0C0C0D
:10A2A0009DF8151040F100001CEB090201F0BF0100
:10A2B000D5F83CC14AEB0000B2F5161F70F1000A58
:10A2C0000DDAB2F5703FACEB030C70F1000A4FEA07
:10A2D000EC7E0DDB94457EEB000EC0F2088121F090
:10A2E00020018DF81510002216E0D7F818B0AAE763
:10A2F000944521F020017EEB000E8DF81510F2DA66
:10A300009DF8151011F0200F0CBF1E214FF496710F
:10A31000B2FBF1F2C2F30C02BDF8141062F30C01AF
:10A32000DBF87020ADF8141040F2E241B2FBF1F21C
:10A33000ADF81620DBF817209BF81B1006929DF84D
:10A340001C2061F304028DF81C20FCF74BF89DF8EB
:10A350001C2060F347128DF81C209DF8152022F078
:10A3600080028DF81520DBF80020BBF85230CDF8C4
:10A370001D209BF8042001338DF821209BF8052037
:10A380008DF822209BF80620ADF824308DF823208C
:10A39000012E53D1B5F85430002B4FD06B8899075C
:10A3A0004CD4DFF860B1DBF800000AF0B8FB00F134
:10A3B000010AB5F8541003465FFA8AFABBF8102078
:10A3C000CAF1FF008A1A8242AABF6FEA0A0A5FFA3C
:10A3D00082FA5FFA8AFA514525D96A88D20722D4CF
:10A3E00044F01001019A3868AAF1030A88460293E2
:10A3F0000AF0A0FB029B5FFA8AFA2846191D514415
:10A40000C9B20BF0F0FBC0F307238DF81000C0F3C6
:10A4100007408DF8113004228DF81200032304A99F
:10A4200038680AF056FB5246296DDBF800000AF046
:10A43000B5FBBBF810309A44ABF810A018F0200F11
:10A440005FFA88F406D02F481223052205A9006878
:10A450000AF03FFB63060CD5002E4DD105F130000C
:10A460002C790BF078FE014695F913202046FFF772
:10A47000ABF8FFF7C5F8002836D0224CE36993F813
:10A48000BD308BB3072120680AF042FB092340F25C
:10A49000E242037032234370E369D3F89030837053
:10A4A000E369D3F890301B0AC370E369B3F89230C4
:10A4B0000371E36993F893304371E36993F8A13032
:10A4C0008371E369D3F89430B3FBF2F3C371E369AA
:10A4D000D3F89830B3FBF2F303727D22E369D3F82B
:10A4E0009C30B3FBF2F343720BB0BDE8F08F41F048
:10A4F00020018DF8151003E76C7995F84410B3E747
:10A5000020800400302400202DE9F74304460F4644
:10A5100090F8440003F0CAF86179FF20764D02F00C
:10A52000E1FF002F4DD128680AF0BFF994F80480AC
:10A53000064604F130000BF003FEB8F1040F31D1F0
:10A54000B60106F53476E968638801EBC011CA31BB
:10A5500006FB00111E074FF0000048BFAB686961A1
:10A5600044BFC9186961627903F02CF963889807C0
:10A570002ED07FBB6179012003F0DAFA94F87610CF
:10A5800001222046FFF7D2FC286803F011FA0021CF
:10A5900028680BF0F1FF06232B7101236B7103B0C8
:10A5A000BDE8F083B8F1030F03D1360106F5E77675
:10A5B000C9E7B8F1020F0BBF0B360A36B600F6003A
:10A5C000C1E762794FF4A57100200BF0C9FFCDE718
:10A5D000002FD3D0C3F34007C3F380129907286834
:10A5E00087F001074FF0070348BFD4F858804FF0B9
:10A5F00000064FEAC7074CBFB4F85C90D4F850800F
:10A60000314647EA821758BFB4F8549003700123CB
:10A6100007F04807C67043700AF085FA324639469B
:10A6200028680AF087FA3A0717D5626C01A9BDF8C5
:10A630000430C2F30B22286862F30B0394F846201F
:10A64000ADF804301209C3F3072362F307130322A2
:10A650008DF8053002230AF03CFA28680AF0D5FA92
:10A660002B8AC0F1FE06A9EB0302B242B4BFD6B2F8
:10A67000F6B2334499452BDD002247F010012868DB
:10A680000AF058FA28680AF0C0FA2B8AC0F1FE06D0
:10A690002868A9EB0303B342B4BFDEB2F6B20AF0F6
:10A6A0003EFA811920460131C9B20BF09CFA04220E
:10A6B000C0F307238DF80400C0F307400DEB02013F
:10A6C0008DF8053003238DF8060028680AF001FA9A
:10A6D00063885B0606D594F9132094F844106079DA
:10A6E000FEF772FF298A3246286841440AF056FA7A
:10A6F0002B8A1E442E8247E73024002010B5084CD8
:10A70000B0F85C30228A9A4205D00121FFF7FCFEA6
:10A710000723237110BDBDE81040FFF77FB900BFCC
:10A720003024002038B5438804461E4D13F0020F34
:10A730000FD1DB070DD42A8AB0F854309A4203D1E6
:10A74000BDE83840FFF76AB90121BDE83840FFF79E
:10A75000DBBE0020617903F0EBF96388617913F0C7
:10A76000020F0CBF22200C2002F0BCFE02232B7132
:10A77000AB7C4BB102F08AF86379033B012B94BFA9
:10A780004520402003F0AEF96379033B012B94BFD1
:10A790002820002003F06CF92868BDE8384003F059
:10A7A00007B900BF30240020074810B5037903F033
:10A7B000FF0433B92422214604300CF07AF92046F4
:10A7C00010BD0C24FBE700BF3024002010B500238F
:10A7D000084C23712060FFF7E7FF20B140F2EF2122
:10A7E0002D20F5F7F9FFE36A13B940F2F221F7E7FC
:10A7F00010BD00BF30240020014B024ADA627047CE
:10A800003024002090B00000044B054A1A60054B2C
:10A81000054A1A60054B064A1A607047A8040020D2
:10A8200091980000AC040020F1900000B0040020DA
:10A83000EDAC00002DE9F34704460E46002968D12F
:10A840000A4690F87610FFF771FB404D28680379AF
:10A85000D90623D5C3789A0620D00AF026F80746F1
:10A8600004F1300094F804800BF055FC421C3B4688
:10A870004146D2B22046FEF705FE0422C0F307236C
:10A880008DF80400C0F307400DEB02018DF8053090
:10A8900003238DF8060028680AF01BF93EB304F183
:10A8A000300A2868D5F80C8009F0FFFF8146504631
:10A8B0000BF046FC07465046013F0BF02CFC4A4685
:10A8C000391A2079C9B20BF063FC638880441B07F6
:10A8D00008D5AB680121204698440BF0D9FA4044D2
:10A8E000C4F8200122794146002002F06BFF28685D
:10A8F00003F05EF8002128680BF03EFE26B92179AE
:10A90000304602F0FDFEE86005232B7102B0BDE881
:10A91000F08700F1300528460BF0FDFB28B963886D
:10A9200018070CD528460BF0D5FB28460BF0D7FBB3
:10A9300002F0BCFE2179252002F0D4FD85E72046F7
:10A9400002B0BDE8F047FFF769B800BF302400202F
:10A9500070B5164E012504463030B5710BF0DBFBA7
:10A96000E8B96388DA0615D4B2799AB103F0230303
:10A97000B4F85420134305D020460021BDE87040B0
:10A98000FFF7C2BDFEF732FE0028F5D1FEF738FE14
:10A990000028F1D12046BDE87040FFF73FB82946B6
:10A9A0002046BDE87040FFF745BF00BF30240020BF
:10A9B00070B5124D0026012104462E826E710BF0F7
:10A9C00067FAAB680344AB60B4F848300133C3F3B3
:10A9D0000E03A4F84830FCF72BFD4FF47F7394F876
:10A9E0007610B0FBF3F202FB1300AB68324618445A
:10A9F000A8602046BDE87040FFF798BA30240020D8
:10AA000010B5094CA06A4388092B07D1FFF7D0FF86
:10AA1000A06A0121BDE81040FFF70CBF0121BDE88D
:10AA20001040FFF7E3B800BF302400202DE9F041CB
:10AA3000467D0446B31E06F0FD06DBB2012B8CBF3B
:10AA40004FF000084FF00108371E18BF0127012BF7
:10AA500015D800F1700190F86F0009F00BFD054664
:10AA600063889B0612D4082D0BD166BB04F16901E3
:10AA70003046FBF779FE48B90020BDE8F081082593
:10AA8000EEE72846FBF784FF0028EED1A57784F88F
:10AA90001D8084F86870FBF7BBFF054604F0C6FC18
:10AAA00000220E4B84F87620E5FB0301C4E918016F
:10AAB00011462046FEF7AEFD0028DED140F27A4175
:10AAC0002D20F5F789FE237F002BD5D0D4F8163042
:10AAD000C4F86930638BA4F86D30D7E740420F00AB
:10AAE0002DE9F04F07469DB00C46054610AE0FCF3E
:10AAF0000FC60FCF0FC697E80F0008AF86E80F000C
:10AB000038466E790BF0CCFAA37A617803932378F8
:10AB100001F07F0A0493D146237D013BDBB2022B77
:10AB200000F28E80704AC906134493F8228008D43C
:10AB3000A37D013BDBB2022B00F282801A4492F823
:10AB40002260637E03F0FD03012B04D1B8F1030FF3
:10AB500028BF4FF00308A37E03F0FD03012B02D1B1
:10AB6000042E08BF0326617A38460BF0A0FA237D35
:10AB7000227F3846022B02F101020CBF617D0121C8
:10AB8000D2B204BF0131C9B20BF093FA1AF0080F28
:10AB90006CD138460BF0D4FA63788346DA0654D485
:10ABA000F6F734FC824641465846FEF7DDFA0123AB
:10ABB000014632465046CDF80090FEF7F3FA40F2D7
:10ABC0007122217900F29920E378B0FBF2F043EA98
:10ABD00001236179504343EA01435343984239D8F2
:10ABE0004FF0000B94F818A00793A37CE86C059332
:10ABF0000AF1FF33D3F1000A4AEB030A07F0DFFB47
:10AC00000690E86C07F0EBFB0699079B814238BF82
:10AC1000014688B268B308A90C9306930A910AA961
:10AC2000ADF82C90CDF834B08DF838808DF83960BF
:10AC30000AF0A2FF069BE0B945201DB0BDE8F08FE9
:10AC400040F29A310620F5F7C7FD2822494600F068
:10AC50002BFAB4E7E179A37943EA0123217A43EAA5
:10AC600001435343834228BF0346B9E700239B4671
:10AC7000B8E7CDE9123B059B0DF1400C049A8DF825
:10AC80005430039B8DF845602E468DF850A08DF80A
:10AC900055308DF84020ADF842908DF84480BCE8E6
:10ACA0000F000FC6BCE80F000FC69CE80F0086E837
:10ACB0000F0097E8030028630020A986E37A03F0D9
:10ACC000FD03003B18BF012385F86F30E3682B6755
:10ACD000238AA5F8743095F84630E27D62F30713B5
:10ACE00085F84630A9E700BF327E04002DE9F04325
:10ACF00085B00823052104460DF107028DF80730C1
:10AD0000FEF740FD00287BD0FAF750FA002877D1F3
:10AD10003D4D02AF206AFEF765FB2B68D3F81F009C
:10AD200093F8232002903A71226AD3F80310C2F8F4
:10AD30000310B3F80710A2F807101B78206AC3F3BA
:10AD400080138370314B1B6813B101222146984751
:10AD5000D4F820800E232868082698F80290002155
:10AD60004370067009F0DFFE00224FF003012868EF
:10AD700009F0E0FE2046FEF713FC4946286809F07A
:10AD8000A3FD0623012208F10301286809F0A1FEB2
:10AD90006179FF2002F0A6FB286802F009FE00217D
:10ADA00028680BF0E9FBD4F82080204641460BF0E0
:10ADB00014F93B46014694F9132040460AF053FF2C
:10ADC000216A00239DF80720204684F895300B88DF
:10ADD000A4F89630FF2384F8B3304FF6FF73A4F83D
:10ADE000B4300AF067FF236A1A882E71A4F8CD20C8
:10ADF00093F8963084F8CF30012005B0BDE8F08399
:10AE00002046FEF70BFEF7E730240020AC040020BC
:10AE10002DE9FF41564E0446327902F0FF0312B984
:10AE20000278FF2A04D140F6B9112D20F5F7D4FCA1
:10AE30003382B3607371B37180F889304D4B6846CB
:10AE400004F1300500934C4B01934C4B0293F36A91
:10AE50005B68039302F096FD02F0B2FB02F04EFE37
:10AE600001F040FD464802F017FC464802F084FD20
:10AE700028460BF02FF928460BF031F902F016FCAA
:10AE80002179252002F02EFB94F9130002F0FEFB3D
:10AE900004F15001E06C07F01EFA074604F1580176
:10AEA000E06C07F03FFA8046002F3AD094F8243047
:10AEB000BBB3B4F94850ED43ED0F637F13B963881A
:10AEC0005B0709D56FF00043D4E918129A4208BF16
:10AED000B1F1FF3F2FD1ADBB94F88B301BB947EADE
:10AEE0000807FFB2AFB1638813F0100511D1606C91
:10AEF000C0F30B200BF07CF894F8463084F8450042
:10AF0000C0F3032023F00F03034384F8463084F892
:10AF10008B5030680330FBF7C7FDB07404B0BDE858
:10AF2000F081B8F1000F04D094F82550002DC0D165
:10AF3000C3E74546C1E704F079FAD4E91823904203
:10AF40009941C8D3012229462046FEF763FB50B140
:10AF5000FBF75EFD054604F069FA0B4BE5FB0301C8
:10AF6000C4E91801B8E7002DB6D040F6F6115CE749
:10AF700030240020D19E0000E19A0000BD9A00001C
:10AF8000D6BE898E5555550040420F0037B5044650
:10AF90001C4DFFF73DFF04212078F6F7FDF8062150
:10AFA000A8612078F6F7F8F8AB69E8612BB120B119
:10AFB00040F62D212D20F5F70FFC20460AF005FE66
:10AFC000618811F0100118D000212046FEF70EFE16
:10AFD00094F88A305BB16846FBF7FAFE38B16946EF
:10AFE00004F1360009F0B3FB002384F88A302046D0
:10AFF00003B0BDE83040FEF79DBA2046FFF71AFCCB
:10B00000E6E700BF30240020024B9862DB6A1B6831
:10B01000184700BF3024002043881A0710B50446A3
:10B020000ED5036A3C220F498C3042721B88438143
:10B03000FF2380F827304FF6FF73038509F030FFB8
:10B0400063882046DB0747BF236A3C223C224FF639
:10B05000FF7148BF1988FEF74FFBFF2384F8893042
:10B0600010BD00BF035C0100CF5D0100DD5E01008B
:10B07000499D0000D55D010051A9000025A70000F1
:10B08000FDA60000359700009D990000919D0000ED
:10B090008DAF0000919A000001AA000068B0000086
:10B0A00070B0000088B000000138022808B503D94C
:10B0B000C3212F20F5F790FB13290A4B05D811293E
:10B0C0000CD8102907D0D121F3E71529FBD103EBC8
:10B0D0004003D88801E033F8100008BD03EB4003BB
:10B0E0009889FAE7587E04000D4A0346117891B911
:10B0F00090683BB9B0F86410B0F8482091420AD883
:10B10000FDF7BEBE93891B0707D590F8900008385D
:10B1100018BF01207047002070470120704700BF12
:10B12000602400202D4AF8B50346948990681C439A
:10B13000402B948104D10421BDE8F840FDF726BFDF
:10B14000802B01D10521F7E703F00304032C04D180
:10B1500040F6D6213120F5F73FFB13F0020418BF6B
:10B160001161DD0705D55161C97806290DD00B297C
:10B1700017D02CB11169C97805291DD00B2927D00A
:10B180009B0644BF08231370F8BD90F88F1019294F
:10B19000EFD1002600270121C0E93A6780F893101B
:10B1A000E7E790F88F10132901BF002180F8931072
:10B1B000012180F8D010DCE790F88F101729DFD13B
:10B1C000002400250121C0E93C4580F89410D7E710
:10B1D00090F88F101229D3D10021F6E760240020C7
:10B1E00073B5044640680D46D0F8803013F0300F38
:10B1F0004AD109891A2903D96B89B3F5A47F06D2EC
:10B20000E978204602B0BDE870400AF009B8AA8883
:10B210001A2AF5D9EE88B6F5A47FF1D33C30009612
:10B2200009F0FFFE194B9A89920710D51B69DB784C
:10B23000142B0CD16268D2F8803043F01003C2F8AE
:10B240008030204609F0AFFF002002B070BD636877
:10B2500093F88E201E2AEDD093F82331002BE9D1EC
:10B26000636893F82231002BE4D16268D2F8803011
:10B27000114602F5AD7243F0200331F83C0B42F861
:10B28000DA3CFCF7B5F8DCE70120DEE760240020BB
:10B2900037B5044601A8FBF7E9F920B940F6BB0130
:10B2A0003120F5F799FA5022002101980BF001FCAA
:10B2B000019D0321284609F040FD2B78214623F00B
:10B2C00010032B700198FBF7CDFD2246019905482C
:10B2D000FCF784F9FBF7DEF910B940F6C501DFE7AA
:10B2E00003B030BD642400202B4B2DE9F0419C6855
:10B2F00094F8A27294F8A352002F46D194F8746087
:10B30000002D44D194F8758084F8746084F87580B9
:10B31000FF2384F87630214B1B6813B13146204659
:10B3200098471F4B1B681BB1324641461D48984742
:10B3300094F82C31012B01D03D4303D00021194852
:10B34000FBF758F804F13C06304609F035FE04F2EC
:10B35000511105462046FBF7E5FF20460621FDF783
:10B3600015FE304609F028FE8542044611D204F04D
:10B37000CBF90146601B192838BF192004F063F986
:10B38000B0FA80F04009BDE8F0813E46B8E7A84633
:10B39000BAE70120F7E700BF60240020C4040020C2
:10B3A0000805002064240020164B1B6910B519798C
:10B3B000436893F88E200A2A09D193F811218A4212
:10B3C00005D1002283F88E2083F8CA2010BDD3F85F
:10B3D000802012F0080407D022F00802BDE81040D7
:10B3E000C3F8802009F0F0BEFF2905D1342283F88C
:10B3F000944283F88E20E9E740F25C513120F5F762
:10B40000EBF900BF6024002038B50D79044642688E
:10B410003E2D92F88E306DD8222D06D8A5F10E0261
:10B42000D0B20F2840D9002038BD233D1B2DFAD8BB
:10B4300001A252F825F000BF59B5000027B4000062
:10B4400027B4000079B5000027B4000027B400003D
:10B4500027B4000027B400000BB6000027B400009A
:10B4600027B400008DB5000027B40000CFB5000060
:10B4700027B40000E3B5000027B4000027B40000A3
:10B48000F7B50000B9B5000027B4000027B40000EC
:10B4900027B4000027B400000FB6000027B4000056
:10B4A00027B4000089B500000F2ABCD801A050F8CD
:10B4B00022F000BF0DB5000027B4000027B4000043
:10B4C00027B400000DB5000027B400000DB5000042
:10B4D00027B400001BB500000DB5000027B4000024
:10B4E00027B4000027B4000027B4000027B40000F0
:10B4F0006FB50000F52D54D0FF2D94D1454B9B69BD
:10B50000002B90D0012382F896328CE72246284601
:10B510000121BDE838400AF0BABE222B01D02F2B02
:10B5200081D1204609F036FE636893F88F20232AE4
:10B530003FF479AF93F8E1201A21204622F001026E
:10B5400083F8E120626892F8E13023F0080382F882
:10B55000E130FAF74FFF66E7292B7FF464AF2E4BFB
:10B560001B68002B3FF45FAF204698475BE7332B07
:10B570007FF459AF294BF3E7294B1B68002B3FF4AD
:10B5800052AF204698474EE7264BF6E7352B7FF41F
:10B590004AAF254B1B68002B3FF445AF2E212046B8
:10B5A00008E04C2B7FF43FAF1F4B1B68002B3FF490
:10B5B0003AAF2946984736E7362B7FF434AF1A4A1C
:10B5C0001268002A3FF42FAF194690472BE7372B1C
:10B5D0007FF429AF144B1B68002B3FF424AF3021BC
:10B5E000DDE73B2B7FF41FAF0F4B1B68002B3FF4B5
:10B5F0001AAF3221D3E7412B7FF415AF0A4B1B68FA
:10B60000002B3FF410AF3521C9E7084BB5E7084BD5
:10B61000B3E700BF60240020C0040020D004002055
:10B62000E4040020FC040020F004002004050020B5
:10B63000180500200029034608BF1F21252870B5E2
:10B64000144629D8222858D81D2821D80D2810D8CA
:10B65000002070BDA3F12E000122C0B2824040F252
:10B660009510024228D13B2B52D03E2BF0D1294BD2
:10B6700019E0A0F10E060125F6B2B54040F25126C0
:10B6800035421BD116281ED01D28E1D1224A35E0B3
:10B690002028DDD1214A31E03E280BD82D28D9D8E9
:10B6A0002628D5D11E4B1B68002BD1D02046BDE8E3
:10B6B00070401847F528CBD11A4A1FE00021BDE899
:10B6C00070400AF0E4BD556895F88E30222B08D101
:10B6D0002046FAF78FFE002385F88E3085F8CA30B1
:10B6E000B6E72F2BB4D195F88F30A3F12102062AAB
:10B6F000F1D92F2BEFD02A21EAE70B4A1568002D4C
:10B70000A6D00A46204619462B46BDE87040184789
:10B71000064BC8E7F8040020CC040020D404002025
:10B72000E0040020EC040020BC04002014050020EC
:10B7300002464068097990F88E301E2B18D00FD839
:10B74000042B17D0102B17D090F88F00242817D077
:10B75000303BDBB21C2B15D80B48C05CFFF76ABF2F
:10B76000292B0BD02F2B01D0222BEDD11620F5E762
:10B770001420F3E70E20F1E71220EFE72320EDE796
:10B780001720EBE7FE20E9E7767E04002DE9F7437A
:10B79000984D0646AC68002840F0DD80AB891A075A
:10B7A00057D594F816312A2B16D00CD81C2B13D051
:10B7B000222B18D094F81631FE2B20D140F2DF5105
:10B7C0003120F5F709F83C2BF4D18B4B1B68002B8B
:10B7D000F0D0281D9847EDE7002384F835318748DD
:10B7E00009F0D8FCE6E784F83601854B1B68002B8E
:10B7F000F5D004F59B7104F58E709847EFE7FE23B2
:10B8000084F8163194F88F301B2B07D100277B4822
:10B8100084F8CF7009F0D8FC84F88F7094F88E30DB
:10B82000342B3DD0402B44D0212B0AD194F88F30BB
:10B83000A3F12102062A31D92F2B2FD0222384F8FD
:10B840008E3094F89030082B02BF02232B7784F8B7
:10B850001631AB89DB0754D5D5F80890D5F814809C
:10B8600099F88F30123B0B2B0DD898F80330023B20
:10B87000DBB2092B00F2B98040F2333222FA03F333
:10B88000DF0740F1B2804046FBF7D2FA98F8037028
:10B89000B0B93946594809F0C3FC8BE02F23CEE7F5
:10B8A000012384F89532002384F88E3084F8CA305E
:10B8B000C7E7002384F84531504809F06BFCC0E726
:10B8C000012F01D9162F60D199F88E0009F095FC4F
:10B8D00040B199F88E30212B04D0222B37D12F2361
:10B8E00089F88E303846FCF7CBF8034600285ED145
:10B8F000FF2F58D1AB69002B55D0AB68012283F8DC
:10B900009622AB89580705D594F89020072A04BFE2
:10B9100001222A77990756D5AB68012283F81721AF
:10B920002B69DF780D2F4BD0112F57D0072F57D011
:10B930003846FCF7B7F80346002842D1FF2F51D113
:10B94000AA68342182F8940282F88E103BE0162F08
:10B9500014BF022620262B781B0712D594F88F30AF
:10B96000123B0B2B43D9002501A903200195F6F7C3
:10B97000F9FA019B2BB11D720C2221460198FBF7AD
:10B9800081FC304603B0BDE8F083112F0ED005D8FE
:10B99000072F13D00D2FA5D11A4B08E0142FA1D1DA
:10B9A000194B1B681BB998F8031073E7174B6969AB
:10B9B000124898470028A4D00646CCE7144BF6E777
:10B9C000144B0E489847AB89DA06C4D594F88F30EB
:10B9D0000B2BC0D10C2384F88F30BCE70E4BF0E763
:10B9E0000E4BEEE740F2D251EAE60826B3E7082014
:10B9F000C8E700BF602400200C050020642400205C
:10BA0000DC04002031B70000B80400202B630100E3
:10BA100009B40000FD6101001B620100A9B3000030
:10BA2000024B002098611862704700BF602400201C
:10BA300008B50022044B9A611A62FBF743FDBDE88A
:10BA40000840FCF701B900BF60240020024B986950
:10BA5000003818BF01207047602400202DE9F04F06
:10BA6000DFF808820F4689B08146B8F80C10D8F884
:10BA700008408E0504F1800A54BFB4F8C0200023AA
:10BA8000504653BF0132A4F8C03084F8D731A4F82F
:10BA9000C0200AF0DAFB30B10B4604F5A47221464F
:10BAA0005046FCF757FAB8F80C3003F4C0633BB1CA
:10BAB00094F89230002B00F0AF80032B00F0B3809D
:10BAC00094F89220B8F80C30012A04D11D0544BF27
:10BAD000022284F89220B9F1000F40F067815806E5
:10BAE00057BFB4F8F0214A46013292B2A4F8F021CF
:10BAF00003F00A020A2A10D1D8F81020D278022ABC
:10BB00000BD123F008033846A8F80C30FFF73EFEAF
:10BB100038430823C7B2A8F80C303846FFF736FE82
:10BB2000D8F818303843C7B2002B5BD0142200215C
:10BB300003A80AF0BEFF94F8750002F089F90546E3
:10BB400094F8750002F07CF905F5FA754FF47A72F5
:10BB5000238841F27071ADF80C30B4F88830B5FB31
:10BB6000F2F5ADF810300544E369ADF81250A3F5D5
:10BB70007A70884295BFB3FBF2F340F2E24203F5DC
:10BB80005063B3FBF2F39BB2ADF80E3094F89632EB
:10BB900033B1D8F81430DA1C06925B788DF81C307B
:10BBA0009DF8143003A894F8952262F300038DF8F1
:10BBB0001430D8F8183098470023069A84F8963243
:10BBC00084F8953272B194F894325BB994F88E305F
:10BBD000342B07D09DF81C3023B11178FF2927D1D1
:10BBE0001B2B2CD9D8F8086096F81631FE2B4DD1B6
:10BBF000002F4BD196F89030073B012B46D996F891
:10BC0000203123B396F8213101220221A6F8C47015
:10BC100086F818313046DAE1012184F89210204686
:10BC2000FDF7B4F94CE70223012184F89230F6E7DE
:10BC30000729D7D1022BD5D15178FF29D2D10121A3
:10BC4000C4F8982284F8973284F89412CAE796F8D8
:10BC50008F50113DEDB20C2D40F27681D6F8803038
:10BC6000D90705D53A460921D4E700BF6024002052
:10BC70009A0740F1FA803A460C2130460AF0A5FABC
:10BC800096F8D13043F0010386F8D130B4F8D031C2
:10BC900094F8D4510133A4F8D031002D00F04A8338
:10BCA000F6F752F910B10023A4F8D03120880AF039
:10BCB000FFFB94F892300646B4F832B0012B40F204
:10BCC000798394F89030082B40F04C83B4F8C0305E
:10BCD000022B40F26F83B4F8C2500135ADB2B4F814
:10BCE0008830DFF884A22B44A4F8C831DAF8003099
:10BCF000002B00F06383BBF1010F40F25F83F6F786
:10BD000017F9DAF800300246B4F888102046984750
:10BD100000F1010A1FFA8AFA94F8D531002B39D1C3
:10BD2000012D37D994F88F300BB10C2B32D194F808
:10BD30008E307BBB94F8903063BB94F89230022B2A
:10BD400028D194F8D7312BBB606906F0E8F808B326
:10BD500094F81631FE2B1DD1B4F8CA31012B19D934
:10BD6000B4F8D021A38C9A4214D20EB1F18989B9CA
:10BD7000013D9B1AADB29BB2B5FBFBF59D4228BFBE
:10BD80001D4605FB0BAB003D1FFA8BFA18BF0125C2
:10BD900084F8D251754B1B681BB151462046984719
:10BDA0008246B4F888309A44A4F8CCA1B8F80C3094
:10BDB000D8F808505E0657BFB5F8DC310023B5F857
:10BDC000CE219B1858BF9BB2A5F8DC3195F82031E5
:10BDD00023B995F89030073B012B06D8B5F8C4304D
:10BDE000B5F8CE211344A5F8C43095F8CA1031B186
:10BDF000B5F8C630B5F8CE211344A5F8C63095F98C
:10BE0000CE20002AC1BFB5F8CC30B5F8CE011B1842
:10BE1000A5F8CC3095F8B1306BB9B9F1000F40F00E
:10BE2000168398F81C30022B40F0CB8295F818311D
:10BE3000062B18BF162395F8B02022B94C4885F878
:10BE4000B130FBF79BFE28460AF0B3FA494B1B685A
:10BE50001BB1494A204611689847002384F8D33122
:10BE600009B0BDE8F04FFAF73FBC580702D53A4693
:10BE70001321CFE6190706D596F810313A4686F811
:10BE800018310721C6E61A0602D500221B21C1E699
:10BE900013F0300138D096F82331002B6ED196F88C
:10BEA0002231DBB196F88F3006F5917106F2A222AD
:10BEB000262B27D096F88E30A3F12600434243412B
:10BEC000304609F082F8D6F8803023F0200343F0A2
:10BED0001003C6F88030002386F82231D6F880306F
:10BEE000DA064BD506F251113046FBF71BFAB6F8CD
:10BEF0005E3000221521A6F81831B6F86230A6F897
:10BF00001A3187E60123DBE713F0400202D00A462C
:10BF100024217FE613F4807101D01E217AE613F408
:10BF2000007202D00A462F2174E613F4005101D0AA
:10BF3000F4216FE613F4806202D00A46312169E6EB
:10BF4000DB041BD52C2165E6D8F808B09BF88F30B0
:10BF5000123B0B2B1FD8DFE803F0371E1E1E3D4699
:10BF60001E1E1E1E1E6F00BFE8040020F4040020E9
:10BF700064240020D804002078000020D8F80800AD
:10BF800090F88F303A2B6DD015D82B2B70D0322BE8
:10BF900055D0232B56D096F88E30002B6ED196F8C4
:10BFA0008F30113B0C2B71D996F8BE30002B6DD021
:10BFB000012212212EE6422B57D04B2B5BD03D2B7A
:10BFC000E9D10022332102E000220B2158460AF079
:10BFD000FCF85BE65846FBF745FE00283FF456AEFA
:10BFE00000220421F2E79BF89032012B08D10022B5
:10BFF000052158460AF0E9F800238BF8903245E60F
:10C000009BF89032022BD9B27FF440AE9BF8D0500F
:10C0100025B1062300228BF81831EAE70321062216
:10C02000AA4809F0E4F89BF8E0302A4613F0040F20
:10C030000CBF0D211121DCE700220621C6E70022FA
:10C040001121C4E790F82C31022B02D100221721D4
:10C05000BDE790F82C31012B9DD190F82D31002BAC
:10C06000F4D098E700222D21B1E700223A21AEE773
:10C0700000222021ABE700223C21A8E70A2B05D1B2
:10C0800096F81131012286F81831FAE60C2D7FF668
:10C09000FDADD8F8085095F88EB0BBF1000F40F018
:10C0A000BE8095F833313BB101220E2128460AF0BB
:10C0B0008CF885F833B1A2E795F8323193B195F851
:10C0C000D1B01BF003030DD14BF0010B01220C2169
:10C0D000284601930AF079F885F8D1B0019B85F8DC
:10C0E00032318CE795F834317BB195F8E730DB09D4
:10C0F00003D001222B21284669E7754B1B68002BD2
:10C1000000F08D807148984789E095F8223133B36B
:10C1100095F823311BBB95F88F3005F5917105F229
:10C12000A222262B19D095F88E30A3F12600434287
:10C130004341284608F049FF002385F822310122B7
:10C14000142128460AF041F8B5F85E30A5F81831F8
:10C15000B5F86230A5F81A3198E50123E9E795F8BA
:10C160002C31012B71D195F82D31002B6DD195F823
:10C170008F20A2F12103062B67D92F2A65D095F8CD
:10C1800074104B1EDBB2032B09D8DFF848C163449F
:10C19000587F95F87530013BDBB2032B04D94FF47F
:10C1A00061710620F4F718FB022895F82EE113D0F0
:10C1B000032814D0012805D1BEF1010F14BF0020BF
:10C1C000012078B9A2F14403012B28D90B3A042AA3
:10C1D00025D9012216218EE7BEF1020FEEE7BEF14E
:10C1E000040FEFD16344587F95F82F31022823D0F4
:10C1F000032823D00128E5D1012B14BF00230123FC
:10C20000002BDFD0B5F8883005F52872B5F830017D
:10C2100008F07DF80146A0B92C48FAF7EBF896F83B
:10C220008E30002B7FF432AD96F89432002B3FF421
:10C230002DAD0122FF21EDE4022BDEE7042BE1D03E
:10C24000C0E7282385F88E3020E595F8363113B104
:10C25000012222214FE795F8353143B11E4B1B686F
:10C260001A489847FE280146D9D0012243E795F89D
:10C270003E3113B101221D213DE795F83F313BB11D
:10C28000F8F7B0FE012208B1F52134E72E2132E79C
:10C2900095F8413113B1012236212CE795F842314E
:10C2A00013B10122302126E795F8453113B101225F
:10C2B000382120E795F8433113B1012232211AE7E2
:10C2C00095F8443153B10122352114E7642400204C
:10C2D00004050020767E0400B404002095F8463161
:10C2E00013B10122262106E795F89C3213B10122F1
:10C2F0003E2100E795F84731BBB1DFF860B112216C
:10C30000DBF808301888F4F747FF03699B0707D567
:10C31000534B0BF104001B68984701223B21EAE6CE
:10C32000504B0BF104001B68EDE64F4B1B68002BD4
:10C3300096D174E7F5F7F6FD08B1A4F8D051F5F7FA
:10C340000BFE00283FF4B2AC94F8D7310133DBB2D6
:10C35000022B84F8D73182BF0023A4F8D03184F8AF
:10C36000D731A3E494F8BE301BB194F88E30102B73
:10C3700020D1B4F8C2505046B4F8C0304FEA8B0117
:10C380000135ED1AA5EB8B0509F05FFFA0B1D4F8DC
:10C39000B830D4F8B42001339B1A5B1A9D42A8BF71
:10C3A0001D4626B1F389043B9D42B8BF1D46012DB1
:10C3B0003FF794AC012592E42B46EFE74FF0010ADA
:10C3C000AAE4012B09D195F89130002B7FF433AD0D
:10C3D00000212846FCF7DAFD38E55FB1F80634D4D1
:10C3E000390734D4BA0634D4BB0734D140F65721C8
:10C3F0003120D7E639B1B5F8C610B5F8C830994242
:10C4000001D3222317E5002A05DDB5F8CC20B5F8C5
:10C41000C8309A42F5D2B5F8C420B5F8C2309A4275
:10C420000AD295F89220B5F8C03052B1B5F8C220C2
:10C430009A42CDD80823FEE495F82031002BE0D1B4
:10C44000EFE7052BC4D93E23F5E41E23F3E43D2397
:10C45000F1E42323EFE42A23EDE400BF602400206D
:10C460001005002018050020C8040020F7B5664D0F
:10C47000002601270446A8602F71AE812E702E770A
:10C48000FF2380F8D3310088FAF7EAF82088FAF71A
:10C4900013F9B4F8CA31E3B194F81631FE2B18D170
:10C4A00094F82031ABB194F89030073BBB4210D9DF
:10C4B00094F8213120463A460221A4F8C46084F859
:10C4C000183109F082FE022084F8D261FEF7E0FE06
:10C4D00003E094F81601FE28F8D1B4F8CE1104F167
:10C4E0008007638E0139B4F8D021384689B2B1FB98
:10C4F000F3F31344A4F8D031B4F8C0300B44A4F8DB
:10C50000C03009F0A2FE20B1D4F8B4300B44C4F816
:10C51000B430B4F8CA310026012B9CBF0133A4F813
:10C52000CA3109B184F8D76194F88F3084F8D261A8
:10C53000A3F10B02012A1DD8B4F88830B4F8A02268
:10C540009B1A19042FD404F2A22104F1960008F0DA
:10C55000FEF884F88F60FF2384F8CB30B4F8CE2146
:10C560002146384608F03AF998B34FF41E6131205D
:10C57000F4F732F9262B16D1B4F8A022B4F888309B
:10C580009B1A1A040FD484F88F60FEF7ADFE0146A3
:10C5900030B984F82C0103B0BDE8F040FFF75EBA73
:10C5A00084F82C61DAE794F88E30262B01D0282B02
:10C5B000D4D1B4F88830B4F8A0229B1A1B04CDD48F
:10C5C000002384F88E30FEF78FFE01460028C5D187
:10C5D000E1E70E4B0E4900930E4A0F4B03C9F5F7E6
:10C5E00033FB296A19B195F8240001F063FA94F835
:10C5F0008F30123B0B2B04D803B0BDE8F040F5F7A9
:10C600001BBB03B0F0BD00BF602400205DBA00007A
:10C610006424002025B10000E9B00000D0F8A83261
:10C62000C269934273B5044612D1D0F8AC62426A33
:10C63000B61A18BF012694F8B422002A42D02088E6
:10C6400009F036FF30B940F686413120F4F7C4F8DE
:10C650000126F0E7B4F8B022638E9A421CD1B4F8F8
:10C66000B23282899B1A18BF012394F88E50442D50
:10C6700016D094F88F20442A10D00025022120469D
:10C6800007F024FF002D44D0002384F88E300323CC
:10C6900084F8923002B070BD0123E6E73343ECD05A
:10C6A0001D4B1B6813B940F69141CEE7A5F144023A
:10C6B0000021684601945542554101228DF8002021
:10C6C0009847DBE7002ED8D02288A3F57A7104F5CD
:10C6D000CE70A4F8A62141F2707291420F4995BF25
:10C6E0004FF47A7240F2E242B3FBF2F3B3FBF2F39F
:10C6F00098BF03F550639BB2A4F8A831B4F8AC32EC
:10C70000A4F8AA31B4F8AE32A4F8AC3108F0D1FBE9
:10C71000B3E784F88F50BAE700050020AD5301005D
:10C7200008B5FAF72FFF024B024A1A6008BD00BF96
:10C73000B8040020E1B10000F7B501231F4E002727
:10C740003370CDE900776846F4F760FD0546E8B13F
:10C750000023337003B0F0BD90F8F10102F03EFF0A
:10C7600094F8F10102F0E4FF94F8F10184F8F0513B
:10C7700002F074FE10B940F2C1111BE0202304F551
:10C78000E47084F8F131FBF749FDDAE7009B002BF8
:10C79000D9D093F8F021002AD5D018884FF6FF732E
:10C7A0009842D5D02946F4F7F7FC04460028D3D1A7
:10C7B0004FF4E9713520F4F70FF800BF882400200A
:10C7C000024B0022C3E90022FFF7B6BF88240020F5
:10C7D000014B5870704700BF88240020014B18732C
:10C7E000704700BFF0240020014B1870704700BF55
:10C7F00062250020064B1B68D3F8000138B1D3F83E
:10C80000040120B1D3F80801B0FA80F04009704764
:10C810009C280020034B00221A705A7010229A7034
:10C82000704700BF64250020F8B506460220144674
:10C830000D4600F09FFA114B114A0127191D5C604B
:10C840009A6002F1807203342D011F70DC601D8339
:10C85000C3E904260022243303F80A2C0D2203F82E
:10C86000092C084A1268C2F830150749C2F8087541
:10C87000C2F8383503C983E80300F8BD64250020F9
:10C880000300000B9C280020447F040008B5022010
:10C8900000F070FA0D4B01221A7000220C4B1B683D
:10C8A000C3F80021C3F80421C3F80821094AC3F8DA
:10C8B0008020094BC3F88C20084B1B68C3F88C21DF
:10C8C0000822074BC3F8042508BD00BF64250020DB
:10C8D0009C2800200300008000300850A828002079
:10C8E00000200450154A08B51378FBB1144B1968A1
:10C8F0000023C1F880301349C1F88C30124909680F
:10C90000C1F88C310821114BC3F80815FFF772FFED
:10C9100088B101235370938EFF2B03D9BA213B209A
:10C92000F3F75AFFDBB29370002313700020BDE8C9
:10C93000084000F01FBA10235070F4E7642500206F
:10C940009C28002000300850A82800200020045017
:10C9500008B5022000F00EFA0121064B00221970E2
:10C96000054B1B68C3F80021C3F80421C3F8082154
:10C97000196008BD642500209C2800200A4B1A7805
:10C980006AB10A4B1B68D3F8002152B1D3F80401F5
:10C9900040B1D3F80801B0FA80F0400970475878E8
:10C9A00070470220704700BF642500209C280020AB
:10C9B000064A08B513782BB1FFF71CFF20B192F897
:10C9C000340008BD9078FCE71020FAE764250020C9
:10C9D0000A4B02211A680023C2F88030084AC2F8C4
:10C9E0008430084A1268C2F88431074AC2F8081530
:10C9F00002F58022C2F80835704700BFA028002049
:10CA000000300850A828002000200450024B0022CB
:10CA10001A809A70704700BF9C2500202DE9F843CA
:10CA2000064601200C46914698469DF8207000F07D
:10CA3000A1F906F00301294B29481D6841EA084382
:10CA400080F8048043F08073C5F80435FFF7C0FF19
:10CA5000E368A0F8069093FA83FCA36819BA6368A8
:10CA60001ABA2368C5F810C51BBAC5F81415C5F85D
:10CA70001825C5F81C35E369A16993FA83FC09BA46
:10CA8000D4E9042E94F82040130AC5F820C5003CD0
:10CA90004FEA026243EA0E63C5F8241518BF012469
:10CAA00012BA23F00043022F43EAC4731BBAC5F83D
:10CAB0002835C5F82C250CD80A4B022EC670DB5D34
:10CAC000C5F848354FF00103437000D80370BDE846
:10CAD000F88340F2E5113C20F3F77EFEA028002009
:10CAE0009C2500204C7F0400304B5A782DE9F047FC
:10CAF00004460D4622B94FF407713C20F3F76CFE53
:10CB00002B4A03F10C0E4F7803F1140603F13C0C91
:10CB1000DFF8A0904FF00E081F811F8503F14C0A2B
:10CB20000437DD61C3F8209083F82B80A3F8607090
:10CB300092E80300C3E915498EE80300D2E9020137
:10CB400086E80300E91C0026596283F82A60D2E9CE
:10CB50000401C3E90B668CE80300611C59641649A3
:10CB60009964D2E90601E21C8AE80300DA65012132
:10CB700083F8626083F86380D8789970C3E9196696
:10CB8000AA78A2700D4A1268C2F830E5C2F838C51A
:10CB900040B91B780BB9E321AFE7C2F8040111607B
:10CBA000BDE8F0871970C2F80461F8E79C25002001
:10CBB000507F04000100000D0100000CA02800209F
:10CBC000334B5A782DE9F04104460D4622B94FF413
:10CBD00012713C20F3F700FE2E4A03F13C0C03F1E6
:10CBE0004C0603F10C07DFF8B080DFF8B0E0C3F8C3
:10CBF00048805D65C3F858E092E80300C3E9094E38
:10CC00008CE80300691C5964D2E9080186E8030036
:10CC1000E91C0026D96522499E6683F83260C3E983
:10CC20001816D2E9040187E80300611CC3E905185E
:10CC3000D2E90601E21C03F11C08DA62DA881A86DE
:10CC40000E2288E8030083F833200121C3E90D6632
:10CC5000AA789970A270134A1B781268C2F830C57E
:10CC6000C2F8387513B940F20F11B2E70E4BC2F893
:10CC70000461C2F880300D4AC2F884300C4A126850
:10CC8000C2F8843102220B4BC3F80425BDE8F081C1
:10CC90009C250020507F04000100000C0100000DC5
:10CCA000E803000EA028002001000080003008509A
:10CCB000A828002000200450054808B503781BB1BF
:10CCC000FFF786FE0023037000234370837008BDC6
:10CCD0009C25002008B5084B1B68D3F8042122B915
:10CCE0004FF422713C20F3F777FDD3F800040038AD
:10CCF00018BF012008BD00BFA0280020024B012260
:10CD00001B685A60704700BFA028002038B50A4D44
:10CD100000242B68D3F80025032A04BF01225A609F
:10CD2000064A1268C2F80045C3F80045FFF7C4FF81
:10CD30002B68C3F8804038BD9C280020A028002024
:10CD40000A4BB3F90030002B0DDB5A09012103F027
:10CD50001F03994002F12003054A42F82310BFF354
:10CD60004F8FBFF36F8FFFF7D1BF00BFB4280020F4
:10CD700000E100E010B50446FFF7C8FF012C06D023
:10CD8000022C0AD044B18C213D20F3F725FD084B3D
:10CD900002221B68C3F8002510BD064B03221B6846
:10CDA000C3F8002502F10042C3F88020F4E700BF79
:10CDB000A02800209C280020024BD3F8A00300F0FC
:10CDC0000100704700C0FF00084BD3F8A423D3F83C
:10CDD000A833511C9BB203D14FF6FF718B4203D095
:10CDE00002608380012070470020704700C0FF0070
:10CDF0000B4B30B5D3F89053D3F89443D3F8981332
:10CE0000D3F89C2305EA04030B401340013317BFFA
:10CE100005600020446081601CBFC260012030BDFD
:10CE200000C0FF000B4B30B5D3F88053D3F88443D8
:10CE3000D3F88813D3F88C2305EA04030B4013407E
:10CE4000013317BF05600020446081601CBFC260D1
:10CE5000012030BD00C0FF00074B0022C3F80022B4
:10CE6000C3F81822C3F82022C3F80C22C3F81422F6
:10CE7000C3F81C22704700BF00A0085010B50D4C2D
:10CE800001F03F01D4F8203E41F40C3123F470232B
:10CE900041F4207143EA0243074AC4F8203E536A32
:10CEA00023F0030318435062C4F8000DC4F8101DAA
:10CEB00010BD00BF00A0085010260020064B10B582
:10CEC0000024C3F87043224621462046FFF7D6FFD0
:10CED000024B83F85C4010BD00A0085010260020D3
:10CEE000024B00221A809A701A7170471026002097
:10CEF000EFF3108272B60D4B93F85D1021B19B7861
:10CF0000012B04D0022B0ED002B962B6704710F08C
:10CF1000040FF9D1064B0021C3F8401503F5A043D7
:10CF200001211961F0E710F0020FF2E7102600204E
:10CF30000050085008B5114B83F828000138104BF9
:10CF4000072815D8DFE800F004080A0C140E1012A8
:10CF50000322C3F8002508BD0422FAE70622F8E7F9
:10CF60000522F6E70022F4E70122F2E70F22F0E7BC
:10CF700040F6DC613E20F3F72FFC00BF10260020B6
:10CF800000A00850002814BF0223042307B58DF821
:10CF9000043000238DF8063002F0B6FB01284FF074
:10CFA000FF3088BF00208DF8050001A804F0F2F9D9
:10CFB00020B140F682413E20F3F70EFC04F002FA65
:10CFC00058B15723ADF80230BDF802309BB25A1E5B
:10CFD00092B2ADF80220002BF6D1034B012283F868
:10CFE0005D2003B05DF804FB1026002038B5144D19
:10CFF0000346084695F83D2022B940F6B2113E207E
:10D00000F3F7EAFB6BB9012AAC6B95F83C1005D13C
:10D0100000F0B4FF20442B6BC01A38BD09F0B2FAFF
:10D02000F8E7012B0AD1012AAC6B95F83C1002D12C
:10D0300000F096FFEEE709F0B0FAEBE70020EAE730
:10D040001026002008B5144B93F84A30D90720D594
:10D050009A070ED5114BD3F8002442F00102C3F811
:10D060000024D3F8200500F0F600023818BF012094
:10D0700008BD5B070DD5094B094AC3F80821A3F584
:10D08000A043D3F8403123B140F28A713E20F3F738
:10D09000A3FB0120ECE700BF1026002000A00850F1
:10D0A0000B00008007B50B4A01AB92F9292000F074
:10D0B000B5FF9DF8050001F039F820B140F2557137
:10D0C0003E20F3F789FB9DF9040000F0E5FE03B074
:10D0D0005DF804FB1026002008B5134BDB8D952B63
:10D0E00021D970B9114B28311846D960104901F087
:10D0F00005F80130012816D940F66D013E20F3F7FE
:10D100006BFB01280CD1094B29311846D96008491D
:10D1100000F0FAFF0130012805D940F67701EDE76C
:10D1200040F67B01EAE708BD1026002088000020B9
:10D13000787F040008B50E4BDA8D952A16D99B78B6
:10D14000012B09D100F0E6FF013001280ED940F68D
:10D1500004213E20F3F740FB022B07D100F0E0FF53
:10D160000130012802D940F60A21F2E708BD00BFCC
:10D17000102600200A4B40F409000A4A9B8D40F01B
:10D180004000B3F5166F36BFA3F63813A3F5166348
:10D1900043F48073C2F80837C2F84005704700BFF7
:10D1A0001026002000A0085010B50C46FFF7C2FE64
:10D1B0002046FFF7DFFF0D4BD3F8002442F01002AA
:10D1C000C3F800240A4A92F82820082A0BBF4FF41B
:10D1D000817240F20312C3F8442EC3F8442E14BFE8
:10D1E00040F25B62034AC3F8482E10BD00A008500D
:10D1F000102600202110010007B50DF1070004F0F2
:10D20000D5F820B140F6C5413E20F3F7E5FA0D4AC6
:10D210009DF807309278012A04D0022A0ED003B07C
:10D220005DF804FB13F0040FF9D1074B0022C3F89B
:10D23000402503F5A04301221A61F0E713F0020F25
:10D24000F2E700BF102600200050085038B50C4609
:10D250000546FFF76FFE20462146FFF78BFF284665
:10D26000FFF720FF0A4B93F82830082B094B0BBF20
:10D270004FF4817240F20312C3F8442EC3F8442ED7
:10D2800014BF40F25B62044AC3F8482E38BD00BFA9
:10D290001026002000A0085021100100F8B5074614
:10D2A0000C4616463C4DFFF76DFE002F3ED1012384
:10D2B000AB702B78012B22D1384B4FF47A7233F8B4
:10D2C000163003F5FA73B3FBF2F3E41A2B6B344E0A
:10D2D0001C44344BC6F84045C6F8C0312B78002BAF
:10D2E00046D195F84A3043F0020385F84A30FFF7FB
:10D2F000A9FE0546002842D100252846F8BD95F82C
:10D300002A103046FFF7A2FF274B4FF47A7253F8EA
:10D31000263003F5FA73B3FBF2F3E41A2B78002BF3
:10D32000D4D1224B1F4AC3F80021CFE7012F1AD1D5
:10D330000223AB702B78012B07D11C4AD2F80034A2
:10D3400043F01003C2F80034C0E795F82A103046C5
:10D35000FFF72AFF2B78293C002BB7D1134B114A3A
:10D36000C3F80421B2E74FF413613E20F3F734FA17
:10D37000012BBCD195F84A3043F00403B5E70123F3
:10D38000F364D6F84C35A342B6DA21463846FFF7A7
:10D39000A3FEFFF731FFB0E7102600204480040011
:10D3A000005008500B0000802080040000A00850AE
:10D3B00008B560220021034809F07BFBBDE8084066
:10D3C000FFF78EBD10260020014BD885704700BFA7
:10D3D00010260020024B0344187D00F516607047AC
:10D3E000787F0400014B93F83C0070471026002022
:10D3F0000B4B0C4A93F83C10D3E90D3002EB810241
:10D40000C01AD36B126D1844074B53F8213003F246
:10D41000E7339B1A4FF47A72B3FBF2F31844704768
:10D4200010260020787F04000C800400024B986BCB
:10D430001B6BC01A704700BF102600200A4B93F8E0
:10D440003C20D3E90C30C01A084B03EB8203DB6BA2
:10D45000C01A074B53F822304FF47A7203F2F313D9
:10D46000B3FBF2F3C01A704710260020787F040047
:10D470000C80040007B502F075F9074B9A6D009215
:10D48000D3E9142302F0D9F90146FFF7D7FF401A78
:10D4900003B05DF804FB00BF1026002008B50F4B59
:10D4A00093F83C104A1ED2B2032A04D940F2C62196
:10D4B0003E20F3F791F9D3E90C30C01A084B03EB87
:10D4C000810103EB42034FF47A72C96BB3F8643005
:10D4D000401AB3FBF2F3184408BD00BF1026002029
:10D4E000787F0400FF2810B504D940F2E5213E20E2
:10D4F000F3F772F91F4B0139A3F8480007292AD81E
:10D50000DFE801F02C310404292C2C220024032212
:10D5100001214FF0C743234340EA024043EA01534D
:10D5200040F0007043EA0123134943F00803C1F8B7
:10D53000203EC1F8280ED1F8203503F0F703032B65
:10D5400017D14FF45671D2E700224FF080644FF0AC
:10D5500000731146DFE740F24131C8E7002403229F
:10D5600001212346D7E70024032201214FF08073D5
:10D57000D1E710BD1026002000A0085008B50A46CB
:10D5800003460C490C48C1F870031878032804D0EE
:10D5900040F2AD313E20F3F71FF9012A59780CBF54
:10D5A00008220022FFF76AFC044B012283F85C206A
:10D5B00008BD00BF00A00850060000801026002013
:10D5C0002DE9F041284F4FF48068C7F89080BFF3F1
:10D5D0004F8FBFF36F8F254D0121254C0026C5F8D5
:10D5E000A410FFF739FC0323C5F8401E84F8281067
:10D5F000C5F800354FF40023C5F800341D4B187CE6
:10D6000000F0A6FD03F016FE1B4B1C4AC5F838338C
:10D610001B4BC3F8C820013AC3F8C42040F6FE7281
:10D62000184BC5F81433184BC3F80425A687A66316
:10D6300084F84A6002F0F7F896232063E385D5F872
:10D64000003D84F85C6063624FF48073C7F890819A
:10D65000C5F88834236EC7F8108003B19847BDE839
:10D66000F04100F03FBD00BF00E100E000A0085025
:10D6700010260020880000200300008006000080A3
:10D68000005008500100008000200850014B83F832
:10D690002900704710260020020E034B0002C3F839
:10D6A000342EC3F82C0E704700A00850044B054AD6
:10D6B000034482F82A001B7D03F5166393857047A7
:10D6C000787F04001026002010B504460068FFF79C
:10D6D000E3FF094B6268C3F84C2E207AFFF7E6FFA0
:10D6E000617A6089FFF7FEFE607AFFF723FC227BF8
:10D6F000024B83F8292010BD00A0085010260020FE
:10D70000F8B52C4C06460F4694F84A30DB0704D493
:10D7100040F6BE013E20F3F75FF8274DFFF732FCDD
:10D72000D5F8003443F00103C5F8003494F84A30CA
:10D7300043F0020384F84A3036BB012394F82A10E0
:10D740003846A370FFF782FDA378012B02D040F684
:10D75000CA01DFE7194AD3642B60184B3046D3F86F
:10D760004C552946FFF7B8FCFFF746FD236BED1A31
:10D77000EEB9134B4FF47A7253F8273003F5FA736E
:10D78000B3FBF2F35819F8BD012EE6D1022394F849
:10D790002A103846A370FFF707FDA378022B02D0AA
:10D7A00040F6D201B6E7054BDE646E60D5E705F1C1
:10D7B0002900E8E71026002000A00850005008507B
:10D7C0002080040008B5FFF769FD58B9064B012217
:10D7D000C3F8400503F5A04302201A61BDE80840E4
:10D7E000F9F770BD08BD00BF0050085073B5294B54
:10D7F0004FF48061284A4FF0FF30D3F88844C3F8D3
:10D800009004C2F890114FF40022244904F480746B
:10D81000C3F800240022224E86F84A20C1F8402591
:10D82000C3F80821C3F80021C3F80421D3F8201558
:10D83000C9B2D1B18DF80700C3F8202201221A61C4
:10D840009DF8072012B1D3F820223AB19DF8073095
:10D850005BB940F6F2113E20F2F7BEFF9DF80720BB
:10D86000013AD2B28DF80720EAE7FFF763FC094DD1
:10D870000023C5F82032FFF733FB96F85C300BB17C
:10D88000FFF71CFB1CB14FF48073C5F8883402B05D
:10D8900070BD00BF00A0085000E100E0005008503B
:10D8A00010260020F8B500222E4B2F4EC3F8482535
:10D8B000C3F84425C3F84025C3F84C25FFF796FF6D
:10D8C00000F016FC96F85D304BB103F069FD20B115
:10D8D00040F2FA513E20F2F77FFF86F85D0000200B
:10D8E00003F06AFD044610B140F2FD51F2E71D4D10
:10D8F0001E4FC5F8C401C7F80801C7F80001C7F8F2
:10D900000401C5F8C800C5F8C40003F0ABFC184B0F
:10D9100040F6FE72C7F83843C7F81443C5F8C04153
:10D92000C3F808254FF48062124B3477C6E90D44E2
:10D93000C5F84845C5F84445C5F84045C5F84C45C7
:10D94000C5F84841C5F84441C5F84041C5F84C41C7
:10D95000C3F89020BFF34F8FBFF36F8FC3F89021B0
:10D96000F8BD00BF005008501026002000A008504D
:10D970000020085000E100E0014BC3F84C0E704756
:10D9800000A0085038B50446074803F015FD20B143
:10D9900040F65A213E20F2F71FFF044D94E80F0095
:10D9A00085E80F0038BD00BFF1CE000074260020CE
:10D9B00008B50B4BC3F8D00E0A4B93F84A205864B5
:10D9C00042F0010283F84A20FFF73CFB30B9FFF731
:10D9D0000DFF0320BDE80840F9F774BC08BD00BF87
:10D9E00000A0085010260020094B10B5C3F8D00E37
:10D9F000084B93F84A20586442F0010283F84A2009
:10DA0000FFF720FB044608B9FFF7F0FE204610BDE3
:10DA100000A008501026002008B5124B1A6B1044C5
:10DA20009A6B824204D340F6A8213E20F2F7D4FE3E
:10DA3000012218621A770C4B5A64D3F84415053149
:10DA4000814206D303F5A043D3F80C1201B91A6141
:10DA500008BD0022C3F84421044AC3F84405C3F8B2
:10DA6000C421F5E71026002000500850090000806E
:10DA700038B50E4C0222034694F83D502277012D12
:10DA800094F83C1094F82820E08D0BD100F082FA35
:10DA9000074A00232062C2F84431A36B0344C2F852
:10DAA000443538BD00F090FAF2E700BF10260020A0
:10DAB0000050085040F00043074AC2F80C320B6097
:10DAC0000123064A03FA00F0054BC3F80405136C62
:10DAD00003431364704700BF00A0085010260020C5
:10DAE00000200850044BC3F8940ED3F8002442F0F1
:10DAF0004002C3F80024704700A00850054BD3F83B
:10DB0000002422F04002C3F800240022C3F8942E1F
:10DB1000704700BF00A00850044BD3F8183703F03B
:10DB20007F035B4203700120704700BF00A00850D4
:10DB3000184B10B5DC8DD9704C2C8CBF0022012203
:10DB40001A70021E14BF022001204C2C587011D8EC
:10DB500093F82800884204D040F6D4313E20F2F7F2
:10DB60003BFE012A0C4906D1D1F8003443F00803EA
:10DB7000C1F8003410BDD1F8004444F00404C1F8E9
:10DB80000044002AF6D193F82A10BDE81040FFF7B0
:10DB900089BA00BF1026002000A00850054B0022C3
:10DBA000C3F84025044AD2F82035DBB20BB101237B
:10DBB000136170470050085000A00850044B30B566
:10DBC000D3E914459B6DC0E900450B6030BD00BF33
:10DBD000102600202DE9F84F944C0123944DB4F801
:10DBE00048B0EB64236BD5F84C75FF1A01F01EFCAE
:10DBF000A765C4E91401FFF79DFA8E4A0023C2F815
:10DC00000831C2F80031C2F80431D2F8001421F012
:10DC10001D01C2F8001484F84A30237F23B1D5F8DF
:10DC20004431003B18BF0123A17801290AD1D2F861
:10DC30001852002D3BD17F4BD3F82032ABB145F0C9
:10DC4000100512E0022930D17A4AD2F81852D2F8DF
:10DC50000C2E003D18BF0125D6074FEA450558BFD9
:10DC600045F00405EBB145F00105FFF7F5F8E806CE
:10DC7000A27803D5012A08BF45F020056C4B022A83
:10DC8000D3F84815A163D3F8443584F83D20636385
:10DC900094F8283019D163B940F267213E20F2F799
:10DCA0009BFD15F00B0FE0D1C5E70025C3E7082564
:10DCB000DBE7DA1E012A08D85E4BD3F81C3E13F0CE
:10DCC00006031AD0022B1AD103234FF0010994F84E
:10DCD000018084F83C30B8F1000F14D1FFF700F94F
:10DCE00084F81C80002694F85C300BB1FFF7E6F84E
:10DCF000E90756D5636E98476AE00423E5E70423F5
:10DD00004FF00009E3E715F0110F0ED1B8F1010A49
:10DD10002379267818BF4FF0010A012B1FD0022B60
:10DD200030D02BB14FF44461B8E7FFF75FFDD9E77E
:10DD3000E18D5046FFF75AF90146FFF7D1F8012E61
:10DD40002AD1B8F1010F14BF272333231F448F4278
:10DD50001DD90220F9F7B6FA364B1E61C3E73648E3
:10DD6000FFF7B2FC94F83D3013B940F6B50195E7E2
:10DD7000012B04D1FFF792FBA369C118DDE7FFF780
:10DD80005DFBF9E72C48FFF79FFCA169D5E7284B1D
:10DD900000222670C3F84021E2785046FFF712FDBA
:10DDA000A0E7AA0727D5636C5B785B4588BF45F081
:10DDB0000405B9F1000F02D145F004050126C5F3B1
:10DDC0008000A36E314680F0010000F0010098470A
:10DDD000A378022B0DD1237F5BB1022B144A19D1FA
:10DDE000A36B216A0B44C2F84435114B134AC3F8A4
:10DDF000C421BDE8F88F15F0280F05F0200105D0EB
:10DE0000B1FA81F1E36E30464909E0E7EB06DFD570
:10DE1000236F70E7012B02D040F69F513EE7236A43
:10DE2000A16B8B42DFD84FF45A6137E710260020F0
:10DE30000050085000A0085018260020090000805B
:10DE4000024B03EB8003D86B704700BF787F040060
:10DE5000024B03EB8003186D704700BF787F04000E
:10DE6000F8B501230D46477801464370044628461D
:10DE70001646FEF739FE074B1A68D2F80431002B1C
:10DE8000FBD0677016B9EB78A370AB707B1E58425D
:10DE90005841F8BDA02800202E3008B5362854D8A7
:10DEA000DFE800F05053535353534D5353535353E0
:10DEB0005353535353534B53535353535853585330
:10DEC0004953475345534353413F3D3B393735331E
:10DED000312F2D2B29272523215A1C003F231F4A90
:10DEE000C2F8103708BD3323F9E72D23F7E72823BD
:10DEF000F5E72323F3E71F23F1E71B23EFE71823BD
:10DF0000EDE71523EBE71323E9E71123E7E70F23F9
:10DF1000E5E70D23E3E70B23E1E70A23DFE7092326
:10DF2000DDE70823DBE70723D9E70623D7E7052347
:10DF3000D5E70423D3E70323D1E70123CFE74FF449
:10DF40009873CCE74FF48873C9E74FF486713F208C
:10DF5000F2F742FC0223C2E73923C0E700A00850D1
:10DF6000054B4FF47A72023833F8113003F2E7337D
:10DF7000B3FBF2F318447047F87F0400044B4FF4EE
:10DF80007A7233F81130B3FBF2F30133184470475F
:10DF9000F87F040038B51D460A4B33F8114003EBF7
:10DFA000820305355B691C444FF47A7304F6B73479
:10DFB00003FB00441046B4FBF3F42544FFF740FF95
:10DFC000284438BDF87F040070B50646084615465B
:10DFD000FFF73EFF094B03EB85035C694FF47A734F
:10DFE00004F6B73403FB0644241A2846B4FBF3F4C2
:10DFF000FFF726FF0530204470BD00BFF87F040006
:10E00000014B1860704700BF84260020024B18683F
:10E01000003818BF01207047842600202DE9F04FFA
:10E02000254C85B0054698460F46164601F0C4FEBD
:10E0300023788146AB4211D16378BB420ED194F96B
:10E040000230B3420AD1E378834207D1A388A8F80B
:10E05000003094F9060005B0BDE8F08F082D1CD102
:10E060008DF80F6028469DF90FB008F0A4FA82469B
:10E070003846FFF7AFF90022034641460092584662
:10E08000524600F059F8B8F80030A071A38025700E
:10E090006770A67084F80390DBE7284608F08BFAD7
:10E0A0000DF10F033246394601F08CFE0028D9D01D
:10E0B0004121A920F2F790FB9C000020014B186041
:10E0C00099807047A8260020024BD86019745A82A4
:10E0D000704700BFD4260020014B1B681B681847FF
:10E0E0001C050020014B1B685B6818471C050020BD
:10E0F000014B1B689B6818471C050020014B1B68DF
:10E100001B6918471C050020014B1B685B691847F9
:10E110001C050020014B1B689B6918471C0500204B
:10E12000014B1B68DB6918471C050020014B1B686D
:10E130009B6A18471C05002030B4044C9DF8085019
:10E1400024680295E468A44630BC60471C050020A2
:10E1500000220D49134610B540FA02F4E40744BF0B
:10E16000CA545C1C02F1010248BFE3B2042AF3D195
:10E17000054AFF24D118032B01D9107110BD0133BA
:10E1800001F8014BDBB2F6E7002F002008B5074885
:10E1900001F05AF8054800F03FF801F009FD01F0E0
:10E1A00003FC00F0A7FB012008BD00BFFC280020F5
:10E1B00008B501F025F801F0D1FC01F019FCBDE82B
:10E1C000084000F0B3BB01F035BD01F06FB810B5E9
:10E1D000EFF3108472B601F069F804B962B610BDAD
:10E1E00001F076B801F08EBD01F044BD01F054BDE0
:10E1F00001F054BD01F058BD01F07ABD08B5054BE2
:10E200001A781AB12721032002F0F4FD5860197022
:10E2100008BD00BF04290020024B986000221A703C
:10E220005A60704704290020F7B51E4C2378012B53
:10E23000DAB204D0022A2ED0012003B0F0BD0DF1D5
:10E240000701606800F07EFB65686B7DDB071CD50D
:10E25000AB7F042B19D001F083F80646A8B101F07A
:10E2600085F82B69D5E900279A18B36847F10007AC
:10E270000A332CBF012500251B1845EB01059342ED
:10E28000BD4102D3606800F02DFC00236360237061
:10E290009DF80700D1E70DF10701606800F05CFB15
:10E2A000F3E700BF0429002010B5837F8BB9034634
:10E2B00001F1180251F8044B914243F8044BF9D193
:10E2C000012484772146FFF799FF00F0E1FF204603
:10E2D00010BD0020FCE773B505460C4601F040F880
:10E2E0000646AB7F012B1AD021462B4604F11802BB
:10E2F00051F8040B914243F8040BF9D101230DF1BD
:10E3000007012846AB7700F01DFB16B1012002B0D3
:10E3100070BD044B0421986808F095FAF6E70020D8
:10E32000F5E700BF0429002010B5FFF7D4FF04462D
:10E3300020B1034B0621986808F085FA204610BDED
:10E3400004290020024B0621986808F07CBA00BF1F
:10E350000429002010B5EFF3108472B601F000F824
:10E3600018B9C921032002F045FDFFF7EBFF04B9FE
:10E3700062B610BD10B504460221FFF73FFF00F062
:10E3800087FFA07FB0FA80F0400910BD38B5044681
:10E39000A37F03B938BDA37F032B02D0A37F042B37
:10E3A0000FD1EFF3108572B6204600F0F0FA05B9F0
:10E3B00062B6A37F002BEDD040F20D11032002F0D6
:10E3C00019FDA37F012B02D14FF48971F6E708F004
:10E3D000D8FADDE710B50446FFF7CCFF20B9204698
:10E3E000BDE81040FFF7D2BF10BD13B50DF1070116
:10E3F00000F0B2FA044600F0B3FF20B940F22F114A
:10E40000032002F0F7FC204602B010BDF8B5044628
:10E410000F4600F0ABFF0025A4682418384641F1F0
:10E4200000062246334600F001FBA04271EB0603D2
:10E4300009D3001B6FF0010361EB0601834275EB0A
:10E44000010102D3F8BD2846FCE74FF0FF30F9E7A1
:10E4500010B5EFF3108472B6FFF7D8FF04B962B6B7
:10E4600010BD2DE9F04185681746002306464A197C
:10E470000C465B4113B10020BDE8F08100F076FF4F
:10E480002A18384641F1000314EB020843F1000555
:10E4900000F0CCFA4045A941EDD301F0CBFB00F0F0
:10E4A00075FAB368012037752344B360E4E710B50B
:10E4B000EFF3108472B6FFF7D4FF04B962B610BD53
:10E4C000837F012B01D100F08DBB00207047D0E984
:10E4D000000170470069704700F048BF10B5EFF3C6
:10E4E000108472B600F042FF04B962B610BD8068B5
:10E4F0007047007D7047F8B50369044623B140F2C8
:10E50000D511032002F076FC01F094FB05460E467F
:10E5100002F056F970B36435D4E9003246F10001D7
:10E52000AB4272EB010001D22B460A46C4E900322D
:10E53000EFF3108572B600F013FF064698B100F0B5
:10E5400015FFB3680B332CBF012200221B18D4E93E
:10E55000006042EB0101B34271EB00023CBF334665
:10E560000146C4E9003105B962B62046BDE8F8406D
:10E5700000F0D2BA02F044F9074600F00DFFB842AD
:10E5800038BF3846963546F100024319D4E90001F8
:10E5900042F10002834272EB0105C7D20346C4E791
:10E5A000042300F1180283770023037643768376F1
:10E5B000C376044B196811B91A605A6070475968DC
:10E5C0000A60FAE7102900202DE9F843DFF86C8093
:10E5D000002406460F46D8F80830204633B950B319
:10E5E000174B1878BDE8F84302F0ACBD53E90612AA
:10E5F000D3F80090B14272EB07051AD253F8085CC9
:10E600006D1842F10002B542BA4112D24CB12268F3
:10E6100012682260A3F11800FFF7C2FF01204B46E9
:10E62000DCE7D8F80820002AF4D01268C8F80820DF
:10E63000F0E71C46F3E7BDE8F88300BF102900208F
:10E64000650500202DE9F047304B4FF0000E0546E0
:10E650009446C2F800E09868002855D0183807465C
:10E66000BA69002A50D0D0E9009352E906684E45B5
:10E6700078EB030403D2BF219F2002F0BBFBA94526
:10E6800073EB01040BD2046914EB090443F100039A
:10E69000A542A14671EB03043CBFA9460B46AE421E
:10E6A00078EB01040BD252F8084CA41948F1000889
:10E6B000A542264671EB08043CBF2E468846846876
:10E6C0000A344EF1000A14EB090443EB0A03A64294
:10E6D00078EB030318D2047D12F8043C9C420DD061
:10E6E0008CBF012300232BB107F11803A2F11800FE
:10E6F000CCF80030BF693FB1183FB1E79388848BF5
:10E700001B1BC3F3C033EEE7BDE8F08710290020E0
:10E710002DE9F04F85B082834E4A04460091D2F82D
:10E7200008C094F81580D0E90030BCF1000F40D04B
:10E73000ACF11801002708F00109D1E90026934245
:10E7400070EB06056DD3B9F1000F2CD0277D0D7D40
:10E75000AF4228D38D68AD1846F1000615F10A0ABC
:10E7600046F1000E534570EB0E0219D22269D21801
:10E7700040F1000792457EEB070B01D252467746E7
:10E78000AA42B7410FD220460024FFF709FF324BBF
:10E79000187802F0D7FC009B1C7005B0BDE8F08F24
:10E7A0001A460746ECE78A690F4622B1A2F1180122
:10E7B000C3E76246674618F0010F37D0A168C91851
:10E7C00040F1000B01918AB3019DD2E9001615F1C9
:10E7D0000A0E4BF100058E45B54127D394F814E09D
:10E7E000157DAE4519D395686D1846F1000615F1F3
:10E7F0000A0946F100084B4570EB080113D2216964
:10E80000C91840F1000E894578EB0E0A01D249463D
:10E81000C646A9427EEB060EB5D3926932B1183ACC
:10E82000D2E70A46C7E719468646F2E704F118031D
:10E830005FB1BA69A261BB6103AA00200021FFF7A2
:10E8400001FF231A5C425C41A5E7024AC4F818C0E4
:10E850009360F1E71029002065050020F8B5244CED
:10E860000023E360EFF3108272B621686360E16019
:10E87000236002B962B60026E36803B9F8BD9A794D
:10E88000A3F11800032A07D11A6801219E7153F8D9
:10E890000C3CE2609847EFE7196851B1A1F1180309
:10E8A000074600229D7F042D09D09B7F032B02D1B8
:10E8B000B2B9E16017E063219F2002F09BFAB0F843
:10E8C0001CC09D8BA5EB0C052D049D6944BF07F171
:10E8D00018021846002DEBD01F46A5F11803E1E7FA
:10E8E00013681B681360C36802218677D2E700BFF4
:10E8F0001029002010B50A4C2378FF2B04D04FF4C8
:10E9000084719F2002F076FA064802F0F1FB064B74
:10E91000002220709A601A605A601A8210BD00BFEF
:10E92000650500205DE800001029002010B5044CAA
:10E930002078FF2803D002F0F5FBFF23237010BDE1
:10E9400065050020034B1A8A10B4541C1C8210BCAD
:10E95000DEE600BF1029002037B504460D4601AAA7
:10E9600000210020FFF76EFE231A04F1180158421F
:10E9700058412870044807F08CFF10B10023012093
:10E98000A37703B030BD00BF182900201CE638B5BE
:10E99000114B044600F118011A68B2B11A68002040
:10E9A0009AB191420ED108B1A56905601D68A942CE
:10E9B00004BF12681A605A68914200D1586000235F
:10E9C000A37707E010461268EAE7044807F061FF02
:10E9D0000028F4D138BD00BF102900201C290020D8
:10E9E00037B505460C46FFF7EFFD01AA284621463C
:10E9F000FFF728FE28B100F11803034A536103B062
:10EA000030BD0346F9E700BF1029002010B5064CC1
:10EA1000616904F1080007F03CFF18B16069002348
:10EA20001838636110BD00BF102900209C46144BAC
:10EA3000F0B59D68FDB115F8043C183D834218D827
:10EA400012F10A04D5E900364CF10001A34276EB3D
:10EA500001070BD22F69FF1846F10006A7428E412D
:10EA600007D3B4F10A0041F1FF31F0BD1C46314635
:10EA7000F7E7AD69DEE74FF0FF300146F5E700BF8D
:10EA80001029002008B5837F022B1CD1437D13F091
:10EA9000020302D00023837708BD03220376437666
:10EAA0008376C3760D4B827700F11802196839B965
:10EAB0001A605A600A4B1878BDE8084002F042BB61
:10EAC00059680A60F5E7837F012BE5D0837F042B2B
:10EAD000E2D04FF4FB719F2002F08CF91029002046
:10EAE0006505002010B500F118010446084807F03C
:10EAF000D0FE20B94FF400719F2002F07BF9204630
:10EB0000FFF74EFD034BBDE81040187802F01ABB2A
:10EB100018290020650500202DE9F74FD0F810E0F6
:10EB2000BEF1000F04D040F21F219F2002F062F9D5
:10EB3000836890F814800193D0E90014EFF31089F2
:10EB400072B6274BB3F810C09B686BB1019D183BA0
:10EB50000A35D3E900264EF1000A6D1844EB0A0A83
:10EB600095427AEB060707D2B9F1000F35D0C0E91C
:10EB7000001403B0BDE8F08F8A4276EB04070CD393
:10EB80001F69BF1846F1000BAF427BEB0A0B34BF85
:10EB90000125002575B99B69D7E712F10A0A9D681E
:10EBA00046F1000715EB0A0547F10007A94274EB8F
:10EBB0000707ECE71D7DA84509D0ECD912F10A0141
:10EBC0009D6846F10004691844F10004E3E79D8B59
:10EBD000A5EB0C052D04DED5F0E762B6C7E700BF54
:10EBE00010290020F7B50C460DF107010646878B6A
:10EBF000FFF7B2FE20B940F24A219F2002F0FAF856
:10EC00000FCC35460FC594E803003A4685E803006B
:10EC100030460DF10701FFF77BFD012003B0F0BD89
:10EC2000034B187800F0FD00431E584258417047CE
:10EC30002829002038B5FFF7E9FE002580B1094CEE
:10EC4000C4E90105E56000F0E7FE6068022329469B
:10EC50008377C3689847D4E90401FFF797FE012042
:10EC600038BD00BF28290020024B0521986907F014
:10EC7000EABD00BF28290020042938B5054613D075
:10EC800005D80239012915D940F2C91109E0052931
:10EC9000FAD1FFF7C5FF10B1114C607F60B140F2AF
:10ECA000BF11B02002F0A6F8FFF7BEFA10B10C4B6E
:10ECB00001221A77002012E0236A98470123206B73
:10ECC0006377084AD4E90A31323B41F1FF31181821
:10ECD00041F1000100F07EFF034B02202B6038BDA4
:10ECE0002829002069EC000021F00000064B58683C
:10ECF00010B520B940F28D21B02002F07BF8C36836
:10ED00000621BDE810401847282900202DE9F84FBA
:10ED10002B4D81466B7F2E6B002B3AD1FFF780FF86
:10ED2000074618B1AB8E9E4238BF1E4600F082FFE8
:10ED3000044680198B4641F10001FFF751FE68B38C
:10ED4000D0E9008AB0457AF1000324D3B8EB06007D
:10ED50006AF10001844223465A467BEB01043CBF22
:10ED600003460A469B1942F10002C5E90432154ADE
:10ED700000F030FF4046514600F08EFEEFB1A98E04
:10ED8000114B124A8E4218BF1346C9F80030BDE835
:10ED9000F88F0027CAE700200146DBE76B7F33B11D
:10EDA0002B78023B012B02D82B6A012098470023C5
:10EDB0006B7700F072FE064BE7E7044BE5E700BF18
:10EDC0002829002069EC00009BEE0000D5ED000032
:10EDD0006DEE0000042938B5044624D007D8023966
:10EDE000012938D940F26B11B02002F003F805294F
:10EDF000F8D100F053FE194D01F0D6FCFFF710FFDB
:10EE0000D8B16B7FCBB900F015FFAA8E2B6B9B1A84
:10EE1000134AC5E90A01181841F1000100F0DAFEB1
:10EE2000104B236007E0FFF7FFF9A0B100F0F2FEFE
:10EE30002046FFF76BFF022038BD00F0FBFE2B6B76
:10EE4000074A323B65EB0505181845EB010100F058
:10EE5000C1FE054BE5E70020EEE700BF28290020B2
:10EE600069EC000079EC000021F00000032910B5E6
:10EE7000044606D801290ED840F21711B02001F03F
:10EE8000B9FF0429F8D1FFF7CFF920B12046FFF7E9
:10EE90003DFF022010BD0020FCE7042938B50546DF
:10EEA00013D005D80239012929D940F23B1109E0D4
:10EEB0000529FAD1FFF7B4FE10B1124C607F70B192
:10EEC00040F23311B02001F095FFFFF7ADF9B0B17A
:10EED00000F0A0FE2846FFF719FF022038BD236A84
:10EEE00098470123084A6377236BD4E90401C01AC9
:10EEF00061F1000100F06EFE044B2B60EDE7002095
:10EF0000ECE700BF2829002069EC0000D5ED0000E7
:10EF10002DE9F04780468A4691463A4C002B5ED058
:10EF2000D3E90056854276EB01033CBF0E46054609
:10EF300031462846C4E9045600F0AEFDA38EB5EB79
:10EF4000080803F1640366EB0A0A43454FF0000327
:10EF500073EB0A0321DA637F43B12378023B012B71
:10EF600002D8236A0120984700236377FFF758FEF1
:10EF70000746236B03F5E17398457AF1000A15DA29
:10EF80006FB1A08E204A281A66F1000100F022FE1F
:10EF90001E4BC9F80030BDE8F0870027E9E71A4AA0
:10EFA0002846314600F016FE194BF2E700F077FDD7
:10EFB00001F000FCA38E206B4FB1834207D9E81A01
:10EFC000114A66F1000100F005FE124BE1E7281A34
:10EFD0000D4A66F1000100F0FDFD0F4BD9E7637F9C
:10EFE00033B12378023B012B02D8236A01209847D2
:10EFF0000023637700F053FD01F0DCFB00F04DFDD2
:10F00000064BC6E72829002069EC0000B1F000009B
:10F0100031F100009BEE0000D5ED00006DEE000028
:10F02000023970B50446032938D8DFE801F005023B
:10F03000070E1D4B00221A77002012E0FFF7F4F8AC
:10F040000028F9D0184B0122F5E700F029FDB0B1F6
:10F05000154B1B7F33B9FFF7EDFD18B1134B236040
:10F06000022070BD00F0E6FD06460D46FFF7B8FC35
:10F070002246034629463046FFF74AFFF0E70020C4
:10F080000021FFF7ADFC08B1FFF72CFD00F007FDF4
:10F0900001F090FB2046FFF739FEE1E740F2A511B1
:10F0A000B02001F0A7FE00BF2829002089F1000050
:10F0B000042970B5044613D005D8023901292ED988
:10F0C0004FF40F7109E00529FAD1FFF7A9FD10B13E
:10F0D000144D687FB8B14FF40D71B02001F08AFE75
:10F0E000FFF7A2F8D8B100F095FD00F0A3FD0646A9
:10F0F0000D46FFF775FC2246034629463046FFF7CA
:10F1000007FF022070BD2B6A98470123064A6B77E0
:10F11000D5E9040100F05EFD044B2360F1E7002017
:10F12000F0E700BF2829002069EC000031F1000061
:10F13000042970B5044611D007D8023901291FD916
:10F1400040F21721B02001F055FE0529F8D1FFF754
:10F1500071FD40B10B4B2360022070BDFFF764F8D6
:10F1600070B100F057FD00F065FD06460D46FFF753
:10F1700037FC2246034629463046FFF7C9FEEBE737
:10F180000020EAE789F1000002392DE9F041064646
:10F1900004292ED8DFE801F003090B2D0E00174AD1
:10F1A0001378003B18BF0123537700201FE0FFF7BF
:10F1B0003BF8FAE7DFF8448000F044FC00F03AFD49
:10F1C0000C460546FFF70CFC0746D8F80400FFF78D
:10F1D00059FC002300222846C8F8043000232146A9
:10F1E000C8E904233B463246FFF792FE0220BDE801
:10F1F000F08140F2EF11B02001F0FCFD2829002041
:10F2000010B5EFF3108472B60B4B0C4A9B691B6868
:10F2100093420DD00A4A93420AD00A4A934207D039
:10F2200000F03DFC01F0C6FA00F037FC00F0F2FC03
:10F2300004B962B610BD00BF282900206DEE0000A1
:10F240009BEE0000D5ED0000054B10B5054C0360AA
:10F250000023A061237001F0D3FA3230206310BD87
:10F260006DEE00002829002008B5074B9A69116847
:10F27000064A914204D040F27221B02001F0BAFD5A
:10F280003230186308BD00BF282900206DEE000051
:10F2900010B5EFF3108472B6034B0421986907F0A0
:10F2A000D2FA04B962B610BD2829002008B5064B71
:10F2B0005B6823B940F29321B02001F09BFD034A23
:10F2C000BDE8084000F086BC28290020EDEC0000D5
:10F2D00008B5064B5B6823B940F29921B02001F0D4
:10F2E00089FDBDE8084000F095BC00BF282900203A
:10F2F00008B5054B5A6822B940F29F21B02001F0B1
:10F3000079FD986008BD00BF2829002008B5054B8D
:10F310005A6822B940F2A521B02001F06BFDD860F7
:10F3200008BD00BF28290020054BDB6810B523B9B4
:10F3300040F2AB21B02001F05DFDBDE81040184760
:10F3400028290020054B9B6810B523B940F2B12154
:10F35000B02001F04FFDBDE81040184728290020DB
:10F36000014B5868704700BF2829002008B5054B9D
:10F370005A6822B94FF42F71B02001F03BFDD3E958
:10F38000040108BD28290020024B323118701A628E
:10F39000998670472829002008B5FFF741FC08B17D
:10F3A000014B988E08BD00BF282900200028ADBF62
:10F3B00000F1604000F00F00044B00F56140B4BF65
:10F3C000185C90F800034009704700BF14ED00E09E
:10F3D000064B1B6810B51BB97621452001F00AFDCC
:10F3E0001A6A0521586ABDE81040104760290020BC
:10F3F000064B1B6810B51BB97021452001F0FAFCC3
:10F400001A6A0421586ABDE810401047602900209C
:10F41000FFF76EBFFFF77ABF034800214022C0E923
:10F420000011083007F045BB60290020FEF7CBBE75
:10F43000704708B5074B1A681AB9C121452001F079
:10F44000D9FC0549D1600022C3E90022BDE808408B
:10F45000FEF778BF6029002089F700001F2801D936
:10F4600000207047044B03EB4000037A002BF7D0D9
:10F47000002303720120704760290020F8B50E4A6E
:10F480000C46002302EB4306357A05F0FF0175B9FF
:10F49000DDB2FF273772282673431A44C2E91A04E3
:10F4A00006482022184407F004FB2846F8BD013323
:10F4B000202BE7D11D46F8E760290020A82900206D
:10F4C0001F2810B501D9002010BD064B03EB4004E6
:10F4D000247A002CF7D0282404FB0030C0E91A124B
:10F4E0000120F1E76029002030B587B00C460546C1
:10F4F00018220021684607F0DCFA237853BBD4E9D0
:10F5000004310A3B6268207A41F1FF310A328DF8FA
:10F51000140002929DF81520154822F00302039072
:10F52000CDE90031637A6946C3F340035B0043F0E1
:10F53000010313438DF815300E4B5868C0F30800D3
:10F5400088B11038FFF732FF68B92846FEF7C3FECE
:10F5500007B030BDFEF737FE226910F10A030492AE
:10F5600041F10001CDE72846FEF79EFEF0E700BF1F
:10F5700089F7000000ED00E01F2830B411D80A4AD6
:10F5800002EB4004257A65B14B7A4832C3F380031D
:10F5900083F001036372282330BC03FB0020FFF7D4
:10F5A000A3BF002030BC70476029002008B50A4B7B
:10F5B00002465868C0F3080040B11038FFF7F6FE65
:10F5C00020B91046BDE80840FEF70FBF1046BDE861
:10F5D0000840FEF7CFBE00BF00ED00E0024B28223E
:10F5E00002FB0030FFF7E2BFA829002010B5037826
:10F5F00086B0044623B14FF4AA71452001F0FAFB0E
:10F6000005934168CDE90333D0E90432007A0A3129
:10F610000A3B8DF81400684642F1FF320291CDE9B1
:10F620000032FEF768FF009B019A01200A3342F185
:10F630000002C4E9043206B010BD4FF4BA7145208F
:10F6400008B501F0D7FB08B5094B0A46596821B93E
:10F6500040F27911452001F0CDFB01461868FEF714
:10F6600000FF18B1FEF7BCFD002008BD0220FCE73A
:10F6700060290020194B70B50446586886B0C0F365
:10F68000080010B9002006B070BD1038FFF78EFEDC
:10F6900003460028F6D1C3F307230E7A4D6823F002
:10F6A00003030A35CDE90400D1E904208DF8146084
:10F6B0000A3A0B4E029540F1FF300396CDE9002047
:10F6C0004A7A20466946C2F34002520042F00102E3
:10F6D00013438DF81530FEF7F3FED4E700ED00E09C
:10F6E00089F700001F280AD8064B03EB4002127A64
:10F6F0002AB14833282202FB0030FFF7BBBF0020AD
:10F70000704700BF60290020034B5A6812B1186887
:10F71000FEF7EFBE0220704760290020024B014631
:10F720001868FEF773BE00BF60290020FEF72EBEEA
:10F730001F2808B504D940F2E511452001F05AFB15
:10F74000074B03EB4002127A12B94FF4F371F4E75E
:10F750004833282202FB0030BDE80840FEF716BE01
:10F760006029002008B5074B5B6823B94FF4F67198
:10F77000452001F03FFBFEF7AFFE0A3041F10001EA
:10F7800008BD00BF602900202DE9F0411C4F05464F
:10F790001C4B0E4607F14804041BE4105C43E4B222
:10F7A000620007EB4404237A19BB3B681BB18E212E
:10F7B000452001F01FFB7B680BB18F21F8E707F1B3
:10F7C00008031344C7E900030F48FFF791FD0F48F2
:10F7D000FFF79CFDFFF7C6FF637A80464BB1FEF74B
:10F7E00001FDA8EB0000C7F8480500F035FA002835
:10F7F000FBD02B6A3146686ABDE8F041184700BF6C
:10F8000060290020CDCCCCCCF1F30000D1F3000076
:10F8100010B50446FFF7A6FF201841F10001FEF7DE
:10F82000D4FC012010BD024BD3F84805704700BF3F
:10F8300060290020FEF7DABC7047FEF7D5BCFEF762
:10F84000D7BCFEF7D7BC08B5FFF79EFD002008BD6A
:10F8500070B50B7886B023B140F23121452001F01C
:10F86000C9FA05930E7A4D68049228228DF8146027
:10F870000A35124E02950396D1E904340A3B44F14D
:10F88000FF34CDE900344B7A4FF00001C3F340045C
:10F89000C3F3800364F3410183F001038DF8151075
:10F8A000074901EB4004637201F14803694602FB1A
:10F8B0000030FEF7F9FC06B070BD00BF89F700000C
:10F8C000602900207FB5FEF77EFC002305930B4BDB
:10F8D000039340F21E2302934FF0FF33CDE9000162
:10F8E000694607480493FEF7F6FC18B9CB2143207C
:10F8F00001F080FA07B05DF804FB00BF05F90000D5
:10F90000B02E002038B5062937D8DFE801F00438DA
:10F9100033363636170006F0B4FEFEF7DDFD04463A
:10F9200017480D46FEF7E3FD1E3C45F1FF31201858
:10F93000BDE8384041F10001FEF747BC00F040FF50
:10F9400038B10F4B002283F82020BDE83840FEF785
:10F95000F9BC06F098FE08B906F093FE00224FF4B9
:10F9600000710748FEF77DFD0028D6D1EA2143202B
:10F9700001F040FABDE83840A4E7F921F7E738BDC7
:10F98000B02E002010B5074C94F8203043B900F099
:10F9900017FF28B9012384F82030BDE8104091E713
:10F9A00010BD00BFB02E00204FF000430D4A0E489E
:10F9B0000021C2F88030A2F58022C2F880310123F4
:10F9C00002F57832C2F80435A2F58022C2F8043577
:10F9D0002022064B80F820101B68D3F818354362AC
:10F9E00007F067B800400C50B02E0020AC28002073
:10F9F0000023084AC2F88030A2F58022C2F8803184
:10FA0000012302F57832C2F80835A2F58022C2F847
:10FA10000835704700400C5008B524F013F9074A28
:10FA2000D2F8583743F00103C2F858370122044B8B
:10FA30001B68C3F81825BDE80840A3E700200E5056
:10FA4000AC28002008B524F003F90E4AD2F8583744
:10FA500023F00103C2F858370B4B0C4A1B68526A5B
:10FA6000C3F8182501220A4B5A604FF0FF32C3F841
:10FA700008232022074BC3F89021BDE8084000F07E
:10FA8000C9B800BF00200E50AC280020B02E0020C6
:10FA90000050085000E100E0704770477047704721
:10FAA00008B500F08DFEB0B90D4BD3F800314BB95D
:10FAB0000C4A936A0133312B93620BD99C2143206A
:10FAC00001F098F906F0DFFD08B1A021F7E706F094
:10FAD000D6FD012008BD034B00229A62F9E700BF62
:10FAE00000E01050B02E00204CE700BF1848202244
:10FAF00008B5C0F89020BFF34F8FBFF36F8F154B41
:10FB0000C0F89021D3F8041521F00301C3F80415BF
:10FB1000D3F8081541F00301C3F8081592FAA2F1D1
:10FB2000B1FA81F1092904DD4FF473710A4801F03B
:10FB300057F9C3F8101501215960D9604FF0004101
:10FB4000C3F880104FF0FF31C3F80813026108BDFD
:10FB500000E100E00050085066100500124B4FF421
:10FB6000E062C3F838230022C3F8AC25C3F8BC25F3
:10FB7000C3F8CC25C3F82021C3F82421C3F82821D9
:10FB800020220A4BC3F89C21C3F89C20BFF34F8F5F
:10FB9000BFF36F8FC3F89020BFF34F8FBFF36F8F0A
:10FBA000C3F89021704700BF00200E5000E100E034
:10FBB00008B5FFF7D3FF054B4FF4A062C3F8342319
:10FBC0002022034BC3F89C21DA6108BD00200E50AF
:10FBD00000E100E00C4B10B51C681CB14B21042067
:10FBE00001F008F9B1F5801F1A6004D340F2E14139
:10FBF000064801F0F5F8064B0122C3F8A005C3F84A
:10FC0000A415C3F8AC2510BDE02E00206610050039
:10FC100000200E50054A136833B100230449C1F88F
:10FC2000AC35C1F820311360704700BFE02E0020D2
:10FC300000200E5030B54FF0FF30064C6FF04041C1
:10FC4000D4E90023904271EB0305F9D31046C3F3C6
:10FC5000130130BD40270E5008B5FFF7EBFF044BF2
:10FC6000D3E90223904299412CBF0120002008BD16
:10FC7000E02E002010B5029C241841F10001A01ACA
:10FC800061EB0301B0F1004F71F1000103DB77215B
:10FC9000042001F0AFF810BDFFF7CCBF014B186195
:10FCA000704700BFE02E002008B50E4B1B691BB942
:10FCB0008721042001F09EF8EFF3108272B6B1F5AF
:10FCC000801F04D340F2E141074801F089F8074B57
:10FCD000C3F8C005C3F8C4150121C3F8CC1502B997
:10FCE00062B608BDE02E00206610050000200E5010
:10FCF00008B5FFF7FBFE024B01221A6008BD00BFEA
:10FD00000050085010B5FFF7F1FE114C0023C4F865
:10FD1000BC35C4F82431FFF78DFF0A3041F10001F2
:10FD2000B1F5801F04D140F2E1410A4801F058F8D2
:10FD30004FF00043C4F8B005C4F8B415C4F8A431BA
:10FD40000123C4F8BC35044BC3E9020110BD00BF58
:10FD500000200E5066100500E02E0020144BD3F852
:10FD6000342312F4A06F10B503D1C821042001F090
:10FD700041F8D3F820215AB100220E49C3F8AC252E
:10FD8000C3F820210B680BB9D021EFE70A60984730
:10FD9000074BD3F828214AB10022C3F8CC25C3F879
:10FDA0002821044BBDE810401B69184710BD00BF57
:10FDB00000200E50E02E0020014B187D704700BF40
:10FDC000B0270020042810B511D883B104280CBF37
:10FDD00010242824A1420AD2064C54F8200018B15D
:10FDE00041568A42A8BF0A4600201A7010BD6FF023
:10FDF0001500FBE7B02700200728034611DC10F1AF
:10FE00002D0F10DB094A101890F82E0002EBC002EB
:10FE100092F93C209A4207D0002918BF0130C0B2A5
:10FE200070471B2070470020704700BFB880040057
:10FE3000072808B507DCFFF7DFFF044B03EBC0031F
:10FE400093F93C0008BD0820FCE700BFB88004001F
:10FE500010F0FF0008B5094B05D0012807D051214B
:10FE6000B52000F0C7FF01229A601A6008BD044A5D
:10FE70001268292AF3D15862F8E700BF00E0105059
:10FE80009428002010F0FF0008B5174B05D001287A
:10FE900020D08421B52000F0ADFF01225A60DA6045
:10FEA000C3F80001114B18700F4BD3F80824D20788
:10FEB0000FD40F4A1268292A03D1D3F86834DB071C
:10FEC00007D4094B0022C3F81021C3F81821C3F846
:10FED000142108BD064A1268292ADAD10022986244
:10FEE000C3F81C21E0E700BF00E01050C527002048
:10FEF00094280020014B01221A707047C52700206A
:10FF000008B50D4B28B101280BD0D021B52000F049
:10FF100071FFD3F8103113B9084B187808BD0120D0
:10FF2000FCE7074A1268292AEFD1D3F81C010038F0
:10FF300018BF0120F2E700BF00E01050C5270020E5
:10FF400094280020024BD3F8080400F00100704709
:10FF500000E01050024BD3F8480400F00100704755
:10FF600000E01050024BD3F84004C0B2704700BF0D
:10FF700000E0105007490246D1F84C04D1F84C1467
:10FF800010F4803005D0D0B201F003031B1A5842A0
:10FF90005841704700E0105038B51A4BD3F80C3474
:10FFA000DA0304D440F27F116D2000F023FF164ADB
:10FFB0000124164B106A536620F03F009464546489
:10FFC000136CDB03FCD4136A116C03F03F03C1F321
:10FFD0000A01C1F5806181EAE1750B29A5EBE175A4
:10FFE00009DD3F2B04D0013303431362172DE6DCF8
:10FFF0000023936438BD0B31F8DA002BF8D0013BB5
:020000040001F9
:10000000F2E700BF00E0105000081250010000802D
:1000100038B50B4C23781BB100232370FFF7BCFFCE
:10002000EFF3108572B6637803F0FF000BB9FFF7AA
:1000300029FF05B962B6034B00225A6638BD00BFDE
:10004000C827002000081250002808DB43090122BD
:1000500000F01F0002496033824041F823207047BE
:1000600000E100E070B5174D012204460E462B1842
:10007000DA7006F0F7FAA0B934B1012C0FD04FF4C2
:1000800094716D2000F0B6FE11232A19012105EBB1
:10009000840451710C4AA660C2F8043370BD8023F9
:1000A000F3E7002EFAD034B90220B047002305EB65
:1000B0008405AB60F2E7012C01D12046F5E740F260
:1000C0004311DEE7C827002000E01050044B002257
:1000D000191803EB80034A719A60CA70704700BF19
:1000E000C8270020014B1882704700BFC827002096
:1000F000014B988A704700BFC8270020014B188A1F
:10010000704700BFC827002010B5EFF3108472B607
:10011000064B03445A780132D2B25A705B78012BF5
:1001200001D1FFF795FE04B962B610BDC8270020C3
:10013000034610B5EFF3108472B611490B445A7898
:1001400022B940F267216D2000F054FE5A78013A3E
:10015000D2B25A705B7883B98B7D43B1094BD3F827
:100160000C34DB0306D44B7803F0FF002BB9FFF708
:1001700089FE02E0C87D00F0E5FF04B962B610BD5B
:10018000C827002000E0105010B506F06EFA0C4CA5
:1001900006F068FA60B1237E3BB90A4B01229A61EE
:1001A000042363760023A37610BD06F061FAF9E715
:1001B000032301226376034BC3F80423F2E700BF55
:1001C000C827002000E01050014B01221A6270473E
:1001D00000E01050044BD87E28B1044BD3F8100136
:1001E000B0FA80F040097047C827002000E01050A6
:1001F00038B50C4BDD7E5DB90124DC7606F035FAAE
:10020000094B1022C3F81051C3F80423DC6138BD38
:10021000FFF7E0FF0028FAD040F2A3216D2000F0A4
:10022000E9FD00BFC827002000E01050024B587EB7
:10023000003818BF01207047C827002038B5174C78
:10024000A37D23B940F216316D2000F0D3FD0123C8
:100250002370237EC3B9237FB3B1A27E013B9A42B0
:1002600012DA06F0FFF9054600F006FF237F012BA6
:1002700082BFA37E0133A37655B1236AC31A01332B
:10028000022B09D935B12062BDE83840FFF77CBFA9
:10029000636AF3E76062F7E738BD00BFC827002054
:1002A00037B5184C237E63B9A06A00F00300FFF74E
:1002B00061FE30B1EFF3108372B6627E1AB103B9FA
:1002C00062B603B030BD0122627603B962B608237C
:1002D0000D4DC5F808334FF42073ADF80630BDF866
:1002E00006309BB25A1E92B2ADF80620002BF6D112
:1002F000C5F80C3184F82C30FFF746FF0823C5F809
:100300000433DEE7C827002000E010502DE9F74F46
:10031000544CA37D002B00F0A1800323524AADF87A
:100320000430524B1268D3F80051003D18BF01252C
:10033000292A07D1D3F81C2122B1012245F08005DA
:100340008DF80520D3F80881D3F8142112B9D3F819
:10035000183173B1454B0026C3F81461C3F8186116
:10036000C3F81061E37E0BB106F082F9E676FFF781
:10037000BBFB3E4BD3F810316BB3E37E1BB106F0F1
:1003800077F90023E376637913B102238DF8043003
:1003900045F01005364E0DF1040A344B4FF00009BC
:1003A000F71EC3F808531AF8010B03280AD03B784C
:1003B00043B14FF0000B336887F800B013B1984792
:1003C000C6F800B009F10103043601374FF0010906
:1003D000022BE8D101E0002DDCD1B8F1000F08D0EC
:1003E000224B0022C3F808210422C3F80823FFF798
:1003F00057FF94F82C60EA071C4BF6B2D3F80C7147
:1004000008D5627E032A05D1227E82B90422627653
:1004100001229A61A7B1154B0022C3F80C21637E1B
:10042000042B09D040F279316D2000F0E3FC06F096
:100430001FF902236376EDE70223637606F018F9CD
:1004400066B1002384F82C30637E022B01D1FFF7C4
:100450009BFE03B0BDE8F04F06F00AB903B0BDE85B
:10046000F08F00BFC82700209428002000E0105023
:10047000D027002010B5054CA06A00F00300FFF75C
:1004800079FD0028F8D0002010BD00BFC82700204B
:100490002DE9F041054650B10278022A07D8437889
:1004A00042B9013B1F2B02D88378212B07D96FF06B
:1004B0001500A0E0002BFAD18378002BF7D1754E00
:1004C000B6F90030002B0DDB5A09012103F01F03A0
:1004D000994002F12003704A42F82310BFF34F8F76
:1004E000BFF36F8FB6F90000FFF7AEFD6B4AFD2337
:1004F0006B4CC2F808336B4B1B68292B4FF0000381
:1005000008BFC2F81C31C2F80031C2F80831C2F885
:100510000C316370A370AB88A382FFF713FD10B199
:100520000123E37063705D4F40F25633D7F80C043B
:10053000238210F480301BD0FFF7DCFC5A4800F017
:10054000D7FD564F6023E0750022C7F804332B789F
:10055000A978012BE276A26223762177A2761FD0BA
:10056000022B16D0EBB140F22E516D2000F042FC70
:10057000C7F81001FFF76CFCD7F81031002BFBD047
:10058000FFF70AFD0020FFF77DFC484B00225A666A
:10059000D4E706F06AF8D7F80C34D903FBD5022368
:1005A000A362FFF7D7FC68B3FFF7DCFCA36A03F094
:1005B0000303984226D1AB79FBB9FFF75BFF237F9A
:1005C00063B12B7853B906F04DF8054600F054FDA1
:1005D0006FF00043002D52D0C4E908030023012529
:1005E000B6F900006376A575FFF72EFDB6F9003069
:1005F000002B47DA0020BDE8F081284B0422C3F825
:100600000423DCE7254B012200215A61C3F80811BD
:1006100094F82810C3F840141A610422C3F8042384
:10062000AA79002ACBD1D3F80423520702D440F28E
:10063000E1419AE71E4A116901F01008116941F081
:1006400010011161D3F808310BB906F09CF9134F72
:10065000D7F8083183B1FFF70DFFB8F1000F04D1CF
:10066000134A136923F0100313610423C7F80833F6
:100670000023C7F80831A2E706F083F9E8E7C4E9E8
:100680000830ABE75A0903F01F039D40024B43F8C3
:100690002250AFE7B028002000E100E000E0105059
:1006A000C8270020942800201100010000081250E3
:1006B00000ED00E040B1012808D1054B1868A0F119
:1006C0002903584258417047012070470020704765
:1006D000942800200F4A38B5137904460D461BB103
:1006E0008D216F2000F086FBFFF7E4FF70B12244FC
:1006F00053790BB1002038BD012320465371FFF719
:1007000003FD29462046FFF7ADFCF3E76FF0150027
:10071000F1E700BFF827002070B50D4D04462E7993
:100720001EB1A4216F2000F065FBFFF7C3FF60B18D
:1007300025446B790BB9002070BD2046FFF7C6FC3D
:1007400020466E71FFF7F4FCF5E76FF01500F3E754
:10075000F827002010B501B3F0B14FF0FF33104A75
:100760001C46E0FB0134944203D9E5216F2000F0E0
:1007700041FB1A0DC3F30F100A4B42EA04324FF249
:100780002444B2FBF4F100EB024003FB1100B0FB88
:10079000F4F040EA0140013010BD0846FCE700BF1C
:1007A0003F420F00000024F4014B9B68184700BF34
:1007B000F8270020014BDB68184700BFF82700200E
:1007C000014B1B69184700BFF827002008B5064BEE
:1007D0001B7923B140F241116F2000F00BFBBDE803
:1007E0000840FFF72BBD00BFF8270020034B1A7904
:1007F0000AB9FFF77DBC988D704700BFF82700202D
:10080000034B1A790AB9FFF779BC988A704700BF81
:10081000F8270020024B1B790BB9FFF741BD704749
:10082000F8270020014B9B69184700BFF8270020DC
:1008300038B51D4C237933B3FFF7C2FF50B91B4DB8
:10084000C5F81001FFF7B0FFD5F81031002BFBD031
:10085000FFF7B0FF154B6022C3F80423636A984783
:10086000002806DB94F82E3023B10123002084F801
:10087000303038BDFFF7D6FF0028F6DA40F2A51178
:100880006F2000F0B7FA0A4BA3610A4BE3610A4BF1
:1008900023620A4BA3600A4BE3600A4B2361FFF714
:1008A000F7FD0028E1D0E4E7F827002000E0105031
:1008B000750401007D6601002D0201006B660100D8
:1008C000716601007766010038B5084B04461D7952
:1008D00025B140F2F9116F2000F08CFAFEF7C4FC4C
:1008E0002046FFF7FFFB284638BD00BFF827002051
:1008F000034610B3007888B91A79012A1ED85A79AC
:10090000012A1BD89A680E49643A8A4216D8D868D8
:100910000C4B98422CBF00200120704701280CD1BD
:100920001A79012A09D85A79012A06D8DA680449BD
:10093000643A8A4201D89868EAE70020704700BF0D
:100940003C8601000040420FF8B5044620B94FF440
:10095000DC716A2000F04EFA90F82C50072900F262
:10096000FB80DFE801F004B2595989939DA490F807
:100970002A30033B012B02D940F2C311E9E70523DA
:1009800080F82A30002380F82D30037893B3237841
:10099000012B39D1FEF7E6FE636894F828606362A4
:1009A000C4E906019EBB714B012231462046DA6044
:1009B0002022C3F84065C3F84061C3F84465C3F81A
:1009C0004461C3F84865C3F84861C3F84C65C3F88F
:1009D0004C61674BC3F8902105F071FE236A3146E4
:1009E000284698470146204600F0EEF8022840F0DD
:1009F000B680F8BDFEF71AFD07460E46FEF7B2FEBA
:100A000087428E41F6D3C2E7D4E90401C4E7204609
:100A1000BDE8F84000F0AEB890F82A30DA1E012A9E
:100A200002D940F2FB1194E790F828202AB1214620
:100A30002846BDE8F84005F028BE042B14BF01236A
:100A40000223022980F82A30036A0AD105212846A8
:100A500098470028CDD00378002BCAD04FF40471FA
:100A600077E70621284698470028C2D00378002B54
:100A7000BFD040F215216CE790F82A30052B02D048
:100A80004FF4077165E7036A0221A9E790F82A305D
:100A9000052B02D040F222215BE7036A01219FE788
:100AA00090F82A30052BB2D04FF40A7151E790F834
:100AB0002A30052B02D040F22D214AE7036A0A2191
:100AC000284698474FF40C7143E790F82A30052BDD
:100AD00007D090F829200AB1032B02D04FF40D71F2
:100AE00037E794F82820002AA1D194F82D3093B14B
:100AF00002230821284684F82D2084F82A30236A0E
:100B0000984700283FF475AF0378002B3FF471AF8E
:100B10004FF410711DE794F8292062B1214694F832
:100B20002B0084F82930FEF727FD00287FF461AF01
:100B300040F245210DE702230721284684F82A3098
:100B4000236A984700283FF454AF0378002B3FF402
:100B500050AF4FF41371FCE640F25121F9E6012841
:100B6000236A0CBF042103213AE700BF005008505C
:100B700000E100E070B50446FEF758FC40F2F9666B
:100B8000656AD4E90632963342F100025B1905F535
:100B9000DF6542F10002B5FBF6F55B1942F1000298
:100BA00083428A4103D207212046FFF7CDFE054C40
:100BB000236813B1984700232360BDE87040FEF717
:100BC00038BC00BF2C28002070B504460D4639B94A
:100BD000012380F82D30FFF7CDFF0226304670BD8F
:100BE0000E78032E6AD801A353F826F0DB0B010020
:100BF000FD0B01005F0C01001B0C01004868C728B9
:100C000001D80026EAE70421FEF71DFD0028F8D1EF
:100C10006968204605F053FDE0E790F82860F6B9D2
:100C20004D682846FFF764FE002847D02B78C3B9EB
:100C3000012222702B79003B18BF012363726B796C
:100C4000002B14BF042302232372AB68A533636017
:100C5000EB6884F829202361032384F82A30204696
:100C6000B9E794F82A30052B04D04FF4CF716A20ED
:100C700000F0C0F826702B7994F82B00003B18BFC9
:100C8000012363726B79002B14BF042302232372A8
:100C9000EB68A968A5336360D4E906325B1842EBC0
:100CA000E1722146C4E90432042384F82A30FEF7B5
:100CB00063FC0028D3D14FF4D071D8E7012384F826
:100CC0002D30CCE72DE9F8438846074688B300F07D
:100CD00035F84FF0000905465FFA89F6B54203D8AA
:100CE0006FF00B00BDE8F883304609F1010900F010
:100CF0002BF890F82A40002CEED1304600F024F872
:100D000005460146048580F82A4080F82C600A4890
:100D1000FEF7B4FB202885F82B0002D16FF02200EB
:100D2000E0E701232F62204685F82A3088F800602A
:100D3000D8E76FF01500D5E749090100014B187994
:100D4000704700BF30280020044B1A79824283BFCD
:100D50001B68302202FB0030002070473028002042
:100D60000A4610F0030110B50AD1074C2271206029
:100D700008B9002010BD30235A4305F09AFEF8E769
:100D80006FF00D00F6E700BF30280020BFF34F8F53
:100D90000549064BCA6802F4E0621343CB60BFF317
:100DA0004F8F00BFFDE700BF00ED00E00400FA0533
:100DB000094B01221B685A604FF0FF32C3F8082329
:100DC0004FF40062054BC3F88820BFF34F8FBFF389
:100DD0006F8FC3F888217047A428002000E100E04D
:100DE00008B572B6024B5B6803B19847FFF7CEFFB8
:100DF000382800201FB572B6144B5C6894B9FFF711
:100E0000C5FFB2FBF6F22B465D1C002AF9D1DBB21E
:100E100003F110056D4405F80C2C0A2233B901A822
:100E2000A047ECE7024600230A26EDE7013BDBB2D0
:100E300003F110050DEB0506B0FBF2F502FB150002
:100E4000303006F80C0C2846E8E700BF38280020B0
:100E5000F8B5294F05460C4616463B78002B47D17E
:100E600000F0B0F9254B1B681C2B06D1244B1B68E6
:100E70001BB99E211120FFF7BDFF05F0F2FB7E603C
:100E8000204B01263C814FF48062C3F8A4601E4BC6
:100E9000C3F89020BFF34F8FBFF36F8FC3F890213B
:100EA000FFF786FF194B002D14BF28461846FFF7A1
:100EB000BFFC0546D0B9FEF7AFFAFFF7ABFC05F073
:100EC00015FCFDF763F908B9BE21D3E7002C0BDB55
:100ED00004F01F036409A4009E4004F1604404F57B
:100EE0006144C4F88061266001233B702846F8BD48
:100EF0004FF0FF35FAE700BF382800209428002083
:100F00009828002000A0085000E100E0D0810400F3
:100F1000074BB3F90830002B09DB5A09012103F014
:100F20001F03994002F14003024A42F82310704720
:100F30003828002000E100E0014B1878704700BF1E
:100F4000382800202DE9F74FFF27454DDFF81481A1
:100F5000B946CDE90012444A1478E4B282F8009010
:100F600004B157704FF0010CDFF800E1EFF3108B84
:100F700072B629684FF0000A009EC1F804C0C1F89B
:100F800000A1C1F804A1C2E9016E019EC2E9056E8B
:100F90000668C1F810654668C1F814658668C1F82E
:100FA0001865C668C1F81C65314EC1F83065103649
:100FB000C1F83865C1F800C0BBF1000F1DD162B6A1
:100FC0001BE0D8F810A01AF0100F17D04FF40061F2
:100FD000284EC6F88811EFF3108A72B64FF0030B53
:100FE0002968C1F804B3D1F800B1BBF1000F01D1F9
:100FF000D1F80411BAF1000FE1D02968D1F800A1AD
:10100000BAF1000F04D1D1F804A1BAF1000FD8D081
:101010004BB10C9E3EB1D1F840A5C3F800A0D1F869
:101020003CA5C6F800A0D1F8041100299ED1A4B9AE
:101030005678F6B254704FF0030C2968C1F808C313
:101040004FF4006CC1F80441C1F800410949C1F8EE
:1010500088C11470002E7FF47FAF03B0BDE8F08F1D
:10106000A428002000ED00E0442800201000000B20
:101070004828002000E100E01A4B4FF4000270B550
:10108000C3F89820BFF34F8FBFF36F8F164C00212A
:10109000164DC4F80011C3F898212E692B6906F08B
:1010A000100643F010032B610123C4F804332360BE
:1010B000D4F800319BB11EB92B6923F010032B61CA
:1010C0000123D4F808054FF400026360C4F8083324
:1010D0000023C4F80031034BC3F8982170BD05F01C
:1010E00050FCE5E700E100E000700D5000ED00E08D
:1010F00038B50B49042301EBC302157905F0FF0451
:101100002DB1013BF7D240216920FFF773FE41F872
:10111000330001215471D8B29471117138BD00BFF0
:1011200068280020042808B503D947216920FFF763
:1011300061FE034B002203EBC0031A7108BD00BF20
:1011400068280020042808B503D950216920FFF73A
:1011500051FE094B03EBC0000379012B01D0512153
:10116000F4E7437982790133DBB29A4218BF4371C5
:10117000BDE80840FFF7CCBE6828002038B505243C
:101180000F4D95F8281005EBC1031A79012A09D1F2
:1011900058799A79904205D05A79D2B29A7155F815
:1011A0003130984795F82830013C0133DBB2052BEC
:1011B00028BF002314F0FF0485F82830E1D138BDA2
:1011C000682800201249134BD1F84023292AF0B592
:1011D0001A60D1F8447312D0272A00D17FB10E4A89
:1011E00040F205100D4E46210D4D0E4CC3E9017223
:1011F000C3E90326C3E90554C3E90701F0BD0A4A60
:101200004FF48770074E4A21084D094CEEE700BFA6
:1012100000C0FF00942800200060045000700450BB
:101220000030045000B0045000A0045000400450AE
:1012300000E00450094B0A4AC3F800230132C3F806
:101240000C230132C3F818230132C3F820230132E2
:10125000C3F81C230132C3F81021704700A00850C6
:1012600004000080074B0022C3F80023C3F80C23BE
:10127000C3F81823C3F82023C3F81C23C3F8102194
:10128000704700BF00A00850844641EA000313F0F5
:10129000030359D1403A33D3F0B4F0C9F0C0F0C9D8
:1012A000F0C0F0C9F0C0F0C9F0C0403AF5D2F0BCCF
:1012B00026E0403A24D300BF0B6803604B684360CC
:1012C0008B688360CB68C3600B6903614B694361C2
:1012D0008B698361CB69C3610B6A03624B6A4362AA
:1012E0008B6A8362CB6AC3620B6B03634B6B436392
:1012F0008B6B8363CB6BC36340304031403ADBD2AE
:1013000030320BD30B6803604B6843608B6883609B
:10131000CB68C36010301031103AF3D20C3205D3D1
:1013200051F8043B40F8043B043AF9D2043208D0A7
:10133000D2071CBF11F8013B00F8013B01D30B8819
:1013400003806046704700BF082A13D38B07B0D0D4
:1013500010F00303ADD0C3F10403D21ADB071CBFA6
:1013600011F8013B00F8013BA3D331F8023B20F810
:10137000023B9EE7043AD9D3013A11F8013B00F849
:10138000013BF9D20B7803704B7843708B788370F4
:1013900060467047014B1B681B68184760050020BA
:1013A000014B1B685B68184760050020014B1B68F8
:1013B0009B68184760050020014B1B681B69184794
:1013C00060050020034B1868034BC01A18BF0120AA
:1013D000704700BF600500206805002053B94AB976
:1013E000002908BF00281CBF4FF0FF314FF0FF302D
:1013F00000F00CB8ADF1080C6DE904CE05F0A4FBCB
:10140000DDF804E0DDE9022304B07047704700BF57
:10141000F4F798BE02F017BE02F018BE38B50546C4
:101420000C46EFF7A9FC30B13E2D04D12046BDE8B3
:101430003840EFF7D9BC38BD1FB5014601A800F010
:1014400006F801A803F0F2FC05B05DF804FB0B8878
:10145000C3F30B0383804B88C380002343724B7814
:10146000C3F30113012B03D09A1E534253415B0077
:1014700004310372016070478B88043010B500F8A6
:10148000043C0C4610F8033C03F0F00300F8033C66
:101490008A88C2F30322134300F8033C03F0CF030E
:1014A000CA8800F8022CCA8800F8033C120A00F827
:1014B000012C0A7A120102F03002134303F03F03B9
:1014C00000F8033C4A7A43EA821300F8033C0968B7
:1014D000814205D0E288FB2A28BFFB22FFF7D4FE19
:1014E000E0880430C0B210BD8B880A46043010B4C6
:1014F00000F8043C10F8033C03F0F00300F8033C50
:101500008988C1F303210B4300F8033C03F0CF03A8
:10151000D18800F8021C10F8011C01F0C00100F88D
:10152000011CD48800F8033CC4F30524214300F8CF
:10153000011C01F03F01147A240104F0300423431C
:1015400003F0BF0300F8033C547A00F8011C43EA9F
:10155000841303F07F0300F8033C1168814203D039
:10156000D28810BCFFF790BE10BC70472DE9F04147
:101570000B7805460C46013B832B00F2B882DFE86E
:1015800013F0930097009B004C01B60214011A015E
:10159000200126012C013001320142014801840062
:1015A000B602A000B602A40036013C0156015C015F
:1015B0005001B6026201B6027501A501AB01B1018D
:1015C000B602B701C201C801B602F90107026302FF
:1015D000410255025D0247024F020D02B6021B0294
:1015E000210227022D02330237023B029E02A4028F
:1015F000AA02B00269026F028D027502B602B6023B
:10160000B602B602B602B602B602B602B602B6021A
:10161000B602B602B602B602B602B602B602B6020A
:10162000B602B602B602B602B602B602B602B602FA
:10163000B602B602B602B602B602B602B602B602EA
:10164000B602B602B602B602B602B602B602B602DA
:10165000B602B602B602B602B602B602B602B602CA
:10166000B602B602B602B602B602B602B602B602BA
:10167000B602B602B602B602B602B602B602B602AA
:10168000B602B6027B02810287020E23B1F8032064
:101690000B7042F283039A4203D03221C720EFF746
:1016A0009BF80623637047E10C230B700823F9E7CE
:1016B0001A230B700123F5E73E230B700223A3705E
:1016C0003AE13E230B700B23F9E72920EFF78CFB5F
:1016D00028B13E232370222363702923EFE70A20D9
:1016E000EFF782FB3E2305F1080204F108012B709D
:1016F000A0B30A231F26AB70E378EB70A3882B718D
:10170000A3881B0A6B71A379AB71E379EB71A368B2
:10171000AB608B889380D4F80E30C5F80E30638AA6
:101720006B8263696B61238B2B83638BAB76638BDB
:101730001B0AEB76A38B2B77A38B1B0A6B77E38BB0
:10174000AB77E38B1B0AEB7794F8203085F82030D9
:10175000B21C6E7096B23046BDE8F08101231326AC
:10176000AB70E378EB70A3882B71A3881B0A6B71B5
:10177000A379AB71E37903F00103EB71A368AB606C
:101780008B889380638BAB73638B1B0AEB73A38B88
:101790002B74A38B1B0A6B74E38BAB74E38B1B0A58
:1017A000EB7494F820302B75D2E73E230B700423A2
:1017B0004B70142383E73E230B700C234B700423E0
:1017C0007DE73E230B700A234B70032377E73E230C
:1017D0000B700D234B70052371E705232370042341
:1017E00060E70823FAE730230B7003235AE73E2310
:1017F0000B700B234B70072361E73E230B7006230E
:101800004B700C235BE713230B708B789B00013329
:1018100048E757230B70022344E73E230B700D2348
:101820004DE73E230B7001234B70112347E73E2306
:101830000B7006234B70122341E73E230B700923E4
:101840004B7013233BE73E2303702420EFF7CCFAC1
:1018500010B12423132601E00E230F263246A11CCB
:10186000E81CAB700136FFF70FFD71E73E230370F4
:101870002520EFF7B9FAC0B125230A26AB70D4F8BA
:101880000230C5F80330D4F80630C5F80730638954
:10189000A5F80B30F01CE27A04F10C012844FFF7A4
:1018A000F3FCE37A01331E4452E70F230726AB70A3
:1018B0006388A5F8033023796B716379AB71A379E1
:1018C000EB71A37A2B72E37A6B72E3E73E230B7022
:1018D00003234B701023F2E63E230B7005234B705D
:1018E0002023ECE63E230B7009234B702123E6E610
:1018F0003E2303702620EFF777FA10B12623172630
:10190000ACE71823A6E73E230B7004234B70272374
:10191000D5E63E230027037028233A468370D1F88A
:101920000230C0F80330A979FBB299420CD80532D5
:1019300096B2002E7FF40CAF667821462846023618
:101940003246FFF7A1FC06E7961DD31D0137A259C9
:10195000A119E818EA50063131F8023C063020F8A7
:10196000023C10F8018C4246FFF78EFC06EB0802A1
:1019700092B2D8E73E232A200B70EFF735FA18B160
:101980002B2363702A239AE61D236370192396E69E
:101990003E230B7007234B701A2390E63E23F4205E
:1019A0000B70EFF721FA18B1F423A370232379E623
:1019B0002C23A370202375E63E230B704C234B7021
:1019C0002D237CE63E230B7004234B702E2376E6FA
:1019D0003E230B7022234B702F2370E63E230B70A7
:1019E00016234B7030236AE63E230B70312366E6E4
:1019F0003E230B70322362E63E230B7002234B70B2
:101A000033235CE63E230B7014234B70222356E6EF
:101A10003E230B700B7C5B000F334B701D234EE697
:101A20003E230B7003234B701E2348E63E230B70AE
:101A30000B7D5B0013334B701B2340E63E230B7082
:101A400003234B701C233AE63E230B7005234B7097
:101A50001F2334E6FF230B700B234B70A2232EE6CB
:101A6000FF230B7005234B70A32328E6FF230B7085
:101A70000D234B70802322E6FF230B700D234B7048
:101A800082231CE6FF230B7002234B70832316E690
:101A9000FF230B7004234B70842310E6FF23C21C2A
:101AA000037081238370D1F8033003F1280153F8C8
:101AB000040B8B4242F8040BF9D1292648E63E2359
:101AC0000B700C234B702323F9E53E230B700E2380
:101AD0004B703723F3E53E230B700A234B703523FD
:101AE000EDE53E230B70FE234B702B23E7E540F220
:101AF0006721D3E508B510B96FF0150008BDFFF7F1
:101B00009BFC0028F8D00020F8E710B50C4648B13F
:101B100041B1EFF7BDF8002820700CBF6FF0220034
:101B2000002010BD6FF01500FBE708B5EFF742F994
:101B3000002008BD01F04BBD0346022200201A70B0
:101B4000052258709A709B22D8705A716FF07002FB
:101B500018719A716FF05302DA716FF03C021A72C9
:101B60001D225A7242229A726FF05102DA72704745
:101B700001F08ABD70B50446FBF71EF90128054641
:101B80001AD1601CFBF720F9B0B1A3790020E61D43
:101B900063F03F03A371F4F701FE38B11022002176
:101BA000304604F086FF0020257070BD3046FBF7FC
:101BB0001FF90028F2D0F6E70025F4E710B5044637
:101BC0001022002104F075FF04F1100310220021FF
:101BD000184604F06EFFFBF725F90020F4F7DEFD50
:101BE00020B12046FBF704F9002010BDFBF7E4F814
:101BF0000028F6D0F8E710B50446FFF73DFAB0F537
:101C0000007F09DA10F5007F08DD031EB8BF03333B
:101C10009B100020237010BD7F23FAE76FF07E0336
:101C2000F7E71FB5002341F64B524178CDF80A3053
:101C3000D0F80230934295BF4FF47A7240F2E242FC
:101C4000B3FBF2F3B3FBF2F398BF03F550630278F2
:101C50009BB242EA0122ADF80230ADF80020ADF8A7
:101C60000430C279837943EA0223ADF80630427A20
:101C7000037A684643EA0223ADF8083001F0E2FD3A
:101C800005B05DF804FB02F0B6B90078003818BF63
:101C9000012001F0C1BDF4F701BA8178008802F09B
:101CA00076B902F091B937B505460C4600880DF1BA
:101CB000060101F0B6FD2B882380BDF80630638055
:101CC00003B030BDF4F7F2B9F4F7FCB9F4F718BA81
:101CD00002F0BEB901F069BC01F0CBBC08B5EFF76A
:101CE0007BF8002008BDF3F743BE01F0A0BE01F071
:101CF000DDBCF4F763B901F0A8BC02F0C9B802F08A
:101D000025B802F0F8B8F4F727B801F06BBD01F080
:101D100015BE01F0D9BC01F067BE01F0A1BC01F015
:101D200050BC03880B8002F017B903880B8002F0C7
:101D300021B901F0F0BCF3F7ADBEF3F793BE01F0AB
:101D40001DBD02F086B801F07ABE01F0ABBE02F014
:101D5000B4B802F010B802F041B802F02AB802F0AC
:101D600032B801F0CCBE01F0D8BEF3F789BF01F064
:101D700016BD01F049BC01F058BCF3F7AFBDF4F754
:101D8000D9B902F048B9F3F7FDBDF3F78DBEF8B548
:101D9000941C0E46054617460C446343B3F5004FAA
:101DA000A8BF4FF0FF3310F003019CB203D0B02165
:101DB0001420EEF711FDB4F5004F01D9B121F7E77A
:101DC0001422043004F075FEEF746C802E80F8BD90
:101DD00038B50388C4888B420589C4F30E0203D248
:101DE000D1211420EEF7F8FC84EA0503C3F30E03B7
:101DF0000BB9AC4206D102F118030122C152827420
:101E0000184438BD1846FCE7023101444A43B2F594
:101E1000004FA8BF4FF0FF3290B21B3020F00300FC
:101E2000B0F5004F34BF00B24FF0FF30704740882C
:101E30001B3020F00300B0F5004F34BF00B24FF06C
:101E4000FF3080B2704738B503888B4203D2F72148
:101E50001420EEF7C1FC857C65B1C388C3F30E0383
:101E60001833C25A8A4207D3C152811DEEF7E4FFEC
:101E700000238374284638BD0025FBE7034618304D
:101E8000F0B59E88DD88B4B2C6F30E06A54214D024
:101E90005F89DD7C845B3D44E41B0235A4B235449C
:101EA00028440D88A54284BF0C8025465989B1FA83
:101EB00081F149091170DD81F0BD00252846FAE75E
:101EC000F8B582880026C38904460D4692B20E609A
:101ED000CBB14189C2F30E020B4418329BB2871872
:101EE000825A4381934204D94FF4A2711420EEF731
:101EF00073FC04D1011DEEF79FFF46812F60002384
:101F00000120E381F8BD1846FCE783880146028979
:101F10009BB29A4202D00831EEF78EBF7047838899
:101F2000C0889BB2C31A584258417047828873B523
:101F300095B2C488C2F30E02AC4202F1180212D06C
:101F40004189C689835A314499420EDB0DF106015D
:101F5000ADF80650EEF770FFBDF80600001B18BF85
:101F6000012002B070BD0020FBE70120F9E770B549
:101F7000C488034606891830C4F30E0584EA0602B5
:101F8000C2F30E020AB9B4420FD19C891A880CB16F
:101F9000465B921B914207DCDA7C2C4402322244DD
:101FA00010440A461A8270BD00221046FAE7F8B5BE
:101FB000038A002B38D08B4236D3C48800F1180333
:101FC0008589C4F30E041E1995B91D557570858950
:101FD0001E5B0D443144ADB285811953D2B1811DD0
:101FE000EEF72AFF00238381002303820120F8BD3E
:101FF0001E5BAE4204D04FF4F6711420EEF7ECFBFA
:10200000C57C2644878A023535445E195F53857D39
:10201000B570DCE7C27C254402322A4499189B5AE9
:1020200083828B788375DFE70020E0E78388C288AE
:102030009BB29A4206D0428922B9C3F30E031833E9
:102040001844704700207047C37C0233C81870479B
:102050000230704738B58388C2889BB29A4209D053
:1020600043893BB9C5893DB9011DEEF7E5FEC58140
:10207000012038BD0020FCE71846FAE700238381E1
:102080000382704703881380C388C3F30E03183399
:10209000034480890B6070470368002223B9C0E9BC
:1020A0000132031D0360704759681B680A44F5E755
:1020B0000729034670B504D84FF4EC711520EEF7EC
:1020C0008BFB0068C0B1446806461A688C4210D089
:1020D000106860B901F10805AC420DD35468505046
:1020E0001868651A541800686560505002E013467D
:1020F000E9E7146830461C6070BD0023C1E9003276
:1021000003680B600160704730B590B18478B1FB13
:10211000F4F304FB131300EB430252898A4201D10A
:10212000D8B230BDC27822B900F10803D0B28442DF
:1021300001D8FF20F5E733F8025F01328D42F5D177
:10214000EFE78278038805324B4303EB42031844E0
:10215000704737B500240546CDE900448DF80600E8
:102160006846ADF80440EFF751F8BDF8044008B1F7
:1021700003B030BD29462046EFF724F80028EFD001
:1021800040F215211720EEF727FB70B51E460D46CD
:102190000921FFF739FE0446324609212846FFF798
:1021A00033FE40EA04031B0454BF00194FF0FF3014
:1021B00070BDD31D23F0070370B5083390B110F044
:1021C000070403D058212220EEF706FB04604FF6E7
:1021D000FF75C28000F108040A468180013A92B27C
:1021E000AA4203D103FB01F0083070BD06682660E7
:1021F00004601C44F2E718B1C2888188FFF7D9BF98
:1022000070470346EFF3108272B6006830B1016880
:1022100019600023037043708370C37002B962B603
:102220007047EFF3108372B602680A60016003B969
:1022300062B67047012303707047F8B50C46054637
:1022400011461E4684F001046400E4B2FF2383704B
:1022500003191B7D012B05D00134E4B203191B7D4A
:10226000012B0AD105EB44073B8B3A8C981990421D
:1022700005DD00232C443B8323750020F8BD05EBCE
:102280008404324660681844FEF7FEFF3B8B1E4410
:102290003E830023AB700120F0E781F0010149008B
:1022A00010B5C9B2FF23837043181C7D012C07D1E0
:1022B0000C3120F8112002221A750023837010BD02
:1022C0000131C9B243181C7D012CF1D04FF48C713F
:1022D0000920EEF781FA024630B5837803F0FF005B
:1022E000F3B9137D022B19D0537D022B15D1034670
:1022F000012089B10024D5180C332C7522F8134025
:10230000131803241C7502EB80035B680B6000F15B
:102310000C0332F813308B80012030BD0123E8E735
:102320000020FAE7034630B5827802F0FF00E2B9F8
:102330009A7D022A17D0DC7D022C13D1032281B1B1
:102340001D1900200C34287523F814009818032454
:10235000047503EB82000C32406833F812300860D9
:102360008B80012030BD0324E9E70020FAE7037DDC
:10237000012B01D1008B7047437D012B0CBF408B9B
:1023800000207047837D012B01D1808B7047C37D76
:10239000012B0CBFC08B00207047038B23B9408BEF
:1023A000003818BF0120704701207047838B23B984
:1023B000C08B003818BF0120704701207047027D94
:1023C000022A01D1008B7047437D022B01D1408B43
:1023D0007047032AF6D0032BF9D000207047827D86
:1023E000022A01D1808B7047C37D022B01D1C08BA3
:1023F0007047032AF6D0032BF9D0002070472DE94F
:10240000F0410646069898460D46430711469DF84A
:102410001C7002D010F0030003D025214C20EEF7F1
:10242000DBF94FF48B72FFF7C4FE002F06AB0446B6
:1024300000FB08F114BF00201846EEF71FFD17B986
:10244000069B33602C60BDE8F081EFF7C5B82DE93D
:10245000F0410D460446084691F8008002F079FCF0
:102460000746284608F0030802F06FFC0646284697
:1024700002F073FC6B78E070204684F8008067708F
:10248000A670A380BDE8F08169B1C31E012B09D9F4
:10249000CB1E012B06D9012805D001290CBF012034
:1024A000022070470420704710B50446F4F7B4FFCB
:1024B00030B1032C04D10120BDE81040FDF7BCB9B8
:1024C00010BDEFF7F1B8012807D1487900F0C0003E
:1024D000A0F14003584258417047002070474FF424
:1024E0002E71322008B5EEF777F913B503460C4686
:1024F00090F8DE2002F0FF0032B1A3F1360000F0C8
:10250000E0FB18230420237002B010BD38B5044648
:102510000D4600F036FC94F87030012B03D094F88F
:102520007030002BF7D13F220021204604F0C1FA81
:102530000722002384F8585084F84B2040F20112FF
:1025400084F8543084F8A530A4F84C20636684F8ED
:102550009430C4F8903084F8A63038BD0023A0F839
:10256000213180F8233180F87030704708B5EFF7DB
:1025700053FFBDE80840F0F7B3B908B5EFF74CFFDB
:10258000FBF734F9BDE80840F0F714BA08B5EFF7E7
:1025900043FFF0F789F9FBF729F9BDE80840F0F7A8
:1025A00009BA08B5EFF738FFF0F7BAFD012008BD0A
:1025B00008B5EFF731FFFBF719F9032008BD08B59F
:1025C000EFF72AFFF0F770F9FBF710F9032008BDC9
:1025D0000321F1F7F3B90121F1F7F0B990F83E00CA
:1025E000003818BF0120704710B5012104460020B3
:1025F000EEF7D2FD10B12146FFF788FF0121084612
:10260000EEF7CAFD10B12146FFF780FFBDE810408C
:10261000F1F73ABEF1F78CBB90F8400000F0FD00F6
:10262000003818BF0120F4F7B9B801F0FD0380F8B5
:102630005510B3FA83F35B0980F84C3070472DE9ED
:10264000F041D0F8C8509DF81840954233D190F829
:1026500040208A422FD1002690F81DC104F0020EBE
:1026600032463146F5B2AC4506D204F00500431AB5
:1026700058425841BDE8F081471997F82471A7F1F5
:102680000308B8F1010F11D841F00401BEF1000FA9
:102690000ED100EB850553F822700136D5F8CC50E9
:1026A0002B35BD4207D10132D2B2DBE73943F0E727
:1026B0000132D2B2EDE70020DCE7012938B504464B
:1026C00001D1F0F7F1F894F8543004F16C0513F0EF
:1026D000030F02D02846F1F779FE2846F1F72AFECB
:1026E0002046BDE83840FFF739BFA03001F04FBDAC
:1026F00038B5012104460020EEF74EFD20B940F622
:10270000CC213220EEF768F8637880F854302278D4
:1027100012F001031CBF012180F82411910705D597
:10272000C11801330225DBB281F82451520742BFA0
:102730001B18042283F82421A37880F84030E17824
:10274000FFF773FF237980F84B30637980F85730B7
:1027500038BD10B504466C30F1F738FE2046BDE8B0
:102760001040FFF7FBBE082970B50646154608461F
:102770001C460CD01946F4F751F918B9C121332081
:10278000EEF72AF8237843F00203237070BD737CC0
:10279000237073681A682A609B88AB80F6E7036829
:1027A00063B1EFF3108272B603681968016002B971
:1027B00062B600221A705A709A70DA70704733301D
:1027C00070471FB5002403949DF9204002949DF8A2
:1027D0001C4001949DF818400094F1F735FB04B0BB
:1027E00010BD1FB503939DF91830CDE90123FF23D8
:1027F000042200930023F1F727FB05B05DF804FBEA
:1028000018B1407BFF3818BF0120704708B520B9C8
:102810004FF490613320EDF7DFFFC07EFF3818BF23
:10282000012008BD08B520B94FF491613320EDF7C0
:10283000D3FF807DFF3818BF012008BD70B50C465E
:102840000546164602F03CF86074284602F043F84C
:10285000062EA07407D8012303FA06F212F0550FD2
:1028600006D19E4212D000236370C4E9013313E005
:102870006370EB1C63600023A3606B78063B13F06E
:10288000FF030AD009352374E56070BD032363702C
:10289000EB1809356360A56000231D46F3E738B5E2
:1028A0000D46C178044611F03F0105D12846282283
:1028B000BDE8384004F0FDB802F002F86874204624
:1028C00002F009F8A87423796B70E078830900F0AE
:1028D0003F002B70227912F001011ABF611D0B23FA
:1028E0000523696012F002011CBFE1180633A960DC
:1028F00018BFDBB2510744BF0133DBB212F008014D
:102900001CBFE1180233696118BFDBB212F010017D
:102910001CBFE1180333A96118BFDBB212F020011C
:102920001EBFE1181233DBB212F04002E96100F180
:1029300004011EBFE2180133DBB22A62C91A11F08A
:10294000FF0114BFE2180A466A626278013A121A5D
:10295000D2B22A741AB10B441C44EC6038BDEA6050
:10296000FCE7027802F00F02072A01D1FFF797BFB8
:10297000FFF764BF0378012B1ED0022B14D053B392
:102980000339012907D84378DA0641BF23F0400311
:10299000437000230362437823F020034370002335
:1029A000C3610374C36070474378002223F00303BC
:1029B000426082604370E3E74378022923F0020318
:1029C00043704FF000038360E5D04278436063F3C7
:1029D00000024270D4E7CA1E012A0FD8427812F0D2
:1029E000100F06D1437823F008034370002343619E
:1029F000C6E722F003024360836042704378DB063F
:102A0000F0D5BDE7012381F001010370437003712C
:102A100000238170C3704371704730B501250024D5
:102A2000AB4284700571C570447107D0022B01D090
:102A300063B130BD047044704571FAE79DF80C3005
:102A40009A1E5342534103704370F2E70170427083
:102A50000371C370EDE703782BB14B7823F00103CA
:102A60004B7000234B6043782BB14B7823F002036B
:102A70004B7000238B6003792BB14B7823F020033C
:102A80004B700023CB6183782BB14B7823F0080384
:102A90004B7000234B61C3782BB14B7823F01003AC
:102AA0004B7000238B61437913B100230B74CB600F
:102AB00070474378002223F022038260C261437092
:102AC000704708B5D0F8E830D21A04D54FF46971D0
:102AD0002120EDF781FED0F8C800B2FBF0F008BD70
:102AE000022808B510D005D801280FD0FD219E205E
:102AF000EDF772FEC31E012BF8D8042840F2BE2069
:102B000008BF4FF4D26008BD6020FCE74FF4BC70F2
:102B1000F9E770B50D4606460846FFF7E1FF0446A3
:102B20002846FBF795F900F522434FF47A728C346E
:102B3000B133A4B2B3FBF2F31819D6F8103113B1C4
:102B4000012D08BF400070BD38B50D46044620B9C0
:102B500040F24D712120EDF73FFE91B1F5F7F6FB04
:102B600010B940F25371F5E7D5E90032A9685B1856
:102B700042F10002C4E97232B5F92430A4F8EC3114
:102B800038BD00220023C0E97223F9E7002110B507
:102B90000B4690F81D41CAB2944205D2D0F8C80045
:102BA000C31A5842584110BD00EB82022B33013149
:102BB000D2F8CC201344EEE72DE9F0411E46D0F8C0
:102BC0001031804617462BB1FFF7E0FF0130C0B24D
:102BD000BDE8F081D0F8C8400725A4FB0545FFF704
:102BE000D5FF50B1D8E92C23A41845EB0303A74225
:102BF00076EB03030AD20320EAE7D8E93032E4187F
:102C000045EB0205A74276EB050501D20220DFE77E
:102C10000120DDE72DE9F0410446FCF707FC0746FB
:102C200088462046D4E92C23FFF7C6FF0646FCF76A
:102C300075FD1828034641D9421CD4E9361513D036
:102C40004218AA42D4E92A2028BF6B1AD21B60EB93
:102C50000800012A70F100054FF000052CDB9342BB
:102C6000854100DB13465D186D1A41F288339D42A1
:102C700028BF1D46FCF7DAFBC7F1320303449D422F
:102C80001CD331462846FCF7DEFCB8B9D4F8E02066
:102C9000D4F8D830A818D4F8DC202B44C4F8E000CD
:102CA0009342C4F8D83003D1D4E93A23C4E930239D
:102CB000BDE8F041FCF7ACBD2B46D4E70020BDE8F1
:102CC000F08170B5044690F8143103F0FF05002B35
:102CD00055D0FF2380F8153190F81701FCF77EFCE2
:102CE00094F81701FCF724FD94F81E01FCF776FC1C
:102CF00094F81E01FCF71CFD00212046FFF7DDFCC7
:102D000094F8163104F1E805F3B1D4F808312BB387
:102D10002846F5F7EDFA002384F8153194F816519A
:102D200015F0FF0518BF0C2584F81631C4F81031D2
:102D300084F8143194F81701FCF790FB90B940F235
:102D4000F9212120EDF748FDD4F8100130B1D4F875
:102D500008311BB900F5E470F5F760FA2846F5F77D
:102D60005DFAD8E7202694F81E0184F81761FCF775
:102D700075FB10B940F2FD21E3E784F81E61284697
:102D800070BD10B5044690F814310BB1FFF799FFF0
:102D90000023A4F80C3110BD90F86C00003818BF67
:102DA00001207047D0F810310BB1FFF78ABF0C201B
:102DB0007047F8B506460F4690F8153103F0FF044A
:102DC000002B39D1FCF732FB054696F82001062F7F
:102DD0002AD8DFE807F0043333222E333300FFF71D
:102DE0007FFE00F19804A4B2D6F8B020D6F8D8300F
:102DF000AD1A8C3B2544AB428CBF012400240AD879
:102E00003046FFF707FF30B1D6F8D8408C3CA542DA
:102E10002CBF002401242046F8BD0338012898BFA8
:102E2000282404F55774DFE740F246312120EDF7FE
:102E3000D3FC40F20124D7E70024ECE70124EAE7C1
:102E4000F8B50C46054601F5E4770021D4F8D00129
:102E5000F5F734FAA842064606D18268D4F8D03194
:102E60009A420DD2816959B131463846F5F7F4F9E5
:102E7000002331462B622046BDE8F840FFF764BED0
:102E8000E9692F629A422CBFAA60AB60F3E710B5E4
:102E900004460020F1F79EFD2046BDE81040FFF7F4
:102EA00070BF034690F8142102F0FF0022B1B3F97D
:102EB0000C01003818BF012070472DE9F04104468D
:102EC00088B0072900F2CB80DFE801F00490757527
:102ED00070C993C690F8153103F0FF064BB101217C
:102EE000FFF7EBFBFAF7DEFC08B0BDE8F041FCF7BA
:102EF000A0BAFCF737FC02460B4607468846C4E9F1
:102F00002C012046FFF7DDFD94F81D110294059673
:102F1000E1B1D4F8E850D4F8C8207B1BB3FBF2F33E
:102F200002FB035533467D1BDAB2013304EB820208
:102F3000D2F8CC2002F12B0CAC459EBF2B3D0136C4
:102F4000AD1ADAB298BFF6B29142EDD2B4F822319E
:102F500084F81C61C3F30C038DF81860C3B1D4F876
:102F600018310020039303238DF810308DF81900D9
:102F700002A8F0F7C9FED4F8D8008238C4F8E000FF
:102F8000FCF746FC90BB40F293112120EDF724FCA6
:102F9000B0FA80F03A46434640098DF810002046CA
:102FA000FFF78FFD003818BF0120DFE708B0BDE84C
:102FB000F041FAF70FBEB0F82231C3F30C030BB1A6
:102FC000FFF7C7FB0022012302A920460092F1F778
:102FD0001BFD40B102A994F81701FCF7CDFA28B9FE
:102FE00040F28771D1E72046F0F7E2FE08B0BDE875
:102FF000F08190F8153123B108B0BDE8F041F0F749
:1030000097BEB0F82231C3F30C0313B390F820310C
:10301000033B012BF0D890F81F31002BECD101219C
:1030200080F81F1144F23650FCF70DFB0028E3D165
:1030300044F23650D4F8D8300344C4F8D830D4F829
:10304000E0301844C4F8E000FCF7E2FB0028CDD1E2
:10305000D2E7FFF7DFFDF9E740F2C91195E740F24B
:10306000CD1192E730B5044689B00D4690F8142191
:1030700002F0FF0322B140F26A212120EDF7ACFB00
:10308000FF2280F8142180F8153180F81C31A0F857
:103090000C31FFF77BFDD0B994F81D110346C2B285
:1030A00091420CD2C4F8F0300122002302A920463C
:1030B0000095F1F7A9FC68B940F27F21DDE704EB48
:1030C00082022B330130D2F8CC201344E7E741F2DF
:1030D0008833E7E702A994F81701FCF74DFA10B915
:1030E0004FF42071C9E709B030BD70B504460D46F4
:1030F00090F8143123B140F29A212120EDF76CFBB6
:1031000011B940F29B21F8E7F1F7B6FA064670B123
:10311000C4F8105195F8F03103F0FF0113B14FF4EA
:103120002971EAE784F816112046FFF79BFF304625
:1031300070BD70B505460E46F1F79EFA044618B10B
:1031400031462846FFF78EFF204670BD10B5044675
:1031500088B090F8152102F0FF039AB91A4602A927
:103160000093F1F751FC50B102A994F81701FCF754
:1031700003FA38B940F26E712120EDF72DFB20469D
:10318000F0F716FEFAF78EFB08B0BDE81040FCF72A
:1031900050B910B50E21EDF7C3FF044618B96521EB
:1031A0005320EDF719FB4FF4B872002103F081FCB6
:1031B00041F20143A4F8F030012384F8133110BD2B
:1031C00000F0FD00003818BF012070476FF4506315
:1031D000C318062B8EBF40F2E243A0F550604FF4B7
:1031E0007A735843704720B190F81202003818BF24
:1031F0000120704790F8F031DBB290F8B0202AB986
:1032000003F0FB00003818BF012070470020704712
:1032100090F80432DBB290F8B0202AB903F0FB003A
:10322000003818BF01207047002070472DE9F8438F
:1032300080461746B0F86660B0F8685089B303F06E
:10324000F3F80446022101F0D3F981460221204619
:1032500001F0CEF94E45B8F8003028BF4E463B800D
:10326000B6B21B2E38BF1B26FB2E28BFFB2685427D
:1032700028BF05467E80ADB21B2D38BF1B25FB2D18
:1032800028BFFB25B4F5A47F38BF4FF4A474FD809C
:10329000B4F5296F28BF4FF42964BC803C81BDE898
:1032A000F88302F0ABFBCCE7002307B5CDE9003390
:1032B00003238DF806306846EDF7A8FF08B100201B
:1032C00004E0009802F02CFC0028F4D003B05DF874
:1032D00004FB1FB5002240F6881303A90092FAF7F9
:1032E0002BFF05B05DF804FB70B505460C4602F0F7
:1032F00017FCF0B9284602F06FFDD0B90421204632
:10330000EDF74AFF064678B906212046EDF744FF5F
:10331000054680B903212046EDF754FF88B141F6F8
:10332000BB213920EDF758FA403002F07DFA002831
:10333000EAD00C2010E0403002F076FA0028E9D004
:10334000F7E73EB104212046EDF73CFF10B141F60E
:10335000C221E6E70DB9002070BD06212046EDF739
:1033600031FF0028F7D041F6C921DAE738B5054624
:103370000C461AB11F2914D9122038BDEEF746F8B1
:10338000A04210D3284602F01EFE08B11F2CF3D82D
:10339000284602F078FD40B12146284602F0ACFDF7
:1033A00028B10020E9E70720E7E74220E5E74520CC
:1033B000E3E738B5054602F066FDE8B1284602F0BD
:1033C000AFFB08B9002038BD284602F0DDFA0446FC
:1033D000284602F0DCFA88B9002CF3D02088F3F7F5
:1033E0002FF902212088EDF7EDFE0028EAD041F602
:1033F000EB413920EDF7F0F94220E4E70C20E2E759
:10340000037840680BB9FFF7F5BEFFF701BFF0B5D1
:1034100087B00546008801A901F042F8044600285B
:103420007BD1029B93F86221D11E4A424A418DF81A
:1034300002209DF80420002A72D193F88F201F2AC1
:1034400072D19DF8022082F0010293F8E0308DF8ED
:1034500003209B0603D49DF80330002B68D0EB8833
:103460001B3B9BB2E02B65D8298944F24810A1F59B
:10347000A4739BB283425DD86B881B3B9BB2E02B4D
:1034800058D8AA88A2F5A4739BB2834252D8B1F54A
:10349000296F51D8B2F5296F4ED8029EFF2786F8C2
:1034A00023719DF80230002B40D19DF8041003AA2F
:1034B0003046B1FA81F14909FFF7B8FE6A88BDF8D4
:1034C000123040F64800BDF814109342B5F806C01B
:1034D00028BF13468142AA88A6F8283128BF014692
:1034E000BDF80E30634528BF6346A6F82431BDF809
:1034F0001030834228BF03462889834228BF0346F1
:103500008A42A6F82631134628BF0B46A6F82A3170
:1035100086F82271002386F82331204607B0F0BDDB
:10352000D3F8802092068CD422468EE73A24F1E725
:103530001A24F2E71224F0E71124EEE710B504464E
:10354000FFF7B2FE58B901210020EDF725FED0B9F2
:1035500001210846EDF720FED8B9012009E0F2F775
:10356000D7FE68B1F1F752FF044602F015FD08B12D
:10357000002010BD204602F00BFD0028E3D0F7E745
:10358000002CE0D1F4E7A830FFF706FC0028DFD0DC
:10359000EEE7A830FFF700FC80F00100C0B2E8E7DA
:1035A00008B5F2F791FE002008BD102243F2200377
:1035B0000270C2705922A0F801308280C3800020BE
:1035C0007047082108B5EDF755FB002008BD73B51D
:1035D00006460D460088694600F062FF044688B939
:1035E000B3785BB9019B93F97C00A87033882B807A
:1035F000F3F7A0FBA870204602B070BD7F20FFF754
:1036000068FEF2E70224F6E710B504466FF07F008B
:10361000FFF75FFEF3F78EFB20707F20FFF759FE68
:10362000F3F788FB6070002010BD10B50446F3F777
:10363000C3FB00EB80035B002380F3F7C3FB00EBCD
:10364000800300205B00638010BD10B50446F1F7D5
:10365000DDFE02F09AFCF3F76DFB2070002010BD38
:103660000A4600F1100108B5072303F080F9002095
:1036700008BD10B5014604460020F3F775F808B9F7
:103680002060A080002010BD10B50446F2F716FEA1
:1036900028B900202146F3F74FF8002010BD002084
:1036A000FFF74CFF0028F4D10C20F7E710B50446D3
:1036B0000120FFF743FF28B101202146F3F73CF832
:1036C000002010BD0C20FCE7F7B50C460546694606
:1036D000008800F0E5FEA21C034690B9019901F1B3
:1036E000970781F8CB3038681060387910712888D6
:1036F000208091F8CB6006F0FF00002EF1D103B0DE
:10370000F0BD00230220C4F80230137123706370EF
:10371000F5E7FFF77CBE1FB544F290228388934201
:1037200017D80288B3F5296FADF8042028BF4FF4ED
:10373000296340880A80ADF80600ADF80A0001A8A8
:10374000ADF80830ADF80C30FFF761FE05B05DF85C
:1037500004FB1220FAE737B50D46694600F0A0FEDB
:10376000044640B99DF800102A460198B1FA81F14B
:103770004909FFF75BFD204603B030BD03466FF0FB
:103780006F0100200A2210B56FF004045870997080
:103790001C70DA701C7158719971DA7110BD10B516
:1037A00004460020F2F7AEFD2378012B13D1637895
:1037B000012B03D9022B0CD1A38853B1628862B1CB
:1037C000A38853B10A214A434FF4A0614B439A4264
:1037D00003DB122010BD002BFBD12046BDE81040BA
:1037E000F1F73ABD07B5037800214278012B8DF837
:1037F00000308DF80120ADF80210ADF8041007D1AB
:10380000012A07D86846F1F727FD03B05DF804FBED
:10381000002BF7D01220F8E708B5EEF77DFB00206B
:1038200008BD13B50C46694600F03AFE30B9019B5D
:103830009DF80020B3F8883012B9238002B010BD83
:103840000133FAE72DE9FF41054602A9008800F09F
:1038500027FE20B10226304604B0BDE8F0819DF875
:103860000830012B01D11126F5E7039C2046FFF714
:10387000C1FC0028EED0AA881046FFF7A7FC074637
:103880004CB1E369984206D1638E6889A989884260
:1038900003D91226DFE70123F7E7019320462B899E
:1038A0000093EB886988F1F7ADFB804600283FD094
:1038B00094F8223203F0FF06002B3BD104F13C00C8
:1038C00001F07AFB2B308742CDD30D212088EDF714
:1038D00063FCFFF788FC78BBAB886FF4506213443D
:1038E000062B8ABF40F2E2436423B046BB42D0D2EB
:1038F000B8F1000F05D0B4F8741040F202229142E2
:103900001AD1A4F80E32C4F81472EA79AB7943EAFA
:103910000223A4F818322B7A6A7A43EA0223A4F825
:103920001A32002384F82032FF2384F8223292E7EF
:10393000302690E73A268EE70C268CE713B504462E
:1039400000F010FE00284DD02046FF24F3F750FA77
:103950000023CDE900336846EDF758FC48B3002456
:103960004FF44033CDE90043FF246846EDF74EFCA9
:1039700018B300204FF48023FF24CDE900036846EC
:10398000EDF744FCE8B100214FF4C023FF24CDE95A
:1039900000136846EDF73AFCB8B100224FF420233B
:1039A000CDE900236846EDF731FC90B1002002B06C
:1039B00010BD009B83F80442CDE7009B83F88A404A
:1039C000D3E7009B83F83440D9E7009B83F8344069
:1039D000DFE7009B93F83820032AE3D1FF2283F826
:1039E0002220DFE71220E2E713B50088694600F0E5
:1039F00057FD0146C0B99DF80030019C73B19DF898
:103A00000030012B03D10198FFF702FC58B194F864
:103A100033314BB9FF2384F8333105E02046FFF7FB
:103A2000E9FB0028EBD10221084602B010BD10B519
:103A30000446F2F7ABFC20600020616010BDF0B5D9
:103A4000044689B000200E4604F11807F2F75AFC2C
:103A500023466A461868083353F8041C1546BB42CF
:103A600003C52A46F6D119889B782980AB700023BC
:103A70008DF81B308DF81C30637E042B10D8A37E8C
:103A8000042B0DD8237D022B0AD0637803F0180392
:103A9000082B05D031466846F2F794F909B0F0BD1D
:103AA0001220FBE7F0B5044689B000200E4604F171
:103AB0001807F2F727FC23466A461868083353F8BC
:103AC000041C1546BB4203C52A46F6D11B782B7051
:103AD00000238DF81930ADF81A308DF81C30237D95
:103AE000022B0AD0637803F01803082B05D0314667
:103AF0006846F2F767F909B0F0BD1220FBE710B590
:103B0000032104460078EDF747FB20B12178BDE89A
:103B10001040FFF7E9BB422010BD13B50020002480
:103B2000F2F7F0FB0323CDE900448DF80630684638
:103B3000EDF76CFB10B1204602B010BDBDF80410CB
:103B40000098FFF7D1FB002818BF0C24EFE72DE900
:103B5000F341054690F8018003210078EDF71CFB46
:103B60000446002800F08680F2F7D2FB002839D006
:103B7000204602F0E7F9EE78864228BF0646B6B244
:103B8000B8F1040F30D1002E48D1204602F01BFAC4
:103B90006B78032B56D108F0FD07012F63D1204627
:103BA00002F011FA00285CD1B8F1010F08BF02271A
:103BB0003A46E16C6846EDF741FC33466A680121FC
:103BC000E06CFEF73AFB10B36B78023B012B07D891
:103BD000E06CFEF7CCFB01210246E06CFEF75DFBDA
:103BE00000201CE0EE78CBE7E06CFEF7C0FB871905
:103BF000BFB2F2F78DFBA8B9EB7853B9204602F0BB
:103C0000A1F987420ED9204602F0DDF930B907202C
:103C100005E0204602F0A8F90028EFD1122002B0FA
:103C2000BDE8F081F2F774FB394602462046FFF703
:103C30009DFB0028F3D1A8F10303012BA5D9002E89
:103C4000A3D1EBE70028E9D1042BA4D1204601F051
:103C500067FF0028E2D0E06CFEF79FFB00289AD1B6
:103C6000DCE70027A4E7B8F1040FA6D1204602F054
:103C7000DAF9B5E74220D2E72DE9F743074646785F
:103C800090F8039003210078EDF786FA04460028A7
:103C900056D0F2F73DFB30B1204602F07DF9002806
:103CA00008BF4FF00009E06CFEF76CFB00EB090861
:103CB0001FFA88F8F2F72CFB60B1F2F729FB4146B6
:103CC00002462046FFF752FB054668B1284603B07E
:103CD000BDE8F083FB78002BEFD0204602F05CF9C2
:103CE0000028EAD11225F1E7042EFBD0032E0CD1D7
:103CF000204602F068F908BB012E14BF05220622F7
:103D0000E16C6846EDF79AFB08E0B9F1000FE9D0E5
:103D1000204601F005FFA8B9012EE9D04B467A688C
:103D20000021E06CFEF789FA70B1023E012ECDD879
:103D300042460021E06CFEF7B0FAC7E70422DFE755
:103D40004225C3E70C25C1E70725BFE713B50446A5
:103D5000F1F75CFB4FF440736846ADF80030002388
:103D60008DF8023014F8013B8DF803300194FFF711
:103D700083FF02B010BD13B504460020F2F7C2FA6B
:103D8000E378FB2B13D82278043468468DF803308F
:103D90008DF8002014F8022C8DF8022014F8032C62
:103DA00001948DF80120FFF767FF02B010BD1220CB
:103DB000FBE710B504460020F2F7A4FAEDF726FB66
:103DC0002080002010BD10B504460020F2F79AFABA
:103DD0000320EDF763F92070002010BD73B5044691
:103DE0000020F2F78FFA63787BBB23783BBB01930B
:103DF0006C46009303238DF806302046EDF706FA53
:103E0000D0B90098FFF7D5FA0028F6D018E09E0048
:103E1000032104EB83039878EDF7BEF9B8B123785A
:103E2000012B0BD1B11C2144F1F786FC013538B9C7
:103E30006278EBB29A42EAD8002001E013B1122076
:103E400002B070BDFFF7B5FAF0E70025F0E74220B9
:103E5000F6E738B5032105460078EDF79DF90446ED
:103E6000A0B101F05DFE28B92046691C02F062F89D
:103E7000002038BD204602F08FF808B10C20F8E78A
:103E8000204602F085F80028EED0F7E74220F0E760
:103E900013B50446F1F7BAFA684614F8013B8DF8F9
:103EA00003304FF440730194ADF8003000238DF8D7
:103EB0000230FFF74CFE02B010BD13B504460020DF
:103EC000F2F720FAE378FB2B13D822780434684603
:103ED0008DF803308DF8002014F8022C8DF80220A4
:103EE00014F8032C01948DF80120FFF730FE02B086
:103EF00010BD1220FBE773B50546F1F787FA0446BB
:103F00002B7863B100230DF1010101208DF8003001
:103F1000F2F72AFC18B16846FFF79BFF88B9002624
:103F200020468DF8006002F03BF82B78C0018DF838
:103F30000360012BADF8010005D169462046F1F779
:103F4000FBFB02B070BD2BB9204602B0BDE870404B
:103F5000FFF72FBA1220F4E710B5022104460088BB
:103F6000EDF71AF920B1A11CBDE8104002F02EBAFD
:103F7000022010BD08B502210088EDF70DF920B12F
:103F80000021BDE8084002F021BA022008BD10B5AA
:103F90000C460221EDF700F990B1022C12D804F082
:103FA0000102C4F3400480F8D52180F8D44112B155
:103FB00090F8D2310BB9002010BDF4F76FFFFAE78B
:103FC0000220F9E71220F7E710B504460078FF2831
:103FD0000AD00321EDF7E0F858B16378A27843EAFC
:103FE0000223C384002010BDB4F80100F5F7B6F831
:103FF000F8E74220F7E710B504460078003818BF0C
:104000000120F8F7E5FB2078003818BF0120F4F70D
:1040100031FF002010BD10B50446F2F779F950B118
:10402000F1F7F4F96178C1F3400201F0010101F008
:10403000FEFF002010BD03212078EDF7ADF8002829
:10404000F0D14220F6E70820F2F768B902F0E8B9AB
:1040500008B5C3780246013BD8B2042801D9FE282E
:1040600006D11378042B03D1F0F728FB002008BDFC
:104070001220FCE710B5044604B910BD2368984728
:104080006468F9E703680BB9016070471A465B681A
:1040900013B18A42FAD170478A4218BF5160704703
:1040A00008B502F0BFF9F1F713FCFEF79DFABDE881
:1040B0000840F4F79FB808B5FE20F0F7FFFABDE816
:1040C0000840FFF7EDBF08B5EFF716FEBDE8084062
:1040D000F2F752B808B5F4F773FEF6F765FB20B1B6
:1040E00040F241119320ECF777FB0320BDE8084034
:1040F000FEF72FB808B50220FEF72BF80020FEF7D8
:1041000028F8EDF70DF9F2F78BFAEDF769FD20B11C
:1041100040F221119320ECF75FFB08BDFFF7EABFE7
:1041200008B5FFF7D7FFF7F77BFC20B14FF4AB7171
:104130009320ECF751FB08BD10B5C378044691B14C
:1041400063B90388012B01D95B082380F3F770F969
:104150002388B0FBF3F202FB1300A070E37883F036
:104160000103E37010BD002BF8D10388FE2BEDD8BE
:104170005B009BB2FF2B88BFFF23E6E7837813B178
:10418000013BDBB28370B3FA83F04009704701232F
:10419000038040F2011343807047FCF727BB0B46B6
:1041A000152203F8032BD0F80920C1F80320427B25
:1041B0001A71704737B504460D46F2F7BDFE18B3C5
:1041C0006FF4B6730221E01803886846ADF800303A
:1041D00034F8FD3CADF8023034F8FB3CADF8043067
:1041E000F1F72EF918B14221AE20ECF7F5FAADF84F
:1041F00000009DF80030002063F307009DF80130B7
:1042000063F30F2003B030BD3B232B70D4F809308B
:10421000C5F803300423ADF80030EAE708B5436879
:1042200093F88E201AB18521AE20ECF7D5FA212221
:1042300083F88E2008BD034610F0010007D19A07CD
:1042400004D4C3F380039B00D8B2704702207047A8
:104250002DE9F34B0446104615461E46FFF7EBFFCB
:10426000834608468946FFF7E6FF4BEA0007DDF87C
:104270002880FFB20190003F18BF0127F2F78CF8A9
:10428000054018BF5D46F2F787F894F8742010EAED
:104290000901019B18BF1946AA4214BF2B460023EF
:1042A00088F8003094F875208A4208BF00210B433B
:1042B00088F801100BD1B4F88830013EF61A47F6A1
:1042C000FD73B6B29E428CBF002707F00107C5B947
:1042D00094F87400F0F71CFE03280ED194F82C31EA
:1042E000012B0AD1B4F8302194F87430012A0AD194
:1042F000032B0AD0032388F80030384602B0BDE80B
:10430000F08B042DE9E7042BF7D00423F3E704290D
:1043100006D101280AD10321012051801380704762
:10432000032903D1012801D00421F5E700207047BB
:10433000012807D0022805D0033801288CBF0020AF
:1043400001208000704770B54468064694F88F508D
:10435000A5F12103062B4DD92F2D4BD0002D47D190
:1043600094F88E30262B45D00B7913F0070335D007
:104370004A7912F0070231D084F86D2084F86C304D
:1043800094F82D3113BB94F82C31012B1ED094F8E6
:10439000753094F86C20D91E012998BF04239A42E5
:1043A00022D194F87430DA1E012A94F86D2098BF57
:1043B00004239A4218D10223B4F8702084F82C31D7
:1043C000B4F87230A4F82E21A4F8303123233046FB
:1043D00084F88F3000F0E7FE284670BD3046C9787B
:1043E000BDE8704000F01CBF3046F2F721F8EDE761
:1043F0000125F1E72025EFE708B5436893F88F2002
:10440000232A05D022B140F2EA31AE20ECF7E4F9DC
:10441000242283F88F2008BDF2F702B9704730B527
:1044200042401C7808785D7860404C786C409D78FC
:1044300020448C786C40DD782044CC786C401D7929
:104440005B7920440C7949796C404B4020441844F6
:104450001044B0FA80F0400930BD02460020013916
:10446000C9B2FF2900D17047535C83F001030344B4
:10447000D8B2F4E708B5F2F79DF9082803D0BDE8F3
:104480000840F2F7B9B908BD08B502F046F818B10E
:10449000BDE80840F8F78CBA082008BD02F03DB826
:1044A00038B50C4600210546ECF776FE606018B181
:1044B00000230020237038BD02212846ECF76CFE53
:1044C000606008B10123F4E70220F4E770B5044608
:1044D0000D4659BB4FF4367202F0EBFA012384F813
:1044E000E65084F896306FF0360384F8E130042308
:1044F00084F8E2306FF03B0384F8E3306F2384F8F4
:10450000E4306FF03C0384F8E5306FF07F0384F80B
:10451000E7302B2384F8E030FE2384F816317F2324
:1045200084F88D30202384F8203270BD012911D108
:104530000023A0F8DC3180F8D33140F6B833C269EB
:10454000A0F8BC301146C38C04F18000BDE8704077
:10455000F2F7B0BB0229E8D1B0F8AE32D0F8A82209
:10456000C169F1E770B503791F2B0FD8461E051DF1
:10457000002416F8010F00F0FCFD0444AE42E4B242
:10458000F7D1012C94BF0020012070BD0020FCE772
:10459000F8B505460C46D0E90476FBF727F820B9B4
:1045A00040F207112920ECF717F9ECB1D5E9042303
:1045B000D21B63EB0603012A73F100014FF00001E7
:1045C00014DB6FF001009042994102DA40F21111C0
:1045D000E8E7631E1344B3FBF4F35C43E41946F1CC
:1045E0000006C5E904461C462046F8BD0C46FBE71C
:1045F000CB1E012B0FD803290BBF96234FF4167344
:104600001022402203F5BC73984210D9C01A90FBC7
:10461000F2F080B27047022904D13C2807D98010FB
:104620000F38F6E7702802D9C0100E38F1E70020E5
:10463000704738B50D460446F1F7AEFE2B78002BD7
:1046400008BF034684F870306B78002B08BF034620
:1046500084F871306B88A4F8723038BD022908B52F
:10466000034615D006D801290AD040F28911292025
:10467000ECF7B2F803390129F7D840F6A66008BD77
:1046800040F6C41040F2E242002B08BF1046F6E7A5
:1046900040F6C410F3E7801AA93810B58842029C8E
:1046A00094BF091A491A2268012902EB510294BFEA
:1046B0000020012022601A68A2EB51021A6010BD8E
:1046C000002307B501A80193F9F706FD019810F042
:1046D000030018BF012003B05DF804FB08B501F02A
:1046E00038FFBDE80840F2F725BBC2B292FAA2F249
:1046F000030A93FAA3F31B0E100E40EA032070473F
:10470000013105300022C9B270B510F8013F8B426B
:1047100016D310F8054C0023012505FA03F62642AE
:104720001CBF01F1FF31C9B269B10133082BF4D1CB
:104730000132D2B2052AE8D199214620ECF74CF893
:10474000C91AC9B2F4E703EBC200C0B270BD0B686E
:1047500070B5C0F8013004460B790546461D03F0DC
:104760001F0343710023C37215F8010F00F001FD10
:104770006871B542E37A1844E072F5D170BD81EA00
:10478000114170B58CB20546C17A032682EA040055
:10479000FFF7ABFF013E00EB001016F0FF0604EB45
:1047A000000290B2F4D144402522B4FBF2F302FBA4
:1047B0001343C3F3C402D8B203F007032A44567864
:1047C000012202FA03F31E4207D161432846C1F3D6
:1047D0000741BDE87040FFF793BF70BDF8B590F892
:1047E000215004466B1E242B54D80AB90020F8BD72
:1047F000807D18B1012844D01F20F8E794F82330B9
:1048000094F8221002FB01322523B2FBF3F103FBE3
:104810001123DBB204EBD30203F0070684F8233044
:10482000D17D0122B240114202D084F82430DDE76C
:10483000B3FBF5F205FB123304F11B01013303F066
:10484000FF0311F8012F934218D811F8055C0022DC
:10485000012606FA02F72F4208D0013B13F0FF03AE
:1048600004D102EBC00284F82420BFE70132082AF9
:10487000EFD10130C0B20528E3D1BDE79B1ADBB20E
:10488000F7E7228904F11600096AFFF778FF84F838
:104890002400ABE71220AAE7034612EA010003D086
:1048A00013F03F0018BF012070474078704703782D
:1048B000890123F0400301F040010B43037070476E
:1048C0000078C0F380107047037803F07F0343EA59
:1048D000C113037070470078C00970471F2A38B5AC
:1048E0000546144603D9B7212A20EBF775FF063495
:1048F0000930FCF7C9FC6C7038BD1F2A38B5054675
:10490000144603D9D9212A20EBF766FF0634093073
:10491000FCF7BAFC6C7038BD0378024603F00F0355
:10492000032B3ED0052B42D1C37F90F820000343D8
:1049300092F82100034392F82200034392F82300E7
:1049400000F01F00184333D05378222B2FD1B2F838
:104950001930B1B1B3F5506F13D940F607518B42FE
:1049600025D8B2F81B30B3F5FA7F20D2B2F81D007B
:1049700040F676430A3880B298428CBF002001206E
:104980007047991F40F67A4089B281420FD8917DD5
:10499000481E07280BD8994209D2B2F8171099423D
:1049A000DEE74078A0F10C035842584170470020E0
:1049B0007047F8B5C7780D4617F03F0600F08780BE
:1049C000072900F28480DFE801F0040E1720293265
:1049D0003B44017901223846FFF75EFF00280CBFF7
:1049E00000200520F8BD017902223846FFF754FF68
:1049F0000028F7D005245AE0017904223846FFF751
:104A00004BFF0028EED0052448E001790822384603
:104A1000FFF742FF0028E5D0052439E00179102294
:104A20003846FFF739FF0028DCD0052429E001795A
:104A300020223846FFF730FF0028D3D02C4618E05C
:104A4000017940223846FFF727FF0028CAD0052405
:104A500006E0017940223846FFF71EFF441DE4B20C
:104A600020223846FFF718FF00EBC00004EB40049B
:104A7000E4B210223846FFF70FFF00EB4000044479
:104A8000E4B208223846FFF707FF04EB4004E4B223
:104A900004223846FFF700FF0444E4B202223846FD
:104AA000FFF7FAFE00EB400004EB4004E4B2012201
:104AB0003846FFF7F1FE072D00EB400004EB400005
:104AC000C0B28FD1031FB342C8BF00208AE70020C5
:104AD00088E770B50C46064611461D4624B940F2DB
:104AE000E1212A20EBF778FEFFF763FF10B940F2CF
:104AF000E221F6E7031F2B443F2B02DD40F2E321C6
:104B0000EFE72A4621463044BDE87040FCF7BCBBC5
:104B100010B50446FFF74DFF00B1204410BDC0782A
:104B200000F03F007047C37803F03F0343EA81136E
:104B3000C370704730B5C1F38003C1F38014C1F373
:104B400040052344C1F3001404EB44042344C1F39F
:104B5000401404EBC40403EB4403C1F300042C44ED
:104B6000C1F3C005134404EB44042C4403EB440399
:104B700013F0FF031CBF01330171C17818BFDBB212
:104B800021F03F0103F03F042143C170591C4170E3
:104B90001AB104339B1A013AC25430BD70B5C478BF
:104BA0000646154604F03F041319FE2B04DD40F2BF
:104BB0003F312A20EBF710FE0135201D2C443044F4
:104BC000FCF762FB747070BD4378C278013B02F061
:104BD0003F02981AC0B27047F8B50D4619461746FD
:104BE0000646FFF7F1FF441AE4B2BC4228BF3C4638
:104BF0004DB1F278284602F03F02043211442246B9
:104C00003144FCF741FB2046F8BD2DE9F047C6785A
:104C1000012201793046FFF73FFE02220546304669
:104C2000FFF73AFE202282463046FFF735FE082283
:104C300007463046FFF730FE102281463046FFF728
:104C40002BFE042204463046FFF726FE4022804613
:104C50003046FFF721FE05EB0A0307EBC707804448
:104C600004EB4404B94403EB430304EB08004B4456
:104C700000EB430010F0FF001CBF0130C0B2BDE8E4
:104C8000F08738B5C5780446AB09032B1ED005F074
:104C90003F054378AB4219D9FFF7B7FFA84215D8B3
:104CA00095B12379DB060FD504212046FFF730FFAD
:104CB00048B1037803F03F03242B07D880785F289E
:104CC0008CBF0020012038BD0120FCE70020FAE75E
:104CD0000278437802F00F02072A12D8DFE802F0C8
:104CE000080408111111080E0C3B58425841704736
:104CF000063B1F2B8CBF0020012070470BB1FFF734
:104D0000C0BF00207047027802F00F02072A0AD0C5
:104D1000082A0AD0042A0ED1407806381F288CBFF2
:104D2000002001207047FFF7ACBF4078A0F10E03D0
:104D300058425841704700207047037801F0030142
:104D400023F003030B43037070470078C0F3800027
:104D500070470078C0F3C00070470078C0F30010BF
:104D600070470078C0F3401070470B78837070472D
:104D70001B2A08B504D940F244412A20EBF72CFD48
:104D800042700330BDE80840FCF77EBAB0F8073047
:104D9000B1B1B3F5506F13D940F6075293421FD803
:104DA000B0F80930B3F5FA7F1AD2B0F80B0040F62C
:104DB00076430A3880B298428CBF002001207047A9
:104DC0009A1F40F67A4192B28A4209D80279511E5E
:104DD000072905D89A4203D2B0F805209A42DEE7A7
:104DE00000207047043001F1200351F8042B994250
:104DF00040F8042BF9D10B880380704738B515466D
:104E00000446FFF7EFFF2B68C4F826306B68C4F840
:104E10002A3038BD037843B1406890F8D23123B1CD
:104E2000002380F8D231F4F739B8704708B5017A19
:104E300019B101290AD0002008BD03680221C288E7
:104E40008088F2F72DF820B10120F5E70368C288C9
:104E5000F6E7F2F729FAF7E702230B7001238B70CC
:104E60007047F2F7A5B910B521B94FF410711020B1
:104E7000EBF7B2FC4A600B72EFF3108472B6031DBD
:104E80000B6042681AB1127A012A08BF03600368F6
:104E90001960016004B962B6BDE81040F2F7D2B9FA
:104EA0000222F2F7EFB90322F2F7ECB90422F2F78B
:104EB000E9B90222F2F72ABA0322F2F727BA142339
:104EC0000B706FF4A87318440388A1F80330B0F88E
:104ED0004830A1F80530B0F84C30A1F80730B0F8F0
:104EE0004A30A1F80930B0F84E30A1F80B307047C5
:104EF00008B5CB1E012B04D8800100F5747080B278
:104F000008BD012902D10E30C000F8E7022902D104
:104F10000F308000F3E74FF42E710620EBF75CFCB6
:104F200030B587B004460D46F2F710F890B3A4F5FB
:104F3000AD74694624882046FEF70DFC20B14FF47D
:104F400084712C20EBF748FCBDF8063003A8ADF8BF
:104F50000C40ADF80E30BDF80830ADF81030BDF89B
:104F60000230ADF81230BDF80430ADF81430FEF761
:104F7000D0FB10B140F21111E3E7ADF80C009DF841
:104F80000C30002063F307009DF80D3063F30F2011
:104F900007B030BD2B463A2203F8032BD4F8092082
:104FA000C5F80320D4F80D205A60B4F811201A81F6
:104FB0000423ADF80C30E2E740687047033901295B
:104FC0008CBFC08A4FF42960704770B590F8746048
:104FD0008D88033E0C89012E04D943B11678033E17
:104FE000012E04D8B5F5296F38BF4FF4296590F824
:104FF0007560033E012E04D943B15378033B012B66
:1050000004D8B4F5296F38BF4FF42964CB884A8897
:10501000A0F86030A0F85C20A0F85E50A0F86240D4
:1050200070BD8383BDF8003001834283C383704722
:105030001B2200294FF01B110CBF4FF4A4734FF437
:10504000296382840284028502F1A472C160C38450
:105050004384C383838343820382C0E9052170476D
:1050600038B5CB1E0446012B10D9C58B438C9D420D
:1050700028BF1D46207AFFF73BFF6389AB4228BF5C
:105080002B46984238BF184680B238BD4FF4296588
:10509000F0E72DE9F843994607460D468089194601
:1050A0001446FFF725FF06469DF8208049463846FE
:1050B000FFF7D6FF86424146A8F1030828BF0646FF
:1050C000B88AFFF715FFB8F1010F0346B6B28CBFDF
:1050D000FA8A4FF42962904204F1060028BF134671
:1050E00028449BB233441844BDE8F8830346028F3A
:1050F00013B53C3049B9D98E93F87540009493F8B4
:105100007430FFF7C6FF02B010BD998EF4E770B59A
:105110000C46154619464BB9868EFFF7E7FF284423
:105120003044A04294BF201A002070BDC68EF4E720
:1051300038B50D4611460446FFF7D8FF28442064D1
:1051400038BDC369C06B984228BF184601F19C0363
:1051500083423DBF401A9C38400800207047002819
:1051600003DB884204DB08B202E049428142FADCF8
:10517000704700F05503400800F05500034403F069
:1051800033009B0803F03303034403F00F0000EBEC
:10519000131070474368002283F88E2083F8CA20DA
:1051A000A3F8C6207047037842682BB9A2F8CC3028
:1051B000012382F8CE3070470023A2F8CC3092F859
:1051C000CE3001335BB2F4E708B50378426813B917
:1051D00082F8CE3008BD92F8CE30013B5BB2002B96
:1051E00082F8CE30F6DA52214A20EBF7F5FA43681E
:1051F00083F8131183F812217047A0F10B03042BDD
:105200000CD9A0F14403012B08D9A0F121032F28C8
:1052100018BF062B94BF0120002070470120704763
:105220004268D2F8803010B513F0080409D143F079
:10523000080382F81011C2F88030FFF7B4FF20464F
:1052400010BD0120FCE7C26941F64B539A4296BF5C
:105250004AF6C8730623B3FBF2F3828C408E1344E4
:10526000584380B270474368002093F89020073A73
:10527000012A81BF0A7983F89120072283F89020C0
:105280007047426892F89030073B012B84BF082397
:1052900082F890307047426870B592F88F50F5B937
:1052A000B1F80930B2F88860A2F8A032013B9B1B2C
:1052B00047F6FD769BB2B34206D9282382F8B13077
:1052C000F2F75CFC284670BD4B68C2F8A2320B7A3C
:1052D00082F8A6320B22436883F88F20F2E701257B
:1052E000F0E72DE9F74F0646894690460193FFF710
:1052F000AAFFD6F8E47104465FB90023C8F800306D
:10530000B6F8883023449CB2019B1C8003B0BDE8F2
:10531000F08FF2F77BFF0028EFD1D6F81CC0D6E95A
:1053200072320CFB04FE1EEB030ED7E9021342F1AE
:1053300000020B44D7E900155B1845F100057345E1
:1053400075EB020114D2BEEB03016FF0010B62EBAF
:10535000050A8B4570EB0A0A03D239215620EBF778
:105360003BFA3869471E3944B1FBF0F1E0FB0135E7
:10537000B3EB0E0365EB02056FF001029A424FF0AA
:105380000002AA4101D24421E8E7B3FBF9F209FB8C
:105390001233B3FBFCF291B20CFB1133C8F80030AE
:1053A000B6F888301C441444A4B2ADE70B4608227A
:1053B00003F8032BD0F80920C1F80320D0F80D2002
:1053C0005A60427C1A720023CB707047436870B5F4
:1053D00093F88F5006460C46002D60D193F87D104F
:1053E0002046FFF7D3FC014628B9E1783046BDE8F6
:1053F0007040FFF715BF7268B4F80D30B2F888003E
:10540000A2F8A032013B1B1A47F6FD709BB2834203
:1054100007D92823304682F8B130F2F7AFFB28468F
:1054200070BDB4F807306FF450601818062895BFA7
:10543000A3F5506340F2E2414FF47A704B438CBFC6
:1054400029464343C2F8A8322379E1B103EB830331
:1054500003EB83039B00A2F8A232B4F80530D9B164
:1054600064214B43C2F8A432B4F80930A2F8AC323C
:10547000B4F80B30A2F8AE32002382F8B4320E2317
:1054800082F88F30CBE7C3EB431003EB800303EBD1
:1054900083035B009BB2DEE740F2E241E1E70125D6
:1054A000BDE737B50C46098905461A2919D963891C
:1054B000B3F5A47F15D3A2881A2A12D9E088B0F5D3
:1054C000A47F0ED36C68009004F13C00FFF7A9FDA7
:1054D0006968204601F25111F1F724FF012003B061
:1054E00030BD0020FBE708B5436893F88E201AB161
:1054F0002621A320EBF770F91E2283F88E2008BD29
:1055000038B54568044695F88E301E3B022B0CD802
:10551000FFF7C7FF18B106216068F3F737FD0020D9
:1055200085F8CA0085F88E0038BD0120FCE7426886
:10553000D2F88030D90610B5044603D4B021A32098
:10554000EBF74AF9990601D5B121F8E723F01003EA
:10555000C2F88030FFF738FE60680621BDE81040D1
:10556000F3F714BD0B230B70D0F80930C1F80230EB
:1055700070470B460C2203F8022BB0F809204A8032
:10558000C27A9A70704738B54368054693F88F40E1
:1055900034B1123C0B2C8CBF01240824204638BDAA
:1055A00093F89420002AF9D0D3F81C3133B9FFF7CF
:1055B000FAFD6B68122283F88F20EFE70C220A2194
:1055C000FFF715FE6B683222284683F88F20FFF71D
:1055D000EAFDE3E708B5436893F88F20162A04D064
:1055E0004FF4BD711F20EBF7F7F8012283F8CF20AD
:1055F000172283F88F2008BD436893F88F20132A61
:1056000005BF14220020022083F88F2070474368D2
:1056100010B593F88F300446192B07D1FFF7D4FD4E
:1056200063681D22002083F88F2010BD0220FCE754
:1056300008B5436893F88F20122A04D040F2A311D2
:105640001F20EBF7C9F8012283F8CF20132283F83B
:105650008F2008BD08B5436893F88F20172A04D01F
:1056600040F2AB111F20EBF7B7F8192283F88F2017
:1056700008BD08B5436893F88E201AB1DD211C20BF
:10568000EBF7AAF8042283F88E2008BD08B502784B
:1056900043683AB983F88F20A3F8CC20BDE80840CE
:1056A000FFF792BDD3F88020D10703D4EB211C2053
:1056B000EBF792F822F00102C3F88020EEE70E2308
:1056C000A0F5A4700B7003884B8070474368017885
:1056D00093F88E2061B9052A08BF00224FF0000020
:1056E00002BF83F8BE2083F8CA2083F88E2070475B
:1056F000102AF1E738B50578446855B994F88F3029
:105700005BB9FFF750FD55B9022384F88F300020B4
:1057100038BDD4F880305B07F3D50120F8E7D4F822
:10572000803043F00403C4F88030F0E7037833B1ED
:105730004268D2F8803023F00403C2F88030FFF7CB
:1057400043BD08B5436893F88E201AB170214B20F1
:10575000EBF742F80278002A14BF1022052283F8E2
:105760008E2008BD10B5D0E90D42A24206D38B8C25
:10577000121B498E05334B43934202D3012380F819
:105780003E3010BD01230B7000238B7030F8D23CEB
:10579000A1F80330437A4B714389CB8083890B8115
:1057A000704710B5446894F8D12092070ED494F84D
:1057B0008E301BB174214020EBF70EF80122A4F8C3
:1057C000C63084F88E2084F8CA2010BD037843B90F
:1057D00094F88F300BB9FFF7F7FC002384F83231CF
:1057E000F3E7D4F880309B07F7D5FFF7EDFCD4F84A
:1057F000803023F00203C4F88030EEE710B50B7957
:1058000001284C790A6843EA0421104608BF41F494
:10581000803110BD07B5FFF7F1FF0DF10702F2F778
:105820002BFC03B05DF804FB037C0BB90020704730
:10583000037C012BFAD0007C073818BF0120704789
:10584000037C012BDAB201D0FFF7EEBF10467047A0
:1058500010B5FEF735FF002814BF14240024FBF711
:10586000B1FD404200F01400204410BD30B585B0B9
:105870001546089BC01A099B61EB0304002C2146C6
:1058800002DA404264EB440103AB2A46009302ABC8
:1058900001F0BAF8002C039801DA00B1281A05B01B
:1058A00030BD38B50546F8F7D3FA00F544434FF458
:1058B0007A72033D4933B3FBF2F4FFF7C9FF012DC0
:1058C00000F1CD038CBF002028202344184438BDAC
:1058D00010B5044690F87500FFF7E3FF012201467A
:1058E0002046BDE81040FFF723BC002313B51A463D
:1058F00080F80432A0F85832194600930446F2F7B3
:1059000041FD20B140F21D213020EAF765FF01235F
:10591000C4F80002C4F8F80184F80432A4F81A02AA
:10592000A4F8180284F81D02B4F88830A4F85A02CA
:10593000013BA4F8883002B010BDF8B50D46002335
:10594000D0F81411044680F81831D0E9526781F874
:10595000D62180F858310121D0F81401FEF7B6FDA8
:10596000D4F81401C0E9906794F81031C0F85C5283
:1059700080F82032C0E99467FFF7B7FFF7F792FF8E
:10598000BDE8F840F9F755BDD0F81401704710B5DF
:10599000044690F85831EBB1FF2380F860310121C3
:1059A00000F03EFB94F85831A3B194F81001F9F7D8
:1059B00015FE94F81001F9F7BBFE94F81001F9F701
:1059C0004DFD20B940F209213020EAF705FF002300
:1059D00084F85831002010BD08B590F8602142B914
:1059E00090F8182142B1D0E94731994202D9F5F730
:1059F00013FB0022104608BD0122FBE710B5044648
:105A0000FFF726FF00F295112046FFF79AFBB0F54D
:105A1000296F28BF4FF4296080B210BD70B50446CD
:105A200021B1012978D040F6280172E000F07FFA18
:105A300094F8593105460E46DBB150EA010318D0FF
:105A4000D4E94A32D4E95201C01A334661EB02016B
:105A50002A4600F0E5FF05FB01F300FB0633A5FB3A
:105A600000021344D4E94A21121843EB0103C4E9AC
:105A70004A23E08C30B1F1F7DBFCE38CB0FBF3F2AE
:105A800002FB1300D4E94A32ED184FF0000346EB55
:105A900002062D184FF0020284F8383146F1000654
:105AA00084F85931A4F84021C4E94A56C4E9525651
:105AB00094F8603103F0FF01DBB96FF00043D4E9E3
:105AC00054029A4208BFB0F1FF3F18D02046D4E9F3
:105AD000525600F0DDF9AE30D4E954325B1B62EB74
:105AE00006021B1A62F10002002A08DA2046F5F7C6
:105AF00093FAF7F7D7FEBDE87040F9F79ABC04F5C2
:105B00009C7194F81001F9F737FD0028F1D14FF49A
:105B1000EA613020EAF760FE002380F81831E8E7F8
:105B200090F85801003818BF012070470B46062234
:105B300003F8032BB0F80920A1F80320C27A9A7069
:105B400070470B46172203F8032BD0F80920C1F841
:105B50000320D0F80D205A6070473E2301F8033B24
:105B600000F10903293053F8042B834241F8042B38
:105B7000F9D11B880B8070478B88F7B513F0180597
:105B800006460C461FD1086820B940F2CF312D20BF
:105B9000EAF722FE00F0D4FA217CF3F7E5FA677CFD
:105BA000A38801463A46304600932B46F3F7FAFAAB
:105BB000A430D4E90223824273F100032CBF0120F8
:105BC000002003B0F0BD0120FBE710B50446F1F75B
:105BD0002FFC82B204F1690104F13600FEF7CFFD1B
:105BE00084F8440010BD37B504460D46FFF7EDFFBD
:105BF00001222B466179204603B0BDE83040F3F71F
:105C000041BC38B513220B460C4603F8032B00F1B8
:105C10000902293052F8041B824243F8041BF9D1CF
:105C2000127802211A700123A588A3712846EBF788
:105C3000B3FAB8B1E37863B10088F0F701FD02214F
:105C40002846EBF7BFFA68B140F22B212D20EAF786
:105C5000C3FDF0F79BFB4B0404D52846BDE8384054
:105C6000FDF797BA38BD70B504460D469630194613
:105C70001646FEF76CFD84F8745084F87550FF23C7
:105C800084F87630E91E04F13C0001298CBF002124
:105C90000121FFF7CDF931462046F1F733F894F8AA
:105CA0007E30002B14BF4D239623E386A38600236A
:105CB000238770BD38B5CB690446104641F2707237
:105CC000A3F57A75954295BF4FF47A7240F2E2429D
:105CD000B3FBF2F3B3FBF2F398BF03F5506304F1A7
:105CE000A0029BB2A4F8AC308B8CA4F8AE30CB8C65
:105CF000A4F8B03091F87F3084F8B230637F63B39A
:105D000094F86830012B28D194F86E3003F0C0036A
:105D1000402B22D1D4F86930C4F8A030B4F86D30EB
:105D200093800828236A04F1A6019A7803F10305F9
:105D300084F8992004F19A02D3F8033018D0C4F8FB
:105D4000A630AB888B8004F19901F0F767FE40B96B
:105D500040F6BB312D20EAF73FFD0023C4F8A03008
:105D6000DEE794F8993043F0020384F8993038BDA7
:105D7000C4F89A30AB8893800023C4F8A6308B8097
:105D8000F5E70B46162210B503F8032BD0F80920CF
:105D9000C1F80320427B1A71CB78BBB130F8B43C18
:105DA0001B0713D4B1F8054002212046EBF7F4F9A4
:105DB00060B10088F0F744FC02212046EBF702FABC
:105DC00020B140F26B212D20EAF706FD10BD012124
:105DD000F3F70CBFFFF7FBBF08B590F894300BB199
:105DE000012008BD90F8CC30002BF9D190F8BE30DE
:105DF00003F0FF00002BF4D0F0F78AFA80F00100E6
:105E0000C0B2EEE730B54FF4B47285B00D46002154
:105E1000044600F04EFEFF2323701323638042F2FA
:105E20001073E384EBF7C4FA00220146E06468468D
:105E3000EBF704FB00220121E06CFCF72EFA0422B0
:105E4000E16C6846EBF7FAFA0022E06C1146FCF7C9
:105E500024FA04F13000E57400F022F902A8F0F70A
:105E6000B7FF20B940F20B312D20EAF7B5FC02A9AB
:105E700004F13600FEF76BFC05B030BDFF23C86CA3
:105E80000B70FCF7D7B90078FF3818BF01207047B6
:105E9000F7B5044630300E4600F052F961880746E7
:105EA000CA0605D52822F5F7FFF86D3003B0F0BD1E
:105EB0008B07E06C0FD5FCF792FA2179054638463E
:105EC000F3F752F963880146284600933346627916
:105ED000F3F768F9E9E7FCF772FAEEE74388092B74
:105EE00010B5044607D1F4F763FD20460121BDE853
:105EF0001040F4F79FBC10BD034608465A8812F0C4
:105F0000180F30B587B010D103F13001ADF804207F
:105F1000D3E902459B8800916946ADF81030CDE980
:105F20000245FFF729FE07B030BD0120FBE7D0E9AD
:105F3000020170470B68C0F816308B884383012339
:105F400003777047438813F0100005D013F0040F57
:105F500014BF00201F2070479A0704D4DB0701D428
:105F6000EBF754BAEE20704708B5FFF7EBFF0038A7
:105F700018BF012008BD4FF40043A0F84830438803
:105F80001D2B08BF00214174704790F91300704722
:105F9000408800F0010070478078C0F340007047EF
:105FA0008078C0F3C000704710B54488C06CE30629
:105FB00054BFC4F340040024FCF7F8F984F0010452
:105FC0002043C0B210BD8078C0F3001070474088F5
:105FD000A0F109035842584170474079C31E012B74
:105FE00005D8B1F87230012B14BF0420032070478C
:105FF00010B50446F1F71CFAC0F30B00A042F9D02B
:1060000010BD90F8683001624B72D0F86930C1F869
:106010000A30B0F86D30CB8170477047F3F7FEBCA3
:1060200080F888107047FF2380F88B30704780F825
:10603000241080F8252070478278034612F0010072
:1060400002D0D978C90710D5900702D5D978890729
:106050000AD512F0040008D0D878C0F3800080F090
:1060600001008000C0B2704702207047C0F34002B8
:10607000C0F3800300F00100134418447047022865
:1060800008B507D0042807D0012807D039212E20D1
:10609000EAF7A2FB262008BD2720FCE72520FAE727
:1060A0000023C0F8023001234370037070478170F1
:1060B000704710B54270144601708078FFF7D6FF24
:1060C000484304FB00F2FE2A03DD5C212E20EAF7A0
:1060D00083FB10BD0023C37043710371704710B57B
:1060E0000446FFF7A9FF637962780133DBB29A4275
:1060F00063710CD1E3780022A17803436271DBB2B3
:106100009942E37001BF2379E27001332371BDE846
:106110001040FFF7B4BF38B504468078FFF7A6FFFC
:106120000146E078FFF7A2FF2378227965789B1A71
:106130006B4359436379C91A00FB1510C0B238BDCF
:10614000014608B58078FFF791FF4A780B785343F2
:106150005843C0B208BD08B5427903462AB1FFF7DB
:106160006BFFBDE80840FFF78ABFC07881070BD4FA
:1061700010F00100F5D19B785A0707D413F0020FF5
:1061800014BF02200120ECE70220EAE70420E8E740
:10619000042806D1920102F53472803201FB02F02C
:1061A0007047032803D1120102F5E772F5E70228D0
:1061B0000BBF0B320A329200D200EEE740F2EE2023
:1061C000704740F25A335843704708B590F816317B
:1061D000FE2B04D040F6CB013120EAF7FDFA002374
:1061E00080F8161180F8173112B9A0F8CC2008BD3C
:1061F000A0F8C630012380F8CA30F8E708B5436834
:1062000093F88F20172A04D040F262513120EAF728
:10621000E3FA1B2283F88F2008BD08B5436893F882
:106220008F20322A06D1002283F88F20BDE8084053
:10623000FEF7CABF172A03D11B2283F88F2008BD9F
:1062400040F277513120EAF7C7FA037D63B9C37B87
:10625000A3F11102032A07D990F8500028B11D2B91
:106260008CBF00200120704701207047037D63B977
:10627000837BA3F11102032A07D990F8500028B1BB
:106280001D2B8CBF0020012070470120704738B5BE
:106290000E38536814460D4693F88E2009283FD8CF
:1062A000DFE800F0053E3E3E0F3E173E3E26042A44
:1062B00005D12046FEF76EFF2046F1F707FE0020CD
:1062C00038BD102AFBD120460021BDE83840FFF739
:1062D000FDB91E2AF3D12046FEF75CFF002DEED05B
:1062E000626892F8E03023F0200382F8E030E6E7BD
:1062F00093F88F20242AE2D10025204683F88F507E
:10630000FEF762FF636893F82C31012B03D1294615
:106310002046F0F76FF86368002283F82C21CEE75F
:1063200040F256213120EAF757FA024640680B4600
:1063300090F8E01041F0040180F8E01059791879E4
:10634000F5F778B938B50D460446D1E90501EAF705
:10635000D3FF95F8200220280FD0F9F73FF995F8E0
:106360002002F9F7E5F995F82002F9F777F820B956
:1063700040F635113120EAF72FFA0F212046EAF7CF
:1063800021FF10212046EAF71DFF12212046EAF7DF
:1063900019FF11212046EAF715FF13212046EAF7DD
:1063A00011FF20461421BDE83840EAF70BBFEBF798
:1063B0008DBD0022A0F88E2080F8922090F8D33175
:1063C00013B10221F2F7E2BD0321FBE738B5044621
:1063D000084694F8903213B10C25284638BD94F83D
:1063E0008F30163B012BF7D894F8C03203F0FF052D
:1063F000002BF1D191B194F8EE3123B940F6AC21E4
:106400003120EAF7E9F9052304F1F80204F5EF7108
:1064100000F0ADFA012384F89032DEE70223FAE7B8
:10642000F1F7C4B8F6F788B910B50446FFF710FACB
:1064300000F24B112046FEF784FEB0F5296F28BF0D
:106440004FF4296080B210BD70B50D460421064698
:10645000EAF7A2FE044648B906213046EAF79CFE58
:1064600020B115B190F8BD3003B90446204670BD87
:10647000007DA0F1FF035842584170471D2310B51D
:106480000446C370EFF7AEFF207110BD1E2310B598
:106490000446C370EFF7A6FF207110BD01234380AF
:1064A000038000238380C3804FF4486303817047D7
:1064B0001021EAF771BE73B569460546FDF7F0FF96
:1064C000044618B11F215420EAF786F92846019E98
:1064D000FFF7EEFF28B10123738684814481048293
:1064E000C48102B070BD3C2303804FF4FA43438063
:1064F0000123C38083800023038143814FF44863D9
:106500008381704708B5F6F753FFF6F719FCF6F7E5
:1065100081F9BDE80840F6F779BAC82108B5F6F761
:106520002DFA022807D1013911F0FF01F7D1EB2133
:106530003B20EAF751F9431E5842584108BD10B5B7
:10654000F6F77CFF0446F9F70DF9201841F1000138
:1065500010BD07B501ABF7F761FD03B05DF804FBB3
:1065600038B504461546F6F741FD01462A46204651
:10657000BDE83840F7F726B919B943780BB1C378AD
:106580008370704710B504460846F7F761FC4FF476
:106590007A73B0FBF3F0201A10BD10B5044608461C
:1065A000F7F756FC4FF47A7200F2E733023CB3FB84
:1065B000F2F3E01A10BD08B5431E072B09D8DFE837
:1065C00003F00D0F0504080D0D06022008BD042080
:1065D000FCE740F2FE410620EAF7FEF80020F5E76E
:1065E0000120F3E708B5FAF7EDFDBDE8084000F03B
:1065F00038B8801A00F3070038B50D46144659B272
:1066000040B2F9F715FC0023287020446B7040B2AB
:1066100038BD0023036070477047002070474FF07B
:10662000FF3070474FF0FF30704770474FF0FF303A
:1066300070470020704700207047002303707047A8
:106640009DF800300022FFF7D4BF4FF0FF307047B5
:10665000002070474FF0FF3070474FF0FF30704719
:10666000704770470020F9F74BBC0020F9F74CBD8C
:106670000020F9F75DBD0020F9F742BC7047F9F73B
:10668000A3BDF9F7B5BDF9F7A5BD38B5054691F835
:106690002B000C46F8F7E2FE18B9F6216A20FAF74B
:1066A000A9FB002309212846238584F82A30236A80
:1066B000984718B103780BB1FA21EFE738BD426A69
:1066C00008B5034611441A78A1F196005962012ACF
:1066D00006D1F9F79DF840B9DA216A20FAF78AFB6A
:1066E000F9F796F808B9DF21F7E708BD70B500247F
:1066F000FAF724FB05462646E0B2854200D870BD75
:10670000FAF722FB0134068580F82A60F4E7F8B531
:1067100004460D460027FAF711FB0646F8B28642FA
:1067200004D8082D0CD96FF0150008E0FAF70CFB1F
:1067300090F82A300137002BF0D04FF0FF30F8BD31
:106740002CB129462046BDE8F840FAF709BB21469E
:106750002046F8E710B50446FAF7F6FA014688B184
:1067600090F828308BB990F82A3073B1013B012B97
:1067700004D82046FFF789FF002010BD012380F8D0
:106780002830F9E76FF00100F7E76FF02200F4E737
:1067900070B50D46FAF7D8FA0446002848D090F8AC
:1067A0002A60731E012B49D8002D44D02846FAF7E1
:1067B0009FF800283FD02B78FBB9012323702B7959
:1067C000003B18BF012363726B79002B14BF0423B5
:1067D00002232372AB68A5336360EB682361032354
:1067E000214694F82B0084F82A30F8F7C5FE40BB08
:1067F00040F2E2216A20FAF7FDFA022E1ED10023B0
:1068000023702B79003B18BF012363726B79002B37
:1068100018BF04262672EB68A968A5336360D4E923
:1068200006325B1842EBE172C4E904320423D7E775
:106830006FF0010070BD6FF01500FBE76FF02200F4
:10684000F8E70020F6E7F8B5037904461BB11B21F1
:106850009D20FAF7CFFA4679017126B901234371D9
:10686000217909B96171F8BD276820462671B847BA
:1068700002280546F4D103212046B84708B12F214C
:10688000E6E723682946204698470028E8D03021CB
:10689000DEE703460068884204D109B10A681A603D
:1068A0000846704728B97047884202D10A681A60C2
:1068B000F6E7034600680028F6D1704701F110039F
:1068C000013813F8012D8B4200F8012FF9D17047E0
:1068D0002DE9F04713F0010F8EB004460D46174620
:1068E0009A46DDE9168924D006A8FFF7E7FFA3073B
:1068F00035D002AA04F110052068083454F8041CAD
:106900001346AC4203C31A46F6D106AD02AC1AF0E8
:10691000020F4346CDF8009023D0294620460AAA0C
:10692000FAF710FB0AA93846FFF7C8FF0EB0BDE81A
:10693000F08713F0040F0DD106AB0E4601F1100CD9
:106940001D463068083656F8041C1A46664503C2D0
:106950001346F6D1214602A8FFF7B0FFD6E706ADF1
:10696000D5E73A4629462046FAF7ECFADEE713B5B2
:106970000024CDE90044FFF7ABFF02B010BDFAF7E9
:10698000FDBB20BF704720BF70479142F8B503D3CD
:1069900073219620FAF72EFAB2FA82F33BB1C3F1D3
:1069A000200499409A4020FA04F4984021434FEA89
:1069B000124C93B2040C87B2B1FBFCF50CFB151E14
:1069C00005FB03F64FEA0E4E0EEB1040864205D94A
:1069D000361A964294BF01260226AD1B04EB0141F4
:1069E000280405FB1211B1FBFCF40CFB14116343EA
:1069F00007EB0147BB4205D9DB1B934294BF012340
:106A00000223E41A2043F8BD70B5044615461E461D
:106A1000FFF7BBFF049B00FB154430601C6070BD9A
:106A20002DE9F0411D4607460C46164652EA05037D
:106A300003D1A6219620FAF7DDF985B9914204D257
:106A4000FFF7A3FF2946BDE8F08108462946FFF776
:106A50009CFF05463246384606FB1541F0E7B5FA7D
:106A600085F80123400803FA08F3C8F11F0840EA3B
:106A7000C470A3FB0212610803FB0522FFF785FF28
:106A800030FA08F04FF0000102D0013861EB01014B
:106A900000FB05F3A0FB062C06FB0133BF1A634481
:106AA00064EB0304B742AC41CDD3013041F10001A6
:106AB000C9E7F0B5C9B20446A30726460ED14FF088
:106AC000013522F003034D43E718BC420CD1334497
:106AD00002F003021A44934209D1F0BD002AFCD00F
:106AE000013A04F8011BE7E744F8045BEDE703F81B
:106AF000011BF0E700280CBF6FF015000020704765
:106B00000020704707230370002070470020704763
:106B10000020704710F8012B11F8013B012A28BF13
:106B20009A42F7D0D01A7047034611F8012B03F8A8
:106B3000012B002AF9D17047034613F8012B002AD4
:106B4000FBD1181A013870472DE9F04786468C466C
:106B50000846089E154674461946002B40F0C18031
:106B60008542B2FA82F245D94AB1C2F1200300FA55
:106B700002FC954094402EFA03F343EA0C0C4FEAD2
:106B8000154EA8B2230CBCFBFEF80EFB18CC08FB7C
:106B900000F943EA0C43994528D9EB1808F1FF376F
:106BA00004D2994502D9A8F102072B44A3EB0903AB
:106BB000A4B2B3FBFEFC0EFB1C330CFB00F044EA5A
:106BC0000344A04214D92C190CF1FF3304D2A04283
:106BD00002D9ACF102032C44241A43EA07401EB147
:106BE000D440002334607360BDE8F0874746DDE79A
:106BF0006346F1E792BB431B01214FEA154EAFB24A
:106C0000200CB3FBFEFC0EFB1C330CFB07F840EA28
:106C10000343984561D9EB180CF1FF3004D2984535
:106C200002D9ACF102002B44A3EB0803A4B2B3FBDE
:106C3000FEFC0EFB1C330CFB07F744EA0344A7429F
:106C40004DD92C190CF1FF3304D2A74202D9ACF173
:106C500002032C44E41B43EA0040C0E7C2F12003D6
:106C60009540944020FA03F12EFA03F34FEA154EB3
:106C70009040AFB20343B1FBFEFC0EFB1C10190C9D
:106C80000CFB07F841EA0041884522D969180CF14C
:106C9000FF3004D2884502D9ACF102002944A1EBAF
:106CA00008019BB2B1FBFEFC0EFB1C110CFB07F7AD
:106CB00043EA01439F420ED9EB180CF1FF3104D295
:106CC0009F4202D9ACF102012B44DB1B41EA004197
:106CD00093E76046E3E76146F7E76046A4E763466B
:106CE000B8E7834206D916B9002108467CE7C6E911
:106CF00000E0F9E7B3FA83F78FB9834201D3724515
:106D000008D8BEEB020460EB030301209C461EB9C9
:106D1000002169E73846FAE7C6E9004CF8E7C7F111
:106D2000200CBB400EFA07F522FA0CF42EFA0CF1F7
:106D3000BA401C4320FA0CF3B8404FEA144901430F
:106D40001FFA84FEB3FBF9F809FB18300B0C08FBA3
:106D50000EFA43EA00439A4540D9E31808F1FF30A0
:106D600004D29A4502D9A8F102002344A3EB0A03F6
:106D700089B2B3FBF9F809FB183308FB0EFE41EAB0
:106D800003418E452CD9611808F1FF3304D28E459A
:106D900002D9A8F10203214443EA0040A1EB0E010D
:106DA000A0FB02984145CE46434602D306D14D454D
:106DB00004D20138B9EB020E68EB0403002EA7D011
:106DC000B5EB0E0261EB030101FA0CFC22FA07F3AA
:106DD000F9404CEA0303C6E9003199E74046C5E7AC
:106DE0004346D9E700000000F7B5494D04462B683B
:106DF0000E46834203D803F12A02824209D20121BE
:106E00000093444A2346444828F013FB002003B073
:106E1000F0BD834235D10029F8D1421C3BD13F4F10
:106E20003B78002B44D102213D4A3B482AF096FC96
:106E300001233B7015F008FE00232C606B60304688
:106E40000EF0C2F80023374885F8A8312EA3D3E905
:106E500000231FF081FD4FF6FF7016F0C9FB32488A
:106E60000FF01AF80DF004F8012847D1002019F0AE
:106E700003FA042015F004FC052015F001FC0120A4
:106E8000C5E701338342CAD305D10EF037F80307B3
:106E9000C5D40029C3D00EF031F8C0F3C00086423B
:106EA000B4D095F8A8315F2B0CD802211F4A05E019
:106EB00095F8A831BF2BB6D801211D4A16482AF0F3
:106EC0004DFCA3E78EB914F087FBA8B10221194A43
:106ED00011482AF043FC184BD3E8EF1F41F0400162
:106EE000C3E8E21F002A91D0F6E72C6015F0BAFD46
:106EF00000220A4B1A70A2E76E60A0E70CF0C2FFF6
:106F00000128B6D1B2E700BF00BBEEA00000000030
:106F1000980A002094D004001C790400777D00209A
:106F2000E2D00400480C0020F1490200FFD0040028
:106F3000BBD0040021D10400A00A00200000000002
:106F400010B52AF005FB60B3194C94F8A831E72B73
:106F500028BFE7231833DBB25F2B84F8A8310AD8A7
:106F6000042015F08DFB10A3D3E90023BDE81040E9
:106F700010481FF0F1BC6022B3FBF2F102FB1133A9
:106F8000DBB213B90C480EF087FF0DF0B7FF030713
:106F9000E6D501200DF062FD00212068FFF724FFF7
:106FA000E1E710BDAFF3008000BBEEA000000000E1
:106FB000980A0020480C00200F1704000000000071
:106FC000094890F8A8315F2B06D805A3D3E9002320
:106FD00000F5D8701FF0C0BC704700BFAFF3008051
:106FE00000BBEEA000000000980A00200000000096
:106FF000094BDB7B023B012B04D80023074AC0E985
:107000000023704702A3D3E90023F8E7AFF3008021
:10701000389C1C0000000000146D002070383900FE
:1070200037B5134B04461868D8B1C3E90312114BA6
:10703000DB7B023B012B10D800230F4A0F4D284663
:107040001FF08AFC00230093224603210C4B55F8C5
:10705000180C19F09DFE03B030BD03A3D3E9002343
:10706000ECE76FF07F00F6E7389C1C0000000000A2
:10707000204E0020146D002070383900384E00205A
:10708000F9FC02000000000038B5194C0D462368D9
:10709000834201D163683BB916480221164A28F0A1
:1070A000B5F96FF07F0038BD8B883BB911480221DC
:1070B000124A28F0B4F96FF01500F4E7104BDB7BAF
:1070C000023B012B0CD800230E4A0F481FF044FC52
:1070D00063680E482A46DB68A16898470020E2E70B
:1070E00001A3D3E90023F0E7389C1C000000000056
:1070F000204E00203479040043FC0400EFFB040020
:10710000146D002070383900384E0020E08A0400E9
:1071100010B5114C2368BBB908F0F4FB0F4B20608D
:10712000DB7B023B012B0BD800230D4A0D481FF0DF
:1071300013FC63680C481B68A1689847002010BDC9
:1071400003A3D3E90023F1E76FF00F00F7E700BFD7
:10715000389C1C0000000000204E0020146D002010
:1071600070383900384E0020E08A0400000000002A
:1071700008B5094BD3E8AF3F43B1F9F727FB04A1AA
:10718000D1E90001BDE808401CF0F0BC08BD00BF1B
:10719000389C1C0000000000147300200000000058
:1071A00037B50024164D6FF009034FF4806228466E
:1071B000144900941FF026FA134928461FF096FC44
:1071C000124913481FF09EF8224604211C2003F0A8
:1071D000CBFE01220F4BD3E8EF1FC3E8E02F0028BE
:1071E000F9D105A1D1E900011CF0C0FC204603B093
:1071F00030BD00BFAFF30080389C1C0000000000D1
:10720000B063002020B6002086070500353B030050
:10721000487300201473002070B4174E0C46B0421F
:10722000154608D00136B0420FD0023EB04210D011
:1072300070BC25F0CDB90AA3D3E90023C5E900232A
:107240000E4B0020236070BC704707A3D3E90023D6
:10725000F4E707A3D3E90023F0E700BFAFF3008012
:1072600002C0FF7F0000000003C0FF7F000000009D
:1072700001C0FF7F0000000002C0FF7F03004E80BE
:10728000014610B520B11648BDE8104027F01DBAE0
:10729000144827F01AFA1BF0B9FA014608B112484F
:1072A000F2E712481BF034FB014608B11048EBE747
:1072B0001CF0D8FB044600F0FFF8014620460CF015
:1072C00093FC014608B10B48DEE728F08BF9032058
:1072D00017F0CEFDBDE81040074827F0F6B900BF13
:1072E00080A40400A0A40400B7A40400EFE10300FC
:1072F000DAA4040000A5040023A5040008B506488C
:1073000027F0E3F9054806F021FB014610B10448D7
:1073100027F0DBF9002008BD35A5040081720100CB
:1073200080A404000022014B1A707047AE7B00203D
:107330000122034B03481A70002200231FF00CBBEC
:10734000AE7B0020082F0020F8B50025104B114A15
:10735000C31ADB10534304460121D8B21BF066FB6D
:1073600047F6122640F2E7302946D4F8C0704FF4B1
:107370007A720023E7FB0601FAF730F802460B4663
:1073800004F190001FF0E8FAC4F8C050F8BD00BF47
:1073900028060020295C8FC237B5056BA0F1900448
:1073A0002DB1204603B0BDE83040FFF7CDBF0A4BFA
:1073B0000A4AE31ADB10534390F83410D8B21BF09A
:1073C00035FB6946204626F024FF6A4629462046BA
:1073D0002CF092FA03B030BD28060020295C8FC241
:1073E000F8B51D4690F8C41013780446994213D09E
:1073F00080F8C43053681BB1D3E90013D94212D1CD
:1074000000231748C4F8C030201A164BC010584348
:107410001178C0B21BF00AFB05B329462046BDE82F
:10742000F84026F0F6BEC0F8C01053685E6896B10A
:1074300047F6122740F2E73000214FF47A7200231A
:10744000E6FB0701F9F7CAFF02460B4604F190007C
:107450001FF082FAE0E7FFF777FFDDE7F8BD00BF36
:1074600028060020295C8FC207B50F4B01930F4BF4
:107470001878A0B10E4A1368591C03F003030833AF
:107480006B4413F8040C11602CF00FF940F2AA328F
:107490000023084803B05DF804EB1FF05DBA03B0A9
:1074A0005DF804EB2CF001B901020408AE7B00206A
:1074B00038680020082F002038B50D4D0D4C0E49BE
:1074C0000E481FF005F9294620461FF001F929460C
:1074D00004F1C8001FF0FCF8294604F5C8701FF03D
:1074E000F7F804F5167029461FF0F2F8044838BD85
:1074F00099730100B806002069740100082F00206C
:1075000018820400032873B505461CD8C82300263A
:1075100043430E481C18903318441FF023FA94F884
:10752000C410E8B281F0010184F8C410C4F8C0604E
:107530001BF07CFA6946204626F06BFE6A4631460F
:1075400020462CF0D9F902B070BD00BF28060020FB
:1075500010F00302F0B542D121F00304264D274E6E
:10756000274F0444A04218D101F00303E018002380
:1075700084423CD120484A405843204B4FEA704057
:107580005843204B504080EA104058431E4B80EA3D
:107590005030584380EA1040F0BD50F8043B6B4334
:1075A0004FEA7343734353404FEAF34303EB8303C0
:1075B000DA19D7E71B68043C73434FEA73437B43F4
:1075C00053404FEAF34303EB830303EB0C02032C1A
:1075D000A5EB0403EED821F003040444C4E70C46F1
:1075E0000022054E054FDFF818C04518EFE714F8E4
:1075F000015B45EA0323BBE7512D9ECC9335871BE6
:10760000646B54E66BCAEB8535AEB2C270B589B314
:1076100006680122304626F060FE014604463046E8
:1076200026F023FEC30708D41349AF22134827F0DE
:1076300062F8AF21104827F055F82146304626F071
:107640002AFE251829460022304626F00EFE2D1A65
:10765000AC4206D00849B722084827F04CF8B721B9
:10766000E8E72146304626F01CFE2146BDE8704082
:1076700026F051BF70BD00BF46A5040069A50400F7
:10768000B2F5802F2DE9F0410CD2042A20D83F49D1
:1076900040F21A223E4827F02EF840F21A213B48C9
:1076A00027F020F80823D21ACC1D114424F0070437
:1076B00021F00701091B17294FEAD1060AD83349DF
:1076C00040F22322324827F016F840F22321E6E761
:1076D0000423E8E70025046031462046A660E56003
:1076E00026F005FEB6F5004F2CBF08230423421DEB
:1076F00092000833D11DDB0803EBD103B3424FEAFC
:10770000D10739D801302946A2F1100204F1100046
:10771000B8BF2A462FF068FA3A462946204626F096
:10772000D8FD2B462A462946204626F0A9FDA6EB81
:10773000070820462946012226F0B3FD4246394675
:1077400026F0C7FD3B462A463946204626F098FDDE
:107750003146204626F0BDFD43462A4631462046A6
:1077600026F08EFD31462046012226F09AFD39464C
:10777000BDE8F04126F08DBE04494FF40E72044876
:1077800026F0B9FF4FF40E7189E700BF46A504004B
:1077900069A504002DE9F04F91B0009302F00403B5
:1077A0000293C2F3C2030133840705460E46DDF897
:1077B00068800392059340F0E181041D30B10729F0
:1077C00009D86FF01B0011B0BDE8F08F01F007067B
:1077D0003444C6F10806009B4FF000094FF0040A3C
:1077E000591E4FF0FF334F460193CB465346CDF819
:1077F00010900DB1009A22600598002800F3D78000
:107800009548009A824203D394488242C0F0CF80C8
:10781000039AA4EB050E92074FEA9E0040F1DE802A
:107820004FF0000CCCE07A285DD84B280ED84728C2
:1078300059D829282DD8252852D054D820287AD094
:107840002338D0F1000B4BEB000B74E04C382E28A2
:1078500049D8DFE800F07048484848484848484858
:1078600048484B484848484848484859484B4B596D
:107870005959704B6D487048184B18484883804BD5
:1078800048484B48800000204FF0000B4FF0040A9E
:1078900038E001222A38C0B202FA00F010EA0E0FD6
:1078A00049D110F0625C2FD110EA020B43D0604640
:1078B000013C5444B4FBFAF40AFB04F4002D60D0FC
:1078C000A3EB050CA444B4453FF67BAF002867D179
:1078D000042B48D158F8043B2360042304342AE0E5
:1078E000019A013A01924FF0000B24E011F8010CCB
:1078F0006C2835D1002011F8023C83466C2BC5D191
:107900004FF0080A5346D3E708F1070828F00708A4
:10791000073424F00704F8E802AB35B10698204498
:10792000B0423FF64EAFC4E900AB4FF0000B083455
:107930004FF0080A534611F8010F002800F0AA8002
:10794000BBF1000F7FF46FAF2528F4D14FF0010B8E
:10795000019B013301934FF0040AEBE7584693E78C
:1079600000208346A4E7082B40F08B8008F107082D
:1079700028F00708F8E80223C4E9002308230834A4
:10798000D9E768B9042B02D108F10408A5E7082B50
:1079900077D108F1070828F0070808F10808EDE793
:1079A000059A013A059258F8042B009221E7039AB0
:1079B000900744D54FF0010CA4EB050E4FEA9E0052
:1079C000BEF5007F1BD326494FF41F72254826F0D1
:1079D00092FE4FF41F71224826F084FE0F2F10D81C
:1079E000002D41D007F140020DEB020C019A0CF87A
:1079F000200C0CF8102C0498013004901EE00F2F7E
:107A000008D9174940F28122164826F074FE40F248
:107A10008121E0E7D5B107F140020DEB020E019A9A
:107A2000C0B20EF8200C0EF8102CBCF1000FE2D002
:107A300060F07F000EF8200C09F101090137C5F153
:107A400008024FF6DA7E0434069274E7BCF1000FA8
:107A50000AD00136F2E700BF446D0400A41005000F
:107A600081A5040069A50400029802360028E5D12A
:107A70000098CDE90631FFF75FF8DDE906310644ED
:107A8000DCE7404940F2C6223F4826F034FE40F28F
:107A9000C621A0E7631BB3F5806F08D3394940F2D4
:107AA000D222394826F027FE40F2D22193E71DB9B1
:107AB000A6F10804E01886E6029A9B0828602B705D
:107AC0009DF81030C2B1EB7085F80290B9F1000F4B
:107AD00005D0002208A8C5F1010C97420ED14FF045
:107AE000000AC5F101030DF1200801930DF1300BDF
:107AF000574512D1601B66E66B70E5E710F8013B55
:107B0000190608D50CEB040EB64503F07F033FF6CB
:107B100058AE04F8013B0132DFE7B9F1000F03D0A2
:107B200098F90020002A17DB029BD3B11AF80B202A
:107B300004F8012B0022019B18191044B0423FF6B3
:107B400040AE98F80000009904F8010B204603921B
:107B50002FF023F8039A14440AF1010A08F10108EE
:107B6000C6E798F8002055F822300093029B009851
:107B700045F82230FEF7E0FF421CDCE76FF00D0015
:107B800021E600BF81A5040069A504002DE9F04F9E
:107B900097B000AF89460446D7F880B0FA623B62DE
:107BA00050B9A84940F29932A74826F0A4FD40F206
:107BB0009931A44826F096FDCBF3C00390F802A0BB
:107BC0007B6141B9457800780AEB800020444D453F
:107BD00017D8A0EB0409E378FB61BAF1000F02D0DB
:107BE0001BF0010F16D1FB6953BBFB6A1BB1494661
:107BF00020463A6A98474D4628465C37BD46BDE860
:107C0000F08F461C3046FEF797FF0130304409F1F3
:107C10000109DCE7626823787A62FA6A9900B9613F
:107C200004EB8301002A40F002810E464FF0000869
:107C30004D4601EB0A094E454CD101EB0A0610E016
:107C40001BF0020FD1D023789A00BA61626804EB6E
:107C500083017A62FA6A002A77D14D46904601EB99
:107C60000A061BF0050F0CBF02230123FB62FB6910
:107C700006EB430A0BF00203BB625645BCD016F874
:107C8000021B16F8013C54F82390704B994502D31F
:107C90006F4B994536D37B69002B40D0786A26F02C
:107CA000EBFC00283BD0E9468AB06A46694B536139
:107CB0007B6AC2E906314FF400731384664B42F8C5
:107CC000103F00234FF41251644801F07BFD023D48
:107CD000CD46D2E716F8013BF96254F82300FEF7CF
:107CE0002BFFD7F88430F96A01304BB1D7F88830D0
:107CF00098453EBFD7F8843023F8180008F10108F2
:107D0000054498E77B6923B1786A26F0B5FC002822
:107D1000C9D11BF0010F05D1FB6AED1AADE7BB6AB3
:107D2000002BAAD04846FEF707FFD7F8843053B19E
:107D3000D7F8883098453FBFD7F88420431C22F8F5
:107D4000183008F10108054497E7BAF1000F74D024
:107D50001BF0040674D0D046002607F148005246B6
:107D60003B61B9622EF019FFB96A3B6901EB0A0267
:107D7000BA62FA69F9695200FA60BA6A02EB410222
:107D80003A610BF00202BA60BA6A39698A4267D175
:107D900062781BF0020F18BF00217A6208BF4FEA19
:107DA0005801B2181BF0010FD2B240F0DE801BF078
:107DB000040F14BF404600207B616270A070E17028
:107DC00020463A6AB969FB6A9847051EFFF614AF68
:107DD0007B69414623707B6A3A6A6370FB6984F869
:107DE00002A0E37007F14800FB6A9847B0F1000871
:107DF000C0F2EF80BB69A9EB0A01C91AFB683A6AB5
:107E0000C91AD7E90A0398470028C0F2E4804FF066
:107E1000000BA84408EB000507F1380AB345C0F091
:107E2000A68000213A6A0846FB6A9847E4E656466F
:107E30004FF0000807F1380091E75646D04695E725
:107E4000B04693E781A5040069A50400446D0400D1
:107E5000A4100500AFA5040004000001AC790400E3
:107E6000BA6A12F8021B12F8015CBA6254F82500D3
:107E70005A4A904202D35A4A904217D37A693AB189
:107E8000786A7B6026F0F8FB7B6800287FF47CAF83
:107E9000BA68002A49D00F2E3DD9524940F24D42CE
:107EA000514826F028FC40F24D4182E67A693AB109
:107EB000786A7B6026F0E0FB7B6800287FF464AF83
:107EC0001BF0010F0AD00F2E25D9464940F243423C
:107ED000454826F010FC40F243416AE61BF0040FCF
:107EE0003FF452AFB8F10F0F08D93E4940F2464275
:107EF0003D4826F000FC40F246415AE608F12802CF
:107F000007F1300008F1010102EB000808F8105CED
:107F10005FFA81F838E706F1280207F13000711C9A
:107F2000161806F8205CCEB22EE7B8F10F0F08D96C
:107F30002C494FF48A622C4826F0DDFB4FF48A610D
:107F400037E608F1280207F1300C08F101009444EB
:107F500007F1580208F1020852FA80F00CF8101CE0
:107F60005FFA88F800F8105C0EE7002024E71BF8A1
:107F70000A3054F8239087F83730D7F884302BB381
:107F8000D7F888309B4521D2D7F8843033F81B804E
:107F900001213A6AFB6A07F13700984700281ADB8B
:107FA0000544B8F1000F06D14846FEF7C5FD00F1C3
:107FB00001081FFA88F8414648463A6AFB6A984722
:107FC000002808DB05440BF1010B27E74FF0000800
:107FD000DEE7454610E605460EE600BF446D0400A8
:107FE000A410050081A5040069A50400014B1860D8
:107FF000704700BFE40F002080B505460E461746C7
:1080000098461FF069FC03462EF092FE0446DFF806
:108010001890424649F8003039463046A84754F88F
:10802000090002F023FF00BF0800000038B50D462C
:108030000446202200212EF0D7FD0022EB68E361E8
:10804000AB68A3612B6823626B68A26263622A69D2
:1080500023B1591E194208BF42F0010222610122D8
:10806000002104F12C002BF0D5FE40B10449054855
:108070002F2226F040FB2F21014826F033FB38BD8C
:1080800063A6040069A504002DE9F04F002689B01D
:10809000CDE90123436A04468B428846B2460596E1
:1080A000079652D34FF0400B00F11407EFF3118302
:1080B00000938BF31288BFF36F8F3846DDF8009082
:1080C0001FF078FE40B946498822464826F013FB47
:1080D0008821434826F006FB38461FF08FFE079A9A
:1080E0002AB13146204626F0F0FB0023079306A96B
:1080F000204626F00DFB0699054641452ED3226801
:10810000236A204613F8221003EB820A21F00301B0
:1081100003F822102168424626F01EFBE368206027
:10812000984216D0002538461FF052FE50B389F30E
:108130001188BFF36F8F059929B1A3690BB1204650
:10814000984700230593002DB0D1504609B0BDE8F3
:10815000F08F236943F008032361E3E718B1204659
:1081600026F014FBDFE7DDE90132134330D0039141
:108170002BF0C5FE039958BB009B4BBB38461FF044
:1081800027FE40B916494FF49A72164826F0B3FA02
:108190004FF49A719DE785F31188BFF36F8F04F157
:1081A0002C00DDE901231DF00BFE0546EFF31189DC
:1081B0008BF31288BFF36F8F38461FF0FBFD00284A
:1081C00081D0B5FA85F538461FF018FE6D09AAE78B
:1081D000204607AB05AA266826F0F7FA0546A2E76F
:1081E00089A6040069A504002DE9F0410446C3698D
:1081F00008460D46984704F114060746EFF3118828
:10820000402383F31288BFF36F8F30461FF0D2FDF7
:1082100040B916498822164826F06DFA882113487D
:1082200026F060FA30461FF0E9FD2B783A4643F01D
:1082300001032B706168204626F08EFA60602046AC
:1082400026F05EFB30461FF0C3FD40B907494FF4EE
:108250009A72074826F04FFA4FF49A71DFE788F3D5
:108260001188BFF36F8FBDE8F08100BF89A60400BD
:1082700069A504002DE9F843044600F11407EFF363
:108280001188402383F31288BFF36F8F38461FF0A5
:1082900091FD054640B930498822304826F02BFA36
:1082A00088212D4826F01EFA38461FF0A7FD2369C5
:1082B000A26813F0080F02D163689A4200D9636A7A
:1082C0009B1A002B3AD0216A11F8223001EB820967
:1082D00013F0030035D0022803D151F82260B6080C
:1082E00005D1D8071AD44846E36998470646A168DD
:1082F0003246204626F030FA3146A060204626F06D
:1083000039FA38461FF064FDE8B913494FF49A7200
:10831000124826F0F0F94FF49A71C2E743F00203D5
:1083200001F82230E3694846A56898472946024685
:10833000204626F011FA0025A060E2E71D46A94676
:10834000DFE70546FBE788F31188BFF36F8F002D49
:1083500095D14846BDE8F88389A6040069A50400C4
:108360002DE9F0410446C36908460D46984704F1DB
:1083700014070646EFF31188402383F31288BFF3F6
:108380006F8F38461FF016FD40B9234988222348D5
:1083900026F0B1F98821204826F0A4F938461FF0CC
:1083A0002DFD2B786FF300032B7023699B0705D5F8
:1083B000E268236A03EB82039D421DD12B786FF3A1
:1083C00041032B70D4E90231994204D13246204650
:1083D00026F0C2F9A0603146204626F0CBF9384697
:1083E0001FF0F6FC68B90C494FF49A720B4826F05E
:1083F00082F94FF49A71CEE72B6866F39F032B60E6
:10840000EDE788F31188BFF36F8F04F12C00BDE80E
:10841000F0411DF06BBC00BF89A6040069A50400F3
:1084200070B5044600F11405EFF31186402383F381
:108430001288BFF36F8F28461FF0BCFC40B9164965
:108440008822164826F057F98821134826F04AF961
:1084500028461FF0D3FC2369A06813F0080F02D14F
:10846000636898420ED9646A241A28461FF0B0FC4B
:1084700050B909494FF49A72084826F03CF94FF474
:108480009A71E2E71C1AF0E786F31188BFF36F8F49
:10849000201E18BF012070BD89A6040069A5040034
:1084A0002DE9F84F0446A38B08461907164612D447
:1084B000022803F0070162D1204626F0A7FA88B10E
:1084C0000138042800F22581DFE810F0590023016B
:1084D0007E00C800F50001280CBF43F0100143F0F6
:1084E0002001A18304F114001FF072FC002800F0A9
:1084F000AB8086F31188BFF36F8FBDE8F88F03F070
:108500000702501F01281ED80020062A2768C4E948
:10851000000014D13A4603E0E08B0130E08312689A
:10852000002AF9D123F0070343F002022046A28378
:1085300026F06CFA90B342F02002A2832EE023F0E2
:1085400007039AB2F2E7042A33D123F007039AB261
:108550002046A28326F05AFA10B142F02002A283EC
:10856000A38B03F00709894540F0DC80A18BCA0684
:1085700040F1218121F01003A38301F00701D4F819
:108580001880A38BB8F1000FB9DA0022276823F016
:108590000703C4E9002243F00103A383A38B03F084
:1085A0000709894540F0BF80002FDFD00025AA468B
:1085B00040E0854940F21B12844826F09CF840F2C6
:1085C0001B11814826F08EF841B17F494FF4AB7200
:1085D0007E4826F090F84FF4AB71F2E7236843B978
:1085E000794940F25712794826F085F840F2571140
:1085F000E7E723691D6845B973494FF4AD727348C5
:1086000026F079F84FF4AD71DBE70F4688464FF05E
:108610000609A38B23F0070343F006039BB2A38351
:10862000A268002A40F08180002F40F08180002D58
:108630009CD0BA4643F0080304F1140B5846A383B8
:108640001FF0C6FB002875D161494FF49A725F484C
:1086500026F051F84FF49A715D48B3E7022908D02B
:10866000594940F25D12594826F045F840F25D1133
:10867000A7E7E78B47B154494FF4AF72534826F050
:108680003AF84FF4AF719CE723695D6845B94E49EC
:1086900040F261124D4826F02EF840F2611190E749
:1086A000A38BB84623F0070343F004039BB24FF0BB
:1086B0000409A383B4E7012908D043494FF4B272F7
:1086C000424826F018F84FF4B2717AE7236843B9AC
:1086D0003D4940F265123D4826F00DF840F2651123
:1086E0006FE723699D6845B937494FF4B47237483D
:1086F00026F001F84FF4B47163E70027A38BB84666
:1087000023F0070343F005039BB24FF00509A38351
:1087100086E72D4940F26B122C4825F0ECFF40F221
:108720006B114EE7002700257AE74FF0010A81E739
:1087300092467FE786F31188BFF36F8FBAF1000F7F
:1087400016D147BB15B120462249A847EFF3118641
:10875000402383F31288BFF36F8F58461FF02AFB24
:1087600008BB1B498822194825F0C5FF882173E7FB
:10877000A1680029E5D00E680029E2D043464A46A8
:108780002046D1F804A0D0471EB1336831461E46BA
:10879000F2E73346FAE7394643464A4620463F6801
:1087A00026F060F9CDE758461FF028FBA38B23F095
:1087B0000803A383DAE68B067FF594AE21F020034D
:1087C000A38301F0070177E6B6A6040069A50400BB
:1087D00089A60400D9870100F8B504460D4600F1CA
:1087E0001406EFF31187402383F31288BFF36F8FD2
:1087F00030461FF0DFFA40B909490A48882225F0BF
:108800007AFF8821064825F06DFF30461FF0F6FA02
:10881000A5613A462046BDE8F8400121FFF740BE79
:1088200089A6040069A504002DE9F04704460F4617
:1088300026F008F9051E5DDB04F11409EFF3118A37
:10884000402383F31288BFF36F8F48461FF0B2FABC
:10885000804638B933498822334825F04CFF8821B7
:1088600030483CE048461FF0C9FA4FF6FF72E38BF0
:10887000A68B934206F007063FD0022E10D1354654
:108880000133E38348461FF0A3FA00283BD1254972
:108890004FF49A72244825F02EFF4FF49A71DFE7C7
:1088A000062E13D8DFE806F0092C1212090409007D
:1088B0006FF085054FF00008E4E700233B60636834
:1088C0007BB9C4E900777EB13546F3E7174916480E
:1088D0004FF4E47225F00FFF4FF4E471134825F0D4
:1088E00001FF1F606760EEE7524602212046FFF756
:1088F000D7FD35462846BDE8F0876FF00A05D9E771
:108900006FF00405D6E78AF31188BFF36F8FB8F1D3
:10891000000FEFD0002332463946204626F0A2F859
:10892000E8E700BF89A6040069A50400B6A6040014
:1089300008B54268034602F00302022A81600AD0A9
:10894000032A4FF0000103D0012A0AD1596006E042
:108950001868596008BD186800225A6050B9002094
:10896000F8E706490648452225F0C5FE452103489B
:1089700025F0B8FE20F094F8F1E700BFDBA6040074
:1089800069A50400064B420F03EAD00302F002027D
:10899000134300F001001843C0F30800704700BF04
:1089A000FCFFFF072DE9F04F9FB0044602AF58B916
:1089B0008F4A01218F4826F0AEF86FF0150948461E
:1089C0007437BD46BDE8F08F00F1240840462BF017
:1089D000E8F9A06B8368DB6898470246E06308B952
:1089E000854AE6E7102126F0ECF820641368013B85
:1089F0001F2B01D9814ADCE7A26900EB80039A4270
:108A000005D201217E4A7B4826F009FDD5E7E369BE
:108A1000012B01D87B4ACCE700220023C7E90223BF
:108A2000C7E904234FF0000A4FF0FF324FF0FF3345
:108A300040461CF0B9FED346554607F15006E3699F
:108A40009D420BD3E3695B455CD1BAF1000F59D16C
:108A5000404626F0C0F86FF08509B0E7226CA169A6
:108A60005000884294BF2B466B1EA1EB420207F1D7
:108A70004001C7E902232046CDE9006126F013F941
:108A8000814610BB97F8513084F82030FB6D03F419
:108A90007023B3F5803F33D23146204607F14002C0
:108AA00026F069F860B3FB6D0BF1010B03F47F4214
:108AB000B2F5844F0ED1DBB2012B0AD00121524A0C
:108AC0004C4826F028F86FF07A09404626F083F8E3
:108AD00075E78246204607F1080126F011F807F1F4
:108AE0004003CDE900632046D7E9022326F0FFF8D2
:108AF000B0F10009E9DB97F8513084F82030A1D0BB
:108B000001359CE79D4261D1D7E90223216C07F131
:108B10003005521A4FF0100120460191009563F183
:108B2000000325F0DDFF81460028CED1284694F8C9
:108B3000201025F0FBFF20B9204607F1080125F0A1
:108B4000DFFFD7E902AB07F1400307F150050193BE
:108B500052465B462046009526F0A5F8814600283F
:108B6000B3D1FB6D03F47023B3F5803F17D22846D1
:108B700025F0EDFF98B1FB6D03F47F42B2F5844F11
:108B800015D1DBB2012B12D001211F4A194825F063
:108B9000C2FF404626F01FF86FF07A090FE75246F1
:108BA0005B46204626F0A4F9814600288DD104F1C9
:108BB0002003009352465B46204626F056F810F1FB
:108BC000020F814610D1002384F82030204607F19F
:108BD000100207F1080126F000F80546B0B1404642
:108BE00025F0F9FFA946EAE60028EFD06DE700BFBF
:108BF00001A70400F479040020A7040042A70400A0
:108C00005FA704008BA70400CCA704001026D7E9B7
:108C10000223C4E90223D7E90423C4E9042307F1AA
:108C20002005D4E90223D4E90401824273EB010157
:108C300010D32046CDE9005625F052FF814600288A
:108C40007FF443AF284694F8201025F06FFF0028EA
:108C500040F0C080226CA3695200E1689B1A61F168
:108C60000001C7E90231204607F1080125F048FF5D
:108C700007F14003019307F1500300932046D7E921
:108C8000022326F034F8B0F10009FFF61EAFB9F167
:108C9000010F3FD14FF0100A97F85130256C84F83E
:108CA0002030D4E90236ED1846F1000607F1600BDA
:108CB000226CA369C7E90256A3EB42039D42C0F0B0
:108CC0009B800321854A864825F025FFD4E90223AD
:108CD000204626F00DF9814600287FF4F6AE216C7F
:108CE000A26901EB4101521AE16812EB0902C4E9E1
:108CF0000491A26004F1400304F5825043F8082F68
:108D000098425960FAD1204626F0DAF981460028C7
:108D10007FF4DBAE4FF0FF3B4FF48052FF2104F1B4
:108D200048002DF061FFD4E90223C7E90623D7E903
:108D300006A6204607F1600207F1180126F015F893
:108D4000814600287FF4C1AE786E431C28D0FFF71F
:108D500019FE04EBC005D5E91212B2F1FF3F08BFBE
:108D6000B1F1FF3F1CD14FEAEB72914508BF5E4560
:108D70000DD0FB1D009352463346204625F075FF6B
:108D800010F1020F814654D14FF00003FB71F979C5
:108D900007F1600025F0CAFE08B1C5E912A6B34686
:108DA000D4E90202D7E906139A4208BF8842BED12D
:108DB000236CA26903EB4303D21A90423CD12046B4
:108DC00026F0F5F88146404625F005FFB9F1000F81
:108DD00035D0F4E5D4E90232D4E904018A4208BF6F
:108DE000834202D1798C002962D1216C5B1A62F135
:108DF0000002C4E9023214E72A4633462046CDE990
:108E000000BA25F06DFE814600287FF45EAE58461C
:108E100097F8611025F08AFE28B1B7F8622012B9E0
:108E20007A6E013247D0236C5B191D4646F100066D
:108E30003EE70028ABD048E6404625F0CCFE0123B3
:108E400084F82130D4E90623032100922448254ADE
:108E500026F0EFFAD4E90232E9468AB002AD0026E4
:108E60004FF0060AA8462049C5E90626C5E9083696
:108E7000696148F810AF4FF44351334642461848F1
:108E800000F0A0FCD4E90432CD468AB01749C5E908
:108E90000763C5E905126E62C5F810A04FF443518F
:108EA000334642460E4800F08DFCCD46B14686E57D
:108EB0006FF01C0987E703210D4A094825F02BFEB6
:108EC000E268204607F10801C7E9029225F018FE82
:108ED000D7E90223204626F00BF817E740A8040044
:108EE000F4790400E9A7040000A8040016A804000F
:108EF0002BA804002DE9F04F894617461E4604466C
:108F000085B038B901214F4A4F4825F004FE6FF073
:108F1000150509E090F8213053B901214B4A4A4820
:108F200025F0F9FD6FF00C05284605B0BDE8F08F7F
:108F30003146C06B25F045FE236CA26903EB83012B
:108F4000521A96428246E2D8B6F5803FDFD2002E12
:108F500043D1002818BF9A4604F124084FF0FF328D
:108F60004FF0FF3340461CF01FFC4FF0000BE3694D
:108F70005B4564D0D4E90221002A39D0D4E90453F6
:108F80001AEB050043F100038242994130D3236C70
:108F90009A422BD01022002168462DF025FE94F82D
:108FA0002030082ECDF80490ADF802608DF8013025
:108FB0002AD8731E072B04D83246394602A82DF052
:108FC000ECFD684625F0A9FD6946204625F06BFFBB
:108FD000002814BF0546354622E0002F97D0002810
:108FE000BAD0082E94BF9A469A44B5E7002ED1D045
:108FF000204625F0F5FF0546B0B10346144A01218D
:10900000114826F00CFA0BE06846029525F085FD24
:1090100032463946204626F039F805460028D3D096
:10902000404625F0D8FD7FE7204626F049F8054662
:1090300010B1084A0346E2E70BF1010B97E76FF026
:109040001B05EDE701A70400F47904000CA7040058
:1090500067A8040091A804002DE9F04F1546984632
:10906000002200238BB00E460446CDE9042348B904
:1090700037480121374A25F04EFD6FF015000BB03F
:10908000BDE8F08F90F821303BB931480121324AD8
:1090900025F041FD6FF00C00F1E70846FFF772FC88
:1090A000093004EBC00354F830205B68B3F1FF3F94
:1090B00008BFB2F1FF3F02D16FF00100DFE74FF0D0
:1090C00000090DF1100A0DF1180BCDE902BAD4E92F
:1090D0000201CDE9000131462046CDE9042325F007
:1090E00058FE0028CBDBE7D051462046059F09F10A
:1090F000010925F00CFE0028C1D1DDE904231499F3
:109100004945E2D2079BB342D6D1BDF81A60002E82
:10911000D2D0082E0AD83DB1B0454246284628BFD5
:10912000324608A92DF039FD3046A8E7089A002DEF
:10913000FAD002443B462046464594BF0196CDF8FE
:109140000480009525F0CCFC0028EDD097E700BF07
:10915000F479040001A704000CA7040030B5002234
:1091600089B00F490F482AF093FF00220023002402
:10917000CDE906230E230C4DCDE903344FF40062F4
:109180002846CDE90144094B094900941DF062FDD0
:10919000084928461DF0AAFC204609B030BD00BF92
:1091A000ED92010008340020382F0020ED950100D9
:1091B000B8830020C1A804002DE9F0470446074603
:1091C0004FF00109DFF8508014B93846BDE8F08748
:1091D00094FAA4F5B5FA85F509FA05F32E0108EB22
:1091E00005156FEA030A24EA03042B7B002BEBD05E
:1091F00058F806301B694BB9464473680422284668
:10920000196807EA0A0726F091F8DDE7284698472B
:109210000028D9D1F0E700BF6C7A04002DE9F047AF
:10922000DFF8B4902D4C8046A9EB04038F2B0F463A
:109230000AD92B494FF4A6722A4825F05CFA4FF45C
:10924000A671274825F04EFA274826F053F806461F
:1092500058B300252846BDE8F087237B83B12368F7
:10926000DB680BB120469847636883F806A0236843
:109270001B6993B9636804222046196826F056F8E2
:10928000013610344C4514D915494FF4AC721548C9
:1092900025F031FA4FF4AC71D3E720469847002807
:1092A000E8D00AFA06F31D43EAE705464FF0010A43
:1092B000E8E7D2D3B8F1000FCCD0002DC9D02846B2
:1092C000FFF77AFF0546002FF7D0002140F2391052
:1092D0001EF07CFAF1E700BF7C7A04006C7A04008F
:1092E000C9A8040069A504007068002001481CF0AA
:1092F000FDBC00BF54180020014B53F820007047FC
:109300005C82040008B5034608462BB1044A13608A
:1093100000F062FD002008BD6FF01500FBE700BF04
:10932000E80F002010B5044C237813B903481CF053
:10933000DDFC0123237010BDAF7B002054180020FA
:1093400010B50446094825F0D5FF3CB1084BD3E8D9
:10935000EF1F0139C3E8E21F002AF8D105482AF0BF
:10936000A3FEBDE8104004481CF0C0BC68680020A3
:109370006C680020083400205418002000200146AA
:10938000034BD3E8EF0FC3E8E21F002AF9D170477F
:109390006868002070B5FFF7F1FF05460D4C0E4ED2
:1093A000B44215D90D490E484FF4037225F0A3F9C4
:1093B0004FF40371094825F095F963685B792BB187
:1093C00023685B6813B12946204698471034E7E7C5
:1093D000F3D370BD6C7A04007C7A0400C9A8040041
:1093E00069A5040010B5044C04492046FEF71EFE92
:1093F000034B1C6010BD00BF4416002048820400CF
:109400005C6800200023134A10B51370124A1349F8
:109410001360134A13481360FFF774FFFFF7E2FF6E
:10942000114B124918468B4211D91149114840F28B
:10943000271225F060F940F227110D4825F052F966
:109440001A1A5C681211013222711033EBE7F7D35C
:1094500010BD00BFB07B00206868002040420F00B4
:109460006C680020F1F203006C7A04007C7A04003E
:10947000C9A8040069A50400014600220023014890
:10948000FEF702BE441600200148FEF7F3BE00BFFF
:1094900044160020024B01461868FEF761BF00BF6A
:1094A0005C6800200148FEF7BBBF00BF44160020E7
:1094B00070B52D4B1878002855D0FFF7E5FF05460D
:1094C000002840D1294B2A4C1B68002B19DD2AF0BB
:1094D00097FD4FF47A75A0FB050647F6122200238C
:1094E00005FB0161F7F77AFFD4E90032C01A40F2B8
:1094F000E93361EB0201984271F1000101D3FFF7FA
:1095000049FFD4E9003213F57A7342F10002C4E94D
:109510000032BDE87040FFF7C5BF63685B7923B1D7
:109520002368294620461B6898471034B4420DD959
:10953000104911484FF4007225F0DDF84FF4007126
:109540000C4825F0CFF80D4C0D4EEFE7E5D328463B
:10955000FFF7A0FF0B4BD3E8EF1F0139C3E8E21F71
:10956000002AAFD0F7E770BDAF7B0020686800200D
:1095700000340020C9A8040069A504006C7A040026
:109580007C7A04006C68002070B5134D297809BB03
:109590000120FFF743FE114C114EB44213D911497B
:1095A000114840F2C51225F0A6F840F2C5110D4849
:1095B00025F098F863685B791BB1236820469B68A7
:1095C00098471034E9E7F5D3FFF772FF0028FBD185
:1095D00001232B7070BD00BFB07B00206C7A0400AB
:1095E0007C7A0400C9A8040069A504002DE9F047AD
:1095F0002D4B2E4FFB1A1B090AD12D4940F2A932DF
:109600002C4825F078F840F2A931294825F06AF86D
:1096100000210846FFF702FE044650B340F21B68E3
:109620004FF000092DF084FB234B244A1B58136094
:1096300033B1234B1B68092B02DD22481CF056FB7B
:109640000025DFF880A044B12046FFF7B5FD0446B1
:1096500018B94FF0FF384FF0FF39FFF729FF0646E2
:1096600028B95DB942464B4650461CF0A9FB354629
:10967000E9E74FF0FF384FF0FF39D3E70A4D08E034
:10968000F0D22B689B691BB10022284611469847EF
:109690001035BD42F4D9064940F29D32054825F007
:1096A0002AF840F29D31B0E76C7A04007C7A04001D
:1096B000C9A8040069A5040008000000646800202F
:1096C0006C6800205418002013B5264825F012FEBF
:1096D000254B1B785BB3EFF31184402383F312888F
:1096E000BFF36F8F21481EF065FB40B920498822E7
:1096F000204825F000F888211D4824F0F3FF1B487E
:109700001EF07CFBFFF7D4FE18481EF061FB40B949
:1097100017494FF49A72174824F0EDFF4FF49A71ED
:10972000EAE784F31188BFF36F8F02B010BD124BCC
:109730001B68002BF9D050B9002200230F48CDE957
:10974000002347F6122200231EF0CEFEEDE7092883
:10975000EBD10A482AF0A8FC094802B0BDE8104045
:109760001CF0C4BA6C680020B07B00206068002048
:1097700089A6040069A5040064680020083400205C
:109780005418002010B5064B04461B689847214624
:10979000A0600448FEF728FDBDE81040FFF794BF25
:1097A000E80F002044160020044A054B9B1AB1EB39
:1097B000D30F34BF52F83100002070474C780400BA
:1097C0006C7A04002DE9F04F8FB0C1F34A2804AF42
:1097D0000D469146B8607B600C0DB8F1000F67D064
:1097E00000264FF0040B4FF00A0A07F11403C7F8E4
:1097F0000C80C7E907667E620193CDF808B0CDF80A
:1098000000A007F11C0332464846F968FEF7BEF98E
:10981000B0F5006F03461CD36C468AB0D9F804102B
:1098200004AB2C481A46C3E9050140F2FF71D96127
:109830004FF400711984284B42F8103F4FF4125135
:1098400033462648FFF7BEFFA5462C37BD46BDE888
:10985000F08FC0F30A0804F11700184420F0070045
:1098600080083B60FFF708FE68F35325044638B3D1
:109870003B6800F11001C7E9083607F11403F961EC
:10988000CDE900A3CDF808B04846154AF96807F1BC
:109890001C03FEF77BF9002812DA124912484FF434
:1098A000A37224F028FF4FF4A3710E4824F01AFF8E
:1098B00004F1170020F007008008FFF7DDFD0446E3
:1098C00068F353252A4620467B68B96825F04EFD8B
:1098D000BBE700BF03A90400040000010C7A0400E8
:1098E0003FF3030042A9040069A504002DE9F04FED
:1098F00087B00446DDE9106ADDE91279934698469F
:1099000003911FB33B46524610210020CDF8009032
:10991000CDF81490FDF73EFF051E0ADA254940F206
:109920006512254824F0E7FE40F26511214824F035
:10993000D9FEB5F5006F0ADB40F2FF7302211F4A22
:109940001F4807B0BDE8F04F25F069BD3D4606F160
:109950001700284420F007008008FFF78DFD04F071
:1099600007040BF0070BE40044EA8B1444EA452497
:1099700044EA0654064698B197B13B4652462946FA
:10998000CDF800901030FDF705FF002808DA0949EE
:109990004FF4C472084824F0AEFE4FF4C471C5E71A
:1099A000434622463046039907B0BDE8F04F25F004
:1099B000DDBC00BF42A9040069A504006EA9040033
:1099C0000C7A0400406820B1034BC01A40F3CF006A
:1099D00070474FF0FF3070474C7804000EB403B569
:1099E00003AB53F8042B01460448019301F0C8FD72
:1099F00002B05DF804EB03B0704700BF1D9A010090
:109A0000CA0605D48B064CBF02490349FFF7E6BFDF
:109A1000704700BFA7A90400A6A9040038B54B6889
:109A200005461A68CB680C469A4202D1084625F0D2
:109A30001AFD6368D3E8EF2F511CC3E8E01F00282C
:109A4000F8D1A3689D5463681A68E3689A4208D9FC
:109A500005490648722224F04EFE7221024824F085
:109A600041FE002038BD00BFA9A9040069A504007B
:109A70002DE9F04F89B09B46149B9DF84CA00693AE
:109A8000159B04460593169B0D469046179E04931E
:109A9000BAF1000F00F0AC80BAF1040F0AD9A24964
:109AA00040F24622A14824F026FE40F246219E487C
:109AB00024F018FE06F48073079325F035FC06F0B9
:109AC0000209024600283FD020469949FFF786FF49
:109AD0000746B9F1000F08D016F0440F36D12A46D8
:109AE00020469449FFF77AFF074406F0010353B17B
:109AF000914B204653F82A20904B9149002A08BFE9
:109B00001A46FFF76BFF06F48073002B4AD006F06D
:109B10000803002B64D1B8F1000F67D042462046FD
:109B20008849FFF75BFF0546069B3D44002B6ED13D
:109B3000049B002B40F08280F30700F1EF80314658
:109B40002046FFF75DFFE3E00746C2E77E4B18685B
:109B50000028C9D07D4B4FF47A791B684FF03C0C3C
:109B6000B5FBF3F5B5FBF0F14FF4616300FB115564
:109B700009FB05F5B1FBF3F2B5FBF0FE03FB121197
:109B800000FB1E55B1FBFCF309FB05F5B5FBF0F539
:109B90000CFB131120460091CDE901E56C49FFF75C
:109BA0001DFFA1E706F00803EBB16A4B204653F80E
:109BB0002A206949FFF712FF0546B8F1000F05D0CA
:109BC000424620465F49FFF709FF0544BBF1000FFD
:109BD000AAD05A4620466149FFF700FF0544A3E793
:109BE0004FF0000BE1E706F00805E6E745469BE786
:109BF000BBF1010F069B06D1D3B9049B002B00F0EB
:109C0000878000251AE0002BF7D0554811E0554811
:109C10002246069B544924F0FEFC00280BDA4249F8
:109C20004FF42872414824F066FD4FF428713EE756
:109C30004C485546ECE7049B002B65D0DFF82C819F
:109C4000DFF82C91049F3146102F204628BF1027A3
:109C50004FF0000BFFF7D4FE5D4542DC059B494603
:109C600020461A78FFF7BAFE4FF0010B1BF0070FE2
:109C700003D141462046FFF7B1FE5F4538D9059B29
:109C80004946204613F80B20FFF7A8FE0BF1010B05
:109C9000BBF1100FEAD14FF0000B20463549FFF71A
:109CA0009DFE5A46059B20469A5CA2F120015F2941
:109CB00028BF2E223049FFF791FE0BF1010BBBF1BB
:109CC000100F1AD01BF0070F03D141462046FFF7B3
:109CD00085FE5F455A46E5D841462046FFF77EFEA1
:109CE000EBE741462046FFF779FE0BF1010BB3E7A6
:109CF00020462249FFF772FEC8E7059B3B440593C7
:109D0000049BDB1B04939DD1BAF1000F7FF414AFC9
:109D1000204609B0BDE8F04F25F0A5BB2046074A14
:109D20000749FFF75BFE0AE7A9A9040069A504003B
:109D3000DDA90400E1A904006C820400D8A9040094
:109D400062F9040006AA0400786800207468002004
:109D5000EAA90400808204000AAA040010AA0400F0
:109D600081F403001D9A010081B501001DAA0400C1
:109D700015AA04001FAA040021AA04001BAA0400BB
:109D800042F20F7373B58B4228BF0B460568044639
:109D9000052168460D4A23F0B1FE06466368284651
:109DA0000B225B680A4925F050FB6368324669461E
:109DB00028465B6825F049FB63681B2228465B68E0
:109DC000044925F042FB02B070BD00BF3BF0040027
:109DD00040AA040024AA040000210123064A90425C
:109DE00006D8064A01B901231360054B1860704775
:109DF000012140085B00F2E740420F007468002038
:109E000078680020F8B50D460446064F4618B4425F
:109E100001D12846F8BD14F8011BBB6801485B68F6
:109E20009847F4E79C6E040010B543681C68084826
:109E300029F080FF40B907490748992224F05BFCCC
:109E40009921044824F04EFC23685B685C6010BDD7
:109E50009C6E04006CAA040069A50400014B036019
:109E600000207047C882040070B5104B0D461C6876
:109E7000B4B10F4B196800238B4202DB6FF0010075
:109E800070BD224612F8106B864202D01446013390
:109E9000F2E7E06829F04EFF28B100202C60EFE7E0
:109EA0006FF00C00ECE76FF01200E9E710100020F3
:109EB000C882040010B5436888B0029383680C46DA
:109EC000CDE9033200230A68C068CDE906230549BD
:109ED00001AA059329F0A9FA079808B9059B236000
:109EE00008B010BD6FF503002DE9F0410C4B05469D
:109EF0001C680E4617467CB100F08AF9636820465C
:109F0000D3F8108032463B462946C047044600F04D
:109F100089F92046BDE8F0816FF00104F9E700BF40
:109F2000A868002000230360044B5A6812B9C3E9F3
:109F30000000704710605860704700BFAC68002098
:109F4000014B1860704700BFA8680020002330B59F
:109F500085B0CDE902330546019000F059F9094B6F
:109F60001C6844B9284600F0E3F8044600F05AF9AA
:109F7000204605B030BD636820461B6801A998479C
:109F80002468EEE7AC6800201FB5CDE9010103921B
:109F900000F03EF9074B1C6824B900F043F9204655
:109FA00004B010BD636820461B6801A99847246867
:109FB000F2E700BFAC6800200022024BC3E9002298
:109FC000704700BFAC6800200022024BC3E90022AA
:109FD000FFF7F2BFB46800202DE9F74307460C46AF
:109FE00009B100230B600026234DDFF890904D450A
:109FF00020D9234923489D2224F07DFB9D21204820
:10A0000024F070FBD5F800803846414601AA25F0BF
:10A01000F0FA50B116B954B92E4606E00022404677
:10A02000316825F0E6FA0028F5D11835DFE7019B05
:10A030002360F1E7E6D3144B1D68C5B155F8188CC1
:10A040003846414601AA183D25F0D3FA50B116B959
:10A0500054B92E4606E000224046316825F0C9FA80
:10A060000028F5D1AD69E8E7019B2360F1E73046B0
:10A0700003B0BDE8F08300BFC07A0400707C040028
:10A08000C4AA040069A50400B46800202DE9F047C3
:10A0900084B002AFD7F8289004460D46164698467D
:10A0A0007860B9F1000F07D0D9F8001031BBD9F8AA
:10A0B00004A0BAF1000F28D12046391DFFF78CFF0C
:10A0C00008B3D0F80C904346324629467868C84712
:10A0D000C8B16D468AB002AA124BD061C2E90534FC
:10A0E0004FF400731384104B42F8103F00234FF4D9
:10A0F00011510E48FFF766FBAD4604E03A1D25F00E
:10A1000078FA0028D3D1002007E0D9F80830324689
:10A110000093294643467868D0470837BD46BDE8D6
:10A12000F08700BFF6AA040004000001547A04007E
:10A130002DE9F04780464FF000470026DFF8BC903D
:10A14000DFF8BCA03D462F4C4C452CD92E492F485A
:10A150004FF4897224F0CFFA4FF489712A4824F021
:10A16000C1FA2F46EEE7B8F1000F03D122694AB9D0
:10A170001834E9E700224146206825F03AFA002821
:10A18000F4D1F5E76368BB4205DDAF4209D09D42DB
:10A19000A8BF1D46ECE7EBD19047002E08BF06464E
:10A1A000E6E71D46E4E7DED3DAF8004004B3183CE6
:10A1B000B8F1000F03D122694AB9A469F6E7002279
:10A1C0004146206825F015FA0028F4D1F5E76368C8
:10A1D000BB4205DDBD4209D09D42A8BF1D46ECE74C
:10A1E000EBD19047002E08BF0646E6E71D46E4E7A0
:10A1F000AF42B6D13046BDE8F08700BF707C0400A6
:10A20000B4680020C07A0400C4AA040069A5040050
:10A210004FF0FF324FF0FF3301481BF0C5BA00BFCB
:10A220004018002001481BF075BB00BF40180020FB
:10A2300038B5094DFFF7ECFF2B783BB9FFF7C4FEAB
:10A2400000F034F9044610B901232B700024FFF705
:10A25000E9FF204638BD00BFB27B00202DE9F04F5A
:10A260009BB080460F46CDE90223002900F0C08054
:10A270004A2138462CF0F2FC029B0090A3B3039BCA
:10A28000B3FA83F464094FF0000A38460099FDF7E9
:10A290005FF94FF0FF35D14620F0404020F01F001D
:10A2A00040F00043019308F1080B019B584603EB73
:10A2B0004A063146492307AA24F0F2FF831C15D130
:10A2C000B5F1FF3F08BF554608F5805393F85C2071
:10A2D0000AF1010A5245E8DA4A4529D3002C76D022
:10A2E00000201BB0BDE8F08F0124CCE70028F8DB8C
:10A2F00049280ADD404941484FF4E07224F0FBF957
:10A300004FF4E0713C4824F0EDF9002200F16803BD
:10A310006B4403F84C2C009B984206D11A463846F1
:10A3200007A92CF069FC00284AD009F10109CBE704
:10A33000B9F10F0F07D932480121324A25F066F8EA
:10A340006FF01B00CDE783F85C90002CC8D1019B17
:10A3500043EA49060124DDE90223584606F180411B
:10A36000FEF7C8FD0028BCDB002CB9D0002308F59F
:10A3700080540693636D002B2FDA636D46F0010560
:10A38000059329460823584605AAFEF7B3FD002881
:10A39000A7DBA36D58460593616D082305AA0695B2
:10A3A000FEF7A8FD00289CDB636D3A46C4E915530F
:10A3B00031465846009BFEF79DFD00EAE07090E7AD
:10A3C000002CC8D03146404625F0ACF989E7019E03
:10A3D0006D0005F01E052E43BCE702210A4A08481D
:10A3E00025F014F8404625F042F90028C5DA78E750
:10A3F0006FF0150075E700BF1BAB040069A50400F2
:10A40000547A040051AB040071AB04002DE9F04F05
:10A4100000F108059BB00746894608234FF000412C
:10A42000284607AA24F03CFF002826DB0020089ECF
:10A430001EB326F0010A492307AA5146284624F0F4
:10A440002FFF0AF1804B59460446284624F035FF79
:10A45000082380463146284605AA24F021FF00281B
:10A460000BDB002C069E02DDB8F1000F08DC514624
:10A47000384625F057F90028DADA1BB0BDE8F08F2E
:10A4800004F168030DEB03040023414604F84C3C3F
:10A49000054ACDF8009003AB07A8CDE9035BFFF7B1
:10A4A000F5FD0028C4D0E8E763F603007FB5012579
:10A4B000694628460195FFF7D7FC0446002835D1A8
:10A4C000284602AA01A925F074F8044610B110F13B
:10A4D0000C0F2BD100221346009903988C6802447C
:10A4E000944202D30133082BF9D1134DC5E9080377
:10A4F0004B6805F58056AB60CB6833652B64C3B100
:10A5000005F10800FEF74EFA044678B986F85C00BB
:10A51000284625F0ACF8044640B9084E28466E603F
:10A52000FFF700FD28466E60FFF70AFD204604B0E5
:10A5300070BD6FF01204F9E740340020F40F0020E2
:10A5400008B5054824F0C1F8044824F0BEF8BDE879
:10A550000840034824F0B9B8A5AB0400D5AB04000B
:10A5600008AC040007B5CDE900320B46054A2121AD
:10A5700023F0C4FA20288CBF6FF09100002003B0B4
:10A580005DF804FB36AC0400F0B58DB00C46DDE997
:10A59000127611461D4607B3FBB1F2B102462346BF
:10A5A00003A8FFF7DFFF0446A0B96FF001036A4676
:10A5B0000B4903A8CDE900570293FFF7E5FC0028FB
:10A5C00004DA0DB0BDE8F04025F085B90298002806
:10A5D000F7DB306020460DB0F0BD6FF08604F9E780
:10A5E000BFF803001346014A25F0C1B928F2040060
:10A5F0001FB5079C0294069CCDE900341346024A1D
:10A6000025F0CEF904B010BD28F2040013B5049C67
:10A61000CDE900341346024A25F036FA02B010BDE7
:10A6200028F20400014A25F0ABBA00BF28F204006A
:10A63000F0B50C4693B00546164600211C220BA827
:10A640001F462CF0D1FA1F2C1DD94FF480720F4BEE
:10A650002946CDE90D230E4A00960B921E9A0BA8AF
:10A6600008921D9A07921C9A06921B9A05921A9AB2
:10A670000492199A0392189ACDE9017222461FF0AA
:10A6800013FF13B0F0BD6FF08600FAE70005100568
:10A6900004200001F0B50C4693B005461646002193
:10A6A0001C220BA81F462CF09FFA1F2C1DD94FF41B
:10A6B00000720F4B2946CDE90D230E4A00960B92EE
:10A6C0001E9A0BA808921D9A07921C9A06921B9A32
:10A6D00005921A9A0492199A0392189ACDE9017276
:10A6E00022461FF00BFF13B0F0BD6FF08600FAE7B3
:10A6F000000510050420000170B50D46044620B386
:10A700000C2925D1144E33784BB91FF003FBD8B96F
:10A71000294612481FF0CEF8B0B90123337000204B
:10A720000E4B1A685968013241F100011A600A4360
:10A7300008BF9A68596004BF01329A601A682260A3
:10A740005A6862609A68A26070BD6FF08600FBE78D
:10A750006FF08500F8E700BFB37B0020B47B0020DA
:10A7600008B50348034A0021121A25F048FA08BD2B
:10A77000B81A0020B8830020074808B5074A0849DE
:10A78000121A25F03EFABDE808400648064A074975
:10A79000121A25F036BA00BF40000020B41A00207B
:10A7A000A41005004000002040000020A410050077
:10A7B0002DE9F04706460C4600AF002936D0D1E916
:10A7C0000012E9468AB06D46A3684FF0050AA84614
:10A7D0001F48C5E90723C5E9050148F810AF002364
:10A7E00042464FF421511B48FEF7ECFFD4E9031217
:10A7F000CD466369AD461848C5E90723C5E905019B
:10A80000C5F810A0002342464FF421511148FEF72D
:10A81000D9FFCD46E3690121104A0E4824F0FFFD1F
:10A82000A36901210E4A0B4824F0F9FD012E07D13E
:10A83000EFF305830B4A31460648103B24F0EFFD49
:10A84000214630461AF03AFCBD46BDE8F08700BF0D
:10A850007AAC04004C7A0400A9AC0400D8AC040023
:10A86000E7AC040015AD040030BFFFF7FDBF00BF2B
:10A870002DE9F04105460B4EDFF82C80324606EB01
:10A880000807CC1B204609492CF087F9A01942463D
:10A890000021083C2CF0A8F9C5F8B84007F10800E1
:10A8A000BDE8F0810000000008000000707C04009A
:10A8B000054B5A699B689A421FBF044A536843F08C
:10A8C00080535360704700BFA073002000ED00E08C
:10A8D00070B5324C06460D463148324925F09EF996
:10A8E000A36AD90649D52E482F4925F097F911209A
:10A8F000A36A1A0704D52A482C4925F08FF912209B
:10A90000264CA36A9B0712D52949254825F086F9CC
:10A91000636BA26A110609D50121264A204824F05A
:10A920007EFD1EB1A36A23F08003A36213201B4C9B
:10A93000A36ADA0704D51A481F4925F06FF91420D5
:10A94000A36A9B0604D516481C4925F067F9152013
:10A95000124B9A6AD60602D49A6A94070FD59B6A5C
:10A96000D9060CD51649174840F22D1223F0C3FE24
:10A9700040F22D11124823F0B5FE1020B8E7074B26
:10A980009A6A920642BF5A6A22F400525A629A6A3E
:10A9900042F0FF029A6200232B7070BD00ED00E0D0
:10A9A0004C7A040028AD04003EAD040071AD0400F3
:10A9B00084AD04009CAD0400B2AD0400D1AD040030
:10A9C00000AE040069A5040010B5244C24492548B4
:10A9D00025F024F9A36A99013ED52248224925F0A1
:10A9E0001DF91E20A36ADA0104D51E481F4925F06F
:10A9F00015F91F20194CA36ADB0204D519481C491C
:10AA000025F00CF90220A36A1C0304D51548194946
:10AA100025F004F92120114CA36A590304D51148EB
:10AA2000154925F0FBF82220A36A9A0304D50D48A6
:10AA3000124925F0F3F82320084CA36ADB0304D560
:10AA400008480F4925F0EAF82420A36A6FEA034377
:10AA50006FEA1343A36210BD1D20C3E700ED00E0C1
:10AA600032AE04004C7A04004AAE04005DAE04002D
:10AA700077AE0400A1AE0400BFAE0400E4AE040053
:10AA8000FEAE040070B5294C06460D4628482949FB
:10AA900025F0C4F8A36AD9043CD52548264925F0F9
:10AAA000BDF81720A36A1A0504D52148234925F0CB
:10AAB000B5F818201D4CA36A9B0512D51C482049E7
:10AAC00025F0ACF8A36BA26A100409D501211D4A38
:10AAD000174824F0A4FC1EB1A36A23F40043A36228
:10AAE0001920124CA36A590504D51148164925F0BE
:10AAF00095F81A20A36ADA050ED50D48134925F0FA
:10AB00008DF81B20094A936A43F47F439362002324
:10AB10002B7070BD1620C5E7A36A9B04F2D50448CC
:10AB20000B4925F07BF81C20ECE700BF00ED00E0AE
:10AB30004C7A040029AF04003FAF040071AD04005B
:10AB400050AF040069AF04007EAF040099AF040069
:10AB5000D1AD0400F0B58BB0724B044658680026A6
:10AB600000AFC0F3080386F31188BFF36F8F02F0C4
:10AB70007F45B5F17F4F07D102F00C05082D0ED1AE
:10AB800069496A4825F04AF8694940F2144269481F
:10AB900023F0B1FD40F21441654823F0A3FD1507F1
:10ABA0004CBF0C460126002CEED00022FA71DA1EB2
:10ABB000092A00F29580DFE802F0058B8E769393E8
:10ABC000939393915C49594825F028F80023554DFB
:10ABD000FB71EB6A9A0705D55849544825F01EF8D1
:10ABE000002329E0EB6A002B01DA5549F5E7EB6A0F
:10ABF0005B0064D553494D4825F010F86B69A26994
:10AC000043F480736B61BFF34F8FBFF36F8F6B693A
:10AC100032F8022C23F480736B61BFF34F8FBFF3C4
:10AC20006F8F4DF602739A4227D123680121464A5D
:10AC30003E4824F0F4FB2368FA79DAB907F10805F5
:10AC400004F1200C2A4620686168083403C2644578
:10AC50001546F7D17A6A002E5ED0C2F3080121B9F9
:10AC60006FEA52226FEA42227A62184607F108011F
:10AC7000FFF79EFD2C37BD46F0BDAB6ADBB22BB1B2
:10AC80000120F91DFFF724FE0346D5E7AB6A13F454
:10AC90007F4F04D00120F91DFFF7F4FEF4E7AB6A03
:10ACA000B3F5803F02D3FFF78FFEEDE7204940F276
:10ACB000ED22204823F01FFD40F2ED216CE71C49F6
:10ACC0004FF43C721B4823F016FD4FF43C7163E7D0
:10ACD0000020F91DD6E70020F91DDDE71B497CE7C0
:10ACE0001B4A6D4610F4F87F8AB01A4918BF114606
:10ACF0006A46103BD3614FF4007317481384174B17
:10AD0000C2E9050142F8103F00234FF411510748F2
:10AD1000FEF758FDAD4663E722F4FF7222F0010210
:10AD2000A2E700BF00ED00E0DFAF04004C7A0400B2
:10AD300000AE040069A504000AB0040021B00400BC
:10AD400042B0040050B004006FB004008BB00400A7
:10AD5000C6AF0400B1AF0400AFB0040004000001AE
:10AD6000064B5A6942F010025A615A6942F48062F5
:10AD70005A615A6922F008025A61704700ED00E0FA
:10AD8000EFF30880EFF3098101B57246FFF7E2FEA9
:10AD900001BD00BF002080F31488BFF36F8F002037
:10ADA00080F30A8880F30B88104880F3088800201D
:10ADB0000F49087019F0E8F800200E490860BFF349
:10ADC0004F8F00F02DF8402080F311880A484FF48F
:10ADD0000061401880F30988EFF3148002210843D2
:10ADE00080F31488BFF36F8F00F0F4F860D3002075
:10ADF0009683002094ED00E020BA0020002318463E
:10AE00000649D1F89020C2F30722934200DB704735
:10AE1000C1F89830C1F8A0000133F6E700ED00E07A
:10AE200010B572B6002484F31388FFF7E7FF2346BA
:10AE30004FF0FF300C4A03F120010133102B42F890
:10AE40002100F8D100234FF0FF30074A03F16001E1
:10AE50000133102B42F82100F8D162B6BFF34F8FB7
:10AE6000BFF36F8F10BD00BF00E100E0084B9B688F
:10AE700083420BD1EFF3058343B1064B5A6842F08E
:10AE800080525A605A6A22F400425A621CF02ABD6B
:10AE9000A073002000ED00E016498A684FF03000F2
:10AEA0001044EFF3098C80E8F01F402080F31288F3
:10AEB000BFF36F8F104F4FF000664A698A603E60A3
:10AEC000D2F8B8000D4C2060D2F8BC000023C2F8C4
:10AED000BC3080F3118802F1300090E8F01F8CF351
:10AEE000098802F1000004B524F0A0FEBDE804408A
:10AEF00070470000A073002004ED00E0BC68002053
:10AF00001EF0040F0CBFEFF30880EFF30980816996
:10AF100011F8021C0229FFD001B5724624F073FE1D
:10AF200001BD00BF00B2002807DB01234109034A2D
:10AF300000F01F00834042F82130704700E100E03C
:10AF400000B200280CDB01220649430900F01F0073
:10AF50008240203341F82320BFF34F8FBFF36F8F20
:10AF6000704700BF00E100E008B5D3070BD4023101
:10AF7000072909D90D490E486B2223F0BCFB6B2130
:10AF80000A4823F0AFFB002100B20028ACBF00F15B
:10AF90006040084B4FEA4111C9B2ABBF00F56140B8
:10AFA00000F00F0080F80013195408BDC2B004006F
:10AFB00069A5040014ED00E0044B054A23F07F036B
:10AFC0009360BFF34F8FBFF36F8F70470000000097
:10AFD00000ED00E008B5FFF7EFFF074AD2F8883030
:10AFE00023F47003C2F88830FFF7BAFBFFF7C4FB05
:10AFF00000F048F81AF0AEF900ED00E042F8203C0D
:10B00000009B0B4942F81C3C019B21F0010142F8D6
:10B01000183C029B42F8081C42F8143C4FF0807325
:10B0200042F8043C0023203A0265C0F8BC30704767
:10B03000F97F010000B50E4B15469860D0F8B82096
:10B040000C4B0E461A60D0F8A83083F30B882C46C0
:10B0500086F309880020044B9847204600210022EF
:10B060000023024C204700003DFC0300F97F010053
:10B07000A0730020BC6800201022014B1A617047A9
:10B0800000ED00E00023402040F20F1210B5044C08
:10B09000E1180133934281F80003F9D110BD00BFDC
:10B0A00000E100E008B5EFF30583064A103B02EB30
:10B0B000C30152F8330049688847BDE80840FFF7EC
:10B0C000F7BB00BFFC6E04001FB5094C094A2346BC
:10B0D0000121094800F012F900230393074B0121D5
:10B0E000E41A01A80193029400F022F904B010BD03
:10B0F00000F0022000000020EC820400B81A0020BA
:10B1000010B50C7A0B6804F01F0223F01F031A43DA
:10B11000CB68640923F01F03054943EA440343F065
:10B120000103C1F89800C1F89C20C1F8A03010BDFF
:10B1300000ED00E010B50A4BD3F89030C3F30723BD
:10B14000013B984208D901210346064A064824F0EB
:10B1500066F96FF0150010BDFFF7D2FFFBE700BFE7
:10B1600000ED00E0FDB004002C7A04002DE9F04F62
:10B170008946144606464FF00008514D85B0C84533
:10B1800027DAD6F804A0BAF1000F44D0BAF11F0FA5
:10B1900017D91AF01F0F14D1D6F800B01BF01F0FEB
:10B1A0000FD1584624F06DFD07460AEB0B0001381D
:10B1B00024F067FD874210D06FF01507414A3B46E7
:10B1C00001E04346404A0121404824F028F96FF04D
:10B1D0001504204605B0BDE8F08F17F1160FEDD02D
:10B1E000BC42EBDDC5F89870D5F89C10C5F8987096
:10B1F000D5F8A03021F01F0143F01F0BD6E9003233
:10B200001A44994202F1FF3A1DD1D34507D1314684
:10B21000F8B224F03FFD08F101080C36AFE73146E3
:10B22000C5F89870D5F89C3022F01F0203F01F0378
:10B230001343C5F89C30E0B224F02CFD10F1160F3A
:10B24000C5D0441CE7E7C5F89870D5F8A020013BAD
:10B2500023F01F0302F01F021343D3453146E0B22F
:10B26000C5F8A030E8D024F015FD10F1160FAED0CF
:10B27000C5F89870D5F89C209DF808300BF1FF3B7D
:10B2800062F304038DF80830D5F8A0309DF808204B
:10B290005B0863F347128DF80820D6E900321344A7
:10B2A000009323F01F035B44A3EB0A03013023F058
:10B2B0001F036946C0B20393FFF73CFFBEE700BF20
:10B2C00000ED00E046B1040023B104002C7A040034
:10B2D0000522044BC3F89420BFF34F8FBFF36F8F49
:10B2E000704700BF00ED00E0BFF35F8F0022024B0C
:10B2F000C3F89420704700BF00ED00E010B5094C82
:10B300002278FFF733FF207016300AD1064907482C
:10B310004FF4BF7223F0EFF94FF4BF71024823F0EE
:10B32000E1F910BDC07B002069B1040069A50400EB
:10B330002DE9F74F2E4D8A4606464FF00008AB46E2
:10B340002C4FD04502DB03B0BDE8F08FD6F8049057
:10B35000B9F1000F47D031680846019124F091FC03
:10B360000199044609EB0100013824F08AFC84426B
:10B370004FF01402204B10D002FB08F36FF01502BF
:10B380004BF803201D491E484FF4C77223F0B3F950
:10B390004FF4C771194823F0A5F914F1160F2C606A
:10B3A000F0D01978A142EDDD02FB08B0C7F8984053
:10B3B000C7F89840D7F89C4000F10801007B64F37F
:10B3C00004000871D7F8A0000C79400860F3471416
:10B3D0000C71D7F89C1021F01F016960D7F8A010FC
:10B3E00021F01F01296108F1010814350C36A8E786
:10B3F000C068002000ED00E0C07B002069B10400BF
:10B4000069A504002DE9F0414E494F4CD1F8903028
:10B410002568C3F307239D4286B00AD94B4940F201
:10B42000F7124B4823F067F940F2F711474823F031
:10B4300059F90020FFF758FF464BC1F8C03085424C
:10B440001AD1454C01A82570FEF708FD00250646D7
:10B450004FF04108414FAE4215D1002023783949C1
:10B46000D1F89020C2F30722934265DB0020FFF75A
:10B470002FFF06B0BDE8F081616801EB0011FFF716
:10B480003FFE0130DBE7019A290102EB0513D3F8F7
:10B490000CC00CEA0700B0F5001F23D0B0F5800FF8
:10B4A00038D0B0F5801F45D1586852589B68CDE917
:10B4B00002022122013B20F01F010B4423F01F0355
:10B4C0008DF810200593207802A9FFF733FE00289D
:10B4D0002DDA1E4940F221221D4823F00CF940F2DA
:10B4E0002121A3E758689B685258013B20F01F01B7
:10B4F0000B4423F01F031CF0010FCDE902028DF86D
:10B5000010800593DFD011498322114823F0F3F80E
:10B5100083218BE758689B685258013B20F01F013C
:10B520000B44CDE9020223F01F030222C8E723786F
:10B530000133237001358EE7C1F89830C1F8A000BF
:10B5400001338DE700ED00E0F882040069B10400EA
:10B5500069A50400AAFF4400C07B00200000F0FFA2
:10B56000054C064821461B2208B523F0C4F81B21D0
:10B57000204623F0B7F800BFA7B1040069A5040076
:10B58000F0B587B007460E461446002110226846E3
:10B590001D462BF029FB02238DF80230054B2A466D
:10B5A00021466846CDE90476019322F0AFFB07B04F
:10B5B000F0BD00BFC7FC030008B5024822F07EFAC8
:10B5C000FEE700BFD5B1040008B5024B1B689847E1
:10B5D000002008BDD4680020034B044A186093780B
:10B5E00043F0020393707047D468002014100020C9
:10B5F00008B50649064821F00701C1F1005202F5DD
:10B600003C32FCF73DF8002008BD00BF911001203E
:10B61000D868002070B541690446867A0A4D59B150
:10B62000437ADB0706D4342303FB0653DB6A1B682B
:10B630009B689847002363613420214606FB005035
:10B64000BDE8704028F0D8BB141900203422024B0A
:10B6500002FB0030704700BF141900203421827AA9
:10B66000064B01FB02331A6B93F82430801A1B330C
:10B6700023F00303B0FBF3F0704700BF1419002060
:10B6800038B53424827A064B04FB0233DB6AD3E9F3
:10B6900001240C601568FFF7E1FF04FB005038BD82
:10B6A0001419002008B5437A43B10B495A220B48BC
:10B6B00023F021F85A21084823F014F8436833B1E5
:10B6C00005495B22054823F016F85B21F3E7038266
:10B6D0004369C36008BD00BFDAB1040069A5040076
:10B6E0002DE9FF470546684691461C46039128F020
:10B6F00089FCDDE900674DB957494FF4817257481D
:10B7000022F0F9FF4FF48171534813E005F11C0852
:10B71000EFF3118A402383F31288BFF36F8F404603
:10B720001CF048FB40B94E4988224C4822F0E3FF08
:10B7300088214B4822F0D6FF40461CF05FFB6B8C03
:10B74000002B56D02A8C9A4233D900220023284657
:10B750001AF054FA044660B340461CF039FB40B975
:10B760003F494FF49A723D4822F0C5FF4FF49A7159
:10B77000DFE78AF31188BFF36F8F039D002D5AD046
:10B7800032463B46684628F062FC3421A27A354BAB
:10B79000204601FB0233DB6A03A91B681E68DDE952
:10B7A0000023B0476061002839D12046FFF732FFFF
:10B7B00030E06C8C4046631E6B841CF009FB002853
:10B7C000CED08AF31188BFF36F8F95F824302A8C7E
:10B7D0001B33121B2C6B23F0030302FB0344214B8E
:10B7E000214AEB1A9B105343A37295F82430E3725D
:10B7F000C3E740461CF0ECFA0028B1D08AF3118868
:10B80000BFF36F8F23464A4628461AF0F7F90446DD
:10B810000028B2D10024204604B0BDE8F087039B85
:10B820009D4209D90C4940F257120C4822F063FF9F
:10B8300040F2571168E76561012300212381039BD2
:10B84000E27A6160638204F118002BF0CDF92046A2
:10B85000FFF728FFDFE700BFDAB1040069A50400A5
:10B8600089A6040014190020C54EECC470B50C461E
:10B87000054650B922494FF4CF72224822F03BFFCF
:10B880004FF4CF711E4822F02DFF41B91C4940F200
:10B890009F121C4822F02FFF40F29F11F2E7EFF3B6
:10B8A0001186402383F31288BFF36F8F16481CF074
:10B8B00081FA38B915498822124822F01CFF8821E4
:10B8C0001248E0E710481CF099FA002323606B68E7
:10B8D00073B9C5E900440C481CF07AFA58B90B4911
:10B8E0004FF49A72074822F006FF4FF49A71E7E787
:10B8F0001C606C60EFE786F31188BFF36F8F70BD3B
:10B90000DAB1040069A50400E468002089A60400F7
:10B9100070B5044650B91E491E4840F2AB1222F0E1
:10B92000EAFE40F2AB111A4822F0DCFEEFF311867A
:10B93000402383F31288BFF36F8F17481CF03AFA45
:10B9400038B916498822134822F0D5FE88211348B9
:10B95000EAE711481CF052FA25682DB162682B689D
:10B960009542236008BF63600B481CF031FA40B970
:10B970000A494FF49A72074822F0BDFE4FF49A71BB
:10B98000E5E786F31188BFF36F8F284670BD00BFCF
:10B99000DAB1040069A50400E468002089A6040067
:10B9A00070B5044670B13426154D2046037A64689C
:10B9B0009BB914494FF4E172134822F09CFE4FF4F6
:10B9C000E17107E00F494FF4DE720F4822F093FE59
:10B9D0004FF4DE710B4822F085FE013BDBB20372AF
:10B9E0004BB9C3604360837A06FB03539B6A1BB168
:10B9F0009847002CD9D170BDFFF70CFEF9E700BFC6
:10BA000014190020DAB1040069A5040008B550B982
:10BA10000749084840F2E71222F06DFE40F2E711B4
:10BA2000034822F05FFE027A0132027208BD00BFB5
:10BA3000DAB1040069A5040008B5034650B9084905
:10BA4000084840F2322222F056FE40F232210448E9
:10BA500022F048FE18465B68002BFBD108BD00BFF2
:10BA6000DAB1040069A5040070B50D46044650B96A
:10BA70000E4940F23D220E4822F03DFE40F23D21AB
:10BA80000A4822F02FFE41B9084940F23E220848F8
:10BA900022F031FE40F23E21F2E746681EB1084630
:10BAA000FFF7CAFF4660656070BD00BFDAB10400F1
:10BAB00069A5040038B505460C4651B90B490C4838
:10BAC00040F2492222F017FE40F24921074822F0B5
:10BAD00009FE20B9BDE838400846FFF797BFFFF7D9
:10BAE000ABFF2146FFF7C0FF284638BDDAB104009E
:10BAF00069A50400034610B5084651B9154940F23E
:10BB00005E22154822F0F7FD40F25E21114822F036
:10BB1000E9FDBBB15A6842B90E4940F261220E48B4
:10BB200022F0E9FD40F26121F0E78A4208D009499C
:10BB300040F26222084822F0DEFD40F26221E5E791
:10BB40004A685A60002344684360FFF729FF204693
:10BB500010BD00BFDAB1040069A5040008B540B902
:10BB60000A492B220A4822F0C6FD2B21074822F061
:10BB7000B9FD838833B105492C22054822F0BBFD6D
:10BB80002C21F3E783680B44036008BD07B204006F
:10BB900069A5040008B5034600689A68821A9142B4
:10BBA0000AD90849084840F2551222F0A4FD40F293
:10BBB0005511044822F096FD9A88401A11441860E5
:10BBC000998008BD07B2040069A5040008B5828801
:10BBD00003468A420AD20849084840F2C31222F0BA
:10BBE0008AFD40F2C311044822F07CFD521A828083
:10BBF00000680844186008BD07B2040069A5040085
:10BC000008B503469A8800688A420AD2074908485C
:10BC100040F2CF1222F06FFD40F2CF11034822F024
:10BC200061FD521A01449A80196008BD07B20400F0
:10BC300069A50400F8B5858803680E4604465F19B7
:10BC400024F0AAF8B04208D2064907483E2222F062
:10BC500052FD3E21034822F045FD3544A58038467B
:10BC6000F8BD00BF07B2040069A5040008B5234A67
:10BC7000234B1A6015F0EEFB4FF47A612148D0F89F
:10BC80002436C3F30802C3F309434B4382F48072A2
:10BC90001D49883201FB02334FF4FA215B00B3FBEC
:10BCA000F1F201FB12331949B3F57A3F28BF013293
:10BCB000C1F80429D0F820364FF47A60C3F30802A3
:10BCC000C3F30943434342F21C5082F4807202F2F0
:10BCD000172200FB02334FF47A701B0AB3FBF0F219
:10BCE00000FB1233B3F5FA7F4FF0010328BF013296
:10BCF000C1F81C27C1F80036002008BD0020A107AC
:10BD00009C15002000C0FF00F82A0080000012509F
:10BD100048B1054B054A1B68B3FBF2F35843044B8B
:10BD200043F00103184770479C15002040420F0064
:10BD300000820400BFF34F8F0549064BCA6802F426
:10BD4000E0621343CB60BFF34F8F00BFFDE700BF3E
:10BD500000ED00E00400FA050E4B402928BF402109
:10BD600070B51D460C4C4618B04203F1020304D1D5
:10BD7000002305F81130074870BD02781209A25C53
:10BD800003F8022C10F8012B02F00F02A25C03F85A
:10BD9000012CE9E7047C0020A5B2040030B503784B
:10BDA0008BB0044607AD032B21D8DFE803F0021A5D
:10BDB0001C1E12492846FAF7B7FE059563781E2126
:10BDC0000493A3780E4A0393E3780E4802932379F1
:10BDD000019363790093A37921F090FE09480BB099
:10BDE00030BD0949E6E70949E4E70949E2E70A21E4
:10BDF0002846084A21F082FEDFE700BF60B2040057
:10BE000082B20400E67B002067B204006EB2040038
:10BE100078B20400D8FB040010B5034C252221465B
:10BE200000F0ECF9204610BDC17B00202DE9F34164
:10BE30000446174698461F4DD5E8AF3FDA071DD593
:10BE400038B901211C4A1D4823F0E0FA6FF00100C7
:10BE500015E001A923F0F1FB1949024620462AF01A
:10BE6000DBFE0028F2D1D5E8AF3FC3F3C0061B07C5
:10BE700008D50221134A114823F0C8FA002002B065
:10BE8000BDE8F081A5F1A804072221464046B84745
:10BE900006280AD801210C4A084823F0B7FA45F8C9
:10BEA000A86CE671C4F80360E8E70723B0FBF3F081
:10BEB000E071E3E7F0090020B6B2040094790400D1
:10BEC00075B20400D7B20400FBB204002DE9F041C2
:10BED00088B0DDF838809C795D791E79DF7893F839
:10BEE00002C093F801E01B78B8F1000F0ED0CDE945
:10BEF0000638CDE904CE1346CDE90267CDE9004509
:10BF0000084A21F0FBFD08B0BDE8F081CDE905E36A
:10BF1000CDE9037C1346CDE90156034A009421F094
:10BF2000EDFDF0E720B3040044B3040010B5FEF7C4
:10BF30007FF9044628B101210346034A034823F050
:10BF40006EFA204610BD00BF65B30400947904006A
:10BF500070B504461E4615468CB0A2B129B10A46FA
:10BF600002A8042122F0D9FC02A900912B46224606
:10BF7000242103A8FFF7AAFF3146109A03A8FDF772
:10BF8000B3FF0CB070BD03462421044A03A821F07E
:10BF9000B5FD0028F0DA6FF01500F2E78AB304006F
:10BFA00007B50B4B0B48DA79C2EBC20200920022B4
:10BFB0001146FFF7CDFF034638B10121064A074875
:10BFC00003B05DF804EB23F02ABA03B05DF804FB7C
:10BFD0004809002075B2040090B30400947904006D
:10BFE00030B5044615468DB092B129B10A4602A873
:10BFF000042122F092FC02A900912B462246242122
:10C0000003A8FFF763FF03A823F0EFFA0DB030BDDC
:10C0100003462421044A03A821F070FD0028F2DA27
:10C020006FF01500F2E700BF8AB3040007B5009374
:10C0300013460A4601460348FFF78AFF03B05DF83E
:10C0400004FB00BF08CC04000A4601460148FFF784
:10C05000C7BF00BF08CC040007B5009313460A46CB
:10C0600001460348FFF774FF03B05DF804FB00BF0F
:10C0700002CC040007B5009313460A460146034864
:10C08000FFF766FF03B05DF804FB00BF51CB04006F
:10C0900007B500220346009103481146FFF758FFF9
:10C0A00003B05DF804FB00BFFACB040008B50248FA
:10C0B0001AF01CFA002008BD14110020F8B5194D23
:10C0C000D5E8AF3F13F0010F2E4628D015F8A13C5C
:10C0D000A5F1A8078BB901F081FF044630B1012119
:10C0E000114A124823F092F92046F8BDFB7923B992
:10C0F00001F084FF04460028F1D1D5E8AF3F5A078C
:10C1000001D400F0ADFED6E8EF3F23F40062C6E8AC
:10C11000E12F0029F7D11B0501D5FFF7C7FF002448
:10C12000E2E700BFF0090020ABB3040094790400FB
:10C1300030B500240A4D0B4B87B028460393CDE958
:10C1400004441AF049FA03AB2846009340F638023B
:10C150000A2305491AF056FA204607B030BD00BF41
:10C16000A0440020DEB30400B88B00200146014843
:10C170001AF016BBA0440020014601481AF082BB09
:10C18000A0440020037830B5012B13D0022B27D018
:10C190007BB90A46184B03F1100453F8045BA34221
:10C1A00042F8045BF9D11B78137043884B731B0A68
:10C1B0008B7330BD0A46104B03F1100453F8045B37
:10C1C000A34242F8045BF9D11B7813704368C3F3B0
:10C1D00007224B731B0CCB731B0A8A730B74E8E7A3
:10C1E00000F1100350F8042B984241F8042BF9D1C8
:10C1F00003780B70DDE700BF04B40400034610B5FC
:10C200001C780846012C114686B009D0022C0AD0B1
:10C21000FCB95B88124A06B0BDE8104021F06EBC44
:10C220005B68104AF7E7B3F801200492D3F80320C3
:10C230000392B3F807200292B3F809200192B3F8F1
:10C240000B200092D3F80D30074A21F057FC06B0BE
:10C2500010BD002106B0BDE810402AF0C5BC00BFEB
:10C260006DCC0400A4AC0400E7B3040010B523F0C7
:10C2700068FE27F044FE0B4C18B1D4E8AF3F63B919
:10C2800010BD1BF0F3F8D4E8AF3F1BB9BDE8104078
:10C290001BF03EB90A209847F8E70A20BDE8104095
:10C2A000184700BFE8680020811EC9B21E2938B5B2
:10C2B000044604D8184820FA01F1C90708D41749E0
:10C2C00017487A2222F017FA7A21144822F00AFA43
:10C2D000144823F004FD0546C8B1082C19D00BD82A
:10C2E000022C0FD0042C14D00F490D48522222F0FA
:10C2F00002FA52210C48E9E7102C01D0202CF3D18E
:10C30000052100E0042105F10C0023F059FD284629
:10C3100038BD0221F7E700BF4100004015B404001A
:10C3200069A504004C1A002044B40400034BD3E870
:10C33000EF2FC3E8E10F0029F9D17047E86800202A
:10C340000F2810B50CD80D280CD90A4823F0C7FCCB
:10C35000044618B104210C3023F032FD204610BDF4
:10C360001328F2D009B10448F0E70220BDE81040DC
:10C37000FFF79ABF801A00207C19002038B50B689F
:10C3800005460C4643B90D490D48FA2222F0B3F98F
:10C39000FA210A4822F0A6F94A68DA600B684A894D
:10C3A0005A820868FFF7FCFA2046102200212AF082
:10C3B0001BFC2846BDE8384023F0C3BD15B404007B
:10C3C00069A504002DE9F84305460C461F461646AC
:10C3D00042B92449D622244822F08DF9D621214899
:10C3E00022F080F930B91F49D7221F4822F083F983
:10C3F000D721F4E701F10C09484623F0C9FC30B914
:10C400001849DB22184822F076F9DB21E7E72046BD
:10C4100023F0AFFD804630B11249DD22124822F0F0
:10C420006AF9DD21DBE705F10C01484623F06AFCDF
:10C43000484623F0ADFC012310FA86F068826B7247
:10C44000314648462E82FFF7C1FBE36828467B60F1
:10C45000638AC4F80C807B81A4F812803C60BDE83C
:10C46000F88300BF15B4040069A50400C368022165
:10C470001B78024A024823F0A5BD00BF85B4040022
:10C480007C78040070B5C6683378B6F8014083B98B
:10C490000F21204603F0B0FBF378054650B90A4A55
:10C4A000118831B96FEA04506FEA10501080074AC2
:10C4B000137070BD4372012103F0B4FA2846BDE841
:10C4C000704003F043BA00BFF67A0020857C00205C
:10C4D00070B5C3681D78BDB9B3F801600F2130464F
:10C4E00003F08AFB044638B93346BDE870400121A9
:10C4F000064A074823F066BD294603F093FA204612
:10C50000BDE8704003F022BA70BD00BFADB40400B6
:10C510007C78040010B5C36801211C88204603F014
:10C520006BFB38B92346BDE810400121034A04489B
:10C5300023F048BDBDE8104003F008BAD3B40400AE
:10C540007C780400012110B50C30FFF759FBBDE8E1
:10C55000104003780121024A024823F033BD00BF96
:10C56000F7B404007C780400014610B50848FFF7D2
:10C570007DF90849084827F0B2FC031E06DABDE839
:10C5800010400121054A064823F01CBD10BD00BF24
:10C590006C0A0020341100208845002019B50400E1
:10C5A0007C7804000121024A024823F0FEBC00BF4F
:10C5B00036B504007C78040098B53C2800AF13D051
:10C5C0006C468AB06A46094B4FF41251C2E90530F5
:10C5D000074B0848D36140F201331384064B42F8FD
:10C5E000103F23F0F1FCA546BD4698BD50B50400B0
:10C5F000C6D704007C780400040000010B46B0B5E7
:10C600000D8A00AF04462946D868FFF7A5FB8AB01B
:10C610006A46094BC2E90750C2E9053440F20243B9
:10C620009384064B4FF43251054842F8103F23F0F3
:10C63000CBFCBD46B0BD00BF6CB5040005000001D9
:10C640007C78040070B5C5680121B5F801603046FA
:10C6500003F0D2FA044638B93346BDE870400121F0
:10C660000B4A0C4823F0AEBC2B783BB9D5F803300D
:10C67000C0F89930D5F80730C0F89D30201D4FF430
:10C68000803123F094FC2046BDE8704003F05EB991
:10C69000D3B404007C78040073B5C5680121B5F8F3
:10C6A0000160304603F0A8FA044640B93346012140
:10C6B0003B4A3C4802B0BDE8704023F083BC2B7875
:10C6C000061D1A2B19D1C378012B50D14FF480418C
:10C6D000304623F06CFC42040FD4D4F88C30694609
:10C6E0000093D4F894302046019304F015FA2046C4
:10C6F00002B0BDE8704003F029B92B78BBBB40F213
:10C70000E242B5F8033028495343C4F88830B5F8FD
:10C710000520A4F89020B5F80720A4F89220A3F5EE
:10C72000EA520C3A8A4204D90221204A1D4823F0D9
:10C7300049FCB4F89030B3F5FA7F04D302211C4AC7
:10C74000184823F03FFC40F67641B4F89230A3F14C
:10C750000A0292B28A4204D90221164A114823F0F1
:10C7600031FC6FF48051304623F031FC13E0D6E801
:10C77000AF3FDB04F5D52B78202BF2D194F898301D
:10C78000002BEED0013B84F898300B4A002304F1D3
:10C7900040001AF071F8204603F0E4FCA7E700BF60
:10C7A000D3B404007C78040095F03C008EB50400FE
:10C7B000B5B50400DCB504005A6202002DE9F34768
:10C7C0000023074688461646DFF81491D9E8EF4F54
:10C7D000C9E8E23F002AF9D144B93B460121414A68
:10C7E000414802B0BDE8F04723F0ECBB2046FEF71D
:10C7F00035FF4FF00C0A3D4D0AFB00504388BB4209
:10C800001FD02046FEF72AFF0AFB00504388012173
:10C810000093374A3B46344822F00BFED9E8EF3FFD
:10C82000C9E8E24F002AF9D1002B55D031493248EE
:10C8300040F6042221F05FFF40F604212D4821F04C
:10C8400051FFA64208D02046FEF72CFF328AF1683D
:10C8500004F10C0023F0A8FA2046FEF7FFFE0C2698
:10C8600006FB00504368ABB1B8F1000F12D120466F
:10C87000FEF7F4FE012106FB00504268D2E90003F6
:10C88000127A03F01F06B1405B09FAB100EB830096
:10C8900023F08DFB2046FEF7E1FE0C2606FB005040
:10C8A00083686BB12046FEF7D9FE704305F800801F
:10C8B0002046FEF7D3FE06FB0055A86819F016FACD
:10C8C000204602B0BDE8F047FFF76AB8C94300EB65
:10C8D000830023F07CFBDDE702B0BDE8F08700BFFA
:10C8E000680A002008B604007C780400EC68002088
:10C8F00030B6040063B6040069A5040037B50446E9
:10C90000084602EBC3039A4202D16FF05E0010E0CA
:10C91000114611F8085BA54211D1038A517899425A
:10C9200009D908480121084A009422F082FD6FF0DD
:10C93000150003B030BD536898470020F9E70A4658
:10C94000E1E700BF7C78040097B604002DE9F843C6
:10C950000C461AF08BFDE168238A0A78022A70D00F
:10C96000042A0BD0134601213B4A3C4823F02AFB02
:10C970002046FFF715F86FF015040AE0022B0DD8DA
:10C98000374A3648012123F01DFB2046FFF708F8FF
:10C9900000241AF0BDFD2046BDE8F88348783E2803
:10C9A0000AD1032B01D12F4AEBE7CB78012B01D021
:10C9B0000A2B46D1032604E023F0E4FA0646F007EA
:10C9C0003DD504F10C05284623F0E2F90121074684
:10C9D0002846B4F81090FFF7F9F802212846FFF72F
:10C9E0000FF9804600783E2815D1E3681B78012BAB
:10C9F0002BD00A2B29D0022541F245121A491B4897
:10CA000021F079FE002383F31188BFF36F8F032396
:10CA1000184602DF04E023F0B5FAC1070546EBD55E
:10CA2000134A0623214698F8000023F0D9FAAA07F2
:10CA30000DD56369A4F8109013FA87F7E760B30780
:10CA4000A6D52046FFF790FDA2E70325E8E720469C
:10CA5000FEF7A6FFF3E700BFF5B604007C780400FC
:10CA6000B9B60400D5B6040063B6040069A5040095
:10CA7000A483040010B5012104460C30FFF7C0F870
:10CA80002146BDE810400223014A007823F0A8BAED
:10CA9000D483040073B53D48FEF73AFF04460028EE
:10CAA00072D000F10C05284623F04FF90228034606
:10CAB00003D0042847D0364A03E0238A032B05D845
:10CAC000344A0121344823F07DFA13E0042128463A
:10CAD000FFF796F8FF23428806882376238AC6F359
:10CAE0000B009A42608309D0012100922A482B4A08
:10CAF00022F09FFC2046FEF753FF12E00F2103F0C7
:10CB00007BF8054610B9638B254ADAE703F09AF8FB
:10CB100021462076320B284602F07AFE284602F0A3
:10CB200015FF204BD3F8243173B31F491F4827F05A
:10CB3000D6F9031E28DA01211D4A174802B0BDE8C4
:10CB4000704023F03FBA28460221FFF759F8054606
:10CB500000783E2811D023F015FA10F002060CD10F
:10CB600040F6A8421349144821F0C5FD86F3118808
:10CB7000BFF36F8F0323184602DF042321460F4AB9
:10CB8000287823F02DFAB5E702B070BD6C0A0020BA
:10CB900070B7040009B704007C7804002AB70400C9
:10CBA0004EB70400480900203411002088450020B9
:10CBB00019B5040063B6040069A50400E483040009
:10CBC00010B5012104460C30FFF71AF82146BDE8E4
:10CBD00010400B23014A007823F002BA04840400B9
:10CBE000F8B50121044600AF0C30FFF709F80678CC
:10CBF000002321463046104AFFF780FE5F3018D1EF
:10CC0000258AE0682946FFF7A7F86C468AB06A468D
:10CC10000A4BC2E90750C2E9053640F20243938449
:10CC2000074B4FF43251074842F8103F23F0CCF93C
:10CC3000A546BD46F8BD00BF5C84040084B704006F
:10CC4000050000017C7804002DE9F04F83B001233A
:10CC5000D0F80C80018A98F8004000AF03EB840301
:10CC60008B4275D96D468AB06A46C2E90731052301
:10CC70003A484FF42151C2E90504394842F8103FBF
:10CC800023F0A2F9AD460C37BD46BDE8F08F4B4608
:10CC90005A460121324823F095F9013598F80030C1
:10CCA0009D42F0DA08EB8503B3F801900F21484666
:10CCB000B3F8036002F0A0FF04460028E7D000F1BB
:10CCC000C0091EB9204602F041FEE6E763697BB960
:10CCD0000121244A224823F068F9234940F29D2289
:10CCE000224821F008FD40F29D211F4821F0FAFC66
:10CCF000A1691A688B422046626108BFA2617B600D
:10CD000002F01AFD18F0F2FF7B68C3F800A0226A57
:10CD10007AB9C4E90733D9E8AF3F013EB6B25BB98F
:10CD2000114940F2A622114821F0E5FC40F2A6216B
:10CD3000DBE713602362EEE7D9E8EF3F013BC9E888
:10CD4000E23F002AF8D10021204602F0FFFCB8E7BC
:10CD50000025DFF81CB0AA46A0E700BFB6B7040064
:10CD60007C780400FDB7040063B6040069A50400E4
:10CD7000E1B7040008B502F043F9064BD3E8AF2F42
:10CD800002F00B02D3E8EF1FC3E8E02F0028F9D12F
:10CD900008BD00BFF009002010B5C1E900239DF8CF
:10CDA00008300C460B72FEF759FC0C22024B02FBBA
:10CDB00000335C6010BD00BFEC680020F8B502468F
:10CDC0000B46104822F08BFF0446C0B104210C3002
:10CDD000FEF7C4FE2046FEF741FC0C2700260A4D54
:10CDE00007FB005046802046FEF738FC07FB00504A
:10CDF00086602046FEF732FC07FB00556E60204639
:10CE0000F8BD00BF181A0020EC6800200138C0B23D
:10CE100002289ABF014B185C0020704710BC040028
:10CE200010B5044692B04422064901A829F0B5FE87
:10CE3000102C9DBF12AB03EB840454F8440C024841
:10CE400012B010BD707C040014B80400034B0146FE
:10CE5000D3F8480182689268104700BF4809002053
:10CE60002DE9F84F042100AF464823F0A0F86D46A5
:10CE700002F0C6F888B06A46434B4FF4E65153615E
:10CE8000424B434893614FF400739383414B424CB0
:10CE900042F8103F23F098F8AD46E2793F4B404E00
:10CEA0002046012A88BF1E46FEF778FF8AB06A46F0
:10CEB0003C4BD061C2E905363B4B4FF42351136222
:10CEC0003A4B334842F8103F23F07EF8A346AD4674
:10CED0000125374EDFF8DC80DFF8B490E3790BF101
:10CEE000070B9D4238DB94F843506E462846FFF707
:10CEF00097FF8CB06A46B4F84610B4F84A30C2E9DD
:10CF000007514FF400755362DFF8ACC02B4BC2E9F8
:10CF100005C015854FF4535142F8103F1C4823F0CB
:10CF200053F8B54694F844603046FFF779FF8AB06D
:10CF30006A46B4F848302249C2E90763214BC2E986
:10CF4000051095844FF43351114842F8103F23F0F7
:10CF50003BF8BD46BDE8F88F5846FEF71FFFEA468E
:10CF60008AB06A4640F20133C2E90565D061138494
:10CF70004FF41351484642F8108F23F025F801353D
:10CF8000D546ABE7F009002020B8040032B8040011
:10CF90007C78040003000001480900201CB804004C
:10CFA000C6D7040036B804000002010304000002E2
:10CFB00045B804000400000156B804000600000152
:10CFC00094B804000500000108B50848C37933B9D6
:10CFD0000321074A074822F0E8FF002008BD082186
:10CFE000A83022F0E4FFFFF73BFFF6E748090020F6
:10CFF000BBB804007C78040000487047E8B804001F
:10D00000014819F073BA00BF2411002070B505461D
:10D010000C4659B94FF0FF304FF0FF31FFF7CEFE0D
:10D02000044618B96FF06805284670BD2046FEF723
:10D0300015FB0C22184BA61802FB003330465D800E
:10D0400022F0A6FE03280BD903213046FEF7A2FDED
:10D050000580238A0121033B8370304622F062FE63
:10D0600040F635439D420FD12046FFF7EFFE0546BF
:10D070000028D9D003460121084A094822F0A2FF1E
:10D080002046FEF78DFCCFE72146064826F0A9FE94
:10D090000025FFF7B5FFC7E7EC680020F3B80400F0
:10D0A0007C780400740A002073B5C368D9789A7834
:10D0B0001E8842EA0122ADF8002059791A79B4B2EB
:10D0C00042EA0122ADF80220D9799A79204642EA53
:10D0D0000122ADF804201A7A5B7A012142EA032387
:10D0E000ADF8063002F088FD054658B901211D480B
:10D0F00023461D4A22F066FF0221204622F0A5FFAA
:10D1000002B070BD694603F089F838B91E21204687
:10D1100022F09BFF284602F019FCF1E74FF0FF30A8
:10D120004FF0FF31FFF74AFE04460028F2D00E21EF
:10D130000C30FEF77FFD00230680C0F80A30BDF8F2
:10D14000003021464380BDF802308380BDF80430B2
:10D15000C380BDF80630038142F22000FFF756FF7E
:10D16000D8E700BF7C780400D3B4040038B5024689
:10D170000B462B4DD5F82C1109B9002038BD05F50B
:10D18000847018F01DFE0028F7D10022002305F559
:10D19000967018F033FD044660B940F6B842214954
:10D1A000214821F0A8FA84F31188BFF36F8F03237D
:10D1B000184602DFD5F820315BB101211B4A1C481B
:10D1C00022F0F3FED5F82001FEF7EAFB0023C5F8B4
:10D1D00020312046FEF71AFCC5F820012046FFF753
:10D1E00035FE0346C8B10121124A114822F0EAFE79
:10D1F000114818F07BFD2046FEF730FA0C220F4B49
:10D2000002FB0033588818B122461F21FFF7D6FAD7
:10D210002046FEF7C5FBFFF7F3FE0120AEE700BF97
:10D220004809002063B6040069A5040015B904008C
:10D230007C780400F3B80400500A0020EC68002059
:10D240002DE9F04F87B0804616460C4600AF71B905
:10D250004FF0FF304FF0FF31FFF7B0FD0446B8B993
:10D260006FF0680528461C37BD46BDE8F08F887A08
:10D27000FEF7ECF9484B83420AD04849484840F24F
:10D28000C51221F038FA40F2C511444821F02AFABB
:10D2900001220021384626F0BDFD2046FEF7DEF9CA
:10D2A0000C23DFF800A103FB00A087602046FEF7F7
:10D2B000ADFB01464046FFF7A9FE054618B12046E2
:10D2C000FEF76EFBCEE729F033FD374B1A58374B8C
:10D2D0009A4218D1364826F099FD002181463548FA
:10D2E000FFF744FF834660B94FF4F9722B492C488D
:10D2F00021F001FA8BF31188BFF36F8F03231846D7
:10D3000002DF4C45E6D1002338462A4A18F058FD82
:10D3100068B14FF4FC722149214821F0ECF9002357
:10D3200083F31188BFF36F8F0323184602DF204673
:10D33000FEF794F90C2358431AF80090B9F1000F46
:10D3400023D06D468AB06A461B4BC2F81C90C2E9D6
:10D3500005381A4B4FF43251136240F20243938462
:10D36000174B184842F8103FA9F1090922F02CFE8A
:10D370002046AD465FFA89F9FEF712FBB9F1090FB5
:10D3800007D8114B13F909506CE7002E97D0346081
:10D3900068E76FF0040565E7181A002063B604001B
:10D3A00069A50400EC680020080000002866002041
:10D3B000740A0020B4C4040030B90400C6D70400C5
:10D3C000050000017C78040006BC040073B5064625
:10D3D0000D4642F22F00002101AAFFF731FF04465B
:10D3E00038B10121144A154822F0DFFD204602B071
:10D3F00070BD0198C368B3F801203280B3F80330E0
:10D400002B80FEF7CDFA3388A3F11B02E02A04D962
:10D4100002210B4A094822F0D5FD44F248112B881D
:10D42000A3F5A47292B28A42E0D90221054A0348C8
:10D4300022F0C8FDDAE700BF4FB904007C78040091
:10D440006FB9040094B904000022F0B585B011460C
:10D4500040F6034002AFFFF7F3FE044600285BD11D
:10D46000FFF788FC214641F203003A1DFFF7E8FE72
:10D470000446002850D17A68B54DD16805F14C03B7
:10D48000D1F80100D1F8051003C31046FEF788FA61
:10D49000214641F201003A1DFFF7D2FE0446002862
:10D4A0003AD17868C3685A7885F843205A88A5F835
:10D4B00046201A7985F84420B3F80720A5F84820BB
:10D4C000B3F80530A5F84A30FEF76AFA214641F272
:10D4D00002003A1DFFF7B4FE0446E8B9D7F804C0CD
:10D4E00005F15406DCF80C20531C41323446186810
:10D4F0005968083303C493422646F7D16046FEF7C5
:10D500004FFA95F850305B060AD40121914A9248AF
:10D5100022F04BFD6FF0120420460C37BD46F0BDE3
:10D52000002142F203003A1DFFF78AFE044600285C
:10D53000F2D17A68894BD168D1F80100D1F8051091
:10D5400003C31046FEF72CFA214642F202003A1DB0
:10D55000FFF776FE04460028DED17E68F468B4F852
:10D5600001309AB292B1E27882B1A5F8DC30E3786A
:10D57000042B06D00422022100927748784A21F039
:10D5800058FFE2787748114626F044FC3046FEF713
:10D5900007FA002142F23A003A1DFFF751FE044615
:10D5A000002840F0BE807868C368B3F80130A5F861
:10D5B000F830FEF7F5F995F8506016F0200619D10D
:10D5C0004FF0FF304FF0FF31FFF7F8FB0446002823
:10D5D00000F0A48002210C30FEF72CFB0123214631
:10D5E00003704670324640F66D40FFF729FE044650
:10D5F000002891D195F870301C0712D5002142F215
:10D600001C003A1DFFF71CFE0446002884D17868F0
:10D61000C368D3F80120D3F80530C5E92E23FEF7FF
:10D62000BFF995F8B030980622D53846B91CFFF7F7
:10D63000CDFE044600287FF46FAF4FF0FF304FF06F
:10D64000FF31FFF7BBFB0646002867D004210C30F2
:10D65000FEF7F0FA3B88224603807B883146438000
:10D6600042F22400FFF7ECFD044600287FF454AF9B
:10D670004FF0FF304FF0FF31FFF7A0FB04460028CA
:10D680004CD008210C30FEF7D5FA95F8B020364979
:10D6900012F0020F354B18BF0B46910648BF43F0FE
:10D6A0004003037012230022437007232146837036
:10D6B000C270027142718271C27142F20100FFF7C1
:10D6C000BFFD044600287FF427AF95F85030B5F829
:10D6D000DC109A0631D4C9B941F205003A1DFFF7B2
:10D6E000AFFD044600287FF417AFB5F8DC307C6846
:10D6F0004BB9E368B3F80120A5F8DC209A881948F3
:10D70000114626F087FB2046FEF74AF94FF0FF301E
:10D710004FF0FF31FFF752FB044668BB6FF068041F
:10D72000FAE6461D7FF4F8AE0221114A0A4822F0BB
:10D730003CFC1F23A5F8F8303DE70029E6D1012184
:10D740000C4A054822F031FC6FF00404E4E600BF07
:10D7500048090020B7B904007C780400F8090020CB
:10D76000DBB90400280A00202E1207000E12070061
:10D7700021BA04007EBA040008210C30FEF75AFAE0
:10D7800010230370882300224370022620232146A1
:10D790008270C670027142718271C37140F601409D
:10D7A000FFF74EFD044600287FF4B6AE01463A1D51
:10D7B0004FF60140FFF744FDA0B1514A0221514804
:10D7C00022F0F3FB22F059FD044600287FF4A4AEBA
:10D7D00002F038FF044600287FF49EAEFFF7F4FB0A
:10D7E000044699E67B686E46DC688AB0B4F801307E
:10D7F000032B96BF444A454952F8231002AAD3612D
:10D800004FF4007342481384424BC2E9050142F8C9
:10D81000103F4FF413513B4822F0D6FBB4F80120DF
:10D82000B546022AB4F8033049D1052B47D83A4A05
:10D8300052F823106E468AB002AAD3614FF40073E7
:10D8400036481384334BC2E9050142F8103F4FF4C8
:10D8500013512C4822F0B8FBB546637994F806C002
:10D86000032B98BF2E4AB4F80760D4F809006C4621
:10D870008CB094BF52F82310244902AAC2E9073C95
:10D880004FF40073DFF89CE09385274BC2E905E174
:10D89000C2E909604FF4735142F8103F194822F071
:10D8A00093FBA5467868FEF77BF800214FF602400F
:10D8B0003A1DFFF7C5FC044618B11C4A7EE7134920
:10D8C000B8E77868C368B3F80130A5F89530FEF77B
:10D8D00067F895F895305B077FF574AF21464FF6F2
:10D8E00003403A1DFFF7ACFC08B1114A66E77868BF
:10D8F000C3685B7885F89430FEF752F862E700BFA2
:10D90000A1BA04007C7804009483040014B80400D5
:10D91000C5BA0400040000017C830400DEBA0400E0
:10D920006C830400F6BA04000700000123BB040066
:10D930004CBB040010B5FFF787FD034B1B6813B108
:10D94000BDE81040184710BD1069002073B52D4D7B
:10D950000646D5F8480126F0EDF948B901212A4AD2
:10D960002A4822F022FB6FF01204204602B070BD5C
:10D970006FF0020105F1A80022F029FB012122F03D
:10D9800016FBC3073AD4FEF7D1FA04460028ECD1BF
:10D990001F4B1E60012205F58470114626F03AFAED
:10D9A00005F5967026F010FA1A4818F015FE6FF07B
:10D9B00007034FF4A05218491648009418F022FEAD
:10D9C0001649144819F092F8D5F8480114498368AB
:10D9D0001B689847044630B103460121114A0B48A1
:10D9E00022F0F0FAC1E726B902B0BDE87040FFF7B7
:10D9F0002BBD05F1980018F079FDB6E76FF07704BC
:10DA0000B3E700BF4809002075BB04007C78040020
:10DA10001069002088450020F09300208DBB040091
:10DA20004DC9010096BB04002DE9F04F85B0047884
:10DA3000054600AF54B16049604840F2975220F06B
:10DA40005AFE40F297515C4820F04CFE5C4BB0F817
:10DA50000180198848F47042914205BF1C80594BDF
:10DA6000A14693F80090C378061D012B08BF564BC2
:10DA7000304608BF93F8424022F05FFA314668B35F
:10DA80004FF0010A07F1080022F04CFAD5F81130E6
:10DA9000C7F80130B5F81530A7F80530EB78012B41
:10DAA0002FD03046FEF77AF96C4688B06A46474B6D
:10DAB0004FF4E251C2E905304FF400739383444BB5
:10DAC000444842F8103F22F07FFA1321A546404611
:10DAD00022F0D7FA1437BD46BDE8F08F204622F079
:10DAE00046FB0346006895F804A0B8609A889B79C5
:10DAF0006868BA81BB73B288B3793860BA80BB7189
:10DB0000CCE7DFF8C4B006229BF8420007F1080119
:10DB100002F04CFC044640B905222F499BF8420014
:10DB200002F044FC04460028BBD02346B5F801208F
:10DB300023F8702BBA7BB868B98920679A7140F2D4
:10DB4000E2429980B5F8173053430022C4F8883078
:10DB5000B5F81930A4F89030B5F81B30A4F892301D
:10DB6000EB786272012BE37012D187F800A0BB79C9
:10DB70003868BA88C4F87700A4F87B2084F87D3030
:10DB8000D5F80B30C4F87F30B5F80F30A4F88330E7
:10DB90000721204601F046FFB9F1000F05D0012111
:10DBA000204684F8099001F03DFF204602F0BCF8C1
:10DBB000204601F0CBFE8DE763B6040069A50400A2
:10DBC000F67A0020857C002048090020B2BB0400C2
:10DBD000030000017C78040046B2040010B5C3784D
:10DBE000012B22D1037803BB124B93F8B120D2064C
:10DBF0001BD51A7F72B903F11D0200F11C0150F808
:10DC0000044B884242F8044BF9D10188118001226B
:10DC10001A7710BD0849094840F2675220F06BFDA1
:10DC200040F26751044820F05DFDBDE81040FFF769
:10DC3000FBBE00BF4809002063B6040069A50400CC
:10DC400000B5C36889B0187820B109B05DF804EB5D
:10DC5000FEF7B2BCB3F801208DF80000ADF801204A
:10DC6000DA788DF80320B3F80B20ADF81720B3F85D
:10DC70000D20ADF81920B3F80F20ADF81B205A7C09
:10DC80008DF81D20586801901A899B7AADF80820FC
:10DC90008DF80A30084B68461A689B88CDF80B202F
:10DCA000ADF80F30CDF81120ADF81530FFF796FF25
:10DCB00009B05DF804FB00BF5AB2040038B5042176
:10DCC00004460C30FDF79CFF034640885D7818B190
:10DCD00022461978FEF772FD35B1044818F006F8AF
:10DCE000BDE83840FFF78CB938BD00BF500A0020AE
:10DCF000B0B50446032100AF0C30FDF781FFE368A7
:10DD00000578197840F63543B0F80100984215D1EE
:10DD10006C468AB06A460F4B0F48C2E905310F4B7B
:10DD20004FF41251D36140F2013313840C4B42F88B
:10DD3000103F22F049F9A546BD46B0BD10B12246BC
:10DD4000FEF73CFD002DF7D0064817F0CFFFFFF798
:10DD500057F9F1E7CEBB04007C780400C6D7040075
:10DD600004000001500A0020F8B506460024094DC1
:10DD7000EF79E3B29F4202D86FF0010007E0294635
:10DD8000304622F0EAF90735631C08B12046F8BD99
:10DD90001C46EEE74809002037B504460D46D1B1D0
:10DDA00028461C4922F0D9F9A8B91B4A2968C4EBB6
:10DDB000C4041151A318AA889A80AA799A71174BA2
:10DDC000D3E8AF3F5B0703D5FEF770F922F04CF8BC
:10DDD000002003B030BD684622F096F80028F8D144
:10DDE0006846FFF7C1FF0028F5DA0B4A0098C4EB3C
:10DDF000C40410519DF80610BDF80400A3189880C3
:10DE00009971002DDBD012592A609A88AA809B79DB
:10DE1000AB71D4E74DB2040048090020F00900209E
:10DE2000F7B5002841D16D460621284615F0D4FCEF
:10DE3000044648BB9DF805301D4F03F03F03062202
:10DE4000394628468DF8053028F0D6FE40B34FF00D
:10DE5000FF304FF0FF31FEF7B1FF064610B3062248
:10DE600029460C3021F0A0FF2246314642F205003F
:10DE7000FFF7E6F9044650B110F10D0F04D102216D
:10DE80000C4A0D4822F071F9204603B0F0BD3B4624
:10DE900095E80300012243F83C0983F83B20B98050
:10DEA0000024F1E76FF06804EEE76FF01504EBE78C
:10DEB0008409002022BD04008478040070B5044663
:10DEC000B1B9C0B11F4922F048F9A0B92046FFF707
:10DED0004BFF00282FDA2378012B04D1A37903F01C
:10DEE000C003C02B07D00121174A184822F03DF982
:10DEF0006FF0150070BD164DEB79012B1ED005F1AA
:10DF0000A803D3E8AF3FDB0707D4002CF0D02046AE
:10DF10000C4922F022F90028EAD1EE792146731C3F
:10DF20003046EB71FFF738FF08B93046E2E7EB798E
:10DF3000013BEB71DEE76FF07700DBE76FF00B0082
:10DF4000D8E700BF4DB2040031BD0400847804005E
:10DF5000480900202DE9F341044640B91A4A02213C
:10DF60001A4822F002F9002002B0BDE8F081002139
:10DF700041F2090001AAFFF763F9054608B1144A06
:10DF8000EDE7019E0622D6F80C80124908F1010740
:10DF9000384628F031FE28B1062238460E4928F0CE
:10DFA0002BFE18B93046FDF7FBFCDCE7D8F8013052
:10DFB0003046C4F80130BB882570A4F80530FDF761
:10DFC000EFFC0120D0E700BF5FBD040084780400AF
:10DFD00078BD04005AB2040054B2040007B5684684
:10DFE000FFF7B8FF044BD87118B169460020FFF75E
:10DFF000D3FE03B05DF804FB48090020F0B5304DB6
:10E0000089B0EC79002C53D195F8966016F0010692
:10E0100010D12C4A02212C4822F0A7F8EC711626C8
:10E0200000240127EB79E0B298422CD3002B3FD09B
:10E0300000203BE06A4621464FF60940FFF700F911
:10E0400008B1224AE6E7DDF800C0DCF80C104B7896
:10E0500023B96046FDF7A4FC1D4ADBE78B1C02AA2E
:10E0600001F11204174618685968083303C7A34220
:10E070003A46F7D11868344638609B886046BB80C2
:10E08000FDF78EFCCAE708AB06FB003353F8182CEB
:10E0900033F8143C6946CDF80120ADF805308DF811
:10E0A0000070FFF779FE01340028BBD009B0F0BD45
:10E0B0000021084609B0BDE8F040FFF7FFBE00BFF1
:10E0C0004809002096BD040084780400C2BD040005
:10E0D000E2BD04002DE9F0410D4617461C460646F8
:10E0E00050B14BB10A03037811D56D0708D5012152
:10E0F0002D4A2E4822F039F86FF01500BDE8F08166
:10E1000022F08BF80028F9D101232370F6E7A90744
:10E110002ED027480FB1AA0608D4C3EBC302825CF5
:10E12000012A13D002B922700020E7E790F8B0204E
:10E13000510635D5C3EBC302825C012A06D002B971
:10E140002270237843F002032370EDE74FF00108BB
:10E15000072111FB03810144304622F00DF800280D
:10E16000CCD184F80080002FDED0AB06DCD5E8E708
:10E170006A0712D50E49C3EBC3028E5C012E09D18A
:10E18000072212FB0363194421F0F6FF0028B5D1E2
:10E190002670EAE7002EE8D1FAE722F03EF8B3E76E
:10E1A0006FF08500AAE700BF0BBE0400847804006E
:10E1B00048090020F8B504690646456844B140F2B4
:10E1C00003432B403BD005F48263B3F5806F36D018
:10E1D00015F4806302D115F4F84F30D1194F30781F
:10E1E000FB7983422BD9C0EBC00007221649384483
:10E1F00028F002FDA8B115F0030306D197F84320DB
:10E20000082A02D8B2689F2A19D915F0300F09D010
:10E21000ACB1EA060AD405F46035B5F5603018BF34
:10E220000120F8BDEB0601D4002CF4D1D6E902237D
:10E230009A4204D81F2A02D9B3F5804FEBD90020A7
:10E24000EFE700BF480900204DB2040070B500F1AF
:10E250000F0604460D46072230460C4928F0CCFC38
:10E260000346207873B90522094902F09FF8044655
:10E2700058B14572002101F0D5FB2046BDE8704041
:10E2800001F064BB06223146EFE770BD4DB20400D9
:10E2900046B20400F8B5044614F80F7B154B05464A
:10E2A0000E4607222046144983F8427028F0A4FC49
:10E2B00070B93846114901F0FDFF044610B96FF0FE
:10E2C0000B00F8BD052101F0ADFB00203460F8E73C
:10E2D0002146384602F032F840B92146287801F04C
:10E2E000E9FF04460028EAD00621ECE76FF01500AC
:10E2F000E7E700BF480900204DB2040046B2040021
:10E3000000232DE9F04F14461D468FB0049151684B
:10E3100002908B421DD1FB2D23D9029B082103F1D2
:10E32000180021F0ACFF0646002840F05381AB4BAB
:10E33000B3F8F8309D4240F28C80A9480093022146
:10E340002B46A84A21F075F86FF020000FB0BDE809
:10E35000F08F226802EBC302527801330232154477
:10E36000D7E79E4BB3F8F8309D42E6D8029B0B21CD
:10E3700003F1180021F083FF10B91F2D28BF1F25BE
:10E380004FF0FF304FF0FF31FEF718FD05F10408A4
:10E390000746002800F01B8141460C30FDF74AFC7F
:10E3A0004FF0000B06464246D846002128F01CFCE0
:10E3B000D4F800A0331D6268934510D3029B86F801
:10E3C00003805B7800223370032339467370012386
:10E3D0000498B3700FB0BDE8F04FFEF731BF9AF864
:10E3E000012008F1020011188D429AF800C013D2E2
:10E3F000BCF1090FA5EB000201D1002A0ADC784824
:10E400000121794A21F002F83846FDF7C9FA6FF088
:10E4100015009BE74FF0080C5FFA82F909F1010142
:10E4200003F8081008F10101C9B203F801C009F1AD
:10E430000209DAF8041053FA80F0C14403935FFA3A
:10E4400089F828F0AAFB0BF1010B039B0AF1080ADB
:10E45000B1E7102201460AA828F0C6FB0123324684
:10E46000099340F27265334660680894824209D18C
:10E4700006B10D9301234FF0000903930D9D65B97B
:10E48000284663E7216801EBC201497802310B4459
:10E49000AB42BCD801260132E8E7FB2D4FF0FF303C
:10E4A0004FF0FF31AA4628BF4FF0FB0AFEF786FC6B
:10E4B0000AF104068046002800F0898031460C30BD
:10E4C000FDF7B8FB00268346029B5FFA8AF25B7871
:10E4D0000592037080F80290031D0A990B9A54F874
:10E4E0003100BDF830C000EBC200407804EBC1073A
:10E4F000023084450BD178680132824208BF013175
:10E50000ADF8309006BFCDF82C900A910B920A9A84
:10E51000012A15D00B9954F8322012EBC10C0FD000
:10E52000BDF830709819B7B901279CF80120013265
:10E530009A550136F6B2059AADF830709642CCD3B2
:10E54000B54229D229492A48B12220F0D4F8B12174
:10E55000264820F0C7F8012F06D112F831200136E5
:10E5600002270270F6B2E6E79CF80120AAEB06014A
:10E57000D21B02328A4228BF0A46DCF804C0B91E08
:10E5800061440793069228F008FB069A079B1744FC
:10E590003244BFB2D6B2CEE7039BAD1B93B1002D80
:10E5A0000CBF032301230022414604988BF803602B
:10E5B0008BF801300D95FEF743FE00287FF4C6AEC0
:10E5C00003905BE7B5FA85F35B095B00EBE76FF05F
:10E5D0006800BBE66FF00A00B8E600BF48090020FB
:10E5E0004C78040030BE04005EBE040077BE040018
:10E5F00069A5040038B500240F4D0021284621F0FC
:10E600003EFE90B958220D4B02FB0433184628F009
:10E61000EBFA0346D5E8EF2F42F00102C5E8E12FFF
:10E620000029F7D15C70184638BD0134052C05F17E
:10E630005805E2D10B46F6E78846002070460020D8
:10E640002DE9F347D1F810900D4649689046B9F18D
:10E65000000218BF012201650DF103030646FFF712
:10E6600039FD0446002840F0EF8006F10F03B9F1B0
:10E67000000F00F089802A6911684FF0FF30C6F85A
:10E680000F109188998092794FF0FF319A71FEF7BF
:10E6900095FB8246002800F0FA8019210C30FDF726
:10E6A000C9FA04460021192228F09EFA73782370D3
:10E6B000AB68E370C3F307221B0C22716371EB6834
:10E6C000A371C3F307221B0C2372E2716A6812F470
:10E6D000004F0CBF07230623D10348BF03F00503F7
:10E6E000920348BF03F0FB0363729DF80330A372EB
:10E6F0007F23E374012323756B6803F44063B3F550
:10E70000806F14BF01230223A3756B68DF0442BF2F
:10E7100003232375A3756A6882F48063C3F380239F
:10E7200050044FEA031348BF43F04003910444BF31
:10E7300043F020039BB2D70544BF012222766A68CA
:10E7400012F0030F02F4007100F08E8043F0010715
:10E75000BFB2B9F1000F1ED0C1B143F003039BB2A9
:10E76000D106296948BF43F00402086858BF43F046
:10E770000C02C4F80B00888892B2A4F80F008979C3
:10E780001F466174134612E0424A75E7B8F1000F64
:10E79000E3D13B46E4E750055AD521B143F00303EA
:10E7A0009BB21F4603E03B46B8F1000F58D16A7890
:10E7B0005146E275AA7842F236006275A4F801303B
:10E7C00001AAFEF73DFD044600283DD1019806F15F
:10E7D0001808C36893F90130B370FDF7E1F8D8E881
:10E7E000EF3F43F00203C8E8E23F002AF7D16FF0A1
:10E7F0001001404621F049FDC2063FD46A68092154
:10E8000012F0030218BF0122404621F049FD0A21FF
:10E810004046C7F3400221F043FD6A680C214046A0
:10E82000C2F3800221F03CFD6A680B214046C2F32E
:10E83000802221F035FD9DF803200321531E5A420A
:10E8400040465A4121F02CFD204602B0BDE8F08739
:10E8500043F003039BB20029A3D1B8F1000FA0D06D
:10E8600043F002039BB204E00029F9D1B8F1000F94
:10E87000F6D1B9F1000F7FF473AF92E7304606F19D
:10E88000090121F079FC0028B8D00446DCE76FF0DC
:10E890006804D9E74DB20400042808B501D9002066
:10E8A00008BD582310FB03F3054A03F118000021AB
:10E8B000104421F0E4FC0028F1D09818F0E700BFE4
:10E8C0007046002010B5054CA06930B16FF0010111
:10E8D000183021F0DAFC0023A36110BD48090020A4
:10E8E000F8B504460F461646154BD3E8AF3F5B0715
:10E8F0001CD5F2B1FFF75EFCD8B1FFF77BFE0546F1
:10E90000D0B123782146037063780022C37047603A
:10E91000FFF796FE044638B16FF0010105F11800CB
:10E9200021F0B3FC2046F8BD3560FBE76FF00A0428
:10E93000F8E76FF01504F5E76FF00B04F2E700BF9E
:10E94000F00900200023F7B50E4605460193002884
:10E950005BD000F118070821384621F090FC002810
:10E9600056D10921384621F08AFC80BB002E38D1CF
:10E9700032460721384621F093FC0921384621F020
:10E980007EFC70B90C21384621F079FC48B96FF053
:10E990000801384621F079FC03072BD4284621F0E2
:10E9A0003CFC32460121284621F0B9FC044640B324
:10E9B0000121194A194820F029FD019D75B1284609
:10E9C000002101F02FF8284600F0C0FF06E028469D
:10E9D00001A9FFF75FFC04460028C7D0204603B01A
:10E9E000F0BD338823B9B278003A18BF0122C0E7DE
:10E9F0000122BEE70E21384621F041FC0028CDD18E
:10EA0000CFE701980028DFD1E8E76FF01504E5E7CC
:10EA10006FF07704E2E700BFA6BE04004C78040064
:10EA20002DE9F743C7687878FFF736FFB7F802900B
:10EA3000044638B90121414A414803B0BDE8F043DA
:10EA400020F0E4BC04F1180821F0ACFC0821404699
:10EA500021F015FC6FF480710546404621F015FC4D
:10EA6000384E237886F842300023317FF28B23B36F
:10EA70003B787BBB0121484601F0BEF805460028E3
:10EA800035D16FF08001404621F0FFFB03060CD525
:10EA9000204621F0DBFB63683BB11B682BB13A7960
:10EAA00020468DF8042001A99847B3699C4241D1C2
:10EAB00003B0BDE8F043FFF705BF0029D8D07B883D
:10EAC0009342D5D115B12048FEF7AEFF002333772E
:10EAD0000123CAE70921404621F0D1FB18B12046A5
:10EAE0003978FFF7B3FB3B78002BCAD1C2E7236D1F
:10EAF00000F17E02190312D5A368C0F87E30A38905
:10EB00009380A37B937163682BB15B681BB1204634
:10EB1000019501A99847284600F018FFB1E7037A4C
:10EB2000C3EBC303F118F358C0F87E308B88938091
:10EB30008B79E7E703B0BDE8F08300BFC1BE0400F6
:10EB40004C78040048090020650900207FB5C5689D
:10EB50002878FFF7A1FE044638B90121134A14486A
:10EB600004B0BDE8704020F051BC43688BB19B6895
:10EB70007BB10135284621F0E0F902AE294650B1BB
:10EB8000304621F0CFF9636820469B68019601A9C1
:10EB9000984704B070BD207821F0E9FA0346006878
:10EBA00002909A889B79B280B371ECE7C1BE0400F1
:10EBB0004C7804000022034B99689A801960024B3C
:10EBC0001A72704744110020867C0020F0B505467B
:10EBD0000F464FF0FF304FF0FF3187B01646FEF77B
:10EBE000EDF80446C0B106210C30FDF723F846804D
:10EBF00000264770057006714671094A204603A930
:10EC000005230095FEF7C8F83246214642F242003D
:10EC1000FEF716FB07B0F0BD6FF06800FAE700BF23
:10EC2000F009002038B50546407A0C46FEF7EEF8AC
:10EC30002073A87AFEF7EAF8607395F90C30A37197
:10EC400095F90D306371EB7A2371EB8963812B8821
:10EC5000103BDBB20B2B8EBF0523054AD35CE3715F
:10EC60002B8883F0100303F01F03238138BD00BFFE
:10EC70008EC0040008B50C4B0246400903EB80002F
:10EC800021F008FC02F01F0340FA03F313F0010027
:10EC900006D122B9054821F0FDFB40F3C01008BDA4
:10ECA0006FF07700FBE700BF14690020F009002037
:10ECB0002DE9F04788B000220023874816F074FD44
:10ECC000002840F09780854821F0E4FB10F0010314
:10ECD000824D4AD02B1D93E8070008AB03E90700DB
:10ECE0007F4821F0D7FBC0F340137C4821F0D2FBD2
:10ECF000024600286FD073B10C227A4905A827F08C
:10ED00007BFF002871D0002211461046FFF75EFFFE
:10ED1000044600286AD19DF81530190703F0040550
:10ED20006BD5002D40F08F8028462E46BDF81A3056
:10ED300043B16B4BD3E8EF1F41F04001C3E8E21F42
:10ED4000002AF7D10DF1030121F08AFA04460028C8
:10ED50004CD14FF0FF304FF0FF31FEF72FF8074650
:10ED600000287BD16FF0680440E05D4821F092FB01
:10ED700010F0800F5C4A0ED04FF480749089D189D6
:10ED80001269ADF81440ADF81600ADF81810ADF8E2
:10ED90001A300792A4E7554C05AB2068616803C39D
:10EDA000A068186092F8B1304C481E0744BF052394
:10EDB0008DF8153021F06EFB840706D53023ADF8B1
:10EDC00018306023ADF816308AE7444821F062FB22
:10EDD0004007F3D484E743B10146FFF7F7FE04464A
:10EDE00020B9404B2861C3E9010000243A4816F0DD
:10EDF00091FD204608B0BDE8F087BDF816309DF8BB
:10EE00001400ADF80530BDF818308DF80400ADF8E9
:10EE10000730D5B101AEBDF81C200AB9BDF81620E7
:10EE2000BDF81E300BB9BDF818309DF81410ADF8C0
:10EE30000D208DF80C10ADF80F305EB13078012840
:10EE400008D103AD72E70026E5E7421E504250416B
:10EE500001AE6BE74B1E58425841F2E700F10C0936
:10EE600003214846FCF7E6FE9DF803309DF8158027
:10EE70000370C8F3400382468470437036B10123A7
:10EE8000052283703146484620F08EFF55B19AF82E
:10EE90000230052243F00403294648468AF802302E
:10EEA00020F082FF0022394642F24100FEF7C8F905
:10EEB000044600289AD10120BDF81A2008F001016B
:10EEC000FFF784FE0446002890D1064B08AA12E9F9
:10EED000070083E8070088E73069002014690020F4
:10EEE000F00900202469002048090020D88104008E
:10EEF0002DE9F34705463A4821F0CCFA99460346F6
:10EF00003748144621F0C6FADA070E4602D50B89B7
:10EF10005B0761D4284621F010F8002846D0294626
:10EF2000684620F0FFFF2F4F3B68A3B1204620F03A
:10EF30002FFF0546B4F80480A4F8049023466846E1
:10EF40003F68F27996F90510B847A368A4F80480E1
:10EF500013FA85F52560244BC6F800D01B68002BFA
:10EF600038D01D6805B1083D53F8082CAAB12F46CA
:10EF7000A3F10805204620F00BFF8046B4F804A05A
:10EF8000A4F804902B683D46214630469847A36874
:10EF9000A4F804A013FA88F32360DDB1AF682B68EE
:10EFA000B7B1083F002BE5D13D46F7E72B78FF2BA3
:10EFB00009D10E4B186800909A889B79ADF804200F
:10EFC0008DF80630AFE7294621F0D1F80346F1E786
:10EFD000002BCFD10023336002B0BDE8F08700BF23
:10EFE0001469002060690020586900204DB20400B7
:10EFF0000022024B1A60FFF7DDBD00BF60690020F0
:10F0000010B5094C44220021204627F0EDFD04F103
:10F010001C0024F0C6FE04F1300024F0C2FEBDE85E
:10F020001040FFF7E5BF00BF14690020032870B54A
:10F03000054603D1BDE87040FFF73ABEFFF71AFE60
:10F040000446B0B9012605F01F039E400A4B6D0926
:10F0500003EB8505D5E8EF3F3343C5E8E23F002ADF
:10F06000F8D1FFF725FE044618B1F143284621F0F8
:10F0700014FA204670BD00BF14690020032808B5AB
:10F080000AD0012100F01F039940054B4009C943F4
:10F0900003EB800021F001FABDE80840FFF708BE4D
:10F0A0001469002010B50020FFF7E8FF58B118F0F0
:10F0B000A7FA0020FFF7E2FF034620B10221144A1D
:10F0C000144820F0ACF96FF04001134821F0E5F945
:10F0D0006FF48071104821F0E0F9104B1B68B3B158
:10F0E0001C6804B1083C53F8043C03B1984774B160
:10F0F000A268234642B15B68A2F10804002BF5D157
:10F10000F6E7BDE8104018476368002BF9D110BD41
:10F11000D5BE04007C790400F00900205869002065
:10F120002DE9F04F00F10C098BB08046484620F0E5
:10F130000CFE0746634821F0ADF900F00103614879
:10F14000049321F0A7F9604DC0F38003DFF87CA1A0
:10F150000393A7B1049B5BB1B8F81030172B11D8FB
:10F1600001215B4A5B480BB0BDE8F04F20F04EB97F
:10F170002B7A0BB1FFF71EFD039B002BECD10BB0DC
:10F18000BDE8F08F18214846FCF73AFDB8F810208A
:10F19000C37DB0F800B09342CBF3411604460BF0A8
:10F1A000100B0FD94B48009202214B4A20F041F935
:10F1B0004046FCF777FABBF1000FE0D10222424B48
:10F1C0001A72DCE7BBF1000F0FD006A9FFF72AFD8A
:10F1D0004A46E37D06A9A01CFFF78AFE4846E17D6A
:10F1E000FCF7F4FC013FFFB2B3E795F808B0BBF1C0
:10F1F000000F05D1FEB1022E36D1FFF7DBFCEDE7A3
:10F20000C17AEA79914215D1811C072228460593DB
:10F2100027F0F2FC70B9022E059BEED0BAF804205C
:10F22000BAF806101A448A422ADD02232B72012EF4
:10F23000D4D0E2E716B9204606A9C7E7BBF1010F13
:10F2400005D10221254A234820F0E0F8C6E7022E26
:10F25000D3D0234940F29F3222481FF04CFA40F2AB
:10F260009F311F481FF03EFAD0F80210C27A296081
:10F27000C188EA710122A980017A2A72A971CDE7B9
:10F280002A7A022AD3D01A465046D8F80C1020F019
:10F290008BFD012EA6D046B1114940F2BD32114876
:10F2A0001FF029FA40F2BD31DBE7204606A9FFF73F
:10F2B000B9FC5246BAF8043006A9A01CFFF718FEA4
:10F2C0009BE700BF14690020867C002044110020C9
:10F2D000FEBE04007C79040017BF040041BF040097
:10F2E0005EC0040069A504002DE9F04F00F10C0791
:10F2F00085B00646384620F028FD05462A4821F00C
:10F30000C9F800F00109284821F0C4F84FF0010ABB
:10F31000DFF898B0C0F3800815B905B0BDE8F08FEC
:10F32000B9F1000F02D1B8F1000FF6D0338A082BE3
:10F3300007D801211E4A1F4805B0BDE8F04F20F054
:10F3400065B809213846FCF75BFC037A328A013341
:10F350009A420446EDD37F23ADF80CA08DF8063019
:10F36000037A694603445B7A01308DF80530FF2348
:10F370008DF804300023ADF80A3010F8012C013D5F
:10F38000042A98BF1BF802308DF80720ADF808302A
:10F39000C3793A46FFF7ACFD217A38460131FCF7D4
:10F3A00015FCEDB2B8E700BF146900209AC0040054
:10F3B000FEBE04007C790400F8B50546224821F021
:10F3C00069F843070F463CD52A78012A03D96FF024
:10F3D00015042046F8BD6B780F2BF8D843F6FC7463
:10F3E0006888031F9BB2A342F1D8A9880B1F9BB268
:10F3F000A342ECD88842EAD37AB90022002313480A
:10F4000016F0D2F904460028E3D1FFF733FC044696
:10F4100040B10E4816F07EFADBE720F015FF002819
:10F42000EBD1D4E728686968094E0A4B03C6A8687F
:10F430001F6030602046FFF7F9FD044606F1240006
:10F44000E8E76FF00A04C4E7F009002044690020EF
:10F45000186900206069002008B5FFF7C9FD002287
:10F46000094B6FF0400109481A6021F016F8430675
:10F4700004D56FF48071054821F00FF8BDE808400D
:10F480000020FFF7FBBD00BF60690020F0090020ED
:10F4900010B50446FCF7E2F8044901EB00112046E0
:10F4A000FCF76CFFBDE81040FDF7AABD64690020C1
:10F4B00070B50546114B1C6844B154F8143C143C1B
:10F4C00013B12846697A98476469F5E70C4C0D4EEC
:10F4D000B44211D90C490D4840F279721FF00BF972
:10F4E00040F2797108481FF0FDF8236813B12846EF
:10F4F000697A98471834EBE7F7D370BDA469002008
:10F50000F877040028780400A7C0040069A5040067
:10F5100070B5044641B90D490D484D221FF0EBF876
:10F520004D210A481FF0DEF80022D1E901560948B2
:10F53000C1E9012224F055FC3DB1314620462B465D
:10F54000BDE870406FF06D02184770BDA7C00400A1
:10F5500069A50400F818002010B50C46817801292F
:10F560000AD00B490B4840F2F1321FF0C4F840F2C8
:10F57000F13107481FF0B6F8A16904F118001160D5
:10F58000E26900211A60E27ABDE8104027F02CBB46
:10F59000A7C0040069A5040070B505460022002339
:10F5A000144816F00DFC18BB134B1C6834B154F80A
:10F5B0000C3C143C03B198476469F7E70F4C104EBC
:10F5C000B4420FD90F49104840F27B621FF093F804
:10F5D00040F27B610B481FF085F8A36803B19847A0
:10F5E0001834EDE7F9D32846BDE8704016F07EBF29
:10F5F00070BD00BF6C180020A4690020F8770400DB
:10F6000028780400A7C0040069A504002DE9F84388
:10F61000044627F08DFB1E4BD3F8C8201D4B1B580A
:10F620009A4211D140270025DFF86C80EFF3118357
:10F6300087F31288BFF36F8FE16981B983F3118873
:10F64000BFF36F8FBDE8F883144915484FF49372E8
:10F650001FF051F84FF4937110481FF043F8206ADF
:10F660000A68814208BF2262E26183F31188BFF316
:10F670006F8FD1E901694046C1E9015524F0B1FB22
:10F680001EB1002249462046B047FDF7B9FCCDE740
:10F690002866002008000000F8180020A7C0040019
:10F6A00069A5040037B50446031DD3E8EF2F42F4E3
:10F6B0008061C3E8E51F002DF7D1510531D4D3E8AF
:10F6C000AF3F13F4803F184D1BD095F8B0309A0629
:10F6D00027D520F093FC20B30DF1060101A8FDF71A
:10F6E00075FEF0B92046BDF80620BDF8041020F0E4
:10F6F00007FD0346A8B101210C4A0D481FF08FFEFB
:10F700000FE095F8B0301B07DFD520F0DEFC034694
:10F7100020B10121074A06481FF081FEA37A072B7A
:10F72000D3D003B030BD00BF48090020F8C00400AA
:10F7300064780400D7C004000348B0F8DC30E0303F
:10F74000002B08BF002070474809002030B5044650
:10F7500027F0EEFA0D46134A13498BB00858D2F839
:10F76000C810884205D120460BB0BDE83040FFF7F5
:10F770004DBF24342146104624F0B1FB00280ADA9C
:10F780000A490B484FF4AF721EF0B5FF4FF4AF714A
:10F7900006481EF0A7FF1DB16946204616F0ACFED4
:10F7A0000BB030BD2866002008000000A7C0040090
:10F7B00069A5040038B5002204468A4202D100241B
:10F7C000204638BD012004F1C803D3E8EF5F002DC7
:10F7D00004D1C3E8EC0FBCF1000FF6D102D0D03455
:10F7E0000244EAE7002CEAD0C8220021204627F094
:10F7F000FBF904F14000044916F06AFF034904F1E3
:10F80000240016F07FFDDBE725050200BD0404009F
:10F81000F7B516460D4601210446FFF797FF012E66
:10F8200023D0022E50D123693BB130480121304A08
:10F830001FF0ECFD204620F065FE256121690B8A52
:10F84000012B51D9CA681288043292B293424BD329
:10F8500041D9012100922548264A1FF0EAFD2046A1
:10F8600003B0BDE8F04020F04DBE206940B9224A07
:10F8700031461E481FF0CAFD204620F043FE01E03D
:10F880002F8A2FB9284603B0BDE8F040FCF788B8AE
:10F890000C3020F081FA87420CD9184A31461348BF
:10F8A0001FF0B4FD00222046216901F009F9002370
:10F8B0002361E7E720692A8AE9680C3020F074FAAE
:10F8C0002846FCF76DF8B9E7012133460C4A074892
:10F8D0001FF0A5FDD0E7002301222046236103B0DD
:10F8E000BDE8F04001F0ECB803B0F0BD647804006E
:10F8F00014C1040094C1040031C104004FC10400CC
:10F9000076C1040010B580B100F1C802D2E8AF3F63
:10F91000B3B1591CD2E8EF4F9C4204D1C2E8EC1FAE
:10F92000BCF1000FF6D1F1D110BD0649064840F2F6
:10F93000B9521EF0E0FE40F2B95102481EF0D2FE6C
:10F940001846F1E7A7C0040069A5040010B50446F5
:10F9500050B91B4940F2E1521A481EF0CCFE40F269
:10F96000E15117481EF0BEFE243016F037FDC834B2
:10F97000D4E8EF3F5A1EC4E8E12F0029F8D1002B4C
:10F9800008DC0F4940F2F3520E481EF0B4FE40F27C
:10F99000F351E6E7012B11D140B1094940F2FC5285
:10F9A00008481EF0A8FE40F2FC51DAE7064816F0BF
:10F9B0009DF9BDE81040054816F098BD10BD00BF88
:10F9C000A7C0040069A504006C1800206011002085
:10F9D00010B50446FFF796FF17F048FD104B04F1F1
:10F9E000BC02D3F8FC1049B9C4F8BC10D3F800111C
:10F9F00089B9C3E93F2217F08BFD06E08A4208D19E
:10FA000017F086FD2046FFF7A1FFBDE81040FDF787
:10FA1000F7BA0968E7E70A60C3F80021EBE700BF1F
:10FA200048090020F8B5867A04468E420D4600AF9C
:10FA30001BD1082E98BF554B6C4688B094BF53F825
:10FA40002630534B6A465349C2E905134FF40073FD
:10FA50009383514B42F8103F00234FF4E4514F4839
:10FA6000F9F7B0FEA546BD46F8BD81720EB9FFF7A5
:10FA700049FFA37A082B00F2858001A252F823F0F7
:10FA8000D5FA01002BFB010067FA010067FA0100BB
:10FA900067FA010067FA010067FA0100A5FA0100A0
:10FAA00067FA010000213E4818F0FAFF0023C4E97C
:10FAB0000D33E378012BD6D1A3783A4A012B08BF46
:10FAC000032304F1400008BF84F89830002316F0A7
:10FAD000D3FEC8E7082EC6D8DFE806F02005171CBD
:10FAE0001C1C1720200004F14005284616F03AFFA0
:10FAF00001212046FFF72AFE204620F003FD0022C8
:10FB00000023284616F028FFADE7637A13B120469C
:10FB1000FFF7CEFC2046FFF719FFA4E72B46224A49
:10FB200002211E481FF07BFC9DE7637A3E2B0FD11C
:10FB30006D4688B06A461D4BC2E90534032342F87E
:10FB4000103F00234FF4C4511448F9F73BFEAD4673
:10FB5000174D05F1E006616911B9FDF751FA82E729
:10FB6000A2690B68914208BFA36120466361FFF759
:10FB7000CFFCB5F8DC30002B14BF3046002016F067
:10FB8000B5F8E8E70B4A2B46CAE700BF70840400CB
:10FB9000AFC10400B9C1040003000001647804008F
:10FBA000701100205A620200CAC10400E1C10400C1
:10FBB0004809002008C20400F8B5074609480D4668
:10FBC0001646FFF79FFE044650B183781F4203D1CB
:10FBD000BDE8F840FFF7BABE3146A8472046F7E730
:10FBE000F8BD00BF28480020002201200149FFF78E
:10FBF000E3BF00BFF904040070B505460E480E4689
:10FC0000FFF780FE0446A0B1837A012B02D0073BA8
:10FC1000012B0CD82388AB4208D1A3781E4209D10E
:10FC200002212B46054A06481FF0F9FB2046FFF744
:10FC30008DFE0024204670BD2848002024C2040008
:10FC40006478040008B50F4B98420AD303F1D00240
:10FC5000904206D2D022C01AB0FBF2F302FB13038B
:10FC600053B10949094840F21A621EF044FD40F2BE
:10FC70001A6105481EF036FD054B00115843C0B20D
:10FC800008BD00BF28480020A7C0040069A50400E3
:10FC9000C54EECC42DE9F84305460F4616461C46F2
:10FCA0009046994624F02BF950B11849184840F273
:10FCB00036621EF020FD40F2366114481EF012FD3F
:10FCC00034430DD027F034F8124BD3F8C820124B30
:10FCD0001B589A4207D10221104A11481FF096FB87
:10FCE0004FF00008C1460F4942464B46002D14BF55
:10FCF000284608461FF0F3FF044618B1791D0C3062
:10FD0000FBF72CFF2046BDE8F88300BFA7C0040026
:10FD100069A5040028660020080000003BC204001A
:10FD2000647804001419002010B50446054816F044
:10FD3000DDFB204600F0E6FD2046BDE81040FFF761
:10FD4000B7BB00BF5011002010B5837A0446023BB8
:10FD5000062B24D8DFE803F00B0423232319090022
:10FD6000417200212046FFF75DFE002010BD837820
:10FD7000012BFAD00B490C4840F263721EF0BBFC19
:10FD800040F2637107481EF0ADFC008820F079F95D
:10FD90000028EBD1A37A072BE7D10821E2E76FF027
:10FDA0007F00E3E7A7C0040069A504002DE9F04F38
:10FDB000002387B000AFFB607B61964B5A8C3AB151
:10FDC000954DD5F8FC403CB91C37BD46BDE8F08FD9
:10FDD0001B68002BF4D1F7E754F8BC3903B1BC3BE6
:10FDE00000268E4913E01346B5F8DC20002A00F007
:10FDF000AA81D5F8E820BAB904F1BC06002BE3D0FB
:10FE0000D3F8BC201C46002AEDD0A2F1BC039C42D2
:10FE1000EAD183494FF46F7282481EF06CFC4FF4B4
:10FE20006F717F481EF05EFC0A68002AE4D0D4F8A7
:10FE3000A820002AE0D0D4F8AC20002ADCD0D4F8E6
:10FE4000B020002AD8D0A37A072B40D12046904773
:10FE500000283CD004F1C003D3E8AF3F022B36DCCE
:10FE60002046FFF74FFD04460028ADD0A37A072BAC
:10FE700040F066812046D4F8A830B5F8DC1007F1D0
:10FE8000100298478046002800F04A81B5F8DC202F
:10FE90003B699A4208D30146D4F8AC60204607F18A
:10FEA000140307F10C02B0473B69D7F80CA07B6044
:10FEB000B8F81030D7F81490002B39D158494FF4C6
:10FEC000247258481EF017FC4FF42471A9E704F17E
:10FED000BC03B34208D1524940F2D93251481EF016
:10FEE0000AFC40F2D9319CE7D4F8BC20C6B9D5F859
:10FEF0000011C5F8FC208B4201D1C5F80021002378
:10FF00002046C4F8BC30D4F8B03098470028ADD0B3
:10FF1000A37A072B40F014812046FFF759FDA5E78F
:10FF20003260D5F80021934208BFC5F80061E6E7CA
:10FF3000404620F01EF840B1394940F29722394836
:10FF40001EF0D9FB40F297216BE7B5F8DC3036485C
:10FF5000002B08BF00200022002315F031FF40B124
:10FF60002F4940F2A7222F481EF0C5FB40F2A721DF
:10FF700057E700220023294815F040FE064640B905
:10FF8000274940F2B22227481EF0B5FB40F2B221C9
:10FF900047E7C0E901A97B68B5F8DCB05B4598F894
:10FFA000083098BFB7F804B0013B012B08D91C49B1
:10FFB00040F2D2221B481EF09EFB40F2D22130E7D5
:10FFC00040461FF0D6FF814630B11549AC22154896
:10FFD0001EF091FBAC2124E70146002200230D48CE
:10FFE000FBF77EFB824658B1FBF738FB0F4B4146CF
:10FFF00003EB00135A465046FCF7E4F98046B8B9C3
:020000040002F8
:10000000074940F2DB2207481EF075FB40F2DB2176
:1000100007E700BFB019002048090020F8180020A9
:10002000A7C0040069A50400280A00206469002014
:10003000B5F8DC307A6894F8C4A09A428EBF4FF0CD
:1000400001090AF1020A5FFA8AFA84F8C49004F1FD
:10005000C00BDBE8EF3F0133CBE8E23F002AF8D1E9
:1000600000233360A369002B5ED1C4E9056694F8D0
:100070000290B9F1010F5AD108F10C03042118467E
:100080007B60FBF787FD22880AF0FD0A42EA0A320C
:100090000280B8F810207B68043A4280022118469A
:1000A0001FF040FE4046FCF7D1FE8246002847D0B4
:1000B000DBE8EF3F013BCBE8E23F002AF8D13146D5
:1000C00004F1140020F0FDF9204A53464946204827
:1000D0001FF0A5F94046FBF763FC20463146FFF7C9
:1000E00017FAB5F8DC301B48002B08BF002015F0CC
:1000F000FDFD6D4688B06A46174B53616FF00403EF
:10010000C2E90634042342F8103F4FF4015110486D
:100110000023F9F757FB1321AD462046FFF714FEE5
:100120002046FFF713FC4FE61E60A6619FE70B49D0
:1001300040F2FF220A481EF0DEFA40F2FF2170E68C
:10014000FCF75EFFECE79368FFDE00BFF3B8040046
:1001500064780400280A002064C20400A7C00400D8
:1001600069A5040040F2E2432DE9F041D0F888602F
:100170000446B6FBF3F6031DB6B2D3E8AF2F9204E4
:1001800013D5B0F88C20B2420FD8B0F88E20B2420E
:100190000BD3D0E92412914207D1D3E8EF1F21F409
:1001A0000051C3E8E21F002AF7D1174B1D6865B163
:1001B00055F8047C143D37B131462046B4F89230EE
:1001C000B4F89020B8476D69F1E7104DDFF8408032
:1001D000454515D90F49104840F2BF721EF08BFA01
:1001E00040F2BF710B481EF07DFA2F6937B13146DE
:1001F0002046B4F89230B4F89020B8471835E7E7B5
:10020000F3D3BDE8F08100BFA4690020F8770400B3
:1002100028780400A7C0040069A504002DE9F04176
:10022000074608460D461FF0EBFE064618B90026A5
:100230003046BDE8F0811A4B1C6884B154F8083C84
:10024000143C0BB96469F8E72946384698470028FA
:10025000EDD028461FF0D4FE0028F3D1E7E7114C7B
:10026000DFF84480444514D9104911484FF4006226
:100270001EF041FA4FF400610C481EF033FA294693
:10028000384698470028D2D028461FF0B9FE20B93A
:10029000CDE7CDD2E368002BF1D11834E2E700BFFF
:1002A000A4690020F877040028780400A7C004009F
:1002B00069A5040038B505460C460E480121FFF734
:1002C00079FAB0B1057223680367A388A0F8743087
:1002D000A37980F8763001238370074BC0F8A830EB
:1002E000064BC0F8AC30064BC0F8B030054BC0F838
:1002F0008C3038BD28480020BD07020059F50100A8
:10030000B10404001800280070B505460A480E46DE
:10031000FFF7F8FA044620B18378012B04D0FFF7E9
:1003200015FB0024204670BD3246294620F0F3F824
:100330000028F7D12046F2E728480020B0B500AFEA
:100340000D46FFF7E1FF044610B32846FBF726FDF4
:10035000A37A6D46082B98BF0E4A8AB094BF52F814
:1003600023300D4B6A46C2E907030C4B0C4953621C
:100370000C4BC2E9051442F8103F00234FF44251E0
:100380000948F9F71FFA2046AD46FFF7DFFA0120CA
:10039000BD46B0BD70840400AFC104000103020477
:1003A00087C204000500000264780400F8B5054621
:1003B0000E480E461746FFF7A5FA044620B183788B
:1003C000012B03D0FFF7C2FA00240DE036B132460C
:1003D000294620F0A0F808B92046F3E7A37ABB42EB
:1003E000FAD1237AAB42F7D12046F8BD2848002045
:1003F00010B583780B70C3784B70037A8B70837A57
:10040000082B0ED8294AD35C81F82030012381F8CB
:10041000213000234B848378012B0DD06FF0150021
:1004200010BD2349234840F6FC221EF064F940F633
:10043000FC211F481EF056F900F170038B60037A0F
:100440001D4AC3EBC30313444B60C47800F17E0321
:1004500000F1770214B11C4613462246C1E903237A
:1004600040F2E242D0F888304B61B3FBF2F30B83E9
:10047000B0F890304B83B0F892308B83D0F8A43032
:100480002BB15B7BDA0644BF012381F82330D0F81F
:10049000A43013B15B7B9B0601D40020C0E791F828
:1004A000233043F0020381F82330F6E70FC3040042
:1004B000A7C0040069A504004809002038B5044617
:1004C00008460D461FF09CFD38B3154B93F8B0302D
:1004D000990707D4E37873B129462046BDE8384030
:1004E00000F01ABB94F899309A07F3D5231DD3E88E
:1004F000AF3F5B04EED42946204620F032F858B9CD
:100500002B88A4F88C306B88A4F88E30AB88A4F8C4
:100510009430EB88A4F8963038BD6FF01500FBE7F7
:1005200048090020F7B510F8363C0446A0F1400613
:100530006BBB304620F05FF8394B1D684DB155F864
:10054000103C143D1BB1304614F8371C98476D69B8
:10055000F4E7344D344FBD4212D9344934484FF496
:10056000F1621EF0C8F84FF4F16130481EF0BAF89D
:100570006B681BB1304614F8371C98471835EAE70A
:10058000F6D3304603B0BDE8F040FFF7DFB910F80E
:100590003E3C012B25D1A0F13C05D5E8EF3F23F4EB
:1005A0000052C5E8E12F0029F7D1990421D5E36C69
:1005B00069460093636D30460193FFF77FFF034662
:1005C00088B9D5E8EF3F23F48053C5E8E23F002A1D
:1005D000F7D1D5E8EF3F43F40063C5E8E23F002AD6
:1005E000F7D103B0F0BD134A022113481EF017FFE4
:1005F000EFE74FF42813114A69463046CDE900234E
:10060000FFF75CFF034640B9D5E8EF3F43F4805362
:10061000C5E8E23F002ADCD0F6E7094AE4E700BF7C
:10062000A4690020F877040028780400A7C004001B
:1006300069A50400C0C20400647804001800280002
:10064000E5C2040070B50C4823F0BEFB00240B4D3E
:10065000094E29463046013423F0C3FB042C05F132
:100660000C05F6D120F00EFC20F05FFF044608B91F
:1006700020F069F8204670BDF81800207469002049
:1006800010B50268D2F8B43053B90C490C4840F2A6
:10069000FA221EF030F840F2FA2108481EF022F843
:1006A000D2F8B8401968A34200F14C0008BFC2F864
:1006B000B8108342C2F8B410E7D110BDA1C3040042
:1006C00069A5040008B503460121034A03481EF04A
:1006D000A6FE002008BD00BFD2C304008C78040031
:1006E00080B500AF88B06A46074BC2E905300323E6
:1006F00042F8103F00234FF4C2510448F9F762F862
:100700006FF00B00BD4680BDFAC304008C78040076
:10071000044B1A680AB1FFF7E3BF0348586010465C
:100720000B607047AC690020BC84040070B50446BF
:1007300052EA03000AD026F0FBFA074D074ED5F81F
:10074000C8503058854204BF002213462046BDE8F9
:1007500070400431FFF79EBA2866002008000000B0
:1007600073B5054618462B680BB39B7A072B1ED131
:10077000002A14BF022301230E7A9E4209DD0121C3
:100780000C4A0D4800961EF054FE6FF0150002B0A2
:1007900070BDCB7A072BF8D9C8618A6105F13000AA
:1007A00023F01FFB28461FF006FF0020EFE76FF045
:1007B0007F00ECE721C404008C7804002DE9F047A9
:1007C00080460E469146D0F8B44000AF4CB14C3C48
:1007D000236B6BB104F1300A504623F017FB05463A
:1007E00058B9FCF70DFC00252846BD46BDE8F0874A
:1007F0002046FFF745FFE46CE8E798F80A30072B3E
:100800000AD03B494FF478723A481DF074FF4FF418
:10081000787137481DF066FF1FF0ABFB80B16C4666
:1008200088B06A46344BC2E90535032342F8103FCD
:1008300000234FF4C2513148F8F7C4FFA546D2E770
:100840002846FBF7E3F8236D0546B3B9A38CB0F84F
:100850001080403B9BB23F2B03D8238D984528BF87
:100860009846042105F10C00FBF794F9A0F80080EC
:10087000A38C438008F104032365236D2A8AB342C5
:100880000ED8934215D0A38C403B9BB23F2B2BD963
:100890002046FFF7F5FE236B13B120461FF08BFEB9
:1008A000236D9E422CBF00269E1BC9F80030266592
:1008B0009AE700220023504615F0A0F9854208D09F
:1008C0000B4940F212420B481DF015FF40F2124155
:1008D0009FE7FBF765F8A38CA3F140023F2AD7D826
:1008E000074AAA61EB61D3E700221346F9E700BF8C
:1008F000A1C3040069A5040041C404008C7804006D
:10090000F90604002DE9F34104464FF00008364E85
:10091000364FBE4263D936494FF4D77235481DF081
:10092000EAFE4FF4D7710BE031884B1E3E2B0AD9FB
:100930002F4940F2B1122F481DF0DDFE40F2B111F7
:100940002B481DF0CFFE20461FF0CDFE054601903E
:1009500040B1274940F2B51226481DF0CCFE40F2C6
:10096000B511EDE72046736801A99847002831DBEF
:10097000019B32889A829A8403F11002D2E8EF1F19
:10098000C2E8E05F0028F9D1DD641D659D60A16BC0
:1009900003F1080201BBC4E90D221C60C3F80C80FE
:1009A00003F1300023F010FA019843681B6803B18B
:1009B0009847019B1033D3E8EF1F41F00101C3E8D2
:1009C000E21F002AF7D101984368DB6913B100F1F7
:1009D0001001984708369CE70A60A263DDE7A3D3BD
:1009E00002B0BDE8F08100BFE0770400F8770400B2
:1009F000A1C3040069A5040073B50D460646042191
:100A000005F10C00FBF7FCF82B8A428804469A4259
:100A100007D000921C4A01211C481EF00AFD02B0BA
:100A200070BD43783BB90121194A184802B0BDE8AE
:100A300070401EF0EBBC0378012BF0D0132B06D1D5
:100A4000022AECD0022300931346124AE3E7022164
:100A5000114A0E481EF0E3FC61780222012035683D
:100A60001FF026FE04460028D9D002210C30FBF7E7
:100A7000E1F80023214603704370284602B0BDE828
:100A800070401FF046BE00BF59C404008C780400BB
:100A90007AC404009BC40400C6C4040008B50B8AD1
:100AA000032B06D80121044A04481EF0AFFC0020A5
:100AB00008BDFFF7A1FFFAE7EEC404008C7804003C
:100AC00038B50B8A0546032B0C4609D801210F4A7D
:100AD0000F481EF09BFC2046BDE83840FAF760BF87
:100AE000042104F10C00FBF78BF8418828461FF025
:100AF00021FE30B9074A0B46054802211EF08FFC43
:100B0000E9E7436821465B699847E4E70CC50400C0
:100B10008C78040029C5040070B5124B0C46197876
:100B200005460131C9B2012938BF0121082212202E
:100B300019701FF0BDFD064688B108210C30FBF787
:100B400079F822883146028062884280A2888280B9
:100B5000E288C2802846BDE870401FF0DABD6FF021
:100B60000B0070BD747D002023281FD81A2804D8DC
:100B7000431E182B0ED906207047A0F11B03082B2B
:100B80001ED8DFE803F0051D1B231D19251D0500D8
:100B90000320704701230F4A83401A40C2B90E4A0E
:100BA0001A40002A14BF01200620704700F07F037E
:100BB000522B05D100207047012070470520704757
:100BC00010F0400F0CBF0620002070470420704733
:100BD00002207047AAAA8A0254554501011F014804
:100BE00014F02EBDAC16002010B50446807AFAF73A
:100BF0002DFD0B4B83420AD00A490B4840F22112CB
:100C00001DF079FD40F2211106481DF06BFD2046D4
:100C1000FAF724FD1822054B02FB003010BD00BF7F
:100C20004819002065C5040069A50400006A002079
:100C30002DE9F047074608460C46FFF7D5FFE36865
:100C40000646D0F8089007F15802D2E8AF2FD20735
:100C500009D40121284A29481FF098FD6FF0150595
:100C60002846BDE8F087228A52B92549254840F236
:100C70006D121DF040FD40F26D1121481DF032FD56
:100C8000E26812780271002202601B78D22B0FD129
:100C90003B682146186820F045FC054640B101211B
:100CA000194A16481FF072FD2046FAF779FED7E779
:100CB00004F10C001FF06CF80023B4F810A080467B
:100CC0001A462146B760381DFFF74AFD0546002841
:100CD000C6D010F1690F04D101210C4A07481FF05A
:100CE00055FD6369A4F810A013FA88F3E360C6F811
:100CF00008903560B4E700BF94C504005478040040
:100D000065C5040069A50400AEC50400C1C50400A2
:100D10000121024A02481FF039BD00BFE4C50400AA
:100D20005478040010B5044600F15403D3E8EF1FD3
:100D300041F00101C3E8E21F002AF7D1201F1FF094
:100D4000C7FD04F17C00044915F0C2FC2068BDE831
:100D5000104002F019BE00BF251D020070B50378D7
:100D60008AB004460E4607AD032B20D8DFE803F017
:100D700002191B1D11492846F5F7D6FE0595637823
:100D80001E210493A37830460393E3780C4A029320
:100D90002379019363790093A3791CF0AFFE0AB025
:100DA00070BD0849E7E70849E5E70849E3E70A2194
:100DB0002846074A1CF0A2FEE0E700BF60B204002C
:100DC00082B2040067B204006EB2040078B204007C
:100DD000D8FB04002DE9FF414FF000084FF42053E9
:100DE00005460E46006802A9144617688DF808806B
:100DF000ADF80A301FF03AF8A0B142F601032868B6
:100E000003A98DF80C80ADF80E301FF02FF848B113
:100E100023691BB15A88B24200D25E80012004B01F
:100E2000BDE8F081616828681FF020F810B1002348
:100E30002361F3E7E368A0681A786AB1B7F81AC0CB
:100E4000798D038A8C4594BFC3EB0C03C3EB01037C
:100E5000934201DA0020E2E704210C30FAF7EAFEBF
:100E600020610680236929465E80074B0194009328
:100E700038460023A2681FF0C4FD0028EADB206981
:100E8000003818BF0120CAE73709040073B50E46C1
:100E9000438D418B01328B4228BF0B469A42054657
:100EA00009D9022100921A481A4A1EF0C2FA0024F7
:100EB000204602B070BD3046FFF756FE022812D021
:100EC000042810D025F034FF134B1958134BD3F8D6
:100ED000C83099421AD0124B1B685A1A18BF4FF0EB
:100EE000FF32134601E000230E4A00210E48FFF7AF
:100EF0001DFC04460028DBD0FFF776FE012185604B
:100F000004F10C00FAF796FE0670D1E70022E8E73C
:100F10005478040001C60400080000002866002080
:100F2000606A00201C4E0E0048190020F0B51D46D6
:100F300003680E460039044618BF012187B01868BF
:100F4000174620F08DFA40B904F158001FF019FE41
:100F5000002846D0002007B0F0BD002D43D0182255
:100F60000021684625F040FE6FB100223946204638
:100F7000FFF78CFF019030B91C4801211C4A1FF07B
:100F800005FC1120E7E7236829461B6828460093E3
:100F90000023ADF812300C9B164A0393BDF8343091
:100FA0008DF80860ADF8103001238DF814306B46D1
:100FB0001FF027FC9DF8143063B1002FCAD00198B0
:100FC000FAF7EEFC2A46314620469DF814301FF011
:100FD000E3FDBFE701990029BCD020461FF0EAFCE1
:100FE000B8E71220B7E70120B5E700BF5478040046
:100FF00026C60400910704002DE9F347176805464B
:101000008946006851681446D7F804A01EF02EFFE8
:10101000804600284BD195222946504620F0CDF934
:101020000646207540B1E3681B780BB184F8148044
:10103000002002B0BDE8F0872946504620F04AFA69
:1010400010B908232375F3E7A0682675FAF7F4FCB6
:1010500002210C30FAF7EEFD164B2061A0F800904B
:1010600000930194334629463846A2681FF0C9FC14
:10107000002807DA10F1FF0F32BF0E204042C0B245
:101080002075D5E72369002BD2D0A0681FF066FB3E
:101090007B8D7A8B9A4294BFC0EB0200C0EB0300B9
:1010A000E3681B78984294BF00200120C1E701202B
:1010B000BFE700BF6D070400F7B50B8A04460D4675
:1010C00007683BB90121284A28481FF05FFB002030
:1010D00003B0F0BD012105F10C00FAF791FDBB7AD8
:1010E0000646072BF3D154F8043C002BEFD0002226
:1010F00003781F48043C10F8327000EBC2019F4295
:101100000FD12A8A48788F78904220D90121009304
:1011100016481346174A1EF08CF9012FD7D1042325
:101120001EE001320C2AE6D102211048124A1EF0BC
:1011300076F931780846FFF717FD0028C7D0052853
:10114000C5D00623002220461FF026FDBFE74B68CE
:10115000204629469847012F0346B8D10028B6D02B
:1011600000223178EFE700BF3FC604005478040046
:10117000E484040074C604005AC604002DE9F04F4C
:1011800042F60103002591B0166880460F460068BC
:101190000BA9D6F8049014468DF82C50ADF82E30DB
:1011A0001EF064FE002870D04FF42053D8F80000E1
:1011B0000BA98DF82C50ADF82E301EF057FE38B12B
:1011C000A3681BB15A88BA4200D25F8001200EE0AA
:1011D000616808461FF0C2FA728D738B9A4294BF01
:1011E000C0EB0200C0EB0300032803D8002011B0BD
:1011F000BDE8F08F0846FAF71FFC054660681FF04F
:10120000ADFA728B738D05F10C0B9A4294BFC0EB53
:10121000020AC0EB030A58461EF0BEFD824537D2D3
:1012200060681FF09BFA728D738B9A4294BFC0EB7B
:101230000200C0EB030070B96368987AFAF706FA07
:10124000002200231EF04BFD05460028CED00146AB
:101250006068FAF72FFC00230093D8F8046010238D
:101260004146484602AAB047061E0EDB227CE068D3
:10127000B2422BD001460BA81EF026FE60B9237C9B
:10128000144A022114481EF0CAF80023A3609DE707
:1012900058461EF081FDCEE7F2B202A906A81EF064
:1012A00013FE10B90D4A3346EBE706A90BA81EF052
:1012B000DDFD0028E9D100230421637405F10C0051
:1012C000FAF7B8FCA0600780A3687EE702A925F0C2
:1012D00093FCEEE793C6040054780400B2C6040001
:1012E000F8B5104A074600230F480D461EF0F7FCDC
:1012F000044638B901212B460C4A0D481EF08FF8E0
:101300002046F8BD00F10C0609213046FAF726FC0C
:101310002046FFF769FC012187603046FAF78AFC16
:101320000570EDE71C4E0E0048190020D2C30400E2
:10133000547804002DE9F0410E8A0446043EF6B2CA
:10134000022E08468CB001D0102E64D104210C303E
:10135000FAF756FC0DF1080805884788011D32464A
:1013600040461EF0B1FD002857D09DB3002687B33C
:10137000AF422FD34FF42053404601A98DF80460AB
:10138000ADF806301EF072FD40BB1422002107A804
:1013900025F02AFC11212046FFF7A2FF0990002822
:1013A00037D001210C30CDE90748FAF743FC002380
:1013B0000A90394603701A4A0B93284607AB1FF070
:1013C00020FA0A9B1B78FBB90998FAF7E9FA0A2375
:1013D00001E03D4601232A4610210EE042F60103BA
:1013E000404607A98DF81C60ADF81E301EF03EFD8A
:1013F0000028CAD010232A46194620461FF0CCFBED
:1014000000200CB0BDE8F081204609991FF0D2FA07
:10141000F6E71120F5E70420F3E70E20F1E700BF1F
:10142000D50D02002DE9F043036804460D4685B052
:101430000121186820F014F840B904F158001FF099
:10144000A0FBB0BB122005B0BDE8F0831022002144
:10145000684625F0C9FB21212046FFF741FF029095
:1014600048B34FF00108DFF85490009405F10C07E1
:101470002B8A012B04D8204602991FF09BFA18E012
:1014800038461EF06AFC6B464A46014606468DF811
:101490000C801FF0B6F99DF80C30002BE8D00298B4
:1014A000FAF77EFA3246202120469DF80C301FF0D4
:1014B00073FB0020C7E71120C5E700BF870C0400BD
:1014C0002DE9F043036804460D4685B001211868F4
:1014D0001FF0C6FF40B904F158001FF052FBB0BB2B
:1014E000122005B0BDE8F08310220021684625F0E7
:1014F0007BFB0F212046FFF7F3FE029048B34FF02D
:101500000108DFF85490009405F10C072B8A012B99
:1015100004D8204602991FF04DFA18E038461EF014
:101520001CFC6B464A46014606468DF80C801FF0AF
:1015300068F99DF80C30002BE8D00298FAF730FAE1
:1015400032460E2120469DF80C301FF025FB00206E
:10155000C7E71120C5E700BF270C0400F0B51D4602
:10156000036804460E4685B00121186817461FF02F
:1015700077FF38B904F158001FF003FB48BB122075
:1015800005B0F0BD65B310220021684625F02CFBA4
:1015900039462046FFF7A4FE029018B3BDF8283064
:1015A0002946ADF80430012328468DF80C300E4A48
:1015B0006B4600941FF025F99DF80C305BB1029842
:1015C000FAF7EEF92A46314620469DF80C301FF016
:1015D000E3FA0020D4E7204602991FF0EBF9F8E780
:1015E0000120CDE71120CBE7270C04002DE9F041C5
:1015F0000E8A0446043EF6B2022E08468CB001D094
:10160000102E76D104210C30FAF7FAFA0DF1040805
:1016100005884788011D324640461EF055FC0028CB
:1016200069D085B377B3BD422DD8012160681FF022
:1016300017FF064678BB42F602038DF800006946A4
:101640004046ADF802301EF011FC20B342F6030311
:10165000404606A98DF81860ADF81A301EF006FC59
:10166000C8B1012D03D14FF6FF739F4213D004F18F
:1016700058001FF086FA002814BF002012200CB07A
:10168000BDE8F0813D4601232A46082120461FF08F
:1016900083FA0020F3E7182200210DEB020025F069
:1016A000A3FA09212046FFF71BFE0890F8B101219B
:1016B0000C30CDE90648FAF7BDFA00230990037013
:1016C0000A2339468DF82C30284606AB0B4A1FF00A
:1016D00098F89DF82C302BB10898FAF761F99DF82D
:1016E0002C30D1E7204608991FF064F9D1E711208A
:1016F000C5E70420C3E70E20C1E700BFF90F0200D1
:101700002DE9F0430F460446062187B007F10C008F
:10171000FAF776FA0588B0F802808288D7F80C903C
:10172000C5B10023B8F1000F13D0454512D88DF88C
:1017300000308DF804304FF42053684601A9ADF80D
:101740000220ADF806301EF091FB064660B10A2378
:1017500001E0454601232A46062120461FF01CFAD7
:10176000002007B0BDE8F0830146142201A83F7CA9
:1017700025F03AFA07212046FFF7B2FD0290D8B1D2
:101780000A2341468DF81530284601AB0B4ACDE9B6
:10179000036901948DF814701FF033F89DF815302B
:1017A0002BB10298FAF7FCF89DF81530D3E72046E4
:1017B00002991FF0FFF8D3E71120D2E77D11020054
:1017C0007FB5CB6804461D885E8885B176B1B54289
:1017D0000DD810220021684625F006FA0521204682
:1017E000FFF77EFD019058B9112007E0354601232F
:1017F0002A46042120461FF0CFF9002004B070BD16
:101800006B4631462846084A00941EF0FAFF029BB8
:1018100023B90198FAF7C4F80A23E9E720460199A9
:101820001FF0C8F8E9E700BF190804002DE9F041EE
:1018300082B000AF044688460022002339463B4868
:1018400013F08CFE0546B0B16D4688B06A46384B41
:10185000C2E90534032342F8103F00234FF4C2517C
:101860003448F7F7AFFFAD466FF00B063046083748
:10187000BD46BDE8F08125F05BFA2F4B3E681A5853
:101880002E4B29461A60301D2C2225F0ADF934600C
:101890003C6800220023C4E90155C4E90A552848E0
:1018A000391D7D6013F05AFE064688B123686C46E8
:1018B00088B06A462349C2E90513032342F8103F62
:1018C0004FF4C4512B461B48F7F77CFFA546CBE7E6
:1018D0007B680146B822184625F086F91A4A8260CC
:1018E000603022F071FA7B685833D3E8EF2FC3E8F9
:1018F000E16F0029F9D17B681C60A36A7D681BB980
:1019000004F10C0022F060FAA26A05F1B003C5F8F8
:10191000B020E26AA36202B9E36217227B685A85AB
:101920005A830433C8F80030A0E700BF8C160020AB
:10193000D1C604005478040008000000606A00204A
:10194000AC160020F6C604008011002008B5837A8A
:10195000072B06D002210C4A0C481EF017FF00206E
:1019600008BD04211EF0E6FE10B9094A0121F3E783
:1019700000F15403D3E8AF3FDB0701D4054AF5E794
:1019800050F8040CECE700BF1BC7040054780400B7
:1019900029C7040094C504002DE9F14F0446FFF760
:1019A00023F90021D0E902561822D0F800A090F8BF
:1019B0000490C788D0F8108025F016F9A07AF9F7BE
:1019C00045FE6169834651B1637AD80705D4DBF8D7
:1019D0002C3020461B689B68984700236361214692
:1019E000584622F009FAB9F1000F47D0002D45D032
:1019F0002B68002B42D01B68002B3FD0BAF1000FA0
:101A000008D001215346284A284801B0BDE8F04FCC
:101A10001DF005BD281D1FF0B8F94846FFF7A4F8D2
:101A2000052836D8012303FA00F010F0140425D15C
:101A300010F0090F05F1580319D110F0220F28D02A
:101A4000D3E8AF3FDA0707D40121194A174801B09C
:101A5000BDE8F04F1EF09ABEEB6D7BB10023154A36
:101A600005F1800001B0BDE8F04F14F075BF2A68A1
:101A70001568D3E8AF3FDB07E6D536B901B0BDE85E
:101A8000F08F41462846B0470134A3B2BB42F8D399
:101A9000F4E70949094840F2CF221CF02CFE40F23D
:101AA000CF2105481CF01EFE44C7040054780400F2
:101AB00094C504001C4E0E0065C5040069A5040011
:101AC000F8B50F461646FFF741FFB0B1846A2046CD
:101AD0001CB150F8B04904B1B03C731C194638B180
:101AE000428D458BAA4228BF2A469A4207D264B942
:101AF00002210A4A0A481DF092FC0020F8BD324635
:101B00003946BDE8F840FFF7C1B9D4F8B05005B187
:101B1000B03D20460B462C46E2E700BF63C70400F9
:101B20005478040007B50B460021024625F000F961
:101B300001910F4909580F480068884204D00E48A7
:101B4000D0F8C800884201D10022134601A90B48F1
:101B500013F004FD014648B9019B1022184625F0F8
:101B600043F80346184603B05DF804FB0023F9E789
:101B700008000000606A0020286600204C17002042
:101B800010B50446806818B1F9F70AFF0023A36076
:101B90002146BDE81040014813F052BD4C1700200B
:101BA0002DE9F347044680300E4617461D4614F0D3
:101BB000D9FEE06D58B918480221184A1EF0E6FD1A
:101BC000204600F08FF8002002B0BDE8F087144BEB
:101BD0004FF00008984205D12068C4F85C801FF0DF
:101BE00005F9F0E7D0F80490C0F80480E06DD0F873
:101BF0000CA0FFF7C5FF2068C4F85C801FF0F6F862
:101C0000B9F1000FDFD02068CDF800A03B46324686
:101C100029460068C847D6E7547804007EC7040008
:101C2000646A0020F7B550F8044C0546002C55D0E6
:101C300000F1AC0104F128001EF08AFF2E1F05F10F
:101C40005C0700220023384613F0D8FF024658BB39
:101C5000AB6D2BB101466FF067033046FFF7A0FF75
:101C6000002345F8043C05F15403D3E8EF1F21F0AD
:101C70000101C3E8E21F002AF7D1A36A73BB04F194
:101C80000C0600220023304613F0B8FF78B96668CE
:101C900086B921461248266013F0D2FC286803B0AA
:101CA000BDE8F04001F0C2BEF9F77AFEC9E7F9F7E6
:101CB00077FEE6E7A26833689642636008BFA360D8
:101CC00077683FB1F3686FF06701009300232068E5
:101CD0001A46B8473046FFF753FFD8E703B0F0BDC8
:101CE0008C16002030B50546044655F8043B89B0F3
:101CF00018681EF030FC6946FFF730F82846FFF7F9
:101D000091FF13216068FEF71FF8034620B10121FF
:101D1000024A03481DF083FB09B030BD95C704009B
:101D200054780400B0B588B0044654F8803D00AF44
:101D300018681EF010FC3946FFF710F86D4688B0A1
:101D40006A460B4BC2E905374FF400739383094B86
:101D500042F8103F00234FF4E2510748F7F732FDF5
:101D60002046AD46FFF7BEFF2037BD46B0BD00BFE1
:101D7000B3C70400030000015478040070B50E4698
:101D800050B9204940F67F721F481CF0B4FC40F661
:101D90007F711C481CF0A6FC41B91A494FF47862C7
:101DA00019481CF0A8FC4FF47861F2E7FFF7CEFD6C
:101DB000044628B93046F9F7F3FD6FF07F0070BD97
:101DC00000F10C052846314622F00BF8A06A38B124
:101DD00050F8B04904B1B03C29461EF0F9FD20B9D5
:101DE0000020ECE71C466FF00100002CF8D0D4F87E
:101DF000B03023B90230F5D020461C46ECE7B03BAA
:101E0000F8E700BF65C5040069A5040038B50C46B5
:101E1000054650B9174940F6947217481CF06BFC00
:101E200040F6947113481CF05DFC41B9114940F62D
:101E3000957211481CF05FFC40F69571F2E715F0C1
:101E400015FB2846FFF782FD20B915F061FB6FF006
:101E50007F0038BD0023236083683BB9C0E901449B
:101E60001EF0C4FF15F054FB0020F2E71C608460F4
:101E7000F6E700BF65C5040069A5040008B522F0B7
:101E80009FFB38B1034601210348044A1FF093F831
:101E90006FF0040008BD00BF74780400E6C70400BA
:101EA00010B51846144607491022A047041E07DA49
:101EB00023460121044A05481FF07DF8204610BD45
:101EC0000024FBE748490020FCC7040074780400A4
:101ED000034610B5074C084622789A4207D1611C88
:101EE0001FF0BEF8002814BF2046002010BD0020BF
:101EF000FCE700BF8C6A002010B5074C23788342B2
:101F000007D1601C1FF0ACF8002814BF2046002049
:101F100010BD0020FCE700BFFC7A002070B5204B0C
:101F2000144682689A420FD1A568C66875B92279AD
:101F3000304621681FF09CF8024628B1194901304B
:101F40001FF0BBF815701581012070BDE0680028F6
:101F5000FBD02B888B420AD0F6D2E068A368013808
:101F60000433E060003818BF0120A360EDE7256866
:101F70002279294630461FF07BF8024660B9304688
:101F800008491FF075F802460028E6D029460130BE
:101F90001FF093F823791370A3685B881381DCE743
:101FA0000D2502004DB20400102110B50648FAF7C5
:101FB0006FF8034630B1BDE810400121034A0448E0
:101FC0001EF0F9BF10BD00BF384900201DC8040035
:101FD0007478040008B530B9074908481FF040F884
:101FE00038B1074808BD054A12F8011C1EF093FAE3
:101FF000F6E70020F6E700BF4DB204008D6A00202E
:102000008C6A002010B54A1C0C4638B109781EF0C5
:1020100082FA08B1204610BD0020FCE710460249B4
:102020001FF01EF8F5E700BF4DB204002DE9F041A6
:1020300005460E4617461EF006F8194904460B7869
:10204000AB421AD1304601311FF00AF8A8B13CB9B1
:10205000BDE8F0813146D01F1FF02FF802F8085C70
:1020600001211048B9401FF012F8BDE8F04147F6D1
:10207000122200230C4814F06FBC002CE8D0094A4F
:1020800010461FF021F80028E4D00849084840F223
:10209000C9521CF030FB40F2C95104481CF022FB2D
:1020A000F8480020004900200849002043C80400E7
:1020B00069A504000246014610B5042311F8010B7E
:1020C0000832F9F7B3FF034630B1BDE810400121F3
:1020D000024A03481EF06FBF10BD00BF73C8040062
:1020E000747804002DE9F04180460F4616461D46DF
:1020F000FFF702FF044680B91549FFF7FDFE0446CD
:1021000030B9BDE8F0410121124A13481EF0DFBF8B
:10211000394600F8018B1EF0D0FF228963896AB925
:1021200073B926816581214611F8010B1DF08BFFE3
:1021300040B12046BDE8F041FFF7BCBF964203D353
:102140009D42EFD8BDE8F0819D422681EBD9E9E7B9
:102150004DB204008FC8040074780400022110B549
:1021600010481EF094FF08401BD10F490F4A0B88FE
:102170000F4CA24212D900B10B800E490E4840F21A
:102180000A621CF0B8FA40F20A610A481CF0AAFA86
:102190005068083203449BB20120EAE7F8D300B14B
:1021A0000B8010BD9C6A0020087B0020287804006A
:1021B0003878040043C8040069A5040008B501216B
:1021C000024A03481EF083FF002008BDAEC8040089
:1021D0007478040038B514460E4B82680D469A4256
:1021E00015D122792168C0681EF042FF78B1D4F879
:1021F000C8302F2B03D9BDE83840FFF7DFBF04EB11
:1022000083021581018901335181C4F8C83001204E
:1022100038BD00BF0D25020008B50121034A04485E
:102220001EF055FF6FF0150008BD00BF02C9040085
:10223000747804001FB519464FF428131046064A57
:10224000CDE902230823BDF8182000936B441EF04B
:102250007EFF05B05DF804FB1800280008B51346A2
:102260008168074A914209D11A791968C0681EF03D
:10227000FFFE18B10023036043600381012008BD05
:102280000D25020040F239120023014814F064BB0E
:10229000D049002008B5042108481EF0F8FE6FF070
:1022A000020106481EF0FEFE04481EF00DFFC307A3
:1022B00001D5FFF7E7FF002008BD00BF004A00205E
:1022C000024608B5074901301EF0F7FE00230C3224
:1022D00002F8043CD2E8EF1FC2E8E03F0028F9D141
:1022E00008BD00BF4DB2040010B5FFF705FE04465F
:1022F00078B1014611F8010BF9F7A6FE034620B1AB
:102300000121054A05481EF056FE00232360636044
:10231000A360002010BD00BF0EC904007478040043
:1023200070B500F1700605463146007A1DF08BFE4F
:1023300004463146287A54B1FFF7D6FF034660B110
:10234000BDE870400121054A05481EF034BEFFF784
:10235000D3FD10B104604460846070BD2BC90400DB
:10236000747804002DE9F04385B00E4690469946F6
:10237000044600AF58B90121344A35481EF0A7FE83
:102380006FF0150528461437BD46BDE8F08307F108
:1023900008011DF045FD054698B16D4688B06A46B6
:1023A0002C4BC2E905344FF4007393832A4B42F857
:1023B000103F00234FF4E2512548F7F703FAAD46EA
:1023C000DEE72046391D1DF038F9786858B10A2239
:1023D00029461BF035FC034628B101211F4A1C4841
:1023E0001EF0E9FDCCE7002007F10801FFF784FDAE
:1023F000044620BB002EC5D01949FFF77DFD0446D9
:1024000038B90121174A12481EF061FE6FF00B0522
:10241000B8E7002307F1080100F8013B1EF04DFE6C
:1024200004F1080104224846C047041EAADA2346E4
:1024300001210D4A06481EF0BEFD2546A2E7002EEA
:10244000EED10660466086609CE700BFB6B204002D
:102450007478040041C90400030000015DC9040050
:102460004DB2040078C90400FCC704002DE9F04116
:10247000234B1546826807469A4202D1C468638995
:1024800033BB0120BDE8F081FDF760FA0021E3686D
:102490006181002BF5D038469847F2E705F17008C6
:1024A0004146287A1DF0CFFD68B9164B9C4202D1F7
:1024B0002846FFF735FF304613491EF0FEFD002386
:1024C00023702381E2E7414630461EF0F6FDDDE74A
:1024D0002389002BDAD0264616F8011B28463246FF
:1024E0001EF019F80028D9D131462078FDF70CFFED
:1024F0000028CBD0837A072BC6D1FDF727FAC0E797
:102500000D250200C01100204DB204002DE9F04756
:102510001F46BDF8203006468846D1F80C90002BA7
:102520004ED17B1E012B4ED8012F4946157818BF7E
:102530001588FFF767FD0446B8B915B93846BDE8F8
:10254000F0874946FFF75EFD044638B91F4802216F
:102550001F4A1EF0BCFD6FF01000F0E706F170019D
:1025600001301EF0AAFD337A2370D9F81030DBB9A0
:10257000B4F808A02581B9F80A30AB4203D0494627
:1025800040461EF0CCFDAA4505D00022307A06F167
:102590007001FFF74BFD002DD0D10E49601C1EF0DD
:1025A0008CFD25702581C9E72A464146304698476B
:1025B0000028C4DB01380128DAD96FF00D00BEE72E
:1025C0006FF00600BBE76FF00C00B8E7747804000A
:1025D0009AC904004DB2040038B505460C460F48B0
:1025E00001211EF054FD10F0010F0D4B0AD11D8387
:1025F0005C830A481EF068FD830709D4BDE83840B3
:10260000FFF740BE198B5A8BA94202D89442EFD8EB
:1026100038BD94421D83ECD9EAE700BF004A002090
:10262000B04900202DE9F0411F46BDF8183006469C
:10263000012B904635D83B44012B3D4634DCFFF757
:10264000C9FC044668B9FFF7C5FC044648B9022135
:10265000184A19481EF03BFD6FF010052846BDE8EA
:10266000F08197B10023217A98F8002021FA03F035
:10267000C70703D522FA03F0C00718D50133032B8F
:10268000F4D102F007021143217206F17001601CBF
:102690001EF013FD337A0121204623701EF006FE42
:1026A000DCE76FF00605D9E76FF00C05D6E76FF0B1
:1026B0001205D3E7B4C904007478040010B56FF0B4
:1026C000020104460E481EF0EDFC0D481EF0FCFC15
:1026D000C20704D5002200230A4814F03DF9204621
:1026E0001EF000FC58B12046FFF774FC38B1037AA5
:1026F000DB0704D5BDE8104001211EF0D7BD10BD99
:10270000004A0020D0490020F8B56FF008011748B2
:102710001EF0C8FC002340F239121548F9F72CFDD1
:102720000023144D144F6E1C2C7A04F0010403B1E5
:10273000F8BD394630461EF093FC0028F8D1002C35
:10274000F6D03146FDF7E0FD044620B11EF0CCFB8B
:102750002046FDF7FBF86FF0020108481EF0A2FCCE
:10276000002128461EF0A2FD0123DDE7004A0020DB
:10277000584900208C6A00204DB20400986A00205D
:102780002DE9F04385B0894616469846044600AFC9
:1027900058B90121414A42481EF099FC6FF01505D5
:1027A00028461437BD46BDE8F08307F108011DF047
:1027B00037FB054698B16D4688B06A46394BC2E989
:1027C00005344FF400739383374B42F8103F0023D6
:1027D0004FF4E2513248F6F7F5FFAD46DEE720460A
:1027E000391D1CF02AFF786858B10A2229461BF0CF
:1027F00027FA034628B101212C4A29481EF0DBFBA9
:10280000CCE7002007F10801FFF762FB044690B90E
:10281000FFF7E0FB044638B90121254A20481EF0A5
:1028200056FC6FF00B05BBE7002307F1080100F829
:10283000013B1EF042FCB9F1000F2AD002223946BA
:102840004046B047061E07DA33460121194A1448AC
:102850001EF0B1FB3546A3E73B78022E237209D068
:102860000221154A0E481EF032FC002120461EF0BF
:102870001DFD95E77B78012B05D931460F4A0848A5
:102880001EF099FBF1E7204603F001011EF0FEFC6B
:1028900086E72046FFF714FD82E700BFB6B20400CA
:1028A0007478040041C90400030000015DC90400FC
:1028B000E0C90400FCC7040002CA040056CA0400B0
:1028C00037B504460D46FFF703FB0246C0B1037A55
:1028D0000C308DF804301EF0F7FB022300F00100ED
:1028E0008DF8050001AA29462046F9F7B5FB0346F5
:1028F00020B10121034A04481EF05DFB03B030BD46
:102900000346F0E7A7CA04007478040010B5094C28
:10291000094920461EF0A4FB014648B9601E1EF07E
:10292000B5FC214614F8010CBDE81040FFF7C8BF04
:1029300010BD00BF8D6A00204DB2040008B5012112
:102940000F481EF0A4FBC30719D4FFF707FC0D497D
:102950000D4813F0BDFE002340F239120A48F9F782
:1029600005FC0A490A4813F0B3FE022109481EF08B
:102970008EFBBDE808400849084813F0A9BE08BD11
:102980009C6A0020A713040058490020F13502007A
:10299000D0490020004A0020AB1304000849002061
:1029A00003462DE9F04178B3008A68BB01244FF05B
:1029B000140C1749DFF85CE0714524D91649174813
:1029C00040F286721BF097FE40F2867112481BF0AF
:1029D00089FED1E90076BB4204D30CFB0672143A9F
:1029E00093420ED93444A2B214460831E4E70CFBFA
:1029F000057843450AD001356219B54292B2F6D145
:102A0000F2E70025F8E7E4D3BDE8F0811046FBE7E4
:102A1000287804003878040043C8040069A504003D
:102A20002DE9F04F89B09946BDF8483004460F466D
:102A300090461BB94FF6FF73ADF84830374B1B88F3
:102A4000A34226D2BDF84830ADF81E30344B1D6885
:102A5000002D3AD109B0BDE8F08F149B286804938B
:102A6000139B2246039312ABCDE901930BFB0600A7
:102A70003B46CDF800801EF02CFB0028EAD0013642
:102A80006B680AEB0601B34289B2E6D80DE0002676
:102A9000F6E74FF0010A4FF0140B224D07E0D1D2B8
:102AA00069685144A142F2D289B28A4608351E4B68
:102AB0009D42F4D91D491E4840F64E021BF01BFEF4
:102AC00040F64E0119481BF00DFE4FF0140A083D68
:102AD0000DF11E0BAE68BEB96B689E4219D2286814
:102AE000149B0AFB0600018A0493139B2246CDE93E
:102AF00002B3CDE900893B461EF0EBFA0028A9D0CD
:102B00000136E9E70026E7E756F8083C1B8AA342AE
:102B1000F8D8AD68002D9DD0083DDBE7087B00208C
:102B2000A06A0020287804003878040043C8040014
:102B300069A50400002110B5ADF5107D182205A887
:102B4000CDE90011CDE9021124F04EF84FF41053F5
:102B5000ADF8103080231022ADF812304FF48063AE
:102B6000234C6946CDE906340DEB02008EAB16F01E
:102B7000EBFD034638B11F4A01211F481EF01BFA26
:102B80000DF5107D10BD01464FF403720BA824F023
:102B90002BF822468E990BA821F00FFD034608B1B1
:102BA000164AE9E74FF6FF710120154A0BAB1EF0FC
:102BB000EFFB1022134904AB0BA821F015FD0446CE
:102BC0008E9816F05FFD14B123460F4AD4E72146D4
:102BD0000C4B03F11002187812F8014D013108294D
:102BE00003F8014B1070F6D108481EF050FAC7E701
:102BF0000002C003D0CA040074780400F9CA0400BB
:102C0000BB0F04003849002017CB0400004A002005
:102C10002DE9F04118490446A1F1300015461E4641
:102C2000BDF8187013F0E4FE14481EF04DFA0107C9
:102C300005D4FFF77FFFFFF769FEFFF7B5F92046E0
:102C4000FFF7C8F968B1037ADA070AD500F10C0476
:102C500020461EF039FAC30703D4022120461EF095
:102C600016FA10233A46069331462846BDE8F0414D
:102C7000034B1EF06CBA00BF88490020004A0020B8
:102C80003849002010B51B481EF01EFAC0F3C000E2
:102C900080F0010408B9FFF74DFF16481EF014FA42
:102CA000034614481EF010FADA0622D5830606D52C
:102CB000FCB1FFF72BFEBDE81040FFF775B92021EE
:102CC0000C481EF0E4F910220B49881823F094FFF9
:102CD00048B90A4813F046FEBDE810406FF0010104
:102CE00004481EF0DFB94FF6FF710120FFF774FCB6
:102CF000DFE710BD004A002038490020D0490020FD
:102D000008B5102103481EF0C2F9FFF7BBFF0020F1
:102D100008BD00BF004A00202DE9F74F044650B916
:102D2000734940F2D36273481BF0E5FC40F2D36173
:102D30006F481BF0D7FC036843B96D4940F2D46279
:102D40006C481BF0D8FC40F2D461F1E7436843B90A
:102D5000674940F2D56267481BF0CDFC40F2D5616F
:102D6000E6E765481EF0B0F9C10711D4FFF7F6F9A0
:102D70002368002518684FF4C05369468DF8005049
:102D8000ADF802301DF072F860B96FF0770006E020
:102D90005A481EF099F94207E8D46FF0150003B0C5
:102DA000BDE8F08F236801A9186841F601038DF88A
:102DB0000450ADF806301DF059F80028E5D0504D0C
:102DC00014F054FB2B682668B4F80490ABB94D4A54
:102DD0001788002E65D1002204F10803A2606A68FA
:102DE000002A66D1C5E9003343481EF06DF9C307D8
:102DF0006FD414F08DFB0020D1E76B68002B75D0E9
:102E000053E90232142101FB023333F8047C002E13
:102E10004DD1002FDFD023681E8ABE42DBD829683F
:102E20000029E1D00022A1F108031868008AB0420D
:102E300048D904F10803002A3ED09168A160002916
:102E4000CDD09360D0E7F37C318A6FF3C713F3746E
:102E500089B9791CDBB289B243F080033182F37403
:102E60000F4609F1FF3914361FFA89F9B9F1000F3D
:102E7000E9D14746CDE7B942F2D801AB5A460846F8
:102E8000CDF804A01EF084FA019B43B10121338ADE
:102E90001D4A1E481EF08FF814F03AFB7DE73946B4
:102EA000DEE798464FF0000ADFF864B0DEE7B84688
:102EB000F8E713606B6097E76A68A1602B60002AEF
:102EC00092D1F7E7986800288ED01A46A0F108033F
:102ED000ABE71421D4E9002301FB0323108A33F864
:102EE000041CFFF779FBFFF70FFC82E71B68FFDE8E
:102EF00043C8040069A504009C6A0020004A002021
:102F0000A06A0020087B00202DCB04007478040008
:102F1000770F04002DE9F04FB9B000AF0C46904692
:102F200037493A46D7F8080199461CF062FB38B990
:102F3000FFF772F905462846E437BD46BDE8F08F35
:102F40003E68391D30461CF078FB3EB901212D4A00
:102F50002D481EF0BCF86FF015043EE07868F8B913
:102F60004FF0000B07F1080A5146304687F814B0BD
:102F70001CF056FF054600B36C4688B06A46234BEA
:102F8000C2E905364FF400739383214B42F8103F9A
:102F90004FF4E2515B461C48F6F714FCA546DAE70D
:102FA0000A2200211AF04CFE03460028D8D0012145
:102FB000184A15481DF0FFFFCDE7C7F810A0E4B18F
:102FC000C022484607F12001C047041E07DA234605
:102FD0000121114A0C481DF0EEFF2546ABE7A4087D
:102FE00007F12003C7E906344FF6FF7101200B4AB1
:102FF00007F110031EF0CCF99DE72346F2E700BF6E
:103000004ECB0400B6B204007478040041C9040039
:10301000030000015DC90400FCC704001D1F02007D
:10302000002330B5B5B001918DF808003393044604
:1030300001AB0D4601204FF6FF710B4A1EF0A8F9B7
:10304000339B73B19B0003AA29462046F9F712F877
:10305000034620B10121054A05481DF0ACFF35B0FB
:1030600030BD1A46F0E700BFD521020055CB040061
:10307000747804002DE9F74F054650B9424943489A
:1030800040F205721BF037FB40F205713E481BF021
:1030900029FB142103684268B3F810A001FB023336
:1030A00033F804BC14F0E2F9394805F108011DF0C9
:1030B00047FF00285BD114F02BFA6FF0010003B03A
:1030C000BDE8F08F14222B6802FB0434314AA36858
:1030D000934219D094F91330002B05DA236923F0B9
:1030E00000431B0C1B04236108F101086B681FFAE5
:1030F00088F4A342E6D828481DF0E6FFC3073BD476
:1031000014F006FA0020DAE70023E6684946771C47
:10311000384673811DF0A4FF01900028DAD13946AA
:103120003078FDF7F1F8034628B1817A019A072932
:103130000BD0FCF70BFC394630781CF084FF70B1E3
:1031400039463078FFF76CFF09E000F17001007A32
:103150000193FEF76BFF019B1846FCF7F7FB49460E
:1031600038461DF0AAFF002333703381B2E74FF0D9
:103170000008DFF82890B9E759465046FFF72CFAC7
:10318000FFF7C2FABCE700BF43C8040069A504000A
:10319000A06A00200D2502009C6A00204DB20400A8
:1031A000F8B5204C054623780E46834203D0BDE88F
:1031B000F8401CF048BF611C30461DF051FF3146FD
:1031C0000028284608BF00241CF03DFF48B344B344
:1031D00004F108076FF0010138461DF063FFC207D4
:1031E00003D531462846FFF71BFF6FF00201384632
:1031F0001DF058FF830703D531462846FFF760FBD3
:1032000038461DF061FF60B9234603F8010BC4F88E
:103210000100C3F80300D7E8EF3FC7E8E20F002A38
:10322000F9D1F8BDF8480020002307B50193FFF756
:10323000B7FB411C89B20846034A01AB1EF0A8F84F
:10324000019803B05DF804FB691204002DE9F04316
:1032500087B00C461646804602AF50B96B4940F61F
:10326000AD526B481BF047FA40F6AD5167481BF072
:1032700039FA41B9654940F6AE5265481BF03BFA50
:1032800040F6AE51F2E7837A072B40F0B980002375
:103290003B7342F603032068FB8107F10C011CF02D
:1032A000E5FD054600283ED1D4F80490B9F1000FA1
:1032B00005D10121574A58481DF009FFA0E001231C
:1032C0002146009007F10802C847031E11DA6E4636
:1032D00088B002AAD36104235049C2E9051442F818
:1032E000103F4FF401512B464B48F6F76BFAB546A9
:1032F00086E0012B05D00121494A47481DF05BFEBD
:103300007EE03B7A13F0300F7AD02046FFF78CFF37
:10331000044640B93D4940F6CC523D481BF0EBF91C
:1033200040F6CC51A2E7002320683B7342F602131B
:1033300007F10C01FB811CF099FD68B12046FFF7F5
:1033400073FF044640B9314940F6D25230481BF071
:10335000D2F940F6D25189E7002542F602192068D9
:1033600039463D70A7F802901CF080FD10BB002389
:1033700020683B7342F6021307F10C01FB811CF03D
:1033800075FD054600283BD1D4F80490B9F1000F33
:103390008FD0022300902146404607F10C02C84717
:1033A000031E94DB022BA6D1BB891E4214BF012051
:1033B000002026E042F603032068391D3D71FB80A2
:1033C0001CF054FD0028D2D04FF42053206807F1A0
:1033D00008013D727B811CF049FD0028C7D042F6F0
:1033E0000103206807F10C013D73FB811CF03EFDD9
:1033F0000028BCD02046FFF717FF04460028AED1B6
:1034000000201437BD46BDE8F08300BF43C8040068
:1034100069A5040073CB04007478040087CB040012
:10342000ADCB04002DE9F843894651680746B1F851
:103430001280154618F094083BD10222FFF706FFD0
:10344000002839D000211E48AE8AFEF76BFB0236F9
:10345000044660B11B4B32464360C5601D213846AF
:10346000FEF72EFB064638B92046FEF789FB6FF0C3
:103470000B052846BDE8F8830123424641461DF06E
:1034800053FDA98A06F10C000231F8F7D3FB20F8AE
:10349000029BAA8A296923F080FB21463846A66050
:1034A000FEF7B4FC05460028E3D02046FEF768FB93
:1034B000DFE74FF0FF35DCE76FF01505D9E700BF18
:1034C0001C4E0E007D0F040030B505460C468BB037
:1034D00051B9424940F6524241481BF00CF940F6BE
:1034E00052413E481BF0FEF84B6853B90B6843B994
:1034F0003A4940F653423A481BF0FDF840F6534132
:10350000EFE738481DF0E0FD420761D515B1AB7A11
:10351000072B60D160680590FFF742FA2268ADF88A
:1035200018003AB305A902912F4900230191012106
:1035300000914FF6FF710593FFF772FA059B1BB9D7
:103540006FF001000BB030BD6360059B04A91868E3
:1035500000238DF8103042F60303ADF812301CF052
:1035600085FC70B90598C3689B799B0605D46FF0FC
:103570001500E7E70028E8D1E2E71DF0C2FEADF84C
:103580001800BDF818003DB1012301462246284627
:10359000A375FFF747FFD5E76FF07F03079302237B
:1035A000ADF8203042F60213ADF8123005ABA57528
:1035B00002930E4B4FF6FF710193012304AA00936F
:1035C0002B4609948DF81050FFF72AFA0798B9E7AF
:1035D0006FF00A00B6E76FF07F00B3E743C804005E
:1035E00069A50400F0090020AB0F04008D3802002B
:1035F000F7B500F130050446A0F1200728461DF07C
:1036000063FD8307C0F340060AD51749174840F207
:1036100059521BF070F840F2595113481BF062F8F0
:1036200054F8083C6FF00101284601931DF03AFD63
:103630000F4B394644F81C3C0E4B304644F8183CBE
:1036400001AB44F8103C042324F8086C24F8066C01
:1036500024F80C3CFFF738FF18B9022128461DF06A
:1036600016FD03B0F0BD00BF43C8040069A5040007
:1036700080850400BD260200F8B5334B15688268CA
:1036800004469A4200AF1FD1C6683389721CDBB171
:10369000284631781CF03FFFB0B14FF495722146B7
:1036A00028461DF08AFE032811D16D4688B06A466F
:1036B000264BC2E9053442F8100F00234FF4C451E1
:1036C0002348F6F77FF8AD460120BD46F8BD3146E8
:1036D00020461DF024FD1F4B9E42F5D1287A05F1AE
:1036E0007001FEF709FC04460028EDD0038913B9E8
:1036F0004389002BE8D02846FCF7A4FA2389164A10
:10370000618922F8203002EB800359801823134985
:10371000134C03FB001300B202EB80021A61042277
:1037200000EB40005C600F4C01EBC00128469C6040
:103730009A82FFF7C9FE0028C6D001210A4A044830
:103740001DF0C5FCC0E700BF0D250200C6CB04007C
:1037500074780400C0110020F87A0020746A0020F8
:1037600080850400C9120400DACB040030B5054698
:103770000C468BB051B9404940F671323F481AF0BF
:10378000BAFF40F671313C481AF0ACFF4B6853B9B0
:103790000B6843B9384940F6723238481AF0ABFF2B
:1037A00040F67231EFE736481DF08EFC42075DD5DA
:1037B00015B1AB7A072B5CD160680590FFF7F0F884
:1037C0002268ADF818003AB305A902912D490023EB
:1037D0000191012100914FF6FF710593FFF720F948
:1037E000059B1BB96FF001000BB030BD6360059BFA
:1037F00004A9186800238DF8103042F60303ADF8D1
:1038000012301CF033FB70B90598C3689B79DB0656
:1038100005D46FF01500E7E70028E8D1E2E71DF0D6
:1038200070FDADF81800BDF818002DB10146224614
:1038300028461DF0E0FDD7E76FF07F0342F6021245
:1038400007930123ADF8122005AA02920E4AADF8A3
:103850002030CDE900324FF6FF712B4604AA0994BF
:103860008DF81050FFF7DCF80798BDE76FF00A00FD
:10387000BAE76FF07F00B7E743C8040069A504000A
:10388000F0090020AB0F04008D380200F8B5144693
:10389000394B826807469A4201D00120F8BDC668BC
:1038A000364B9E424FD03289A389711C9A42F4D183
:1038B0003078FCF729FD05460028EED0837A072BE7
:1038C00005D0FCF743F8E8E7FCF740F8EBE773694D
:1038D00023B13946984708B92846F2E77B8A13F0A6
:1038E0009407F9D1A389022B14D1338913F002066E
:1038F00004D12846FCF72AF8A660CEE728462269BC
:10390000A188FFF78FFD0646A8B92269937D013390
:103910009375EEE7012B04D02846FCF717F8A76053
:10392000BBE7338913F00106E3D028462269A1885A
:103930001DF061FD06462846FCF708F8002EA6603B
:10394000ABDA0020AAE70E4D0E4928461DF088FB91
:103950000028A8D10722294615F8010CFCF726FDFE
:103960000028B1D1236929461A6915F8010C53883A
:103970001288FEF7B7FB96E70D250200C011002064
:10398000FD7A00204DB20400012330B500F170052E
:103990008FB0044603902946007A8DF810301CF051
:1039A00052FB90B1227ACAB102AC042120461AF02F
:1039B000B4FF009424210A4A05A82B46F8F786FA9A
:1039C00005AA10460749F6F7DFFA4FF6FF71012006
:1039D000054A03AB1DF0DCFC0FB030BD0092E9E7F7
:1039E00051CB0400152F020079360200F8B50E4BBA
:1039F00005461B680E461746A3B11C6804B1043C7B
:103A000053F8043C1BB13A463146284698474CB11E
:103A1000234664681B681CB1043C002BF3D1F7E714
:103A2000002BF0D1F8BD00BFA86A002073B5044692
:103A300003464FF6FF710120184A04F170061DF08D
:103A4000A7FC3146207AFFF7ABFB3146207A1CF009
:103A5000FAFA50B1237A4FF6FF718DF80430012045
:103A60006B460F4A00961DF093FC2046FEF7B2FA13
:103A7000054688B13146207A1CF0E5FA28B9284677
:103A800002B0BDE87040FEF71BBC3146681C02B0B6
:103A9000BDE870401DF011BB02B070BD6D24020086
:103AA0005D22020080B500AF88B06A46074BC2E9CC
:103AB0000530032342F8103F00234FF4C25104485D
:103AC000F5F780FE6FF00B00BD4680BD13CC0400FF
:103AD0009C790400044B1A680AB1FFF7E3BF03485E
:103AE000586010460B607047B06A0020848604005E
:103AF00010B500F07BF918B301F0D2F800F07EFCAD
:103B00000AF070FD20B1114B5B681B78012B03D1CB
:103B10000CF038FA0CF04AFE0AF0DAF8002002F055
:103B2000CBF9044604F058FA014620880AF066FDF5
:103B300002F0FAFF0021064803F034FE002010BD19
:103B400000F05EF90128D9D1D6E700BF146D00203E
:103B50002F150400014BD3E8AF0F7047A00A0020D7
:103B600038B5FFF7F7FF82073BD5FFF7F3FFC30731
:103B700037D51C4C00252046012140F8085F256000
:103B800084F8A85165601DF0D8FC00F065FC04F5D0
:103B9000D87012F0E7FE1EF009FC06F0D7FB00F02B
:103BA00055FA08F033FA02F0EDFC02F09BF94FF6FB
:103BB000FF7001F0F9FB09F005FD0CF063FE1DF04C
:103BC000E5FD04F5F0701EF08CFAC4F8E05101F048
:103BD0007FF804F0EBF908F0E9FDBDE838400AF0A1
:103BE00015BD38BD980A002070B505460E4614482C
:103BF00001211DF0A2FCC3071FD41EF0E9F9044601
:103C0000C8B9304604F0A4F90446A0B928460AF021
:103C10000FFD044678B900F019FA01F031FE08F002
:103C200003FA1EF0C1FB02F065FF00F009FF08F087
:103C300083FB08F099FD204670BD6FF07704FAE72A
:103C4000A00A002010B508F0BBFB044618B9BDE877
:103C50001040FFF74DBF0121024A03481BF0D6FB7D
:103C6000204610BD3FCC0400047904002DE9F74341
:103C700081469846BDF82870FFF76CFF1646C207CC
:103C80000D464FD52A483B4603212A4A1BF0C7FB65
:103C9000FFF760FF830748D46A4605200B9903F0BD
:103CA000DFFA044640B10121234A21481BF0AEFB54
:103CB000204603B0BDE8F0834946032001AA03F083
:103CC000CFFA044640B11A4801211C4A1BF09EFB62
:103CD00068461EF006FAEBE743463146284601AA3D
:103CE00001F0D0F9044648B10121154A10481BF0F3
:103CF0008DFB68461EF0F5F901A8EAE7114DF3F7D0
:103D00005FF938466C6004F03BF9009BC5F8E03180
:103D10001DF039FD022105F108001DF00EFCFFF732
:103D200091FFC5E76FF01204C2E76FF07704BFE7B9
:103D3000047904005ACC040072CC04008ECC040038
:103D4000ABCC0400980A0020012938B505461CD8E0
:103D5000114C01F0010320461DF005FC40FA05F26C
:103D600002F00102934213D00121A94023B1204661
:103D70001DF0FCFB002038BDC943D4E8EF3F0B40E9
:103D8000C4E8E23F002AF5D0F7E76FF01500F2E74C
:103D90006FF07700EFE700BFA00A002008B5124BD4
:103DA000024618461DF0DFFBC0F3C02082421AD045
:103DB00082B14FF4006118461DF0D8FB00F070FF8F
:103DC00009481DF0D0FB83070DD5BDE8084007204A
:103DD00008F056BCD3E8EF1F21F40061C3E8E21FEE
:103DE000002AEDD0F6E708BDA00A002008B5034878
:103DF0001DF0B9FBC0F3C02008BD00BFA00A002021
:103E000008B503481DF0AFFBC0F3803008BD00BF0C
:103E1000A00A0020014B93F8AC017047980A0020DB
:103E200038B5014605460C20FFF78EFF044690B9D1
:103E3000012D12D025B901460B4802F01BF880B1C4
:103E4000022002F049FE09481DF08DFB830702D5D0
:103E5000072008F015FC204638BD01460F20FFF76B
:103E600073FF08F02FFBEBE75D150400A00A0020AC
:103E700008B503481DF077FBC0F3003008BD00BF54
:103E8000A00A002008B503481DF06DFBC0F3C03048
:103E900008BD00BFA00A0020012808B514D0020602
:103EA00012D40B4B93F8AB21824201D1002008BD04
:103EB00083F8AB0103F108001DF055FB8307F5D52E
:103EC000072008F0DDFBF1E76FF01500EFE700BF1A
:103ED000980A0020014B93F8AB017047980A002024
:103EE00038B5014605460D20FFF72EFF044668B998
:103EF000042002F0F1FD06481DF035FB830702D5D2
:103F0000072008F0BDFB0DB909F05CFB204638BD69
:103F1000A00A002008B503481DF025FBC0F340307F
:103F200008BD00BFA00A002008B5094B93F8A921DD
:103F300082420CD083F8A90103F108001DF013FBA5
:103F4000830704D5BDE80840072008F099BB08BDE9
:103F5000980A0020014B93F8A9017047980A0020A5
:103F600010B50C4601460A20FFF7EEFE10F1160FC1
:103F700012D010F1780F0B4B03D193F8AA21A24273
:103F80000AD0012083F8AA4102F0A6FD06481DF0E0
:103F9000EAFA830701D4002010BD072008F070FB67
:103FA000F9E700BF980A0020A00A002073B51C485A
:103FB0001DF0D9FA10F001040E46154619460CD032
:103FC0005EB307236A46284608F034FB044638B13E
:103FD0000121144A14481BF019FA204602B070BDA2
:103FE0009DF80000FFF7A0FF9DF802109DF801006A
:103FF000FFF7B6FF9DF80300003818BF0120FFF758
:10400000CDFE9DF80400FFF70BFF9DF80500FFF7BC
:1040100067FF9DF80600FFF73FFF0024DDE700BFC4
:10402000A00A0020D1CC0400BC78040008B50348E5
:104030001DF099FAC0F3802008BD00BFA00A00203F
:10404000014B93F8AA017047980A002008B50A238B
:104050000C484FF4806180F8A9314FF4E1630830D7
:10406000A0F8A2311DF082FA4FF400611DF07EFA33
:104070004FF480511DF07AFABDE808404FF400512A
:104080001DF074BA980A002007B51F481DF06BFA9E
:1040900083072AD51D4A694692F8A9318DF8003068
:1040A000FFF7C4FF92F8AA318DF801008DF80230B5
:1040B000FFF79CFE8DF80300FFF7DAFE8DF8040091
:1040C000FFF728FF92F8AB318DF805000722104862
:1040D0008DF80630F5F708FF20B101210D4A0E4892
:1040E0001BF094F903B05DF804FB09481BF07DFA5E
:1040F00003460028F6D00121084A074803B05DF8BE
:1041000004EB1BF08CB900BFA00A0020980A002025
:10411000E5CC0400F1CC0400BC78040015CD04000B
:10412000F7B50C4617461E46184BD3E8AF3F5B0762
:1041300007D50221164A17481BF068F9002003B082
:10414000F0BD01A9DDE9082311F008FA05460028B1
:10415000F4D1012301981D2280F8203000F12101C3
:1041600014301BF0C9FD019804F00304C369056114
:104170004361037C44EA071403F00C031C430583EA
:104180008560C56004744674D9E700BFA00A0020AA
:1041900049CD04009C7804002DE9F04107460C4607
:1041A000A388012B01D8BDE8F08120461BF0CDFD8E
:1041B00005460028F7D0A388834206D20221BDE835
:1041C000F041164A16481BF021B920461BF0E0FDCD
:1041D00006462046B4F804801BF0B7FD6B1E2A2863
:1041E000A38007D02B2815D0292808D120460BF012
:1041F00017FD04E000223946204601F011FAA368B9
:10420000294613FA86F620462660A4F80480F7F7BC
:10421000DDFCC5E7204600F0B9FCF0E775CD0400F1
:104220009C78040008B590F82020FF2A08D10649A0
:1042300006487B221AF05FFA7B2103481AF052FAF3
:10424000013280F8202008BD82CD040069A5040059
:1042500008B590F82030014643B90F490F48842231
:104260001AF049FA84210C481AF03CFA013BDBB2FF
:1042700080F820307BB9037C03F0F003102B08D0CA
:104280000748084A302B18BF1046BDE8084011F017
:10429000D7B90548F9E708BD82CD040069A5040037
:1042A000CC160020EC1600202C1700200129134604
:1042B0000A4603D101460448FFF732BF03290146ED
:1042C0000CBF02480248F7E72C170020CC1600204C
:1042D000EC16002030B587B005460C4610220021B0
:1042E00001A822F081FC04238DF811300F4B0593B7
:1042F00001212A46234601A814F0D6FA10B1002065
:1043000007B030BD049BC3F38633042B08D013F0F1
:10431000770FF4D00221064A06481BF080F8EEE73A
:1043200005980022002311F069FCE9E7A418002099
:10433000B1CD04009C78040030B4044614F00805A4
:104340001046194603D0084830BC11F057BC14F091
:10435000010F01D10548F7E7630702D430BCFFF72E
:10436000B9BF284630BC7047C0180020DC180020B8
:1043700070B504460E4615461A4BD3E8AF3F5B07AF
:1043800004D50221184A19481BF040F8237C204626
:1043900043F00803237403F0F003302BC4E90265F3
:1043A00009D1FFF73FFF014611481FF01AFDBDE894
:1043B000704008F0A3B8102B09D1FFF733FF014676
:1043C0000C481FF00EFDBDE8704008F087B8FFF7FD
:1043D00029FF014608481FF004FDBDE8704008F0C1
:1043E00077B800BFA00A0020D2CD04009C7804005A
:1043F000C0180020DC180020A418002030B5124B93
:1044000085B01B7800258DF8043030230F4901A8B2
:10441000CDF80550CDF80950ADF806300395ADF84C
:104420000830FAF7C9FF044640B110F1780F08D000
:1044300001210346064A07481AF0F1FF204605B05D
:1044400030BD2C46FAE700BF757D0020D71504006B
:10445000F8CD04009C78040010B5FAF7FDFF04467F
:1044600040B110F1780F07D001210346034A0448F8
:104470001AF0D5FF204610BD0024FBE716CE04003D
:104480009C780400F8B5FFF7C5FC04461FF0B8FDA2
:104490004FF47A75A0FB050647F6122205FB016171
:1044A0000023ECF79BFF06460D46FFF7A9FC012809
:1044B0000FD174B142F2107044430E4AD2E9043273
:1044C000F71A65EB0201A74271F1000101D2134313
:1044D0000ED1094C0D2120460FF07EF948B934F871
:1044E000023CC4F80E60013324F8023CC4F81250B8
:1044F0000020F8BD084A00200A4A0020F8B50C4602
:10450000054601F017FB0746012120461BF058FC29
:10451000AE783946B31E5E4220465E411BF050FC29
:10452000282303FB0651082220465C311BF03CFC8B
:10453000064B204619681BF068FC0822204605F14E
:104540001A011BF031FC0020F8BD00BF980A0020C2
:104550002DE9F34704460D46FFF794FF064640BB9E
:10456000DFF88880B4F84020B8F8003004F1430A3E
:104570009A4204F1360924D0A7782046BB1E5F4238
:104580005F4101F0D7FA282303FB0747CDE900A9D3
:10459000174A0146126807F16C0008F1020302F0A5
:1045A000B5FC074648B10121124A13481AF02EFF04
:1045B0003E46304602B0BDE8F087B8F80030A4F8B7
:1045C0004030022128461BF0FBFB0D2228460B49F8
:1045D0001BF0EAFB5146052228461BF0E5FB0822AA
:1045E000494628461BF0E0FBE3E700BF084A0020ED
:1045F000980A002044CE0400B47804000A4A00203F
:1046000000220023014812F0A7B900BF204A002071
:1046100010B50C461DF058F8064B20601B683BB1E6
:10462000BDE8104040F271220023034812F094B913
:1046300010BD00BF046B0020204A00202DE9F04F80
:1046400087B090F848500E4602AF00F15C08002D8C
:104650004ED0002508224146706822F0CDFA00288D
:1046600046D107F10803317D00934246336908F1D2
:104670000C001DF06AFC8146002839D10822F4683C
:10468000B918204622F0B8FA002839D0082120466F
:10469000F7F762FBC7F804D088B002AC4FF4007B98
:1046A00022461B4BDFF86CA0C4E90530A4F81CB00F
:1046B00042F810AF4FF4E4514B4617483A60F5F713
:1046C00081F80821D7F804D07818F7F745FB88B0AF
:1046D000124BA4F81CB0C4E90530C4F810A04FF484
:1046E000E4514B463A680C48F5F76CF8D7F804D01B
:1046F00008F1280855B918F8140C012510B1A9E7DC
:10470000012075751437BD46BDE8F08F0020F9E72C
:1047100061CE040003000001B478040087CE0400D9
:1047200008B5FFF763FB28B9034BD3E8AF0FC0F31D
:10473000001008BD0120FCE7A00A002008B50B46C8
:1047400059B10121054A06481AF069FE054B1B685C
:104750001BB1BDE80840FFF753BF08BD9BCE040066
:10476000B4780400046B00202DE9F04F89B01CF0F0
:10477000EFFE002800F0A780FFF7D2FF08B38D4DB1
:104780002B6843B98C4A137883F00103137013B973
:104790008A4801F081FB002001F08EFB81462868E9
:1047A00001F08AFB8145044612D12B6883B10023B6
:1047B000834A2B600023834809B0BDE8F04F12F014
:1047C0005BB8FFF71DFB0128D9D009B0BDE8F08F19
:1047D00004F1080302932C60FFF7A2FF7A4B8DF8D7
:1047E0000C00049304F124030593FFF709FB6FF019
:1047F000220B4FF00008431E58425841734B8DF86E
:104800001800079302AE3379002B47D03768D6F8EB
:1048100008B01CF059FF3A686D4B821A9A427968C9
:104820000FD842F2107397F808C00CFB0333A3F5BE
:104830009C53083B9A42B2D342F20F73401A9842FB
:10484000ADD9002200230021CDE900230220082257
:10485000FFF72CFD824698B901215E4A5E481AF0A6
:10486000D5FD6FF00B0B2B681B8801215B4A5A4862
:10487000CDF800B01AF0DDFD91E74FF00108C2E776
:1048800000F114012046D847834688B950463A467D
:104890005349FFF76DFD5046FFF7DAFC0C36B8F1CF
:1048A000000FEAD0BBF1000F08DB7FF478AF8CE794
:1048B0005046FFF7CDFCBBF1000FEFDA1BF1230FE1
:1048C0003FF46DAFCFE709F08DFE054698B90022A1
:1048D00000230146CDE90200CDE90400CDE9002323
:1048E00002200A22FFF7E2FC064630B9394A0121CC
:1048F00039481AF08BFD3B4A5CE709F06DFE04462F
:1049000006F11407294638461BF05AFA1022384699
:1049100021681BF049FA65685DB32846F2F70CF987
:1049200002AA014628461DF05BF910BB218941F01F
:10493000020138461BF054FA042202A938461BF043
:1049400033FA002230461146FFF712FD3046FFF7DA
:104950007FFC6368002BCED0002200230021CDE92C
:10496000002303200A22FFF7A1FC054618B91E4ABE
:10497000BDE72189DDE76068F2F7DEF805F114078D
:10498000064638461BF008FA864208D90221174A23
:1049900011481AF03BFD2846FFF75AFCABE73246B8
:1049A000616838461BF000FA002228461146FFF7DE
:1049B000DFFCF0E7046B0020767D00203716040052
:1049C000B4C40400204A0020FD4402005145020006
:1049D000BF270900B9CE0400B4780400D7CE040084
:1049E000AC8604005A620200FDCE040018CF040019
:1049F000F7B5054601F09EF8AB780F4C9A1E53426E
:104A0000534122880026013AA5F840202822002799
:104A10005343014603F15C0203F1680005F11A03F8
:104A2000C4E904670093054B2A441B6828441DF021
:104A30008CFA03B0F0BD00BF084A0020980A00209D
:104A400008B50449044811F043FEBDE80840FFF7EB
:104A500019BD00BF69470200204A00200D4B78B104
:104A6000D3E8EF1F41F01001C3E8E21F002AF7D19D
:104A70000022094B09481A600022002311F0FCBEF5
:104A8000D3E8EF1F21F01001C3E8E21F002AEFD0A6
:104A9000F6E700BFA00A0020046B0020204A002097
:104AA00070B504460846214601F0E4F905460028A1
:104AB00048D08178022907D1637D2BB9BDE87040C9
:104AC000214A22481AF0A2BC237803B305F1240638
:104AD000E26828461368C6F80A305368C6F80E30F4
:104AE000217D627D01F001011CF003FF002001F037
:104AF0004FF878B12B886BB10221154A13481AF090
:104B000085FC30462178BDE870401CF0ECBD05F115
:104B10000806DDE70F4BD3E8AF2FD2060BD5D3E85D
:104B2000AF2F237DC2F3C002C3F340039A4202D1E8
:104B30000020FFF793FF217D2069C1F34001F2F7C8
:104B400053F9DEE770BD00BF3DCF0400B478040028
:104B50006ECF0400A00A002038B504460D46014679
:104B6000094801F087F940B1217821B12430BDE82E
:104B700038401CF0B8BD0830F9E729462046BDE8AA
:104B80003840FFF78DBF00BF4D1604002DE9F041FE
:104B90008388044686B03BB90121394A394806B0BA
:104BA000BDE8F0411AF032BC1BF0CFF801280546F1
:104BB0002FD002284AD000285ED109F00DFD436BAA
:104BC00006460BB3A38823F00402122A07D02E4A0C
:104BD00001212C4806B0BDE8F0411AF020BC10219C
:104BE0002046F7F70DF8804620461BF0BEF8A38854
:104BF0000746042B0BD120461BF0C1F86A460090F3
:104C000039464046736B984706B0BDE8F0812A46A6
:104C1000F6E7A388142B01D81C4AD9E700232046C5
:104C20008DF800301BF091F808218DF81400204613
:104C3000F6F7E6FF019020461BF0A1F8236814491F
:104C4000049003936846FFF787FFDDE7A388192BDD
:104C500001D8104ABCE701230D2120468DF8003011
:104C6000F6F7CEFF052102902046F6F7C9FF23682C
:104C7000094901900393E5E702210346074AA8E7A3
:104C80009BCF0400B4780400ACCF0400D5CF04005F
:104C90003D460200F6CF04006B16040018D0040055
:104CA00010B51CF055FC10B1064801F0F5F80022D3
:104CB000054B06481A60BDE810400022002311F0A1
:104CC0004BBE00BF43170400046B0020204A0020A5
:104CD0000022024B02481A6011F044BE046B00200F
:104CE000204A00202DE9F84F1E460B6814461A781A
:104CF0000546077F307802F07F03984202D00020FB
:104D0000BDE8F88FDFF81C812046D8F8003003F0AA
:104D1000010383EAD2133A4663F3000200232A77A1
:104D2000A380A36823608A8809681BF03DF82B7F65
:104D3000D8F8001003F00103206806F10802C91A30
:104D400002F04EF80028DAD12368B3F8052052BAF1
:104D500090B22A8112B2002AD1DD03F057F900285F
:104D6000CDD195F81C9019F0300F0DD12B68DFF8DC
:104D7000B8B0B3F800A02D4B1D882946C1B9202139
:104D8000DFF8A4B08D4230D307F03003A3F1300137
:104D9000D8F800204B4209F001094B41A2EB09026F
:104DA0002146301D1CF0D7FFB0FA80F04009A7E77C
:104DB00020680139B0F8053089B23BF831205BBA80
:104DC000C2F30E029BB29A42D8D102301CF0BEFC54
:104DD0005BF83130C0F31000B0EBD33FCED10BEB1A
:104DE000C1039B885345C9D189E720680139B0F8D0
:104DF000053089B23BF831205BBAC2F30E029BB298
:104E00009A42BFD102301CF0A1FC5BF83130C0F3F4
:104E10001000B0EBD33FB5D10BEBC1039B885345DA
:104E2000B0D16CE7980A00208C6B00200A7B002030
:104E300070B5304D304E8CB0EC69002C58D02A6AD9
:104E400023689442EB6100D12B622022002104A848
:104E500021F0CAFE636804F10B0004931B88ADF8CF
:104E600014304FF6FF73ADF81630E3895BBAADF836
:104E70001830238A5BBAADF81A30A37A03F07F03A7
:104E80008DF8213001238DF824301CF05FFC2B6855
:104E90000A90627A03F0010383EAD2139DF82C2072
:104EA00001A863F300028DF82C206368D2B29B78CE
:104EB000991E4B424B4163F341028DF82C20A37A9B
:104EC000D2B2DB09DB0022F0780243F05003134337
:104ED0008DF82C30227A04F109011AF00DFF04A993
:104EE00001A806F0E3FC2146304610F0A9FBA3E739
:104EF0000CB070BD980A00200C170020014BD3E8BD
:104F0000AF0F7047A00A00207FB50D461946FFF786
:104F1000F5FF10F00104164615D045B9114C03F009
:104F200045F820461DF0DDF8256000240BE006233F
:104F3000304602AA07F07EFB044638B101210A4A36
:104F40000A481CF00BFC204604B070BDDDF80A30A6
:104F5000044801A901931DF0BBF8BDF8080003F057
:104F60000FF8E2E7780C002042D004001C7904001E
:104F700073B50D461946FFF7C1FF10F00104164640
:104F80000CD0BDB10323304601AA07F053FB044601
:104F900038B10121094A0A481CF0E0FB204602B062
:104FA00070BD9DF80630BDF8045045EA034525F074
:104FB0007F057F35034B00245D60EFE756D004008A
:104FC0001C790400980A0020094B40B1D3E8EF1F78
:104FD00041F00801C3E8E21F002AF7D17047D3E887
:104FE000EF1F21F00801C3E8E21F002AF7D1704744
:104FF000A00A002073B50D461946FFF77FFF10F099
:105000000104164619D065B9154B43F8085BD3E87F
:10501000EF1F21F00801C3E8E21F002AF7D10024A6
:105020000BE005236A46304607F004FB044638B11E
:1050300001210C4A0C481CF091FB204602B070BDC7
:105040009DF80400009B064C00F001002360FFF770
:10505000BBFF9DF80430C3F3460384F8A831DEE7B4
:10506000980A00206AD004001C79040018B9044B87
:105070005B685B0602D1052007F002BB704700BFEA
:10508000980A00202DE9F0410D461F4615F0010356
:1050900011461DBF1346022100221946064600F0A4
:1050A00075FE044638B10121124A13481CF056FB24
:1050B0002046BDE8F08101464FF480720F4821F090
:1050C00093FDDFF83C800F4BC5F340001C80C8F80F
:1050D0000070FFF779FF002818BF602088F8A8014A
:1050E00030461CF0D3FB042007F0CAFA052007F075
:1050F000C7FADDE77DD004001C7904008C6B00202A
:10510000980A00200A7B002038B50F4C0020656803
:105110006B1C6360FFF7AAFFFFF7F0FE03461B0757
:10512000C0F3C0000ED46368B3F5000F0AD900F0D5
:105130002FFD38B10120FFF791FC012120680844C0
:10514000F1F752FE284638BD980A0020F8B54368AA
:1051500005465F884FF6FF739F420E4614460CD1FA
:1051600010461AF019FE072807D81C4A1C480121CE
:105170001CF0F4FA6FF01500F8BD20461AF00CFE92
:10518000032801D8174AF1E76B68204699881AF07E
:10519000C0FD298920461AF0BCFDFFF7B5FF014686
:1051A00020461AF0C6FD4FF6FF739F426B682046FB
:1051B000197C08BF41F080011AF0B4FD0A4B1A783F
:1051C000FFF79CFEC0F3C000121A46EAC211204647
:1051D000C9B21AF0A7FD0020CEE700BF50D10400ED
:1051E0001C79040073D10400980A00202DE9F041D5
:1051F000C37A07686FF30003C372BC780D46A31E21
:105200005C425C4128235C433B1916460A4693F8EE
:105210005010FFF79BFF70B9084B50341A68FFF726
:105220006DFEC0F3C0003346121A39192846BDE896
:10523000F0411CF095BABDE8F08100BF980A00204B
:105240002DE9F04F9946C37AD0F800A06FF3000320
:10525000C3729AF8023087B0023BD3F1000B4BEBDC
:10526000030B01F114030193282303FB0BA30D4649
:10527000904601F1140293F850100446FFF766FFC0
:10528000064600285AD1636898881CF08AF9D0B184
:105290006B69002202932B8B3E48019305A90023E2
:1052A00010F05CF9E0B13C4A02213C481CF056FA8F
:1052B0006368B3F90420002A02DC1B7C012B49D16E
:1052C0006FF00B063AE06368988802F09FFE0028B2
:1052D000DED163681B7C012B3CD16FF015062DE0FD
:1052E000059F226803907A6007F10900DDE901213A
:1052F00021F053FC019B3B72039B3B60284B1A6AD5
:105300001ABBC3E90777274811F0F0F86368B3F9CF
:105310000420002A02DC1B7C012B1BD1B8F1000FFA
:105320000CD0D8F800301BB100214A4608469847F7
:10533000D8F8043013B14946002098472846FEF7B4
:1053400087FF304607B0BDE8F08F17601F62DAE7CD
:105350000646F3E7124B1F68FFF7D0FD282303FB37
:105360000BA1C0F3C0020023BA1A503105F114009A
:105370001CF0F6F90028EBD1C5E9028963682846DC
:1053800099880BF0C5FA4A4641462846FEF7F0FFD9
:10539000D4E700BF0C17002092D104001C79040050
:1053A000980A0020A40A00202DE9F84300250646AB
:1053B0002F464FF6FF79114CDFF84480E16951B96F
:1053C000C4E90775BDE8F88300230B600DB12960BF
:1053D00011E00F460FE0226A0B689142E36100D1B1
:1053E00023624E4503D04B681B88B342ECD1404644
:1053F00010F026F929460D46E0E700BF980A002084
:105400000C17002010B5036804461A78124B1B686D
:1054100003F0010383EAD2130A7F63F300020A77E1
:105420000368D2B25B78DB0963F3C3020A770368CF
:105430005B7803F07F034B74006802301CF086F940
:1054400088612368B3F805305BBA0B812368B3F831
:1054500007305BBA4B8110BD980A00202DE9F84354
:10546000984683888146112B0E46144600AF22D8F9
:10547000604A0221604819F0D2FFB9F80410D9F847
:105480000000F6F769FC6C4688B06A465B4BC2E9DF
:1054900005304FF400739383594B42F8103F0023BB
:1054A0004FF4E4515448F4F78DF9A5466FF0150018
:1054B000BD46BDE8F8831D2B05D90221514A4E484F
:1054C00019F0ADFFF2E789BB0568DFF83CC11D4468
:1054D00015F8082C15F8073C15F8061C43EA0223BA
:1054E00015F8052C15F8020C42EA012242EA0342A3
:1054F00015F8031C15F8043C41EA032115F8013C9A
:1055000043EA002343EA014382EA0305DCF8003062
:105510003E481946002942DC20218B4245DB03F03E
:105520001F035A1CCCF8002040F82350237F42462A
:1055300066F30513237749462046354B00F0DEFC21
:10554000002854D04FF6FF73E380D8F80030227F54
:10555000587800F07F006074003818BF0120404286
:105560002075D8F800305B78DB0963F3C30222773B
:10557000D8F8000002301CF0E9F8A061D8F800303B
:10558000032EB3F807305ABA628114D09BB91A4877
:105590000121204A1CF0E2F86FF04C0088E7013945
:1055A00050F821209542B5D180E7013950F82120EB
:1055B0009542B2D17AE71849184A0B88258903F039
:1055C0001F0332F8330065F30E0022F8330052F85F
:1055D0003300A56965F3DF3042F83300206802EB41
:1055E000C3020088013390800B80002060E76FF0D9
:1055F00001005DE7AED104001C79040062F90400EB
:1056000003000001D6D10400086B00200C6B0020C1
:10561000E54C0200FDD104000A7B00208C6B0020C9
:10562000F0B517464FF4E8120C4697B006ABCDE93B
:1056300004230546202200210EA8039321F0D4FA6A
:105640008DF848401BF084FF98B33946284603ABD9
:105650000EAAFFF703FF60BB03A81AF099FB0446EC
:10566000BDF84200BDF810601BF09BFF18BBBDF8F1
:10567000420002F0CBFC9DF85430022F60F38613F9
:105680008DF8543019D12846BDF840100BF00EF9B2
:10569000FEF7EEFB88B9FEF7F5FB9DF8543003F0FA
:1056A00040031843C0B240B903216C4A6C481CF057
:1056B00055F817B0F0BD0120DDE70EA903A806F0EC
:1056C000F5F810F10B0F19D10221664A64481CF05D
:1056D00045F8654A1388013B9BB21380634A32F850
:1056E00033106FF30E0122F833100021604A136863
:1056F000013B13605F4A42F82310DAE74D30D8D0FF
:10570000BDF94230002B03DD9DF854303F2BD0D83B
:10571000059BADF8106013FA84F49DF849300394AA
:10572000012BC6D99DF8543013F0340F08D1FEF781
:105730007DFC012807D19DF8543013F0340F0BD0B5
:10574000FEF708FC0AE0FEF793FB0128F3D0FEF712
:1057500099FB0128ADD1EEE7FEF772FC024600216D
:105760000020CDE9000101210846FEF79FFD044617
:1057700000289ED0039A00F114055378284623F0A0
:105780007F035370039A9DF849305178013B0B43D6
:105790005370BDF8102003991AF006FB0E9A9DF87D
:1057A00054009378991E4B424B4128214B434007AC
:1057B00003F1500111440BD566691A44307820F08A
:1057C0007F003070606992F85020037813430370B3
:1057D000294B9DF85420186802F00102821A002318
:1057E00028461BF0BDFF40B10121244A1C481BF094
:1057F000B5FF2046FEF72CFD5BE79DF854305A07B5
:1058000012D52046BDF842100BF082F89DF85430B6
:1058100013F0300FC3F301120FD0022A17D09DF8F6
:1058200054305B070DD4E4E7FEF722FB0128E8D0F3
:10583000FEF728FB0128E9D1E3E7FEF7F7FB012893
:10584000EDD1002220461146FEF792FDD1E7FEF78A
:105850000FFB0128F5D0FEF715FBF0E730D204006E
:105860001C79040054D204000A7B00208C6B0020B9
:10587000086B00200C6B0020980A002089D20400DD
:1058800010B5064C0649204610F022FFA4F5D27050
:105890000449BDE8104010F035BD00BF480C0020A1
:1058A000416F0100314E020007B5FFF727FB830768
:1058B0001AD5144A694613680093FFF71FFB92F844
:1058C000A831C0F3C00040EA43008DF8040005226F
:1058D0000D48F4F709FB20B101210C4A0C481BF0DC
:1058E0003DFF03B05DF804FB074819F07EFE002879
:1058F000F7D00121074A064803B05DF804EB1BF01E
:105900002DBF00BF980A00209ED20400A9D2040037
:105910001C790400C2D2040007B5FFF7EFFA830731
:1059200016D502F059FB114BADF80000D3F8E03169
:10593000062269460E48CDF80230F4F7D5FA20B1B8
:1059400001210C4A0C481BF009FF03B05DF804FB71
:10595000074819F04AFE0028F7D00121074A0648F7
:1059600003B05DF804EB1BF0F9BE00BF980A0020FD
:10597000D5D20400E1D204001C790400FFD2040057
:1059800007B5FFF7BBFA830714D5114B11489A8866
:10599000DB88ADF8042001A903228DF80630F4F766
:1059A000A3FA20B101210C4A0C481BF0D7FE03B02A
:1059B0005DF804FB074819F018FE0028F7D0012114
:1059C000074A064803B05DF804EB1BF0C7BE00BFF2
:1059D000980A002017D3040023D304001C79040084
:1059E0003CD30400F8B505460E460A4C0A4FBC42AB
:1059F0000ED90A490A48462218F07DFE462107487A
:105A000018F070FE3146284654F8043B9847EEE7FC
:105A1000F8D3F8BD387804004878040062D3040055
:105A200069A504000023F0B5164685B08DF80F3047
:105A300000F11003019300F10C030093054600F1FF
:105A400008030F46012230460DF10F0101F0C4F8A2
:105A5000044630B11E491F481BF0BEFE204605B06B
:105A6000F0BD47B1314603202A1D01F0F9FB044681
:105A700008B11949EFE7304605F1140101F006F9C4
:105A8000044608B11549E6E702461549304605F1D6
:105A90001C0301F04DF9044608B11249DBE702226C
:105AA0003046114905F1200301F042F9044608B1DE
:105AB0000E49D0E702460E49304605F1240301F0B5
:105AC00037F9044608B10B49C5E701232B70C5E738
:105AD00094D3040024790400C0D30400DDD304006F
:105AE000F7D30400FCD304001BD4040020D404002A
:105AF0003ED4040043D4040003460121014A024875
:105B000019F08DBC69D404002479040010B586B066
:105B1000034604461421064A01A817F0EFFF01A826
:105B200019F063FD10B12046FFF7E6FF06B010BD87
:105B30008CD4040018B18078821E50425041044B2E
:105B4000D3E8AF3F1B0748BF40F00200704700BFDB
:105B5000A00A0020034BD87818B193F84200013016
:105B6000C0B27047F011002010B54FF6FF74074B1C
:105B70001B88A34204D01AB921B10380012010BDB3
:105B80000020FCE76FF00B00F9E700BFF0110020E8
:105B9000034B1A8882420CBF18460020704700BF92
:105BA000F011002010B588B00146FFF7F1FF044660
:105BB00040B90B460221144A144808B0BDE8104011
:105BC00019F02DBC0B46124A142103A817F096FFBA
:105BD000E36C6946CDF80130636F03A8CDF805305A
:105BE0009DF80030A27803F0FE0362F34703092218
:105BF0008DF80030F4F778F918B1064903481BF026
:105C0000EBFD08B010BD00BF9ED404002479040051
:105C10008CD40400BBD40400F0B4144D81F0010610
:105C20006C782A8814F0100FC2F30B0711D1C0F35F
:105C30000B0343F4805343EA463322F47F52C3F309
:105C40000D0322F03F0213432B800120F0BC06F02D
:105C500017BD874203D031B9F0BCFFF757BF66F3D9
:105C600045146C70F1E7F0BCFFF79CBF0C7B002083
:105C700038B5154C054623880A46984203D04FF69E
:105C8000FF718B421BD12388AB4207D1104604F130
:105C90004C011CF034FA80B106200FE0012104F120
:105CA0004800FFF7BFFE014658B9608025802046B6
:105CB000FFF798FE20881BF0E9FD002038BD052085
:105CC000FCE71020FAE700BFF011002030B5174BB9
:105CD00085B01A889B78ADF80C208DF80E30FFF750
:105CE00057FF0D46044618B90870042005B030BDB2
:105CF0000978837899420DD0022B0DD803F1100258
:105D00006A4412F8042CCA40D20705D51BF0C1FD25
:105D1000A3782B700020E9E705480091054A02218D
:105D200019F087FBA3780B202B70DFE700D5040068
:105D300024790400D8D40400022938B50D4620D0B7
:105D4000FFF726FF044608B9042015E04FF6FF735D
:105D50000D4802889A4207D0C378012B04D190F8ED
:105D600042300BB10AF0D8FC3DB1002120460AF0C8
:105D7000C5FC06F0A7FB002038BD20460AF0CCFC8D
:105D8000F7E70F20F8E700BFF0110020F8B5174D36
:105D90001F462B88044698420E4603D04FF6FF71EB
:105DA0008B421CD12B88A3421CD04AB97FB92C80CE
:105DB00000242846AE70EC70FEF71AFE204605E07F
:105DC000002128461BF00CFD0028EFD0F8BD3A4614
:105DD000012128461BF004FD0028E8D0F6E76FF00B
:105DE0000B00F3E76FF07700F0E700BFF011002041
:105DF000F0B516461F4687B01A4BD3E8AF4F14F0E4
:105E0000010406D040B9184918481BF0E5FC6FF0B2
:105E10000104204607B0F0BD1022002117F09AFEC1
:105E2000092305463946304603AA06F003FC04461A
:105E300020B10F490D481BF0CFFCEAE7DDF80D005B
:105E4000DDF8111001AB03C39DF80C3001AA012B42
:105E50004FEA5301A8B294BF234602ABFFF796FF67
:105E60000446D6E7A00A0020B6B204002479040054
:105E700004D504004FF6FF7210B5034605480488A8
:105E8000944205D00BB9034810BD98470028FAD1B9
:105E90000020F9E7F01100204FF6FF7208B5034625
:105EA00004480188914202D09847012008BD002093
:105EB000FCE700BFF011002068B1084A00F1980328
:105EC000934208BF03464FF6FF721888904214BFF2
:105ED000184600207047024BF5E700BF88120020EB
:105EE000F01100204FF6FF73034802889A4201D058
:105EF0001BF00EBD704700BFF01100202DE9F843E4
:105F000004460E46174698462A4D05F5C079AB6BF8
:105F100033B3236093F8483033B13A4631462046D4
:105F200005F13C03C047C8B9236893F87030BBB192
:105F30003A463146204605F14803C04780B1012367
:105F4000227F5B0043F0040322F00602134301208A
:105F5000237723681B88A380BDE8F8830023EFE73D
:105F6000C0354D45D3D14FF6FF72134B23601988CE
:105F7000914201D10020EFE793F848202AB13A4638
:105F8000314620465033C04790B9236893F87020BB
:105F9000002AEFD03A46314620467833C0470028E1
:105FA000E8D00122237F23F0060343EA4203CEE731
:105FB0000022F7E7980A0020F0110020084A5378E1
:105FC000D9060CD56FF3041353701088DBB29B060F
:105FD000C0F30B0001D5FFF799BDFFF7E3BD704794
:105FE0000C7B0020F8B504460E460B4D0B4FBD420E
:105FF0000FD90B490B48B52218F07DFBB521084895
:1060000018F070FB324655F8043B218860889847A9
:10601000EDE7F7D3F8BD00BF487804004C780400E2
:106020003CD5040069A50400B0B5044688B000AFB3
:1060300007F10C0503461B4A1421284617F05EFDA4
:10604000194B5A88A24212D11A8839463A801A79D5
:106050002846BA70DA685B69C7F803200B22C7F8D4
:106060000730F3F741FF48B92037BD46B0BD0221E4
:1060700023460E4A0E4819F0D2F9F5E76C4688B06F
:106080006A460C4BC2E905354FF4007393830A4B03
:1060900042F8103F00234FF4E2510548F3F792FB1A
:1060A000A546E1E770D504008812002082D50400DF
:1060B000AC7804009ED504000300000103460121D2
:1060C000014A024819F0ABB9BED50400AC7804000F
:1060D00010B586B0034604461421064A01A817F0FD
:1060E0000DFD01A819F081FA10B12046FFF7E6FF77
:1060F00006B010BD70D50400F0B4144D81F0010657
:106100006C782A8814F0100FC2F30B0711D1C0F37A
:106110000B0343F4805343EA463322F47F52C3F324
:106120000D0322F03F0213432B800220F0BC06F047
:10613000A7BA874203D031B9F0BCFFF7C9BF66F3F5
:1061400045146C70F1E7F0BCFFF76EBF0E7B0020CA
:1061500011F0FD0F38B50D4625D138BD042D1CD1E9
:106160002379002BF9D004F10C001BF0BAFF04F1E5
:10617000100204F1080392E8030083E803000023FF
:1061800001216088236123715360FFF7B5FF294621
:106190002046BDE83840FFF725BF032DDDD1237928
:1061A000002BDAD0F4E74FF6FF73074C62889A426F
:1061B000D3D0228803889A42CFD1012DCED1204658
:1061C000BDE838401BF03FBC88120020F8B50546FA
:1061D00008460E461746FFF7DBFC002838D01E4C59
:1061E00063889D4203D04FF6FF7293422ED163889D
:1061F000AB420AD12388B3422AD1384604F10C01BC
:106200001BF07DFF30BB0020F8BD384604F10801CB
:1062100000F068FD78B96580207139460420268039
:1062200004F10C0201F01CF8054630B101210B4AC3
:106230000B4819F0EBF80F20E6E760880121FFF723
:106240005BFF29462046FFF7CDFEDCE70520DBE7B4
:106250000420D9E70620D7E788120020E1D5040002
:10626000AC78040070B51F4C15466388834231D169
:106270004FF6FF739942208801D088422CD1FFF756
:1062800087FC58B38678012E19D1237933B128467B
:1062900015491BF034FF18BB002070BD2846134978
:1062A00000F020FD58B9294604200F4A267100F05D
:1062B000D7FF30B10E4A31460E4819F0A7F80B202F
:1062C000EBE731466088FFF717FF02210548FFF72B
:1062D00089FEE1E70320E0E71120DEE70420DCE7A8
:1062E0000620DAE7881200209C1200209812002075
:1062F000E1D50400AC78040038B54FF6FF7399423D
:1063000005460C4609D00846FFF742FC90B10A4BFF
:106310005A88AA4209D0002038BD074B5B888342C7
:10632000F9D105481BF08FFBF5E71B88A342F8D095
:106330001120F1E70420EFE788120020F8B5154C92
:106340001D466388064698420F4603D04FF6FF71FC
:106350008B421BD16388B3420ED0002120461BF034
:1063600056FB10B16FF00400F8BD3DB9003D18BFF9
:1063700001252780668025710020F5E72A46012146
:1063800020461BF044FB0028F0D0EBE76FF00B0039
:10639000EAE700BF88120020F0B50F4615461E46FA
:1063A00087B01E4BD3E8AF4F14F0010407D048B9B3
:1063B00001211B4A1B4819F029F86FF001042046FF
:1063C00007B0F0BD1022002117F0C4FB0446CFB186
:1063D0000B233146284603AA06F02CF9002819DBC6
:1063E000DDF81310DDF80F0001AB03C39DF80E308C
:1063F000BDF80C1003B102ABA0B201AAFFF79EFFDB
:10640000044608B90024DAE70121074A054818F0D4
:10641000FDFFD4E76FF01504D1E700BFA00A00200C
:10642000B6B20400AC78040002D60400024B5B88CC
:106430001B1A5842584170478812002070B54FF619
:10644000FF76094D6C88B44209D0B04202D02D8845
:10645000854204D11BB922B101200C8070BD0020FF
:10646000FCE76FF00B00F9E788120020F8B51E4634
:1064700043881546DA1C92B2012A04460F460BD90E
:106480001D4C62889A4225D12088FFF781FB386035
:1064900010BB2388194A10E00088FFF779FB3860A9
:1064A0000028F6D04FF6FD7362889A420CD1A0887E
:1064B00001F0ACFD40B9A388114A1248022118F03E
:1064C000AEFF6FF01500F8BD0F4B2B60002333704B
:1064D0000020F8E70D4AF0E78378022B06D12379F4
:1064E00023B1237C143433702C60F1E7237A3370AA
:1064F000074B2B60ECE700BF881200201AD604007F
:1065000030D60400AC780400780C002045D6040096
:1065100094120020F8B504461046069A64B1B0F90A
:106520000A10002902DD1549984720B34FF6FF7085
:10653000F8BD04F1080515E04FF6FF75104C6688AC
:10654000AE42F3D0056826882D88AE42EED1057F95
:10655000AD07EED5277904F1080504F11006002FE8
:1065600018BF35462E788E42E0D1291D9847002865
:10657000DCD16088DCE74FF6FE70D9E7780C0020AC
:10658000881200204FF6FF73034842889A4201D0D8
:106590001BF059BA704700BF88120020084A537890
:1065A000D9060CD56FF3041353701088DBB29B0629
:1065B000C0F30B0001D5FFF78BBDFFF735BD70476A
:1065C0000E7B0020002370B50B4D0C4C0C4E6B6005
:1065D000B4420ED90B490C48592218F08CF85921B5
:1065E000084818F07FF863680BB1284698470C34C8
:1065F000EEE7F8D370BD00BF8C6C00204C7804002F
:106600004C7804007BD6040069A5040070B50B4CDF
:106610000B4D0C4EAC420ED90B490C48282218F0F9
:106620006AF82821084818F05DF8A3680BB13046D5
:1066300098470C34EEE7F8D370BD00BF4C780400E7
:106640004C7804009C6C00207BD6040069A50400F3
:10665000F8B5144D0646EC68B4B16B88012B13D91C
:106660004FF47A7347F6122740F2E73000215C437B
:106670004FF47A720023E4FB0701EAF7AFFE02460B
:106680000B46094810F068F94FF6FF726B88934289
:106690001CBF03F1FF336B801EB9BDE8F840FFF764
:1066A000B5BFF8BD9C6C0020504A002010B5054CC9
:1066B00023890121044A054818F0B1FE00232380F4
:1066C00010BD00BF9C6C0020B0D60400F47804001C
:1066D00030B58DB00E22002105460DF1220020F0CC
:1066E00083FA4FF6FF73214CADF81E3023882089C2
:1066F000ADF820302379ADF81C008DF82C30002344
:10670000CDE904330693FFF743FA07AB05930490F2
:1067100001F062FCADF81800FDF71CFC8DF81A00C2
:10672000049808B32088F8B123798DF80C30FDF770
:106730007DFC431E5C425C41FDF79AFB012808BFCB
:1067400044F00204FDF7E6FB0023012808BF44F0F3
:106750000404CDE90053240203230A2103AA04A858
:10676000ADF80D4005F002F80DB030BD9C6C002076
:1067700008B50B4BDA6892B15A8882B11889FFF7D5
:1067800007FA18B9BDE80840FFF790BF0548FFF7C2
:106790009FFF20B1BDE808400021FFF759BF08BDA9
:1067A0009C6C0020B48604002DE9F0418B880746DC
:1067B000022B0D4608D830480121304A18F026FE39
:1067C0006FF01500BDE8F081084619F0BEFA0446E6
:1067D000284619F0CAFA2A4DBA68AB6806469A42AA
:1067E00097F8118001D00020ECE726480FF096FFC3
:1067F0000028F8D004F07F04C8F10108AB7B4444C2
:10680000E4B2A34228BF2346AB73EB7B4FF6FF7283
:10681000A34238BF2346EB73AB8993421CBF0133BD
:10682000AB816B897BB1184811F08AFC4FF47A7701
:10683000A0FB070C002347F6122207FB01C1EAF771
:10684000CDFDB0FBF7F36B60104F114DDFF83080DA
:10685000BD4208D90F4910484E2217F04CFF4E2177
:106860000C4817F03FFFBED22B681BB132462146C1
:10687000404698470C35EBE7F4780400D2D6040084
:106880008C6C0020804A0020904A00204C78040044
:106890004C7804007BD6040069A5040038B5044692
:1068A00008B1038873B90022174B1848DA601A60E0
:1068B0001A71DA801A8110F055F81AF049FEF8B909
:1068C000002038BD0089FFF763F938B923891048E3
:1068D0000121104A18F0A3FD0420F2E7E3880A4DD5
:1068E00003F00F03E38094E80F0085E80F001AF02F
:1068F0002FFE0028E4D000220023044810F02CF8DA
:10690000062005F0BDFEDBE79C6C0020504A00200D
:10691000F4780400EED6040010B51046194686B08F
:106920001F4BD3E8AF4F14F001040AD008236A4686
:1069300005F080FE044638B101211A4A1A4818F0C1
:1069400065FD204606B010BDBDF800309DF8022060
:10695000ADF80830F2B1FF2A1ED00123013A93406E
:106960009BB205939DF8033002A88DF80C30BDF85A
:106970000430ADF80E30BDF80630C3F30B03ADF8AC
:1069800010309DF8073043F30013ADF80A30FFF7DD
:1069900085FFD6E70346E4E74FF6FF73E1E700BF64
:1069A000A00A002004D70400F478040010B50446BF
:1069B000024B0FCB84E80F0010BD00BF9C6C002081
:1069C000030470B506460D46144606D5294A2A48E2
:1069D000022118F01BFD012070BD81F40043B3F5C6
:1069E000804F01D2254AF2E701F580739BB2F82B64
:1069F000F8D90BB2002B2DDD01F0EEFAA842F1D14F
:106A0000B4F5803F07D91C48234602211C4A18F0E0
:106A100006FD0F20E0E726BB00221A4BC3E9022245
:106A200000240025174B47F612261C604FF47A739A
:106A300040F2E73029465C434FF47A720023E4FBCE
:106A40000601EAF7CBFC02460B460F480FF084FF25
:106A50002846C1E7B2F5803FD5D80028DCD0002910
:106A6000DAD0002CDCD04FF4FE02064B1E815D8193
:106A7000DA60D6E71BD70400F478040035D70400A9
:106A800054D704008C6C0020804A00200022014B67
:106A90009A8170478C6C002070B504460C4D95E8C7
:106AA0000F0084E80F00688978B10A4811F048FBAC
:106AB0004FF47A75A0FB050647F61222002305FB6A
:106AC0000161EAF78BFCB0FBF5F0606070BD00BFC0
:106AD0008C6C0020904A0020044B1A882AB1DB8875
:106AE000184202D00248FFF7F3BD70479C6C0020AB
:106AF000BC8604004FF6FF7208B5064B06490748EE
:106B00001A810FF0E5FDBDE80840054905480FF082
:106B1000DFBD00BF9C6C002071670200504A00205E
:106B2000C5650200804A0020054B5A8832B1DB68F7
:106B300023B10022002303480FF00EBF704700BFAF
:106B40009C6C0020504A00207FB502A8FFF72EFF62
:106B5000BDF808205AB91D4818F047FD20B10121A1
:106B60001B4A1C4818F052FC07B05DF804FB4FF6B6
:106B7000FF71BDF80A30ADF80020591A4B424B4165
:106B80009DF8071063F30411059B8DF8071023B1DE
:106B9000B3FA83F3C3F12003DBB28DF802309DF822
:106BA0000C30BDF810208DF80330BDF80E3069466A
:106BB000ADF80430BDF80630044862F30B03082238
:106BC000ADF80630F3F790F9C8E700BF78D70400B6
:106BD00086D70400F47804002DE9F04194B006460D
:106BE0008846294802A915461F461BF007F80446A7
:106BF000002845D1102231460AAB02A81AF070FFD6
:106C0000044600283CD10126CDE910850DF107038B
:106C100006ADCDE90E00CDE9123603222B460EA9B2
:106C20000AA88DF807601BF028FA044640BB9DF8BF
:106C30002730032203F07F033B7010230F930223BE
:106C40000EA98DF807300AA82B460E951BF015FAF1
:106C50000446A8B9294630461A9A00F001FB0446BA
:106C600070B903222B460EA90AA88DF807201BF045
:106C700004FA044620B929461B9A00F0F1FA0446AA
:106C8000204614B0BDE8F081B7D7040030B5134BEF
:106C9000054618688BB01B7900900C46104802A975
:106CA0008DF804301AF0AAFF034698B906AB1022FB
:106CB000294602A81AF014FF034658B902AB052270
:106CC000694606A81AF00CFF034618B904AA03CABD
:106CD0002060616018460BB030BD00BFC1D7040012
:106CE000BCD7040030B5104B8BB005460C460F489E
:106CF00002A901931AF082FF98B91022294606AB27
:106D000002A81AF0EDFE60B9042202AB0DEB0201FD
:106D100006A81AF0E5FE20B99DF8173003F03F03EE
:106D200023700BB030BD00BF69643601C7D70400C3
:106D3000F0B58BB00646084602A914461D461AF067
:106D40005DFF68B906AF10213046064B009702AAD6
:106D50001AF075FF20B92A463946204600F080FA1D
:106D60000BB0F0BDCCD7040010B586B002AB144612
:106D700000930A46094B20211AF061FF60B92246B0
:106D80000DF10B030DF1170153F8044B8B4242F840
:106D9000044BF9D11B78137006B010BDD3D7040093
:106DA00030B587B002AD1446064B0A460095202147
:106DB0001AF045FF20B922462946012000F050FA7A
:106DC00007B030BDD8D7040007B5044B00920A467F
:106DD00020211AF034FF03B05DF804FBDDD7040076
:106DE00070B51A4B044618689B8888B00E46ADF8FB
:106DF00004300023154600900DF105013046CDF812
:106E00000630CDF80A30ADF80E301AF043FED4F853
:106E100007306946CDF80930B4F80B302846ADF894
:106E20000D30637B04AA8DF80F3000F0D5F858B907
:106E3000234604AA063413F8015F12F8011BA3428B
:106E400081EA05011970F6D108B070BDE481040033
:106E5000FF2310B5054A0144884202D1D843C0B28D
:106E600010BD10F8014B6340D35CF5E70FD8040068
:106E7000FF2330B502688088074C1044824206D157
:106E80004B40E05CA0F1CF035842584130BD12F8AE
:106E9000015B6B40E35CF1E70FD8040030B589B0CB
:106EA00005460C460B4869461AF0A8FE80B9102228
:106EB0002946684604AB1AF013FE48B9BDF81E30E7
:106EC0005BBAC3F30D036FEA43436FEA5343238076
:106ED00009B030BDE2D7040013B50446012C0846C2
:106EE00006D100934021074B1AF0C1FE02B010BD3D
:106EF0002CB900932021044B1AF0A1FEF6E76FF0A5
:106F00001500F3E7E7D70400EFD704002DE9F743B6
:106F10000446DDE90A890F4616461D460F480B4612
:106F2000009202210E4A18F084FA4146304601F8D8
:106F3000017B1AF0AFFD4B462A46414620461AF027
:106F400003FE40B943462A464146204603B0BDE809
:106F5000F0431AF0CFBD03B0BDE8F083CC78040055
:106F6000F4D7040000F1604005280CD801238340C9
:106F7000DB43064AD2E8EF0F1840C2E8E10F0029D0
:106F8000F8D1002070476FF004007047AC6C00200F
:106F90000123054A8340D2E8EF0F1843C2E8E10F0E
:106FA0000029F8D1704700BFAC6C002010B5002458
:106FB000084AD2E8AF3F2341DB0705D42046FFF75C
:106FC000E7FF04F1005010BD0134062CF1D1002080
:106FD000F9E700BFAC6C00207FB505AB029310232E
:106FE000CDE900230A460068074912F075FC38B95C
:106FF000059B102B18BF6FF0040007B05DF804FB71
:107000006FF00400F9E700BF00444004F0B5074604
:10701000ADF5057D0D46144600214FF4037201A81D
:107020001E461FF0E1FD134A396801A81DF0C5FA9C
:10703000C8B908356CB96B461022314601A81DF05D
:10704000D3FA80B9009B102B0CBF20466FF02100B3
:107050000BE055E9021201A81DF0B2FA083538B16B
:1070600001A81DF050FA6FF004000DF5057DF0BD8C
:10707000013CDFE70002C0032DE9F0410746ADF512
:107080000C7D0D46144600214FF4037209A81E46DC
:107090001FF0AAFD1822002103A81FF0A5FD1F4B19
:1070A0004FF48061DFF8788002A81AF08FFF202269
:1070B000029339466B46CDF8148012F045FB08BBAD
:1070C00002A81DF09CFB4246009909A81DF075FA24
:1070D000C0B9083564B92022314601AB09A81DF0BA
:1070E00083FA78B9019B202B18BF6FF021040BE0C5
:1070F00055E9021209A81DF063FA083560B109A824
:107100001DF001FA6FF00404009812F0BBFA20465B
:107110000DF50C7DBDE8F081013CDBE700110001BD
:107120000900800330B51A4D89B01C22002101A846
:107130001FF05AFD686812F0A5FA0023154A4FF4B3
:10714000804101A82B701AF041FF0492124A291DB8
:10715000CDE90123069312F063FC38B16FF004040B
:1071600001A81DF04CFB204609B030BD6B46412202
:10717000686805F108011DF09BF904460028EDD16F
:10718000009B412B0ABF01236FF021042B70E7E71E
:10719000B06C00200000020912710001034810F8D1
:1071A000093B002B08BF0020704700BFB06C0020D7
:1071B000002370B598B0044616460D460593002985
:1071C00041D01946182208A81FF00EFD214B4FF49C
:1071D000804107A81AF0FAFE0A931F4B202207935A
:1071E000294605AB12F0B0FA28B16FF004040598F7
:1071F00012F048FA24E007A81DF001FB0423204602
:107200008DF81C3004F140020DF11D0350F8041BF1
:10721000904243F8041BF9D106AB02932023059951
:10722000CDE900630B48412307AA1DF09CFA0446F0
:1072300068B9069B202B18BF6FF02104002DD6D112
:10724000204618B070BD054B5B680593D6E76FF01C
:107250000404F3E70000020912710001B06C002081
:10726000F0B5044689B00E46174600211C2201A83D
:107270001FF0BAFC052C61D8DFE804F00332394076
:1072800050504FF4407101A81AF0A0FE2D4B00247D
:1072900004932D4B1022019331463B4601A812F076
:1072A00053FA10F18B0F05460FD102212346274ACE
:1072B000274818F0B4F8204612F0E4F93B461022B3
:1072C000314601A812F040FA05462DB114B120460E
:1072D000FFF748FE6FF0040501A81DF090FA13E0D7
:1072E0004FF4407101A81AF071FE1A4BCFE74FF42A
:1072F000806101A81AF06AFE174BC8E7FFF756FE37
:10730000044620B96FF00B05284609B0F0BD0121F5
:10731000069001A802911AF059FEBAE7FFF746FE5F
:1073200004460028EED0012302930A4B069040F257
:10733000013101A81AF04AFE0493AAE76FF0040590
:10734000E2E700BF00444004002480001ED904008E
:10735000D4780400008144050002C00308B501216F
:10736000034A04481AF01EFF6FF00A0008BD00BF70
:1073700074D9040094780400F7B500260D4607463A
:1073800002210DF10600ADF806600CF025FABDF8FB
:10739000064040F2E730B4FBF5F3314605FB1344F9
:1073A00047F612251434A4B24FF47A720023E5FB99
:1073B0000401EAF713F802460B4607F120000FF02C
:1073C000CBFA041E07DA2246044905481AF028FFC2
:1073D000204603B0F0BD3446FAE700BF96D904005A
:1073E0009478040030B404460D462488184664BAE4
:1073F0000299A3B202921DB1024A30BC16F07EBBC4
:10740000014AFAE7BBD90400CBD90400074BD3E803
:10741000AF2FD20708D539B1D3E8EF1F41F0800173
:10742000C3E8E21F002AF7D100207047A00A00201D
:107430002DE9F84300AF3D6A0446D5F800800E46BA
:107440009146B8F1000F4FD183682BB11860806866
:107450002A4920300FF03CF94FF6FF72238A9845F5
:107460001EDB274B61681B68DB68F31A1B110B706E
:1074700062682449B9F1000F39D0F368E31ADB10D0
:107480004B435370236A0C3353F8042C72B92A60AF
:10749000636A4BB39B683BB320469847286023E060
:1074A000E36823F8182008F10108D7E753F80C1C0B
:1074B00020888AB2824203F10C03E5D063886C46CF
:1074C0008AB06A46C2E9073105230F4EC2E905605A
:1074D00042F8103F00234FF421510C48F2F772F9A3
:1074E0006FF01503A5462B60BD46BDE8F883B36871
:1074F000E31ADB104B435370CAE700BF957A0200D2
:10750000FC6C0020CDCCCCCCDBD9040094780400FA
:107510002DE9F0418AB0154642680446538802AF0F
:10752000002B00F00381D90731D54FF0000823F07C
:1075300001035380018A43464FF6FF708B426BDB99
:10754000142307F10C060093294633468E4A6068DF
:10755000FFF748FFB8F1000F6DD0394630464FEACB
:107560004802F2F7C1FC90B1E84688B002AA874B06
:10757000C2E905364FF400739383854B42F8103F00
:1075800000234FF4E2518348F2F71CF9C5466268C4
:1075900053889E0740F18F80002623F0020353801A
:1075A0003346218B8B424ADB1423009329467A4AC7
:1075B000606807F10C03FFF715FF002E4CD0394629
:1075C000720007F10C00F2F78FFCA0B16E4688B094
:1075D00002AA6E4B536107F10C0393614FF40073E1
:1075E00093836B4B42F8103F00234FF4E2516948FC
:1075F000F2F7E8F8B546E369186890BB142329460A
:10760000664A009307F10C036068FFF7EBFE07F191
:107610000C0017F0EAFF38E0E26832F8132001337B
:1076200082421FBF07F1200606EB480626F8202CF1
:1076300008F1010882E7304617F0D7FF93E7626947
:1076400032F8132032B107F1200000EB460020F899
:10765000202C01360133A5E707F10C0017F0C5FF18
:10766000B3E7394603F0D0F91423294600934B4A77
:1076700007F10C030028C7D16068FFF7B3FE0222B0
:10768000394607F10C00F2F72FFCA0B16E4688B026
:1076900002AA3E4B536107F10C0393614FF4007350
:1076A00093833B4B42F8103F00234FF4E25139489B
:1076B000F2F788F8B5466268538858072BD523F04F
:1076C000040353800023C7E900333B81142307F1EF
:1076D0000C06009329463346314A6068FFF782FE64
:1076E000A3680BB19A882ABB304617F07EFF90B191
:1076F0006D4688B002AA254BC2E905364FF40073E7
:107700009383234B42F8103F00234FF4E25121486A
:10771000F2F758F8AD4662685388990606D523F00B
:1077200020035380636A20461B6998472037BD4673
:10773000BDE8F0813A809A89C2F30B027A80DA8937
:10774000BA80FA88198A22F47F62C1F30B0122F011
:107750000F020A43FA805A7BF979C2F3001262F3EE
:107760000411F9719A8882F40042B2F5804F04D274
:10777000986807F1080103F047F90A2239463046B4
:10778000F2F7B2FBB3E700BF20DA040025DA040009
:1077900003000001947804003EDA040042DA040099
:1077A00047DA04002DE9F34706460F4600254FF05F
:1077B0002809DFF864A0DAF800309A68AA4202D8F3
:1077C00002B0BDE8F0874FF00008DC6804EB051458
:1077D000A379434506DC4FF00008E37943450EDC0E
:1077E0000135E8E7B5FA85F3A068002209FB080037
:1077F000214600975B09B04708F10108E8E7B5FAB0
:1078000085F3E068012209FB0800214600975B0927
:10781000B04708F10108E0E7FC6C00202DE9F74FC4
:1078200004463F4B01911F6801AA39881AF0CBFC2E
:107830002046798801AA1AF0C6FC2046B98801AA18
:107840001AF0C1FC0A21204601AA1AF0BCFC07214B
:10785000204601AA1AF0B7FC4FF000084FF0020AC8
:107860004FF02809BB68434501D8002022E0FD689D
:10787000019E05EB0815AA79EB7902321AFB032366
:10788000B6EB430F4FEA430B05D3A6EB0B0601966D
:1078900008F10108E6E7204618F07EFAC6F1040672
:1078A0005E44B04209D21F4801211F4A1AF07AFCF7
:1078B0006FF0060003B0BDE8F08F2046A98801AA4A
:1078C0001AF081FC2046A97901AA1AF0AEFC2046E4
:1078D000E97901AA1AF0A9FC0026AB799E4215DBD2
:1078E0000026EB799E42D3DA09FB06F3E9682046CD
:1078F00001EB030B01AAC95A1AF065FC2046BBF83C
:10790000021001AA1AF05FFC0136EAE709FB06F350
:10791000A9682046C95A01AA1AF055FC0136DCE7CD
:10792000FC6C0020947804004BDA040083682BB3CD
:10793000187C8209022A18D0032A1BD0012A0ED0F3
:10794000642210FB02F05A7B520618D5B8B15B7C5A
:1079500003F00F0318416428B8BF642070474FF448
:107960007A7200F03F005043EDE742F2107200F0EF
:107970003F00F8E7024A00F03F00F4E7184670477E
:10798000C02709002DE9F0410D468E681AF00CFC65
:107990007469AB680146071B587C0F2838D932221E
:1079A000DB7B4FEAD30C0CFB022203F0070301330D
:1079B000A3EB10135A432BD0974240D3224A022103
:1079C00022481AF0EFFBB37CDA0704D50221204AE3
:1079D0001E481AF0E7FBAB68DA7B3223D20802FBC1
:1079E000033347F6122640F2E730002123EAE3741E
:1079F0004FF47A720023C4FB0601E9F7EFFCAD688F
:107A0000024620352846BDE8F0410B460EF034BF53
:107A10002846FFF78BFF0246A0B187420FD3022111
:107A20000C4A0A481AF0BEFBB37CDB0701D40123E1
:107A3000D7E70221084A05481AF0B4FBF7E7631AB2
:107A40009B18CED1BDE8F08168DA04009478040078
:107A50008DDA0400C1DA0400F1DA040038B5044616
:107A60000D460246044905481AF0DAFB294620462D
:107A7000BDE83840FFF786BF21DB0400947804009E
:107A8000034B42681B681078DB6803EB00107047FB
:107A9000FC6C0020F0B530F81C3C0446ABB0002B69
:107AA00055D04E4BD3E8AF3F5A07C3F380064ED4B0
:107AB00010F80F3C0F2B1DD9F03300F80F3C14F9D0
:107AC000133C50F8200C002B43DA54F8042C002A05
:107AD0003FD08368597CDB7B03F00703B3EB111FB6
:107AE00037D09047A8B354F8201C2BB0BDE8F04025
:107AF000FFF748BF10F8112C02F0070262F30713DA
:107B000000F80F3C50F8043C93B150F8200C984713
:107B100005461AF049FB44F80C0C4DB114F80F3C23
:107B200066F3071304F80F3C284654F8201CDCE7E2
:107B300014F80E3CDB070CD51E21A4F12000FFF742
:107B40001BFC30B914F80F3C103304F80F3C2BB079
:107B5000F0BD4FF4F0020CABCDE9022354F8206CD9
:107B600007AFB56814220021384601931FF03CF896
:107B7000AB893046C3F30B03ADF81E30AB88ADF8CC
:107B80002030AB680993AB7B8DF82C300023CDE916
:107B900005730493FFF774FF03689DF81B201B888F
:107BA00001A8ADF818306B7BC3F3001363F3000238
:107BB000AB698DF81B209A88196818F0F5F83346E0
:107BC000074A01A904A803F011FD05460028BED00C
:107BD0000246044904481AF023FBA5E7A00A002046
:107BE000C48604003BDB04009478040038B5124CD2
:107BF0002468A568A94206D30A46104910481AF01D
:107C00000FFB002038BDE46804EB011150B1C879C6
:107C1000904201D80B49F1E7C86802EB820300EB00
:107C2000C300EFE78879904201D80749E6E7886802
:107C300002EB8203F3E700BFFC6C002056DB04007C
:107C4000947804006FDB04008DDB04002DE9F04F15
:107C500087B002AF0546924699460C46D7F838B031
:107C600059B90121994A9A481AF09CFA6FF0010417
:107C700020461437BD46BDE8F08F10220021204673
:107C800015F068FFC0F307265FFA80F842462846E1
:107C90003146FFF7ABFF054640B9012133468D4A17
:107CA0008B48CDF8008017F0C4FBDFE7394620464B
:107CB00017F0C3FC38680028D3D0002117F0BDFCB2
:107CC00003280446D7F8008069D0042840F0EA80F1
:107CD0000246814940461EF09FFFD0B94FF6FF7320
:107CE0002A8A904204DBBAF1000F06D10024BFE7D4
:107CF000EA6822F810300130F2E7E968520058468D
:107D0000C847041EF2DA2246744971481AF088FA0C
:107D1000AEE72246404672491EF07EFF064600BB93
:107D2000EB691860BAF1000FE0D007F104080222F5
:107D300041465846C847041EE5DBB1466408A145E4
:107D4000D4D038F81900D5F81CA002F04FFE4AF83C
:107D50002600EB6953F8263003B1013609F1010919
:107D6000EDE7224640465F491EF056FF04460028D4
:107D700040F098804046391D17F05FFC6B6A002B7D
:107D80003FF476AF1E68002E3FF472AFCDF800B01E
:107D90004B46524628467968B047044668E7024693
:107DA000514940461EF038FF014658B92C8B68698E
:107DB000640022461EF018FFBAF1000F96D022464A
:107DC00069699CE72246404648491EF025FF044663
:107DD000002867D1AB683BB90221454A3C481AF0FC
:107DE000E1F96FF0150443E7BAF1000F18D198805C
:107DF000AB689A8960F30B029A81AB685A7B60F397
:107E000004125A73AB689873AB681874AB68D87374
:107E1000AB685A7C60F307125A74AB68986027E726
:107E20000A23594648463A1D04F004FC064630B180
:107E30000121304A26481AF0B5F9344618E7BB88C4
:107E400083F40043B3F5804F04D2B889AE6802F0E2
:107E5000CDFDB060AB68BA889A80AB68F9889A8922
:107E600061F30B029A81AA68FB7A517BC3F300137A
:107E700063F304115173AB683A7A9A73AB68BA7AB8
:107E80001A74AB687A7ADA73AA68FB7A517CC3F306
:107E9000030363F303015174AB685A7C6FF3071259
:107EA0005A74E5E66C4688B002AA134BC2E905385D
:107EB0004FF400739383114B42F8103F00234FF4AB
:107EC000E4510348F1F77EFCA546CFE6B6B20400C4
:107ED00094780400A8DB040020DA0400D7DB040057
:107EE00042DA040071C104003EDA040047DA0400FB
:107EF000F6DB040018DC040032DC0400030000019F
:107F000037B505460748D0E8AF4F14F0010006D05A
:107F10000093002013460A462946FFF797FE03B058
:107F200030BD00BFA00A002037B505460748D0E89D
:107F3000AF4F14F0010006D00093012013460A460B
:107F40002946FFF783FE03B030BD00BFA00A002022
:107F500007B568B183685BB1074B01A918600023BE
:107F600006480193FFF71EFC019803B05DF804FB7F
:107F70006FF01500F9E700BFFC6C002031740200BF
:107F800030B5084B1880084B196800238C68C2185C
:107F90009C4292B200D830BDCD681C012C590133EF
:107FA0002280F3E7107B0020FC6C002000231846A1
:107FB00010B5074A1380074A12689168994200D8A1
:107FC00010BDD4681901615801330880F5E700BF7E
:107FD000107B0020FC6C0020014B1888704700BF0C
:107FE000107B002003B2002B0CDD074B1968CA6818
:107FF000896813681B88C31A9BB28B4202D202EBBA
:108000000310704700207047FC6C00202DE9F84FEA
:1080100003B2002B01460DDC4FF0000928271D4B51
:10802000D3F800A0DAF808801FFA89F5454508D38F
:10803000002004E0FFF7D6FF003818BF0120BDE89C
:10804000F88F0026DAF80C3003EB051595F806B02A
:108050005E450BDB002695F807B05E4510DB00247B
:1080600009F10109002CDFD00120E8E7AC6807FB2B
:10807000064420461AF050F80028F1D10136E7E70F
:10808000EC6807FB064420461AF046F80028E7D1C2
:108090000136E2E7FC6C0020014B1B68187A704740
:1080A000FC6C00202DE9F0470C4649880746154630
:1080B0001E46DDF820901AF018F940B3E37BC3B1F7
:1080C000B4F804804046FFF7A1FF20B10FFA88F80A
:1080D000B8F1000F0DDC3846FFF7D2FC03682946E3
:1080E0001A8820463346CDF82090BDE8F04709F0C5
:1080F00087B83846FFF7C4FC036829461A8820462B
:108100003346CDF82090BDE8F0471AF0D6B80A46BD
:10811000034804491AF084F86FF01500BDE8F087B1
:108120009478040048DC040010B58468002C3ED02C
:10813000A388002B3ED0A3690BB19B883BB91F4895
:1081400001211F4A1AF02EF86FF0150010BD742B94
:1081500007D91A4801211B4A1AF024F86FF0790058
:10816000F4E7637C0F2B04D90221174A13481AF055
:1081700019F8E37B627C03F00703013363F3071212
:1081800062741AF011F8A37C6061DB0707D4002247
:10819000002304F120000EF0DFFB0020D6E74FF4AF
:1081A000F0712046FFF7E8F80028F0D1F5E76FF00E
:1081B0008500CBE76FF07C00C8E700BF947804002F
:1081C00069DC040080DC0400A6DC0400014B1868B4
:1081D000704700BFFC6C00201FB5002304460068F8
:1081E000ADF80C1001AA0549019302901AF0BFF8EE
:1081F000029B0198236004B010BD00BF3B21040026
:108200001FB500230446006801AACDE90201044914
:1082100001931AF0ACF8029B0198236004B010BDE2
:10822000652104002DE9F7439846D2E90235B8F5F7
:10823000803F07463CBF1D4690790E4638BF4FF041
:10824000FF324FF0000324BFD0791FFA88F2D9B271
:10825000884203D8032003B0BDE8F083511C02D04C
:1082600029888A4204D1D5F82090D9F8081011B98C
:1082700001332835EBE7D9F80010884567D009F1BC
:108280000C09F2E7B7F90620FB88002AB9680195C6
:108290001ADD334A11686A68C968127812018A586F
:1082A0001488E31A5C425C41002C4ED0D9F80430AB
:1082B000B288002B2BDB93422ED9424629492A480B
:1082C00019F0AEFF0420C6E783F40042B2F5804FF8
:1082D00006D201A8FFF794FF041E18BF0124E3E7AC
:1082E00003F5804292B2B2F57C5F07D36A681478D6
:1082F00003F5807292B2FE2A05D824B1194601A86E
:10830000FFF76AFFE8E7B4FA84F46409CCE7DA42DD
:1083100002D042461549D2E701233046FB7317F0DD
:1083200037FDD9F808300446324639462846B6F8B3
:1083300004809847003818BF0120B368A6F804806D
:1083400013FA84F43460800085E7012083E728462F
:10835000798819F0CAFF002894D102207BE700BF7A
:10836000FC6C0020C8DC040094780400ECDC040001
:108370002DE9F0470B6806461B780C469A09022A3D
:108380002CD0032A33D07F2B0DD1314A0121314823
:1083900019F008FF0221304A2E4819F003FF032785
:1083A0003846BDE8F087084617F0CFFC0546DFF8F1
:1083B000AC90B6F90610D9F800300029F2889F6811
:1083C00042DDD86803681988511A89B2B9421DD3B1
:1083D0002349204819F024FF0127E1E78B88012B6E
:1083E00001D8204AD2E7084617F0BFFCDEE78B88A9
:1083F000022B01D81C4AC9E7084617F0A6FC05461F
:10840000204617F0AAFC40EA0545D0E700EB011230
:108410002B4621463046BDE8F047FFF703BFC96849
:108420002B4601EB021230462146FFF7FBFE0028E7
:1084300008BF002708F10108D9F800101FFA88F2D8
:108440008B689342EBD8ABE74FF000080427F3E7C3
:1084500013DD04009478040071DD0400FC6C00203E
:1084600089DD040027DD04004CDD04000021014803
:10847000FFF798B9117502002DE9F74331F080013B
:10848000054605D1114603B0BDE8F043FFF7C6B974
:10849000012954D14FF000082A4B01921F68BB6894
:1084A000434501D800201FE0FB68019C03EB081343
:1084B0009E79DB794FEA08191E440236B44204D390
:1084C000A41B019408F10108E9E7284617F064FCB1
:1084D000C4F104043444A04209D21B4801211B4AC0
:1084E00019F060FE6FF0060003B0BDE8F083FB6892
:1084F00028464B44997901AA19F097FEFB68284653
:108500004B44D97901AA19F090FE0024FB684B4432
:108510009B799C420CDB0024FB684B44DB799C423A
:10852000D0DA0021284601AA19F07FFE0134F3E7D2
:108530000021284601AA19F078FE0134E6E76FF021
:108540001500D1E7FC6C0020947804004BDA04009D
:1085500070B50B460546868829B1012903D06FF016
:108560000104204670BD09482A46094950F83300E5
:10857000F1F70AFD044628B102460649064819F0FB
:108580004FFEEEE7AB88B342EBD1E8E7CC860400C0
:10859000EB210400A0DD04009478040013B5194811
:1085A00017F023F830B1002300900121164A174834
:1085B00016F03FFF164817F018F830B1012300906D
:1085C0001946114A114816F034FF124CD4E8EF3F17
:1085D00023F08003C4E8E23F002AF7D10E4817F0E9
:1085E00004F8024618B10D49084819F019FED4E8FC
:1085F000EF3F23F40073C4E8E23F002AF7D102B052
:1086000010BD00BFC4DD0400D2DD04009478040076
:10861000ECDD0400A00A0020FADD04000BDE0400FB
:1086200000210148FFF7BEB84522040008B517F045
:108630008CFB80280DD90B4BD3E8AF3F1A060ED424
:10864000084BD3E8AF3F13F0800F0CBF0120802010
:1086500008BD0306F4D4003818BF0120F8E78120D4
:10866000F6E700BFA00A002007B5012AADF8060012
:1086700004D104480DF10601FFF794F803B05DF84A
:1086800004FB00BFB9280400F0B517464FF42022C0
:108690001E4689B002AB04460D4605A848F21701F4
:1086A000CDE90623059319F083FE9DF8381005A83F
:1086B00017F086FB394605A817F089FB314605A857
:1086C00017F07EFB002329462046009305AAFFF7FA
:1086D000E9FC20B10121034A034819F0FDFE002006
:1086E00009B0F0BD6ADE0400C4780400F0B5174696
:1086F0004FF420221E4689B002AB04460D4605A861
:1087000048F24801CDE90623059319F051FE394698
:1087100005A817F055FB314605A817F058FB9DF842
:10872000381005A817F04CFB00232946204600937B
:1087300005AAFFF7B7FC20B10121034A034819F04D
:10874000CBFE002009B0F0BD92DE0400C478040026
:10875000F0B516461F464FF4102289B002AB04460E
:108760000D4605A848F24401CDE90623059319F00A
:108770001FFE394605A817F023FB314605A817F060
:1087800026FB002329462046009305AAFFF78AFC12
:1087900020B10121034A044819F09EFE002009B0CF
:1087A000F0BD00BFB6DE0400C47804002DE9F0433C
:1087B00017464FF470221E468BB006AB04460D469A
:1087C00003A848F21F01CDE9042303939DF85090BC
:1087D000DDF84C8019F0ECFD394603A817F0F0FAEB
:1087E000314603A817F0F3FABDF8481003A817F0B4
:1087F000EEFAB9F1000F17D0042103A8F3F71AFA23
:10880000D8F800300360002329462046009303AACD
:10881000FFF748FC20B10121074A084819F05CFE27
:1088200000200BB0BDE8F083022103A8F3F702FAA1
:10883000B8F800300380E6E7D3DE0400C478040013
:108840002DE9F04F92464FF4A0128BB09DF858B02E
:1088500005460E4602A848F21901994605ABCDE936
:10886000032302939DF85080159C179F19F0A0FDDB
:10887000594602A817F0A4FA514602A817F0A7FA21
:10888000BBF1000F21D0072102A8F3F7D3F9002391
:108890000360C0F80330B8F1000F38D0042102A8FB
:1088A000F3F7C8F93B68036000233146284600937C
:1088B00002AAFFF7F7FB20B10121184A184819F066
:1088C0000BFE00200BB0BDE8F08F494602A817F060
:1088D0007EFAA36802A85A7B9B89C2F30012C3F3F5
:1088E0000B0343EA0233C3F30C0117F070FAA368D9
:1088F00002A8997B17F064FAA36802A8197C17F004
:108900005FFAA36802A8D97B17F05AFAC3E70221DD
:1089100002A8F3F78FF93B880380C5E7FCDE04006B
:10892000C4780400F0B5064685B0104615460F46DB
:1089300017F013FA0446284617F007FAB4F5805FDB
:108940008DF80F0009D323460D4A0E48012119F076
:1089500097FD6FF0150005B0F0BD20460DF10F0139
:10896000FDF7B4F90B289DF80F3001D1064AECE76A
:108970000090224639463046FFF786FEEBE700BFFF
:1089800024DF0400C47804003FDF04007FB50546FF
:1089900010460E4617F0E1F9B0F5805F044609D3A2
:1089A000034601210A480B4A19F06AFD6FF01500D1
:1089B00004B070BD0DF10F0119F00DF822460090C2
:1089C000314628469DF80F30FFF75EFEF0E700BF06
:1089D000C478040024DF040070B50E464FF4302143
:1089E00088B002AB05461046CDE90613059317F093
:1089F000B4F903B2002B044608DC19480221194AD5
:108A000019F06AFD6FF0150008B070BD48F22E0134
:108A100005A819F0CDFC214605A817F0D8F90123C7
:108A200021461A464FF6FF7004F09AFD80B1642289
:108A3000416891FBF2F105A817F0DBF900233146FC
:108A40002846009305AAFFF72DFB18B90020DBE7A5
:108A50000146F0E70121044A014819F03DFDF5E720
:108A6000C478040062DF040083DF040001480DF0D5
:108A70003DBD00BFA0120020F7B5064610460F46C8
:108A8000154617F06AF9B0F5805F044609D303462E
:108A9000144A1548022119F0F3FC6FF0150003B0D9
:108AA000F0BD284617F051F90128054602D90346C2
:108AB0000E4AEEE701462046FDF73EF9042802463D
:108AC00003D100230093234605E00A2808D102239E
:108AD00000220093234639463046FFF707FEDEE7C3
:108AE0000095F0E724DF0400C4780400A9DF040047
:108AF0007FB5054610460E4617F02FF9B0F5805F9A
:108B0000044609D3034601210A480B4A19F0B8FC70
:108B10006FF0150004B070BD0DF10F0118F066FF85
:108B20009DF80F3002460093314623462846FFF752
:108B3000DDFDEFE7C478040024DF04004FF40022D9
:108B400030B589B003AB04460D4605A848F2430191
:108B5000CDE90623059319F02BFC0022012102A880
:108B6000FDF702F8022834BF0246012202A905A837
:108B700019F088FC002329462046009305AAFFF738
:108B800091FA20B10121034A034819F0A5FC002005
:108B900009B030BDC6DF0400C478040070B50646D5
:108BA00010460D4617F0D9F8B0F5805F04460ED296
:108BB0002A88824206D10C2329463046BDE87040FF
:108BC000FFF7C6BD18F0FDFE00232246F4E703467A
:108BD0000121034A034819F053FC6FF0150070BDE2
:108BE00024DF0400C47804002DE9F0410646104655
:108BF0000F46154617F0B1F8B0F5805F04460AD26B
:108C0000296818F0B0FE2246034639463046BDE8D2
:108C1000F041FFF79DBD03460121044A044819F0C5
:108C20002FFC6FF01500BDE8F08100BF24DF0400C9
:108C3000C47804002DE9F041064610460F4615465B
:108C400017F08BF8B0F5805F04460AD22968FDF76B
:108C50000FF82246034639463046BDE8F041FFF79B
:108C600077BD03460121044A044819F009FC6FF05E
:108C70001500BDE8F08100BF24DF0400C4780400C3
:108C80002DE9F04714464FF4F002A6B008AB814638
:108C90002046CDE9062305938A4617F05EF803B215
:108CA000002B054609DC30480221304A19F014FC3B
:108CB0006FF0150026B0BDE8F087204617F04DF89C
:108CC0000746204617F049F805AC064648F22C0145
:108CD000204619F06DFB2846FFF784F9C8B9012139
:108CE000204617F06DF82946204617F070F83946EF
:108CF000204617F06CF83146204617F068F800233C
:108D00002246514648460093FFF7CCF928BB002085
:108D1000D0E73246394619F000FB804608B90221F7
:108D2000DEE70021204617F04BF82946204617F0D1
:108D30004EF83946204617F04AF83146204617F0DB
:108D400046F80494D8F8043040461B78084903AA32
:108D5000ADF80C3019F00BFBD1E70121054A0248B0
:108D600019F0BAFBD3E700BFC4780400E1DF0400C8
:108D7000558E0200FCDF04002DE9F04314464FF449
:108D8000F002A7B008AB80462046CDE90623059344
:108D9000894616F0E2FF03B2002B054609DC29489C
:108DA0000221294A19F098FB6FF0150027B0BDE8A1
:108DB000F083204616F0D1FF05AC064648F22A01A2
:108DC000204619F0F5FA2846FFF70CF9A8B9012159
:108DD000204616F0F5FF2946204616F0F8FF3146EA
:108DE000204616F0F4FF00232246494640460093F1
:108DF000FFF758F9F8B90020D8E7314619F0A4FA7E
:108E0000074608B90221E3E70021204616F0D8FF03
:108E10002946204616F0DBFF3146204616F0D7FFE4
:108E200004947B6838461B78084903AAADF80C30D7
:108E300019F09DFAD7E70121054A024819F04CFBC9
:108E4000D9E700BFC4780400E1DF0400558E0200BA
:108E50002AE00400F8B5436804461A780B880E46E9
:108E60009A421CD00120F8BD63697068D95B16F086
:108E7000AEFF0135238BAB42F4DD63696F0033F83D
:108E80001530002BF5D0706816F086FF0528EBD85A
:108E900004480221044A19F01FFB0020E3E70025E3
:108EA000E8E700BFC478040051E0040030B50D4687
:108EB0004FF4002189B003ABCDE906131268059386
:108EC00013780446012B08D916480221164A19F0D6
:108ED000D7FA6FF0150009B030BD51781846FBF78E
:108EE0003FF848F2280105A819F062FAFBF79EF84E
:108EF000014605A816F064FFFBF7A2F8014605A895
:108F000016F05EFF002329462046009305AAFFF7CE
:108F1000C9F808B90020DEE70121044A014819F028
:108F2000DBFAF7E7C478040068E0040083E004009B
:108F30004FF4002230B589B003AB04460D4605A8B6
:108F400048F22801CDE90623059319F031FAFBF721
:108F50006DF8014605A816F033FFFBF771F80146DE
:108F600005A816F02DFF002329462046009305AAE8
:108F7000FFF798F820B10121034A044819F0ACFA30
:108F8000002009B030BD00BFA8E00400C478040090
:108F900070B514464FF4E02288B003ABCDE9062348
:108FA00005932368054618780E46FAF7BDFF48F288
:108FB000250105A819F0FCF9236805A8197816F011
:108FC000FFFE002331462846009305AAFFF76AF802
:108FD00020B10121034A044819F07EFA002008B0AC
:108FE00070BD00BFD4E00400C4780400F0B515469D
:108FF0004FF4E02289B003ABCDE9062305932B683B
:10900000064618780F46FAF747FF044648B12B6822
:1090100002211B780F4A104819F032FA204609B095
:10902000F0BD48F20E0105A819F0C2F92B6805A899
:10903000197816F0C5FE234639463046009405AA35
:10904000FFF730F80028E9D00121044A024819F05E
:1090500043FAE3E7FBE00400C47804001FE10400E6
:1090600070B514464FF4E02288B003ABCDE9062377
:109070000593236805461B780E46012B08D9134833
:109080000221134A19F0FCF96FF0150008B070BD09
:1090900003F00100FAF782FE48F20B0105A819F06F
:1090A00087F9236805A8197816F08AFE002331464F
:1090B0002846009305AAFEF7F5FF08B90020E5E76A
:1090C0000121044A014819F007FAF7E7C4780400BF
:1090D0004AE104006DE1040070B50E464FF4302102
:1090E0008AB004AB05461046CDE90813079316F085
:1090F00034FEB0F5805F044609D3034601212048C1
:10910000204A19F0BDF96FF015000AB070BD07A82C
:1091100048F2020119F04CF9204618F01DFC88B9FC
:10912000042107A816F04CFE214607A816F04FFEB2
:10913000002331462846009307AAFEF7B3FFC0B9C3
:109140000020E2E7002107A816F03AFE214607A812
:1091500016F03DFE012203A900232046FDF76EF91B
:10916000022834BF0246012203A907A819F08AF990
:10917000DEE70121044A024819F0AEF9E0E700BF3A
:10918000C478040024DF04009AE104000121024AAB
:10919000024819F0A1B900BFB5E10400C478040089
:1091A0004FF4C02230B589B003AB04460D4605A884
:1091B00048F24A01CDE90623059319F0F9F8002396
:1091C000294600932046054B05AAFEF76BFF08B120
:1091D000FFF7DCFF002009B030BD00BFDC860400D3
:1091E00008B50121034A044819F076F96FF015001B
:1091F00008BD00BFD6E10400C47804000121024A82
:10920000024819F069B900BF0BE20400C4780400F9
:1092100038B5136804461B780D46012B08D818464C
:10922000FAF75EFE29462046BDE8384019F088B9B5
:109230000221034A034819F023F96FF0150038BDE5
:1092400028E20400C478040008B501210346044A5A
:10925000044819F015F9BDE8084003480DF046B977
:1092600044E20400C4780400A01200202DE9F04379
:1092700014464FF488128DB007ABCDE90523049353
:10928000A388074623F002039BB2042B884609D02B
:1092900035480121354A19F01FF96FF079000DB0FA
:1092A000BDE8F083204616F058FD03B2002B0646B9
:1092B00007DC2D4802212E4A19F00EF96FF0150037
:1092C000EDE7D4F80090FEF78DFE054658BBA38865
:1092D00001241A1F534253418DF80F309DF80F306F
:1092E00063B348F24E0104A819F062F8214604A8BD
:1092F00016F066FD314604A816F069FD04224946C1
:1093000004A816F051FD25B12A8AE96804A819F0CD
:10931000B9F8002341463846009304AAFEF7C2FE7E
:10932000D8B90020BBE721460DF10F0219F031F941
:10933000B0FA80F4640905466400CFE748F24C01B6
:1093400004A819F035F8214604A816F039FD314675
:1093500004A816F03CFD0222D1E70121054A02488B
:1093600019F0BAF8DDE700BFC47804006EE204002B
:10937000E1DF0400A8E204002DE9F04393880646EB
:1093800023F002039BB2042B0F46914687B009D00D
:1093900021480121214A19F09FF86FF0790007B0A8
:1093A000BDE8F083104616F0D8FC03B2002B05464A
:1093B00007DC194802211A4A19F08EF86FF01500DF
:1093C000EDE7D9F80080FEF70DFE044648B9B9F87C
:1093D00004301A1F5342534101228DF8173023469F
:1093E0000AE049460DF1170219F0D3F8044678B1A6
:1093F00083687BB100229B88CDE902289DF8172065
:109400003946009230462A460194FFF719FAC6E71A
:109410000222E4E70722EFE7C47804006EE20400CA
:10942000E1DF04002DE9F0419388064623F00203B2
:109430009BB2042B0F46144686B009D02148012167
:10944000214A19F049F86FF0790006B0BDE8F081C3
:10945000104616F082FC03B2002B054607DC1948C3
:1094600002211A4A19F038F86FF01500EDE7D4F828
:109470000080FEF7B7FD90B9A3881A1F53425341ED
:1094800001228DF817309DF817303946CDE9018358
:109490000023304600932B46FFF788F9D5E7214695
:1094A0000DF1170219F075F8044640B10022084981
:1094B00018F05DFF204618F067FF0022E3E7022264
:1094C000E1E700BFC47804006EE20400E1DF0400BD
:1094D000772404002DE9F04393880746062B88463D
:1094E000144687B00BD0082B09D02A4801212A4AFC
:1094F00018F0F2FF6FF0790007B0BDE8F083204666
:1095000016F02BFC03B2002B054607DC2148022194
:10951000224A18F0E1FF6FF01500EDE7204616F043
:109520001CFC06462846D4F80090FEF75BFD88B97F
:10953000A3881A1F534253418DF8173001229DF81A
:1095400017304146CDE9019338462B460096FFF788
:109550002DF9D1E721460DF1170219F01AF804464A
:1095600098B143F6FE7206F580439BB29342E5D86C
:10957000038B63B100220A4918F0F9FE63692046A3
:109580001E8018F001FF0022D9E70222D7E705224A
:10959000D5E700BFC47804006EE20400E1DF0400F8
:1095A000772404002DE9F0479388064623F0020350
:1095B0009BB2142B0F46924686B009D03248012147
:1095C000324A18F089FF6FF0790006B0BDE8F087E5
:1095D000104616F0C2FB03B2002B054607DC2A48F2
:1095E00002212B4A18F078FF6FF01500EDE71021EB
:1095F0005046F2F705FB80462846DAF80090FEF761
:10960000F1FC0446A0B94FF00108BAF804301A1F63
:10961000534253418DF813309DF813304246CDE943
:10962000019339462B4630460094FFF7BFF8CCE74C
:1096300051460DF1130218F0ACFF8246E0B1048BE5
:10964000F4B1404605A901F017F98046B0B90246C9
:109650001049504618F08BFE059ADAF814305288FB
:1096600050461A80059BDAF81C200433136018F06A
:109670008BFE059B5C88CFE74FF002080024CBE708
:109680004FF00508C8E700BFC47804006EE204008C
:10969000E1DF0400772404002DE9F04793880646B3
:1096A00023F002039BB2142B0F46924686B009D0DA
:1096B00038480121384A18F00FFF6FF0790006B0E2
:1096C000BDE8F087104616F048FB03B2002B0546B4
:1096D00007DC30480221314A18F0FEFE6FF0150019
:1096E000EDE710215046F2F78BFA81462846DAF86A
:1096F0000080FEF777FC044698B9BAF8043005906C
:109700001A1F5342534101228DF813309DF8133034
:109710003946CDE9018330462B460094FFF746F8E1
:10972000CDE751460DF1130218F033FF04460590C2
:1097300070B3484601F048F9044610B90C220024E1
:10974000E4E700F1040A514605A8FEF759FD002898
:10975000F4D00023059AB2F818C0634509DA5169BC
:10976000B4F802E031F81390F1450FD1002221F84E
:1097700013204FF00009C0F80090059818F004FE7F
:109780005046648801F0B8F84A46BFE70133E4E781
:109790000222BBE7C47804006EE20400E1DF0400AB
:1097A0002DE9F0479388064623F002039BB2142B61
:1097B0000F46924688B009D041480121414A18F02D
:1097C0008BFE6FF0790008B0BDE8F087104616F008
:1097D000C4FA03B2002B054607DC394802213A4A95
:1097E00018F07AFE6FF01500EDE710215046F2F701
:1097F00007FA81462846DAF80080FEF7F3FB0446B4
:10980000A8B94FF00109BAF8043007901A1F534263
:1098100053418DF817309DF817304A46CDE9018342
:1098200039462B4630460094FEF7C0FFCBE7514641
:109830000DF1170218F0ADFE0446079000283CD049
:10984000484606A901F018F8814610BB069907A8FA
:109850000431FEF7D5FC30B10698043001F04CF825
:10986000069B5C88D7E7494607A8FEF7C9FC50B1BC
:109870004B460799B1F818C063450CDB0022069BE4
:1098800092B9181D01E00698043001F035F84FF048
:1098900005090024BFE74C6904EB430234F8134088
:1098A000002CECD00133E7E75B881380069B043380
:1098B0000360079818F068FDD2E74FF00209AAE7A5
:1098C000C47804006EE20400E1DF04002DE9F043F7
:1098D00093880746062B8846144687B00BD0082B82
:1098E00009D029480121294A18F0F6FD6FF07900C6
:1098F00007B0BDE8F083204616F02FFA03B2002B24
:10990000054607DC20480221214A18F0E5FD6FF0EA
:109910001500EDE7204616F020FA06462846D4F852
:109920000090FEF75FFB90B9A38805901A1F534281
:1099300053418DF8133001229DF813304146CDE993
:10994000019338462B460096FEF730FFD0E72146BC
:109950000DF1130218F01DFE059090B143F6FE7252
:1099600006F580439BB29342E5D8314605A8FEF741
:1099700033FC20B100230380059818F005FD002278
:10998000DAE70222D8E700BFC47804006EE20400E0
:10999000E1DF04002DE9F04393880746062B884653
:1099A000144687B00BD0082B09D02C4801212C4A33
:1099B00018F092FD6FF0790007B0BDE8F083204603
:1099C00016F0CBF903B2002B064607DC2348022130
:1099D000244A18F081FD6FF01500EDE7204616F0DF
:1099E000BCF905463046D4F80090FEF7FBFA90B972
:1099F000A38805901A1F534253418DF8133001225A
:109A00009DF813304146CDE9019338463346009521
:109A1000FEF7CCFED0E721460DF1130218F0B9FD98
:109A20000590B0B143F6FE7205F580439BB29342B8
:109A3000E5D8294605A8FEF7CFFB014638B905A8A9
:109A4000FEF7CAFB38B10580059818F09DFC00228E
:109A5000D6E70222D4E70522D2E700BFC47804008B
:109A60006EE20400E1DF04000121024A024818F01E
:109A700033BD00BFD6E20400C47804000121024ACD
:109A8000024818F029BD00BF04E30400C4780400B4
:109A900070B5136805461B780E46012B14460ED888
:109AA0001846FAF7BDF923681B7813B1002017F0A8
:109AB00065FD31462846BDE8704018F0ADBD022175
:109AC000034A044818F0DCFC6FF0150070BD00BFBD
:109AD00025E30400C47804000121024A024818F07A
:109AE000FBBC00BF1FE10400C47804000121024A4E
:109AF000024818F0F1BC00BF6DE10400C478040016
:109B00002DE9F04714464FF470228AB006ABCDE938
:109B100004230393A3880746062B88460BD0082B03
:109B200009D040480121404A18F0D6FC6FF0790076
:109B30000AB0BDE8F087204616F00FF903B2002BFB
:109B4000064607DC37480221384A18F0C5FC6FF09A
:109B50001500EDE7204616F000F905463046D4F82A
:109B60000090FEF73FFAD0B9A3881A1F5342534121
:109B70008DF80B3001233246CDE900399DF80B10EA
:109B80002B4603A818F0B0FD002341463846009349
:109B900003AAFEF787FA00283ED10020C8E7214635
:109BA0000DF10B0218F0F5FC824688B343685C881F
:109BB00014F0100406D001211D4A1A4818F08CFC3C
:109BC0000D23D8E72846FCF731FC18B3BAF810206B
:109BD000944206DB00234FF6FF709A4209DC05230E
:109BE000C9E7DAF80C3033F81430AB420CD001344A
:109BF000EEE7DAF80C1031F81340844206D15046F3
:109C000021F8135018F0B8FB0023B4E70133E4E760
:109C10000223B0E70323AEE70121064A014818F00A
:109C20005BFCBAE7C47804006EE20400E1DF0400E4
:109C300045E3040077E304002DE9F04314464FF4B4
:109C400070228BB006ABCDE904230393A3880746AB
:109C5000062B88460BD0082B09D027480121274A1C
:109C600018F03AFC6FF079000BB0BDE8F0832046A5
:109C700016F073F803B2002B054607DC1E480221DC
:109C80001F4A18F029FC6FF01500EDE7204616F08A
:109C900064F806462846D4F80090FEF7A3F9C8B940
:109CA0000120A3881A1F534253418DF80B303346CD
:109CB0002A46CDE900099DF80B1003A818F014FD01
:109CC000002341463846009303AAFEF7EBF968B932
:109CD0000020C9E721460DF10B0218F05AFC18B11B
:109CE000314618F0B9FDE2E70220E0E70121054A1C
:109CF000014818F0F1FBEBE7C47804006EE20400C1
:109D0000E1DF0400A5E304002DE9F04F93888146CC
:109D100023F002039BB2192B8A4614468BB009D05C
:109D200041480121414A18F0D7FB6FF079000BB090
:109D3000BDE8F08F104616F010F803B2002B06466F
:109D400007DC02213A4A384818F0C6FB6FF01500CC
:109D5000EDE710212046F1F753FF8346204615F02A
:109D6000FCFF8046204615F0F0FFA0F18003DBB237
:109D70007E2B074606D8034601212E4A2A4818F0B2
:109D80007FFBE3E7204615F0E0FF0690204615F044
:109D9000DCFF2368079030460593FEF723F905465C
:109DA000B0B9A3884FF0010B04461A1F5342534128
:109DB0008DF82330059B3246CDE902B39DF8233060
:109DC00051460093484623460195FEF739FDAEE71C
:109DD00021460DF1230218F0DCFB0546F0B1584690
:109DE00009A900F049FD8346E0B9099A079B548808
:109DF0000393069B2146CDE90173C8F3003300931A
:109E00002846C8F30B03043218F099FC8346002857
:109E1000D0D00998043000F06FFDCBE704464FF036
:109E2000020BC7E70024C5E7C47804006EE2040013
:109E3000E1DF0400D5E304002DE9F04F93888BB0F7
:109E40000B2B8A46144606900BD00D2B09D03648B2
:109E50000121364A18F040FB6FF079000BB0BDE8E5
:109E6000F08F204615F079FF03B2002B064607DC81
:109E700002212F4A2C4818F02FFB6FF01500EDE758
:109E8000204615F06AFF0746204615F066FF80461B
:109E9000204615F05AFFA0F18002D2B27E2A8146F8
:109EA00006D803460121234A1F4818F0E9FAE4E7DF
:109EB000204615F04AFF0790204615F046FF23681C
:109EC000834630460593FEF78DF80546A0B901207C
:109ED000A3881A1F534253418DF82730059B324601
:109EE000CDE902039DF827305146009306983B4682
:109EF0000195FEF7A5FCB1E721460DF1270218F008
:109F000048FB054670B1079B0022CDE90193C8F3D9
:109F1000003300933946CDF80CB0C8F30B0318F0AA
:109F20000EFCDBE70220D9E7C47804006EE20400EF
:109F3000E1DF0400D5E30400F0B50F464FF4F00173
:109F4000A5B006AB06461046CDE904130393FEF711
:109F50006DFB0546022103A818F02AFA294603A83A
:109F600015F02EFF1B4BD3E8AF3F1A061BD52B066F
:109F700019D4BDF812302946043B03A8ADF81230BD
:109F8000FEF7E6FA0446BDF812300433ADF812309D
:109F900084B101212B46104A1048009415F049FA6B
:109FA000204625B0F0BD0022294603A8FEF764FA3A
:109FB0000446EDE7234639463046009403AAFEF7EF
:109FC00071F80028ECD00121054A044818F084FA01
:109FD000E6E700BFA00A0020EEE30400C478040016
:109FE0000AE40400F0B517464FF420221C4689B05D
:109FF00002AB05460E4605A848F20301CDE906234B
:10A00000059318F0D5F9394605A815F0D9FEBDF825
:10A01000381005A841EA043189B215F0D8FEC4F31E
:10A02000071105A815F0CCFE002331462846009301
:10A0300005AAFEF737F820B10121034A034818F0BA
:10A040004BFA002009B0F0BD3CE40400C4780400E1
:10A05000F0B517464FF470221C468BB006AB054690
:10A060000E4603A80621CDE90423039318F0A0F9B6
:10A07000394603A815F0A4FE218803A815F0A7FE11
:10A080002788B7B9072103A8F1F7D4FD0760C0F806
:10A090000370002331462846009303AAFEF702F816
:10A0A00020B101211C4A1D4818F016FA00200BB0FF
:10A0B000F0BD618879B101290DD04FF6FE73994248
:10A0C00025D04FF6FF73994223D00139B1FA81F1BF
:10A0D000C1F12101C9B203A815F072FEE16821B1F6
:10A0E000B1FA81F1C1F12001C9B203A815F068FEEF
:10A0F000217903A815F064FEE18803A815F067FE36
:10A10000218903A8C1F30B0115F061FEC1E71121FC
:10A11000E1E7FF21DFE700BF63E40400C478040047
:10A1200070B514464FF470228AB006AB05460E4651
:10A1300003A848F23C01CDE90423039318F038F951
:10A14000002103A815F03CFE218903A815F03FFE6D
:10A15000618903A815F03BFE616821B1B1FA81F174
:10A16000C1F12001C9B203A815F02AFE4FF6FF7312
:10A17000A189994220D021B1B1FA81F1C1F1200128
:10A18000C9B203A815F01CFEA17B03A815F018FEA8
:10A19000E17B03A815F014FE002331462846009306
:10A1A00003AAFDF77FFF20B10121044A044818F0FB
:10A1B00093F900200AB070BDFF21E2E78FE40400AC
:10A1C000C47804002DE9F043064685B010461446D5
:10A1D0000F4615F0C2FD8046204615F0BEFD8146B3
:10A1E000204615F0B2FD1128054608D90346022184
:10A1F0001B4A1C4818F044F96FF0150526E02BD0D7
:10A2000040B30124431E9C40A4B222464946404626
:10A21000FCF7D6FB0028EFD16846FCF73DFCBDF803
:10A22000083003B115B97F238DF80E306A463946E0
:10A230003046FFF775FF054640B9BDF808302BB131
:10A24000BDF80A3013B10CB9FCF720FC284605B064
:10A25000BDE8F0830446D8E74FF48034D5E700BF6B
:10A26000BCE40400C478040030B5126885B01388DB
:10A270000D46ADF8003099B293780446112B45D0C5
:10A2800053B1FF2B17BF01204FF6FF7303F1FF33CC
:10A2900000FA03F318BF9BB2ADF80230D378112B4C
:10A2A00037D053B1FF2B17BF01204FF6FF7303F1D7
:10A2B000FF3300FA03F318BF9BB20393137981F4C1
:10A2C00000418DF80430B2F80530B1F5804FADF89B
:10A2D0000630B2F8070083B2ADF808002BD39178AE
:10A2E0001239C9B2EC2928D9D178112925D8127987
:10A2F00082F080017E290FD81346114A11480121AE
:10A3000018F0BEF86FF0150005B030BD4FF6FE73C3
:10A31000C2E74FF48033D0E7B3F5805F01D30A4A38
:10A32000ECE76846FCF7BAFA02466B462946204637
:10A33000FFF78EFEE8E70122F7E70F22F5E700BFFF
:10A34000D5E30400C478040024DF040000210148A0
:10A35000FDF728BAE12404004FF4E0222DE9F04390
:10A3600089B003ABCDE906230593436805465868D9
:10A370000F4618300DF0E4FE4FF47A760446894615
:10A3800005A848F2070118F013F8A4FB060147F6E8
:10A390001222002306FB0911E7F720F8B0FBF6F1C3
:10A3A0004FF00008C9B205A815F00AFD434639462A
:10A3B0002846CDF8008005AAFDF774FE20B10121E2
:10A3C000034A044818F0FBFA002009B0BDE8F08306
:10A3D000F2E40400FC78040010B50446104615F0C1
:10A3E000B4FC0F28034607D907480221074A15F095
:10A3F00016F86FF0150010BDA268517C60F30301E0
:10A4000051740020F7E700BFFC78040012E5040057
:10A4100038B5436804465D683DB90E4A0E480121CF
:10A4200018F0CDFA6FF0150038BD83680BB90B4AF0
:10A43000F4E70B4A0B49DA6105F108000CF048F922
:10A440002C6063681B780BB10020EDE7064B1D60A4
:10A45000FAE700BF2DE50400FC7804004FE5040096
:10A4600081A40200AD290400006D00200121024AF0
:10A47000024818F0A4BA00BF78E50400FC78040094
:10A480002DE9FF47D0F808904368D9F81850042107
:10A4900007462846D3F804A017F08AFF0121284672
:10A4A000F1F7C8FB022106462846F1F7C3FB044634
:10A4B000FDF78CFEDAF804308046002B40D01B6894
:10A4C000002B3DD0284615F067FC2A68DAF8041006
:10A4D000AB888DF80D000DF10D0000901344D1F8FC
:10A4E00000A0384631460DF10E02D047034670B148
:10A4F0000121164A164814F092FFB8F80030237074
:10A500001B0A6370002333708DF80D3009E0BDF82D
:10A510000E30284623701B0A9DF80D106370F1F76A
:10A5200089FB9DF80D300020003B18BF012399F8EE
:10A530000D2063F3861289F80D2004B0BDE8F08782
:10A540000221044A024818F03AFAD6E79CE50400D2
:10A55000FC780400BAE504002DE9FF411446436885
:10A560000F46064605211046D3F8048017F020FF59
:10A5700001212046F1F75EFB39460546204615F0DD
:10A5800026FCD8F804303BB35B682BB3204615F0AB
:10A5900003FC04382268D8F80410A3888DF80F0053
:10A5A0000DF10F0000901344D1F804802A4639467B
:10A5B0003046C047034638B101210A4A0A4814F020
:10A5C0002EFF00232B7004E020469DF80F10F1F7BA
:10A5D00031FB04B0BDE8F0810221044A024818F0C2
:10A5E000EEF9EEE79CE50400FC780400BAE504000F
:10A5F0002DE9F04314464FF4F002A5B006ABCDE9C7
:10A6000004230393436805462046D3F804900F467D
:10A6100015F09BFB8046204615F09FFBD9F80430CF
:10A6200006468BB1DB687BB1024641462846984717
:10A63000044648B1022103460E4A0F4814F0EFFECB
:10A64000204625B0BDE8F0833146284603AAFFF72F
:10A6500083FF002339462846009303AAFDF722FD15
:10A6600008B90024ECE70121044A034818F0A7F9CF
:10A67000F7E700BFD9E50400FC780400FFE504001B
:10A68000F0B50E464FF4F001A5B006ABCDE90413CA
:10A6900003934368044610465F6815F05EFB7B68D1
:10A6A00005467BB92946204603AAFFF755FF00233C
:10A6B00031462046009303AAFDF7F4FC58B9002068
:10A6C00025B0F0BD9B68002BECD001462046984792
:10A6D0000028E7D0F4E70121024A034818F06FF997
:10A6E000EDE700BFFFE50400FC78040030B50D463F
:10A6F0004FF4F001A5B006AB04461046CDE90413B3
:10A70000039315F02AFB03AA01462046FFF724FF16
:10A71000002329462046009303AAFDF7C3FC20B17D
:10A720000121034A034818F04AF9002025B030BD42
:10A73000FFE50400FC78040070B50C4638BB154BEF
:10A740001D6835B90221BDE87040134A134818F05E
:10A7500036B9286824B16B6813B11B6903B19847F7
:10A760004FF47A7347F6122640F2E73000215C433B
:10A770004FF47A720023E4FB0601E6F72FFE02464F
:10A780000B4605F10800BDE870400CF0E5B84368E1
:10A790005D68DFE7006D00202DE60400FC78040012
:10A7A0002DE9F041884616461F4686B0294BD3E86E
:10A7B000AF4F14F0010407D050B90121264A2748B1
:10A7C00014F024FE6FF00104204606B0BDE8F081CD
:10A7D0001022002113F0BEF90546B8F1000F06D192
:10A7E0001F4A02211D4814F011FE0024ECE7142337
:10A7F0003946304601AA01F01DFF044628B1012167
:10A80000184A164814F002FEDEE7BDF804600EB9DF
:10A81000154AE6E7ADB2A5B9144A02AC06AD234627
:10A8200003CBAB42106051601C4602F10802F6D126
:10A830000F4BBDF806205A801A8866F30E021A8064
:10A84000D3E702210B4A054814F0E0FD6FF06804DD
:10A85000BAE700BFA00A0020B6B204007479040071
:10A860005BE604007BE604009BE60400167B002008
:10A87000127B0020BFE6040070B51D4C0346228801
:10A880000D46C2F30E0292B11022211D1CF0B4F944
:10A8900058BB05B12C602388092001336FEA43437C
:10A8A0006FEA5343238001F0EBFE002011E00246E3
:10A8B000211D103052F8046B824241F8046BF9D12B
:10A8C0000C4E18463146FCF7E9FA18B10023102067
:10A8D000638070BD48F20103092026F8023C01F0B4
:10A8E000CFFE002DE1D02C60DFE70520F1E700BFAF
:10A8F000127B0020147B002008B5104B021F9A42E7
:10A9000019D314339A4216D230F8043CC3F30E0222
:10A910008AB103F5FF427F3262F30E0320F8043C54
:10A92000C3F3072343F0800300F8033C092001F040
:10A93000A7FE002008BD0C20FCE700BF127B002012
:10A94000034670B5194839B30C1F84420AD300F18D
:10A950001405AC4206D21426241AB4FBF6F506FB05
:10A96000154545B1124913487F2213F0C4FE7F21DB
:10A970000F4813F0B7FE104DA4106C4305884088B3
:10A98000C5F30E0554B94DB1984200D033B929B979
:10A9900002B11080094870BD0C46EFE7084802215B
:10A9A000084A14F03CFD0020F5E700BF127B0020B0
:10A9B000D5E6040069A50400CDCCCCCC167B0020E4
:10A9C0007479040003E7040010B5074C014623889E
:10A9D000C3F30E0038B11022201D1CF00DF9002821
:10A9E0000CBF2046002010BD127B002040B9054856
:10A9F00030F8043BC3F30E03002B08BF0020704760
:10AA000000207047127B0020124A031F934210B5AA
:10AA10001DD302F11404A34219D230F8040CC0F380
:10AA20000E00A0B19B1A1422B3FBF2F002FB10300F
:10AA300040B109490948D12213F05DFED1210648F1
:10AA400013F050FE064A9B1053430B8010BD6FF06D
:10AA50000100FBE7127B0020D5E6040069A5040095
:10AA6000CDCCCCCC0023F0B5294C8BB0294D00AF18
:10AA700094F901200BB9002A02DB2C37BD46F0BD4A
:10AA80006278122163F3C712627038462A4613F0C7
:10AA900035F82388C3F30E0212BB384614F0A5FD27
:10AAA0000028EAD022881C491C4B6E46C2F30E02D5
:10AAB0008AB0002A08BF0B466A461949C2E90770E6
:10AAC000C2E90513174B5362174B42F8103F00239E
:10AAD0004FF441511548EEF775FE0123B546C7E71F
:10AAE000C3F30E03BB82638807F11806FB82104B89
:10AAF00003F1100C324618685968083303C26345E5
:10AB00001646F7D114223846B918EFF7EDF9C7E722
:10AB1000127B002032E7040025E704002CE7040044
:10AB200040E70400000201030500000274790400FC
:10AB3000167B0020054A1388C3F30E0313B14FF4AC
:10AB400000431380092001F09BBD00BF127B002051
:10AB50002DE9F74F9046994600220023CDE90023C6
:10AB60000446827A8A4601200021DDF830B0F9F7E8
:10AB70009DFB054648B90121344A354817F0ABFF23
:10AB80006FF0680003B0BDE8F08F00F114060921F2
:10AB90003046F0F7E3FFBBF1000F26D09BF8001022
:10ABA00001F07F010127304615F00AF9BAF80420B8
:10ABB000DAF80010304615F0F7F863689A882368D1
:10ABC000188800970023218903F0BEF838BB63681A
:10ABD000B3F90430002B14DD39461E4A1C4817F027
:10ABE0007AFF2846F9F734FBCAE763685F880337C2
:10ABF000BFB2012F89BFE17A5946890841F040016F
:10AC0000D0E70221144A124817F065FF4B4642462E
:10AC10002946204603B0BDE8F04FFAF711BB0022E9
:10AC20003B4611462046009603F070F90028EDD00F
:10AC30006368B3F90430002BE8DD2846F9F708FB18
:10AC40004046494617F035FF00209BE775E70400B2
:10AC50006C79040089E70400AAE704002DE9F043B9
:10AC600091460E220D4604468BB00021DDE91267A5
:10AC70000DEB020098461BF0B7FF6FEA9510238991
:10AC800000F00100ADF80A3063898DF808008DF8F6
:10AC90000990ADF80C30C7B13A6922F07F42174BEA
:10ACA0000492227F1B6802F001015B1A0593530690
:10ACB000CDE9078609970AD412F0800F0CBF6FF018
:10ACC000050000200BB0BDE8F083A269E7E702AB06
:10ACD000009322460A4B05F03F01FBF71BFC4FF6A1
:10ACE000FF739842E08006D0069B3146E360201D4A
:10ACF00017F040FBE6E76FF00C00E3E7980A00204E
:10AD0000D12B04002DE9F843044630300D460BF0FA
:10AD100029FE04F160000BF025FE94F91F30002B92
:10AD200015DA0123E27F02F01F0201329340626ACA
:10AD3000013B9A420BD00221154A164817F0CBFE70
:10AD4000628B218B206804F1100303F093F9002635
:10AD50002746B146DFF8408057F8041F21B140462E
:10AD60000AF06EFCC7F80090E37F013603F01F0283
:10AD70009642F1DD6FF38613E37735B100200021B1
:10AD80000023C4E904012360A361BDE8F88300BF88
:10AD9000C3E704006C7904006C17002010B504466A
:10ADA0000221064A064817F096FE0021A4F1600031
:10ADB000FFF7A8FF002344F83C3C10BDF1E7040076
:10ADC0006C79040070B50A24134B90F84B2093F86B
:10ADD000E43100F1600503FB044490F84A308C42F2
:10ADE00094BF0024641A9A4212D847F6122640F201
:10ADF000E73000214FF47A720023E4FB0601E6F706
:10AE0000EDFA02460B462846BDE870400BF0A4BDA3
:10AE100000221346F7E700BF980A00202DE9F04111
:10AE20000446002560300BF09DFD002000212646E1
:10AE3000A84694F85020C4E91555C4E90C0165F3FF
:10AE400000021C4F25602564A4F8445084F850206B
:10AE500094F84C308BB156F8041F49B138460AF0CB
:10AE6000EFFBC6F8008094F84C30013B84F84C307E
:10AE700094F84A300135AB42EADA002194F85030B8
:10AE800084F84C1023F0600384F850300A4BD3E868
:10AE9000EF2F22F04000C3E8E40F002CF7D1520658
:10AEA00005D5BDE8F04153F8080CEBF79DBFBDE8B0
:10AEB000F08100BF6C170020A00A00202DE9F041AE
:10AEC0000446D0E9156716480D4690F85030844284
:10AED000B0F84010B0F8422003F0010C13D0BCF1E0
:10AEE000000F10D0B4F840C08C450CD1B4F842101B
:10AEF000914208D16FF3000380F850300022002304
:10AF000060300BF029FD2046FFF788FF36B17368EB
:10AF100023B139462846BDE8F0411847BDE8F08125
:10AF2000404B0020F0B590F84C3004468BB0002B1D
:10AF30003CD005AB1422002118461BF055FE2268B8
:10AF40000346118894F85050ADF8141045F34001B1
:10AF5000ADF81610012194F84F60CDE90223B4F842
:10AF60004200B4F840308DF8246094F8486094F8BA
:10AF70004920ADF81800ADF8103000B2C5F3001349
:10AF800043EA860300288DF822108DF812208DF8F0
:10AF900013300DDD94F84E307BB9534A534817F007
:10AFA0009AFD6FF073012046FFF788FF0BB0F0BDEC
:10AFB00094F84D302BB91946F5E794F84D30002B35
:10AFC00042D094F84A6094F84B10B1423ED9002226
:10AFD000013B904284F84B2084F84D3007DD6B062E
:10AFE0005EBF94F84E3003F1FF3384F84E3017F013
:10AFF000E0FD94F85030A26B13F0400F3C4EA0EBF4
:10B00000020156D00A2596F8E4616FF3861306FB19
:10B01000055584F85030A94238BF121A47F6122657
:10B0200040F2E7304FF0000138BFAD1800234FF475
:10B030007A72E5FB0601E6F7D1F902460B4604F108
:10B0400060000BF089FCB1E72A4AA7E704EB81070F
:10B050007F681FB9013184F84B10B4E7002000214C
:10B06000CDE9000100210120F9F720F9054600286B
:10B07000BDD000F1140609213046F0F76FFD3246CD
:10B08000204694F84B1017F028FD234629461A4A0B
:10B0900002A8FAF7D5F80028A9D194F84B3001336B
:10B0A00084F84B3094F8503060F3861384F85030B5
:10B0B0007CE7B4F94230002B10DD96F8E75194F8A4
:10B0C0004F30013543B196F8E861013B06FB03338D
:10B0D0002B4419255D439EE71923FBE7192596F8B4
:10B0E000EA3103FB055596E70DE804006C7904008E
:10B0F000980A00203DE80400DC8904002DE9F04FA7
:10B100008C4C91B0CDE9032394F84C3005460E46A3
:10B110001A9FD3B91FBB43684FF00C085B880333F9
:10B120009BB2012B91BF8023C37AC3F3850363F0E5
:10B130003F0384F848300389A4F8403043689B8873
:10B14000A4F842308B88013B19E07B4801217B4AFF
:10B1500017F0C1FC6FF00F0011B0BDE8F08F4FF099
:10B1600008083B7863F07F0384F848300389A4F82B
:10B17000403043689B88A4F842308B88013B93FBA6
:10B18000F8F30022DBB284F84A3084F84B20B2880E
:10B190006B49A4F846200A46013384F84C3052F833
:10B1A000083BD2E8AF2FC2F3C0029B1A4A68180AC4
:10B1B00042EA0362C4E90C20039B28686365049B90
:10B1C0002060A365B4F94230B4F84220002BCCBF14
:10B1D00091F8E53191F8E9310133DBB284F84D3073
:10B1E00091F8E63194F85010013384F84E30AB7A80
:10B1F00084F84930EB7AC3F3400363F382013B1ECA
:10B2000018BF012384F85010E97A5B00C1F30001F4
:10B2100043EA011394F8501021F03B010B4384F8EA
:10B2200050306B681B7C84F84F3094F84A300088AB
:10B230000133DBB200932989424B02F085FD18B936
:10B24000B4F94230002B19DC3E4B002F0CBF1A46DC
:10B2500000224FF0000A303B05920693B3885FFA54
:10B260008AF9CBB963683348002B60D1FFF7D6FD6C
:10B27000DDE9030117F01DFC00206DE794F84A306A
:10B2800001330121304A2C4814F0C9F82948FFF74E
:10B29000C5FD6FF068005FE7002200232B4808A976
:10B2A0000AF05CF9074628B10121294A224817F023
:10B2B00012FCEBE7B2883046424528BF42461146B1
:10B2C000DDF820B00792F0F79BFC079A014658463C
:10B2D0001BF063FC4FF48012089B04EB890BCBF846
:10B2E00004300CABCDE90A234946069809AA099314
:10B2F00017F0F3FB94F84A1009AA4B1C0092494539
:10B300000CBF022101212846059ADBB202F0FEFDA6
:10B3100050B16B68B3F90430002B05DD08990B4878
:10B320000AF08EF9CBF804700AF1010A96E7FFF7EC
:10B33000F9FDA1E7404B00206C7904005CE80400B3
:10B34000980A0020704B002088E804006C17002049
:10B35000B9E804002DE9F3470E4616F07F060446CF
:10B360001146984613D00A2E00F0F580037F5B0645
:10B370002ED5731E072B00F21181DFE813F0F100C8
:10B380000F01F6000F01FB00000105010A0193887F
:10B39000052B07D80121864A864817F09CFB6FF0E1
:10B3A0004C0016E01046019214F0DFFC94F91C20CA
:10B3B000237F002A0199C0F38C090DDA7E4A03F03D
:10B3C00001031268D21A130A49EA0262C8E900238B
:10B3D000002002B0BDE8F0875A06F9D5C0F3CF3798
:10B3E000084614F0CCFC2389744C0546226BB4F853
:10B3F00042E0C2F30C01B64208BF494594F84A2026
:10B4000094F84CC0B4F8440002F1010240F0CD8041
:10B41000734509D0002F00F0C880944502D08342C4
:10B4200040F0C380A4F84430B4F94230002B07DC6C
:10B43000634A6048012117F04EFB6FF01500C8E722
:10B44000D4E90C23C8E9002355B902215D4A5948C3
:10B4500017F041FB6FF08B015848FFF72FFDB7E75E
:10B46000B5FA85F394F84A20C3F11F039A4269D3D1
:10B4700095FAA5F30022B3FA83F391460127DFF88A
:10B480004881013303F1FF3A54F823307BB15FFA6E
:10B490008AF604EB8606404671680AF0D1F801226C
:10B4A000C6F8049094F84C30013B84F84C3007FA0D
:10B4B0000AF325EA030595FAA5F3002DB3FA83F301
:10B4C00008BF4FF0FF3303F10103DBD12AB13A4B40
:10B4D00093F8E631013384F84E3094F84C1000298B
:10B4E000BAD094F84B307BBB0027B4F942303E46CB
:10B4F000BB4202DD94F84E30F3B194F84D30DBB12D
:10B500000A2517F056FB2C4BA46B93F8E43103FB90
:10B510000555031BAB420FD22C44241A47F61225C3
:10B5200040F2E73000214FF47A720023E4FB05017A
:10B53000E5F754FF07460E463A46334623480BF0DC
:10B540000BFA45E7224A74E794F8503043F0400381
:10B5500084F850303CE702B0BDE8F047FBF724B96F
:10B5600002B0BDE8F04702F08BB902B0BDE8F04789
:10B5700002F062BA02B0BDE8F04702F069B802B06A
:10B58000BDE8F04702F00CBA02B0BDE8F04702F0A7
:10B59000BDB802B0BDE8F04702F01EB90221334643
:10B5A0000C4A044813F03BFFF9E66FF0010010E786
:10B5B000D0E804006C790400980A0020404B002079
:10B5C000E6E8040001E904006C170020A04B00200D
:10B5D0000EE904002EE90400034B93F84C000038F8
:10B5E00018BF0120704700BF404B00202DE9F043F9
:10B5F0001F468B8804460D4616468BB03BB9544A0D
:10B600005448012117F067FA6FF0150008E0742B19
:10B6100009D950480121504A13F001FF6FF0790019
:10B620000BB0BDE8F083084614F0B6FB032801D840
:10B630004A4AE5E7D4F8048098F81030FF2B16D179
:10B64000F8F748FC88F81000AB880B2B82BF01226A
:10B6500063689A73606883883BB11BB2002B0ADC75
:10B66000438803339BB2012B05D83D4AC8E71B062C
:10B67000EAD53C4AC4E721460DF10F0304AAFAF7C4
:10B68000F5FE0028CCD1F8F765FCE37A9DF80F2091
:10B69000A07262F38703E372636893F80E90B9F1C6
:10B6A000000F08D0284614F077FB072894BF4FF00E
:10B6B00000094FF001091422E37A0DEB020069F34F
:10B6C0004103E3720021DDF810801BF08DFA6368FE
:10B6D000228959889B88033189B201298CBF0021B6
:10B6E0000121ADF81830204BADF816205A688DF8BE
:10B6F000141007928DF8159053F8082BD3E8AF3F3C
:10B70000C3F3C003D31A626808939388404683F456
:10B710000043B3F5804F38BF936805A92A4638BF68
:10B72000099316F06EFB00287FF47AAF63689B7B69
:10B73000009033B13B46324629462046FFF7DEFCF7
:10B740006EE73B46324629462046FFF701FA67E797
:10B750004BE904006C79040067E904007BE904000C
:10B76000BBE90400A3E90400980A00202DE9F04396
:10B77000D0F804901D4699F8103089B0FF2B04468C
:10B78000DDE9107816468DF80F101BD1F8F7A2FBF3
:10B7900089F810002A46314605A814F0ADFA0B2DA1
:10B7A00082BF012263689A734FF6FF7263685A8002
:10B7B0006268938823B183F40043B3F5804F0DD2C0
:10B7C0000F4A02E01B06E5D50E4A0F48012117F08B
:10B7D00082F96FF0150009B0BDE8F083927B0DF19E
:10B7E0000F03009343462AB13A46204605A9FFF7C6
:10B7F00085FCF0E73A46204605A9FFF7A9F9EAE7F4
:10B80000BBE90400A3E904006C7904007FB510F8DB
:10B81000113C04465A0645D5012203F01F010131AF
:10B8200050F80C0C8A40013A90423BD0DB09CDE93C
:10B830000103A4F12003009314F8103C34F8182CF1
:10B8400034F8161C54F8300C17F034FA17F0B1F92C
:10B8500014F80F3C44F8080C23B3134914F8112CC6
:10B8600091F8EB0102F01F0282421BDD0A25013B29
:10B8700004F80F3C91F8EE3147F6122640F2E7301B
:10B88000002103FB05554FF47A720023C5FB060126
:10B89000E5F7A4FD02460B46204604B0BDE8704023
:10B8A0000AF0EABF04B070BD980A00202DE9F04FFD
:10B8B0004FF0FF329BB04FF0FF3304AFC7E90A23CC
:10B8C0000B680C4606464989188802F02BFA237F3C
:10B8D000092160F3C71323773046F0F777F9304634
:10B8E00014F056FAB388B860BB613368FB6193F912
:10B8F0000030002B237F80F2EA823F2B40F2EA8265
:10B900000025BB697D62042B2BD80121BB69AE4A9F
:10B91000AE4813F084FD4FF0000B6FF04C05594614
:10B92000B368BA6813FA82F33360BB69B38094F9E1
:10B930001C30002B80F2CF82002D40F0CC82D7E962
:10B940000A23B3F1FF3F08BFB2F1FF3F20465B4639
:10B9500008BF2A46009618BF07F1280202F02EFA07
:10B96000B8E22A46204607F1240101F011F8D0B1CF
:10B97000E8468AB020896189A36904AAC2E907134D
:10B980000523DFF84CC2C2E905C042F8103F4FF46E
:10B9900022512B468D48EDF715FFAB46C5460021D9
:10B9A0006FF01505BCE701213046F0F70FF930467E
:10B9B00014F0DBF94FEAC008C0F38C09304614F0EC
:10B9C000C4F908F0180848EA50185FFA88F800F03F
:10B9D0001F05A845786107D9012143467D4A7B4868
:10B9E000009513F026FD96E7A369DFF8ECA1A3EB21
:10B9F0000909217FC9F30C09DAF8002001F00101DF
:10BA0000A3EB0903DFF8D491521A43EA026399F8D1
:10BA10001F004FEA122C23F07F423A61D9E904E279
:10BA2000FA6000F04002A1687A60D9F81820C7E9EE
:10BA30000A3C8A4205F1010B11D1FA689E4572EB6E
:10BA40000C0280F0C4827B684BB1238902215F48DD
:10BA5000634A13F0E4FC01214846FFF753F9022D35
:10BA600071D901215F4A594817F035F8207F237DAD
:10BA7000C0092289618902900020019007F1280005
:10BA80000090206817F016F900216FF0790547E75C
:10BA9000FB691A7899F81E309A4203D100F01F0012
:10BAA000A84202D0504A012199E2D9F81820A3688F
:10BAB0009A4201D04D4AF6E799F81F10237FC1F34F
:10BAC0004012C3F3C0039A4201D0494AEBE749064A
:10BAD000D9F8242000F1D480012301308340013BB8
:10BAE00093422ED117F065F8D9F828309AF8EC1166
:10BAF000C01A03239AF8EE2103EB410302FB033340
:10BB000003EB8303984213D999F81F00237DC009E2
:10BB1000228961890290D9F82400019007F1280058
:10BB20000090206817F0C6F817F043F8C9F828000D
:10BB3000786A10B1214600F003FF00216FF077050D
:10BB4000EEE62C4A4AE2237F03F0C003802B22D189
:10BB5000236807F1280A1888628921895346CDF89D
:10BB600000B002F0F1F88146A8B901215B46224AF3
:10BB7000164813F054FC207F237DC0092289618977
:10BB8000CDE90190CDF800A0206817F093F80021CE
:10BB90006FF06805C4E67B6A93B31A88C2F30E029D
:10BBA00072B35A683969B1EB122F29D893F9013071
:10BBB000002B02DA237FDA0722D502213B690F4AE4
:10BBC000024813F02CFCB8E7D7E904006C790400B4
:10BBD000FCE9040025EA0400980A0020B04A00208D
:10BBE00046EA040000EB040079EA04009DEA040040
:10BBF000C7EA0400E3EA04001CEB040045EB040080
:10BC0000B74B5A69DB699A420DD10221B54AB64851
:10BC100016F061FF0221B54AB34816F05CFF6FF0E1
:10BC20000B0500217CE6B249CB7F13F04000F1D137
:10BC300043F04003CB77236894F81CC00B60D7E92E
:10BC40000A23C1E904237B69CA7FCCF3C00C03F04B
:10BC50001F0322F03F0243EA4C131343CB77FB69E7
:10BC6000CA7F1B788B77237D81F8203023890B8353
:10BC7000638948624B83237FDB0963F3C712CA776A
:10BC8000DFF86C92D9F8243023FA08FA1AF0010A86
:10BC90007FF453AF99F81F20B388C2F34012002AF3
:10BCA0000CBF0C220822A8451ED102FB08339BB210
:10BCB000242BA9F81C301BD901218E4A8A4816F082
:10BCC0000AFF99F81F006189C009237D2289CDE907
:10BCD00001A007F128000090206816F0EBFF012179
:10BCE0004846FFF70FF8CFE69A4201D0824ADAE6DB
:10BCF00041F2883C47F6122E40F2E73000217F4D9A
:10BD00004FF47A7295F8ED3103FB0CCC0023ECFB79
:10BD10000E01E5F763FB02460B4679480AF0ACFDDD
:10BD200095F8EF31013389F82130B9F91A30002B39
:10BD300027DD99F81F1095F8EC0101F01F018842EA
:10BD40004FF002032BBF0120032113FB010313FB60
:10BD5000001347F6122C40F2E730002195F8EE214F
:10BD6000013203FB02F505EB85054FF47A720023DF
:10BD7000C5FB0C01E5F732FB02460B4661480AF0B1
:10BD8000EBFD08F10101C9B200220023544809EB80
:10BD9000810109F0E3FB054630B1022143465A4ACE
:10BDA000514813F03CFBF2E64FF0010A09EB88031F
:10BDB000B288586831681AF0F0FED9F824300AFACF
:10BDC00008F80AFA0BF248EA0303013A9342C9F869
:10BDD00024307AD14B480AF0C5FD99F81F00237D25
:10BDE000C009228961890290D9F8240007F1280846
:10BDF0000190CDF80080206816F05CFF16F0D9FEA7
:10BE0000C9F82800237F1B0727D54FF4C01207F17C
:10BE10004003C7E90E2336482A4607F134017B6305
:10BE200016F09BFEF96943462046097807F1340273
:10BE3000FFF790FA054608BB786AF8B1214600F092
:10BE40007FFD796A38694B68C3F31722824238BF95
:10BE5000024662F31F234B6010E0FB69B9F81C2017
:10BE60005B78DB090CBF052309239A420CDA5146A3
:10BE7000264A1D4816F02FFE6FF0150500211C48BC
:10BE8000FEF740FF02214BE5214B996811B903F100
:10BE90000C0199600020996898801960FB6907F18E
:10BEA00040055B782846DB090CBF04230823D21A1F
:10BEB00013F022FFFB6920465A781978D209CDE9A0
:10BEC0000059134BFEF7CAFEB4E7514628E513F0BC
:10BED000C80F1FD1002528465C37BD46BDE8F08F4E
:10BEE0006C17002061EB04006C7904008AEB0400FD
:10BEF000B04A0020BCEB0400CEEB0400980A0020FE
:10BF0000104B0020E04A0020F6EB040018EC04007F
:10BF1000BC1200204FF00008BB69C7F8408053B93D
:10BF20000121314A314816F0D6FD6FF04C054FF033
:10BF3000010B0021F4E44246204607F1400100F0E5
:10BF400027FDC8B16D468AB020896289A36904A91A
:10BF5000C1E907230A460523DFF894C0C1E905C0FB
:10BF600042F8103F4FF4225143462048EDF72AFC97
:10BF7000AD466FF01505DAE7304613F0E6FE227F96
:10BF8000014612F008020FD03246204607F128037E
:10BF9000FFF7E0F905460028C9D1386C0028C6D063
:10BFA000214600F0CDFCC2E7B388042B05D801215F
:10BFB000104A0E4816F08FFDDBE7043BB3800E4BB2
:10BFC0002046009301923346FEF748FEE2E77345B0
:10BFD000FB687CEB030CBFF45BAD084A022103480D
:10BFE00016F079FDDBE400BF2CEC04006C79040052
:10BFF000FCE9040018EC0400B012002064EA04001C
:10C0000001210148FEF77EBEB04A002008B5FFF7C7
:10C01000F7FF0448FEF702FF00F016FDBDE80840F8
:10C02000FEF788BD404B002010B5084C0849094870
:10C030000AF04EFB204608490AF04AFB04F13000A2
:10C040000649BDE810400AF043BB00BFE04A0020AB
:10C05000892C0400A04B00200DB802009DAD020009
:10C060000221024A024813F0D1B900BF58EC040083
:10C07000A47804002DE9F74399468368054688466D
:10C08000174653B90121314A314813F0BFF96FF017
:10C090001204204603B0BDE8F083061D012130469E
:10C0A00016F065FEC30706D52A4A294813F0AEF9F3
:10C0B0006FF00F04EDE70321304616F047FEC8B1DC
:10C0C0004146A86814F071F9044658B10346224A63
:10C0D00001211F4813F0A3F96FF00101304616F05B
:10C0E0003BFED6E705F12403984510D008213046E1
:10C0F00016F03DFE0C9B49460093A868DDE90A2333
:10C1000014F09EF9044640B1144A0346E0E76FF08C
:10C110000801304616F020FEECE717F071FF4FF4EF
:10C120007A74A0FB040C47F6122204FB01C1002321
:10C13000E5F754F939462861A868F2F703FC04468C
:10C140000028A6D0064A0346C2E700BF70EC0400F0
:10C15000A47804008CEC04009FEC0400BEEC040006
:10C16000DAEC040038B5051D03460221284616F016
:10C17000EDFD10B90024204638BD986814F037F959
:10C18000044630B101210346074A084813F047F935
:10C19000F1E76FF00401284616F0DEFD6FF00101B3
:10C1A000284616F0D9FDE5E7F5EC0400A478040074
:10C1B0002DE9F04FA0F1100889B005460421404652
:10C1C00002AF16F0C3FD0446002840F0AB806FF0CC
:10C1D0000201404616F0C0FD800721D56FF0010135
:10C1E000404616F0B9FD6FF00401404616F0B4FD6C
:10C1F00055F8083CA3B103F1080207F10C0607CA81
:10C2000086E807001A7C64F382021A7455F8080C59
:10C21000F8F71EF83146204615F0F7F945F8084CB6
:10C22000DFF808B1A5F114090022002315F8140C59
:10C23000F8F782F80446E0B955F80C3C002B71D0B1
:10C2400015F8143C5A076DD54846FFF78BFF0028B8
:10C2500068D10421404616F08AFD430762D415F0E8
:10C26000DEF900285ED06FF00401404616F074FD40
:10C2700058E0237C190702D4F7F7EAFFD4E74846D1
:10C28000FFF770FF04F1080AB8B16E4688B002AA41
:10C29000274BC2E90534032342F8103F4FF4C45141
:10C2A00024480023EDF78EFA5246B5466FF08B0115
:10C2B000002015F097F92046DEE7237C627C60F3CE
:10C2C000C303237403F003031BF8033002F00701D8
:10C2D0003B73238BD2087B73636901323B6101237B
:10C2E00002EB8202520002F10A0601FB066600938D
:10C2F0000131484607F10C0316F044FDB6B2014681
:10C3000010B152463046D4E778602046F7F78AFFEE
:10C31000524645F8080C7968304615F063F9204616
:10C32000F7F796FF1C37BD46BDE8F08F34CE04000A
:10C330001AED0400A4780400F0B589B0142200219D
:10C3400003A81AF051FC00264FF0200C164FCDE93F
:10C3500005CC07F1240403AD0FCD0FC401362B68C3
:10C36000052E236007F13807F1D100240F480AF0A9
:10C3700033F96FF008034FF400620D490B48009445
:10C380000AF040F90B4909480AF0B0FB02A88DF801
:10C390000840E5F79BFC034620B10121064A074807
:10C3A00013F03DF809B0F0BDC8120020D04B0020BA
:10C3B000A8A8002052ED04005DED0400A47804005C
:10C3C0002DE9F843234CA6681EB100252846BDE898
:10C3D000F883DFF88480243441462046A4F11C020F
:10C3E000F2F77EFA05460028F0D114F8243C082B19
:10C3F00029D154F81C3C4FF0FF304FF0FF3193F837
:10C400000190F0F7DBFC074660B90121134A14489C
:10C4100012F0FCFF6FF00B030121124A104812F0DA
:10C42000FEFF10E003210C30EFF704FC2A4680F8F1
:10C4300000904570857039464FF60C50F0F700FFBC
:10C4400003460028E8D10136052E04F13804C3D193
:10C45000BBE700BFC8120020E489040086ED040099
:10C46000A4780400A8ED0400F0B500241F4687B0AE
:10C470004B1C05461646ADF8164006D00929C5BF27
:10C480000A2391FBF3F101248CB208210848ADF88E
:10C49000144016F06CFC0D9B294602930C9B05AAD8
:10C4A000CDE9007303483346FFF7E4FD07B0F0BD64
:10C4B000AC130020A81300200146014817F00FBD5F
:10C4C000D04B0020014816F083BC00BFA813002009
:10C4D000014816F07DBC00BFC812002008B5054811
:10C4E00016F076FC20B9BDE80840034816F070BC91
:10C4F00008BD00BF0013002038130020014816F0CB
:10C5000067BC00BF70130020154970B500230646B4
:10C510000D46C868B04208D00133052B01F138013F
:10C52000F7D16FF01504204670BD38214B43181D1C
:10C530000021284416F00AFC80B11D44A86813F0BD
:10C5400056FF044630B101210346064A064812F060
:10C5500066FFE8E7B060284616F056FC0024E2E7E4
:10C56000C8120020CAED0400A47804000E4A10B5D9
:10C5700000231446916888420CD138225343181D79
:10C580000021204416F0E2FB68B1E018BDE810403D
:10C5900016F03ABC0133052B02F13802EAD1BDE8AE
:10C5A0001040FFF75DBD10BDC8120020F8B5002493
:10C5B00001270C4E0C4D56F8043B73B107FA04F2F8
:10C5C000D043D5E8EF1F01EA000CC5E8EECFBEF17D
:10C5D000000FF6D10A4200D098470134102CEAD15E
:10C5E000F8BD00BFF0890400046D002010B50F4CA9
:10C5F000D4E8AF3FDA0716D50D4BD3E8AF3FDB07E2
:10C6000011D50020F9F758FC68B1EAF7D9FCFCF71E
:10C6100007F8D4E8EF3F43F00203C4E8E23F002A02
:10C62000F7D1F7F70FFB002010BD00BFA00A0020D4
:10C63000F009002037B50446084611461A461D4643
:10C64000A047041E08DA012123460A4A0A4812F0CC
:10C65000E6FE204603B030BDA54209D001212346A5
:10C66000064A0548009512F0E4FE6FF01504F0E765
:10C670000024EEE7D7DB040064790400F0ED040049
:10C6800001212DE9F0412A4B420900F01F0003EB84
:10C6900082028140D2E8EF4F0C43C2E8E04F00280D
:10C6A000F8D1D3E8AF2F12F4876F38D1D3E8AF2F8A
:10C6B000D1072FD5D3E8AF2F4FF2C6331A4230D06F
:10C6C0004FF4FA671B480BF03BFD47F61225044672
:10C6D000884640F2E73000214FF47A720023E7FBEE
:10C6E0000501E4F77BFE0D464FF47A710646A4FB84
:10C6F000010447F61222002301FB0841E4F76EFE15
:10C70000874232462B460C490C480DD2BDE8F04119
:10C710000AF0B8B8D3E8AF2F1205CBD4D0E7002782
:10C72000D0E741F28837CDE7BDE8F0410AF038B8EC
:10C73000046D0020C84C0020B84C0020E84C0020BC
:10C74000084A430902EB8302012300F01F008340E3
:10C75000DB43D2E8EF0F1840C2E8E10F0029F8D11F
:10C76000704700BF046D0020002313B50A4C0093EE
:10C770004FF4AF626FF00E032046084909F042FF04
:10C78000074920460AF0B2F90649074802B0BDE859
:10C79000104009F09DBF00BFE84C0020A8B0002069
:10C7A00015EE0400ADC50200B84C002010B5044CD5
:10C7B00020460AF0D7F82046BDE81040FFF7F6BE45
:10C7C000B84C0020074B420903EB8203012200F022
:10C7D0001F008240D3E8EF0F1043C3E8E10F0029A8
:10C7E000F8D170470C6D00202DE9F3410E46174635
:10C7F0009846324BD3E8AF4F14F0010407D050B93C
:10C8000001212F4A2F4812F001FE6FF0010420464B
:10C8100002B0BDE8F0811022002111F09BF9002246
:10C82000294C83B234F83210C1F30E01994207D17A
:10C8300004EBC205A6B944F832606E600024E6E756
:10C8400001320A2AEED1D6B1002534F83520C2F3E0
:10C850000E01D1B960F30E0224F8352004EBC505B2
:10C860000423414638460DEB0302FFF7E3FE04467E
:10C87000B0B10121154A134812F0C8FDC7E70221E3
:10C88000134A104812F0CBFDD8E701350A2DDCD150
:10C890000121104A0B4812F0C2FD6FF00B04B6E7FD
:10C8A000019B6A786B80C3F307432B719DF80730B7
:10C8B000C3F3000363F3C7126A70BFE7A00A002046
:10C8C000B6B204005C790400D04D002091EE040063
:10C8D00045EE040069EE040010B50124134B144A20
:10C8E000C31ADB10590903F01F0304FA03F3DB43F7
:10C8F00086B002EB8102D2E8EFCF0CEA030CC2E86B
:10C90000E1CF0029F7D1038812210A4AC3F30E03AD
:10C9100001A811F0F3F801A812F067FE20B1064A51
:10C920002146064812F072FD06B010BDD04D002021
:10C930000C6D0020A5EE0400B4EE04005C79040048
:10C9400008B590F90130002B07DA0B7F13F00103D3
:10C9500002BF426863F31F2242600A89038862F3C0
:10C960000E0303800B8B43808B7E03710A7F437819
:10C9700062F3C7134370054BC01AC010FFF722FFC4
:10C98000BDE808400020FFF77BBE00BFD04D00206F
:10C9900070B5037F054603F03000102836D013F041
:10C9A000400322D192B3234A32F83300C0F30E047D
:10C9B00044B320462C89A0422ED102EBC30090F94B
:10C9C0000100DC00002812DA2E7F1019F60790F91A
:10C9D00001001DD4002815DB14446088247940EA46
:10C9E0000440AC69A0420DD314E00023DBE71248F9
:10C9F000D0E8AF0F8607E7D51048D0E8AF0F184151
:10CA0000C007E1D402EBC30079B10860002002E066
:10CA10000028E1DB012070BD01330A2BC4D10121C4
:10CA2000074A084812F0F2FCF4E72946FFF788FFAE
:10CA3000ECE700BFD04D0020086D00200C6D0020F9
:10CA4000C8EE04005C790400054BD3E8EF1F41F009
:10CA50000101C3E8E21F002AF7D10020FFF710BE52
:10CA6000086D0020F0B4002301261C4C1C4934F84A
:10CA70003320C2F30E02C2B104EBC30595F9015095
:10CA800006FA03F2002D4FEAC3001EDBD1E8EF5F88
:10CA90001543C1E8E75F002FF8D120444278D54321
:10CAA000C5F3C01565F3C712427001330A2BDED1FE
:10CAB0000C4BD3E8EF1F41F00201C3E8E21F002A4C
:10CAC000F7D1F0BC0020FFF7DBBDD243D1E8EF5F28
:10CAD0001540C1E8E75F002FDFD0F7E7D04D002019
:10CAE0000C6D0020086D00202DE9F04F03B28BB0D3
:10CAF000002B804600AF07DC4FF6FF73984240F0F2
:10CB0000BA800020FFF71CFEDFF874B10021584600
:10CB100016F086F9F860DBE8AF3F0020DFF864919B
:10CB2000054604464E46C3F34003BB604FF6FF7311
:10CB3000984505D036F83430C3F30E0343455DD134
:10CB4000FB684BB136F83430C3F30E0313B14846DB
:10CB5000FFF7C2FE01354CE021464B4816F060F964
:10CB6000002865D0621B2DB1D9E9000106EBC20394
:10CB7000C3E900014FF00003FB7436F83230C3F311
:10CB80000E01002935D006EBC2021179508807F159
:10CB9000140A40EA01403969C3F30E0360F3170138
:10CBA00039615278C1F30761D20962F30001F97467
:10CBB000364A1221504610F0A1FF0422504607F1D8
:10CBC0001001EDF791F9A0B1C7F804D088B06A461A
:10CBD0002F4BC2E9053A4FF4007393832D4B42F873
:10CBE000103F00234FF4E2512B48ECF7EBFDD7F850
:10CBF00004D04FF6FF73984535D1204601340A2CF6
:10CC000009F1080992D1DBE8EF3F23F00203CBE8FA
:10CC1000E23F002AF7D14FF6FF7398452BD1401B16
:10CC200001300021EA0006EBC00019F0DDFF22E030
:10CC3000BB68002BDDD036F83430C3F30E0313B1DC
:10CC40004846FFF749FE21460F4816F0E9F800284C
:10CC500080D0D9E90023601B06EBC001C1E90023A5
:10CC6000FFF7B0FDC5E7DBE8EF3F23F00203CBE8B9
:10CC7000E23F002AF7D12C37BD46BDE8F08F00BF58
:10CC8000086D0020D04D00200C6D0020A5EE0400A2
:10CC9000D5EE0400030000015C79040070B5044681
:10CCA000383009F05FFE236904F1140593F8483029
:10CCB00013B1284614F0DFFD236993F870301BB1DF
:10CCC00004F1200014F0D7FD18220021284619F0A5
:10CCD0008BFF606F18B1EEF763FE0023636704F10A
:10CCE000780016F0B3F804F1680016F0AFF80023EE
:10CCF000144D154E84F87030B54213D913491448B9
:10CD0000C22211F0F8FCC221104811F0EBFCE378CC
:10CD1000DB0605D56B681BB122692188108898470E
:10CD20000C35E9E7F3D3A389E2780133A38100232B
:10CD300022F01D022361C4F88030E270E362238692
:10CD400070BD00BF4C7804004C7804000AEF04006A
:10CD500069A5040010B504468CB007AB1846142230
:10CD6000002119F041FF22691188CDE90420ADF8B6
:10CD70001C104FF6FF71ADF81E10B4F88C10ADF812
:10CD800020107F218DF82C1000210691FBF724F94B
:10CD9000ADF81800F7F7DEF823888DF81A005BBAB3
:10CDA000ADF80C30638905215BBAADF80E30054B48
:10CDB0000194009303AA042304A8FEF7D7FC0CB047
:10CDC00010BD00BF388A04000221024A024816F052
:10CDD00047B800BF3CEF0400E47804000121024A98
:10CDE000024816F03DB800BF61EF0400E47804008B
:10CDF000CB78084613F00C0F04D00221064A0748EE
:10CE000016F02EB8DB0601D516F0A6B847F61222AA
:10CE10000023383009F0A0BD80EF0400E47804005E
:10CE2000102B2DE9F84305461F461AD816F015F9C0
:10CE30000646B0B14FF00008D5F8804005F17809FA
:10CE4000C4F11004E4B2B8F1000F01D1BC4209D220
:10CE50004846EEF75DFD40B901210B4A0B4815F03D
:10CE6000FFFF00263046BDE8F883D5F88020013466
:10CE7000013AC5F880208369E4B293F803804FEA51
:10CE8000D818EEF78DFDDEE7B2EF0400E478040079
:10CE90002DE9F8431646089D9846EB6800F16809AD
:10CEA0005A89044652BA0F4648463146C2F38C02AC
:10CEB00016F0A3F818B9A36EEBB984F87080294670
:10CEC0004846EEF7D3FC022F22D1A36E2BB1E26EBF
:10CED0001AB1E16FD1B9A367E267002394F870102B
:10CEE000D4F88020C4E91A330A44C4F8802084F8B6
:10CEF0007030BDE8F883334608480121084A15F030
:10CF0000B1FF2846BDE8F843EEF74ABD0B60E3E702
:10CF1000AA69D37843F08003D370EAE7E478040089
:10CF2000D3EF0400F8B50022044600231E480F4644
:10CF300012F0D5FE0646A0B3EEF790FB4FF6FF7257
:10CF40001A4B06F10C0523F8202003EB8000C37870
:10CF50006FF3C713C370B061A1682846C90101F01F
:10CF6000800112F02DFF94F90730E179002B01F0D8
:10CF70007F01B8BF41F08001284612F021FF032253
:10CF8000211D284612F010FF2846218812F028FFA4
:10CF90002846618812F024FF2846BA88396812F0C2
:10CFA00003FF3046F8BD00BFE4190020267B0020B7
:10CFB00030B5054685B01046144612F0B3FEFBF7B7
:10CFC0000BF82B880D4AADF8063080238DF80B3016
:10CFD0000023ADF80400ADF808308DF80A3052F89F
:10CFE000083BD2E8AF2FC2F3C0029B1A214601A82A
:10CFF0000393FFF797FF05B030BD00BF980A0020EC
:10D000004FF4E02230B587B001ABCDE904230393A0
:10D010000369044653B91B491B4840F2392211F0F9
:10D020006AFB40F23921174811F05CFB012103A88B
:10D03000EEF794FD062103A8EEF7FCFD05462069F6
:10D04000F8F778FD114B28701B6802211BBAC5F850
:10D050000130002320466B7103AAFFF7A9FF0146A8
:10D0600020B907B0BDE83040FFF7B8BE04F1780042
:10D07000EEF7FCFBD4F880300133C4F8803007B001
:10D0800030BD00BF0AEF040069A50400980A002023
:10D090002DE9F347314C064654F8103C894683424B
:10D0A0000CD00027C03427B954F8103C25469E42C6
:10D0B00010D002B0BDE8F0872C46F3E725460027E4
:10D0C00009F1FF33A4F12008032BEBD8DFE803F0CC
:10D0D000040841340127F3E74046FFF7DFFDE1E7AD
:10D0E00035F820ACFAF778FF55F8101C35F8163CE7
:10D0F0007431019135F8141C0246009128465146BE
:10D1000014F08BFB0028CDD01548012135F8203CC8
:10D11000144A15F0A7FE4046FFF7C0FD002FC8D106
:10D12000D4F8B03004F1C0059E424FF00107C3D1DE
:10D1300004F1A0082C46D3E7A4F10C05284614F00E
:10D140009AFB94E80700002385E80700C4E9003350
:10D15000A3604046FFF754FFA4E700BFE00A0020A9
:10D16000E478040001F004002DE9F04703690E465D
:10D170009D780446A91E4D4294B04D41002A00F00E
:10D180008F80282202FB053303F15005B04658F882
:10D190000C3FB3F8050040BA80B2FAF737FF002819
:10D1A00000F0CB804FF6FF72B3691F88974200F002
:10D1B0009A802469202200210CA8B3F802A019F05B
:10D1C00013FD238840460CA9ADF834300A94ADF81D
:10D1D0003670F8F717F90BAB09AA0CA90DA8F9F7E7
:10D1E00045F9CAF30E0A0446002855D1DFF87491B8
:10D1F000BDF838304A46ADF81230BDF83A30ADF8D7
:10D20000143052F8083BD2E8AF2F0337BFB2012FDA
:10D210008CBF00270127C2F3C0029B1A0793129B01
:10D220008DF810700693BDF814308DF8110083F45A
:10D230000043B3F5804F03D25046FDF7D7FB0446B9
:10D24000D9F80430069A08949A424CD0404601A975
:10D2500012F058FD092101A8EEF7B8FC012101A840
:10D26000EEF7B4FCBDF808300CA9043B01A8ADF8FA
:10D27000083012F047FD00230998ADF8343001AAB8
:10D280000CAB04A914F0E6FD044670B10346364A1F
:10D290000221364815F0E6FD204614B0BDE8F087BF
:10D2A0000C2303FB0505143570E7D9F8043040461C
:10D2B0000CA9069312F026FD09210CA8EEF786FCB6
:10D2C00001210CA8EEF782FCBDF834300998043B2C
:10D2D0000CAA04A9ADF8343014F093FD044610B143
:10D2E0000346234AD4E7F7F70FFFF368020C9A705E
:10D2F000C0F30722DA7018711A4B53F8084BD3E8C1
:10D30000AF3F4FF6FF72C3F3C003E41AB3691A804C
:10D31000284610F8043BF26843EAC41313704146F0
:10D320000023224614F0BDFC88B1124A01210F48A7
:10D3300015F096FD6FF01504AEE70A4B1C68F36814
:10D340001A7804F0010383EAD213E41AE0E72146D5
:10D35000F06805F10802F9F743FD044600289BD068
:10D36000054AE3E7980A002028F00400E478040066
:10D370003EF0040057F0040069F004004FF400335D
:10D3800030B585B00D460446012101A80293CDF8C1
:10D3900004D0CDF80CD0EEF7E1FB012101A8EEF7A7
:10D3A00049FC0921057001AA2046FFF701FE054648
:10D3B00030B901210B4A0C4815F052FD05B030BDC3
:10D3C000014600222046FFF7CFFE0028F6D1606F0D
:10D3D00008B1EEF7E5FAE378656743F00203E3701E
:10D3E000ECE700BF7CF00400E47804002DE9F3478B
:10D3F00050F8283C0446A0F13806002B00F09F802E
:10D4000010F8353C13F008020AD04E494E484FF44C
:10D410009C6211F070F94FF49C614A4811F062F976
:10D42000990719D5C16BB9B162F3410300F8353CD6
:10D43000002200230321CDE9002301200822F6F772
:10D4400035FF0546002861D10121404A404802B01D
:10D45000BDE8F04715F004BD03F01403102B0CD108
:10D4600034F8383C3B4A0221394815F0FBFC304681
:10D4700002B0BDE8F047FFF711BC04F14000EEF741
:10D4800047FA0546E06318B934F8383C324AEAE70F
:10D49000038A102B30D100F10C084046D4F840909C
:10D4A00012F076FC012107462846B5F810A015F0C9
:10D4B0006CFD404612F049FC030617D507212846AB
:10D4C00015F063FD01214046EEF79AFB037803F067
:10D4D0007F03022B0AD106214046EEF791FBB9F1FA
:10D4E000000918BF4FF0010980F805906B69A5F895
:10D4F00010A013FA87F7EF6000223046E16BFFF7C8
:10D5000033FEE0B9A36C013BA36491E7E36B1430F5
:10D510001A8AD96812F048FC14F8353C284603F002
:10D52000FB0343F0080332460C4904F8353CF6F798
:10D530001FFF284602B0BDE8F047F6F789BE02B0EB
:10D54000BDE8F0870AEF040069A50400EFF00400CD
:10D55000E4780400ACF00400C8F00400308A040051
:10D56000F0B5174D00262C464FF6FF7E0AB1AF6B83
:10D57000D7B133B1C02707FB064797F82B70FF06DA
:10D5800012D5704504D0AF6B77B13F8887420BD17D
:10D59000B5F828C0BCF1000F06D0614504D395F85A
:10D5A00030706744B94205DBC0350EB10020F0BDD4
:10D5B0000126DBE7C02303FB06402830F7E700BF66
:10D5C000980A002010B5084CA36B1BB104F1280089
:10D5D000FFF764FBD4F8F83023B1BDE810400348EE
:10D5E000FFF75CBB10BD00BF980A0020800B002035
:10D5F00038B5154C0546A36BD3B14FF6FF72904278
:10D600000BD104F12800FFF7FBFCD4F8F83073B11C
:10D61000BDE838400D48FFF7F3BC1B88834203D1B7
:10D6200004F12800FFF7ECFCD4F8F83043B938BD1A
:10D63000D4F8F830002BFAD04FF6FF729042E7D0C2
:10D640001B88AB42F3D1E3E7980A0020800B00204F
:10D650000346F0B5002753F8042B87B00C46CDE9FC
:10D6600003230D6806460597FAF7B6FCADF81400DB
:10D67000F6F770FCA3888DF81600032B08D81F4816
:10D6800002211F4A15F0ECFB6FF04C0007B0F0BD13
:10D690002988306849BA3B463A46008889B2FFF784
:10D6A0005FFF6C88064664BAA4B238B90B46154AC7
:10D6B0000221124815F0D6FB0020E7E74389E21A61
:10D6C000FF2A06DD0221104A0C48009411F0B1FE39
:10D6D000F2E77F22049B06211A742B8802AAADF878
:10D6E00008306B8803A8ADF80A30CDE90077042331
:10D6F000FEF73CF83046FFF7D1FADDE7E4780400A6
:10D700000DF1040024F1040040F104002DE9F84378
:10D710008B880D46022B08D82A4802212A4A15F088
:10D720009FFB6FF04C00BDE8F8830123018900687E
:10D730001A460088FFF714FF044638B90B46234AFF
:10D740000221204815F08EFB0020ECE7C3781B0770
:10D7500005D502211E4A1B4815F082FBF4E715F09F
:10D7600083FB284612F0F1FA6FF000470646DFF817
:10D770006480DFF85090AB88012B04D831462046F6
:10D78000FFF7FCFDE0E7284612F0EFFA6FF00043E8
:10D79000002204F12A0C3CF8021F8842EBD0002939
:10D7A00008BF13460132032AF5D1BB4203D004EB74
:10D7B00043039885DFE742460221484615F050FBB7
:10D7C000D9E700BFE478040069F1040024F1040003
:10D7D0008BF10400A9F10400F8B58B880D46022BEB
:10D7E00007D823480221234A15F03AFB6FF04C007A
:10D7F000F8BD0123018900681A460088FFF7B0FED2
:10D80000044638B90B461C4A0221194815F02AFB78
:10D810000020EDE7C37813F0080705D00221174A6E
:10D82000134815F01DFBF3E715F01EFB284612F018
:10D830008CFA0646AB88012B04D831462046FFF708
:10D840009DFDE5E7284612F090FAA38D83420AD0A9
:10D85000E38D834209D0238E8342EBD1022304EB74
:10D8600043039F85E6E70023F9E70123F7E700BFBD
:10D87000E4780400CEF1040024F104008BF10400EC
:10D88000F8B58B880E683BB93C4A3D48022115F03B
:10D89000E7FA6FF04C00F8BD01890068002301220F
:10D8A0000088FFF75DFE044638B90B46354A022171
:10D8B000334815F0D7FA0020EDE73378012B01D972
:10D8C000314AE2E7C37813F0080505D002212F4A58
:10D8D0002B4815F0C5FAEEE715F0C6FAE378317873
:10D8E00003F001029142606F12D1A8B143F002032C
:10D8F000E370274D274EB54222D927494FF43E7297
:10D90000264810F0F8FE4FF43E71234810F0EAFE6E
:10D9100010B1EEF745F86567E378327862F30003FB
:10D92000E370A36F002BE4D12046FFF769FBE0E72B
:10D93000AB681BB122692188108898470C35DAE75B
:10D94000F6D3E378DA06B6D443F01003104DE37053
:10D95000B54208D9104940F20232104810F0CBFE0F
:10D9600040F20231D1E7A6D22F682FB12069636857
:10D97000A27821880088B8470C35E9E7F3F1040064
:10D98000E478040024F1040009F204002CF20400FD
:10D990004C7804004C7804000AEF040069A50400E8
:10D9A00013B58B880A68032B08D81D4802211D4A2D
:10D9B00015F056FA6FF04C0002B010BD1A4C0389F6
:10D9C000B4F8B41099420AD0B4F87411994214D042
:10D9D0000221164A124815F045FA0020ECE72834D7
:10D9E000138821885BBA9BB28B4208D0104A009101
:10D9F00002210B4811F01DFDEFE7E834F0E75388F2
:10DA000062895BBA9BB2934202D00092094AEFE767
:10DA100004F1900008F0A6FF0023A4F88C30DCE7A6
:10DA2000E478040049F20400980A002068F2040037
:10DA30008EF20400B6F204002DE9F043037F07469E
:10DA400003F03003102B89B042D08B880E68092B6D
:10DA500005D8904A0221904815F002FA07E0737841
:10DA6000092B07D88D4A02218B4815F0FBF96FF07E
:10DA70004C002EE0B6F80350B3786DBAADB245EA6B
:10DA80000345874BA5F10A029A4202D92B46854AE3
:10DA9000E9E7F3790BB9844ADCE701890B44012BF0
:10DAA00002D0B3F5004F01DD804AD3E7337813F09D
:10DAB000070301D17E4ACDE7012202FA03F3102BBE
:10DAC0000AD9022100937B4A1023734811F0B1FC5C
:10DAD000002009B0BDE8F083006800230088FFF74C
:10DAE0003FFD044678B9744CA36B002B4FD0D4F89B
:10DAF000F830002B4AD068480221704A15F0B0F97E
:10DB00006FF00B00E5E7644802216D4A15F0A8F9B3
:10DB10002046FFF7C3F8B7F808804FF00C09A4F8C7
:10DB20000080F37923723A6822617378A3706423CA
:10DB30005D43656033895BBA6381B6F805305BBAD3
:10DB4000A4F88C309578AB1E5D425D41FAF744FA3B
:10DB5000282109FB05494D4321694C352944638936
:10DB60000191A18909F114090246009148464146F4
:10DB700013F053FE80B10121524A474815F070F965
:10DB80002046FFF78BF86FF00400A2E70123C022C4
:10DB900002FB03442834BEE7B4F98C30B4F88C009F
:10DBA000002B17DDFAF732FAA0B916F029FA4FF474
:10DBB0007A75A0FB050C002347F6122205FB01C174
:10DBC000E3F70CFC0123C4F88800A4F88E3020464B
:10DBD000FFF7C0F833783C4AC3F3C101555CC3F387
:10DBE0004113D25C97F91030C5EB052502FB1355A4
:10DBF0000A2395FBF3F5642DB8BF642547F612267A
:10DC000040F2E73000214FF47A720023C5FB060191
:10DC1000E3F7E4FB02460B4604F1380008F09CFEF3
:10DC20004FF4E02203AB012105A8CDE9062397F9C3
:10DC300010500593EDF792FF062105A8EDF7FAFFC6
:10DC4000FF230370102343700323C5708370A389DF
:10DC500004215BBA838005AA2046FFF7A9F905468F
:10DC600028B90121194A0C4815F0FAF830E70146A5
:10DC700001222046FFF778FA00287FF429AF606F71
:10DC800008B1EDF78DFEE378656743F00203E370BA
:10DC90001EE700BFDEF20400E4780400F7F204009F
:10DCA000F5BB340018F3040038F304005CF30400FF
:10DCB0008AF30400BAF30400980A0020EAF304008F
:10DCC0000EF4040034F40400BDF4040058F404001D
:10DCD000F8B50025104C114F114E394604F1600083
:10DCE000C4E9285508F0F4FC314604F1B80008F006
:10DCF000EFFC394604F59070C4E92455C4E9585541
:10DD000008F0E6FC04F5BC70314608F0E1FCC4E91B
:10DD100054552846F8BD00BF980A0020EDD30200F4
:10DD2000B32F04000A4608B50146054815F0D7F898
:10DD300020B9BDE80840034815F0D1B808BD00BFC0
:10DD4000C00A0020800B00202DE9F04781460E46D6
:10DD5000014618481F4615F0C2F8924605469DF840
:10DD6000208008B3B8F1100F13D900245246494659
:10DD7000114815F0B4F8C8B1B8F1100F06D84346F1
:10DD80003A4631460C4815F068F900B92046BDE81E
:10DD9000F08743463A463146064815F05EF9044698
:10DDA0000028E2D00546E1E70446DFE7002DEDD18B
:10DDB0000120ECE7C00A0020800B00202DE9F04F85
:10DDC000174690F91C209846002A04460E46037F09
:10DDD0008DB068DA427C012A03D803F03003102B9F
:10DDE00061D1F6F797F801285DD14FF00009434D56
:10DDF000236828466289198815F071F800284ED0EA
:10DE0000B4F808B028465A4615F069F8002846D1FB
:10DE1000A369D5F878A0BAF1000F4AD143463A4633
:10DE200028462189FEF7FCFF002838D02089FAF720
:10DE3000EDF8002833D12EB927B13946284622897A
:10DE400015F025F9A368607C0493237F03F030026A
:10DE5000102A18BF00F1FF30C3F3C00200F07F00AA
:10DE600040EAC210A26903F00103110C8DF81410EE
:10DE70008DF81620C2F30721214A8DF81700126889
:10DE80008DF81510D31A169904A80693FFF74AF8CF
:10DE90000146F8B901211B4A1B4814F0E1FFC035C7
:10DEA000B9F1000F02D00DB0BDE8F08F4FF00109BD
:10DEB0009EE704A90AF10C000393F7F7A3FABDF853
:10DEC0001820039B5A4502D10A9A9342E7D0DAF808
:10DED00000A0A0E7BDF810204EB905F17800EDF7DD
:10DEE000C5FCD5F880300133C5F88030D7E7009005
:10DEF000434631462846FEF7CBFFD0E7C00A002054
:10DF0000980A002076F40400E47804002DE9F04F2C
:10DF100004460F4690469946D0E9003287B0918872
:10DF20001888FFF7FFFE20B90026304607B0BDE88D
:10DF3000F08FF5F7EFFF0128F6D14FF0000B5E46AA
:10DF4000484DD4E9003228469288198814F0C7FF5A
:10DF500000284AD04B46424628462189FEF760FFFA
:10DF60008246002841D03FB9B8F1000F04D04146A5
:10DF70002846228915F08BF82389ADF80C306368A8
:10DF80009A88197CADF80E209DF8132061F30602E3
:10DF90008DF813204FF6FF725B889A1A5342534153
:10DFA0009DF8132063F3C7122F4B8DF813205A6886
:10DFB000110C8DF81010C2F307218DF812208DF886
:10DFC000111053F8082BD3E8AF3FC3F3C003D31AA3
:10DFD000109903A80593FEF7A5FF064660B9012135
:10DFE000224A234814F03CFF5646C035BBF1000FCF
:10DFF0009BD14FF0010BA4E747B100904B46394647
:10E000002846BDF80C20FEF743FFEDE79DF91330DD
:10E01000002B1BDB6268836952881A8062689388D0
:10E0200083F40043B3F5804F10D290680DF10A01DC
:10E03000FCF7EAFC18B13046EDF7B2FCD4E7B3695F
:10E04000BDF80A105A8861F30E025A80314605F174
:10E050007800EDF70BFCD5F880300133C5F880303F
:10E06000C2E700BFC00A0020980A002076F404002E
:10E07000E47804002DE9F04706460D461746984619
:10E080004FF00009134C3A462046318814F027FF20
:10E09000B0B1B8F8002004F1680A29465046C2F32E
:10E0A0000C0214F0AAFF58B12B4602210A4A0B4871
:10E0B00014F0D8FE504614F0C9FE002384F87030E6
:10E0C000C034B9F1000F01D0BDE8F0874FF001096D
:10E0D000D9E700BFC00A002095F40400E4780400EA
:10E0E00010B5084B04469B6810465B6803B198471F
:10E0F000054B1B681B6C1BB12078BDE8104018470E
:10E1000010BD00BF146D0020106D0020034B1046A1
:10E110009B689B6803B11847704700BF146D0020CF
:10E12000F8B505460C4605F057FB24210F4E6A1E34
:10E13000C5F1010083189C420DDC0D4B2246294697
:10E14000184618F02AFDC4F1200220440021BDE841
:10E15000F84018F049BD12F8013FB3FBF1F701FB9D
:10E160001733DBB2F35C1370E4E700BFC0F50400C3
:10E17000266D0020884210B500EB02030DD98C18E3
:10E18000A0420DD20B490C4840F2B32210F0B3FA72
:10E1900040F2B321074810F0A5FAF3D09942F0E716
:10E1A000013A1144984200D110BD11F8012900F83C
:10E1B000012BF7E7D0F4040069A504002DE9FF4125
:10E1C0003E4B00229B7B0124002B06460F4614BFCA
:10E1D0004FF020084FF0100891F800C0CDE9002260
:10E1E0000292ADF80C208DF80040D3B29C4520D8A7
:10E1F0006B460021FF201D4613F8012B9AB3013A0C
:10E200002A70012C04F1FF3502D01DF8053083B3CC
:10E210002146304605F0E0FA2B4635192A46002BF8
:10E2200031DB1DF8030048BB02F8010C013B013A49
:10E23000F5E700236D4618462978013001EB81018E
:10E2400003EB4103A04205F8013BC3F30F23F3D1D5
:10E250003BB10D2C9FBF04F11001694401F8103C43
:10E2600001340132C1E701318C4203F8010CC2D103
:10E27000C7E72C46C5E7490802F8011C12F8011C43
:10E280008842F8D3D2D9334613F8012B1AB99D42EC
:10E29000FAD1012333700A4DA8EB0400224631461F
:10E2A00028443C60FFF766FF002128463A68A8EB47
:10E2B000020204B0BDE8F04118F096BC146D0020D5
:10E2C000266D0020044BD3E8EF1F0143C3E8E21F93
:10E2D000002AF8D1704700BF146D002010B5044625
:10E2E0000120FFF7EFFF074B1B68DB6B0BB12078BA
:10E2F0009847054B5C609B681B6813B1BDE81040F4
:10E30000184710BD106D0020146D002037B510683F
:10E31000264C0378092B0BD925480121254A11F0F9
:10E320007EF80120A3689B6803B0BDE83040184721
:10E3300011D1A1684D6BBDB1022192888A422ED0C5
:10E340001B480093012113461B4A11F072F8A36881
:10E3500002209B68E8E794F85210994204D1A16822
:10E360001D1D51F825505DB994F8522010480092B7
:10E370000221124A11F05DF8A36803209B68D3E7DD
:10E38000591F012904D90E49C95C0131C9B2D4E72A
:10E39000A17B002914BF202110210131CDE72B469C
:10E3A000013003B0BDE83040184700BF146D0020B5
:10E3B0004479040002F5040047F5040027F5040041
:10E3C000B6F50400002110B50B48D0E8EF3FC0E8D7
:10E3D000E21F002AF9D14FF4B4720C3018F004FC9B
:10E3E000F8F7A0FE044628B101210346034A044879
:10E3F00011F015F8204610BD146D002069F50400D9
:10E40000447904002DE9F047884600211C468CB071
:10E410008146154604A81D22039118F0E5FB524BD6
:10E4200027469B7B002B14BF20261026202C28BFBC
:10E4300020270197B8F1030F00F29380DFE808F07E
:10E4400002111A60002D40F08C80002C40F0898071
:10E4500032462146454818F0C7FB00200CB0BDE805
:10E46000F087002D7DD1002C7BD14FF40060FFF7A9
:10E4700029FFF2E7042D74D83D4B5FFA87FA5D5D02
:10E48000002D6ED0DFF8EC80D8F800305A8B2A428D
:10E4900067D05B7E534564D3002C62D0B9F1000F86
:10E4A00010D0102D09D10420FFF70CFF0820514691
:10E4B000D8F80030DB6A9847D0E70220FFF702FF68
:10E4C0000420F4E70820FFF7FDFE102D0CD1BE421A
:10E4D00028BF3E4603A8F1B2FFF722FED8F800306D
:10E4E00003A89B6A9847B9E701A903A8FFF766FE4E
:10E4F0002846D8F80030019A5B6A03A99847ADE72F
:10E50000032D2ED81C4B5FFA87FA5D5D4DB3DFF803
:10E510006480D8F80030DA8B2A4222D01B7F534522
:10E520001FD3F4B1B9F1000F0BD1082D0CBF04209B
:10E530000220FFF7C7FED8F8003051462846DB6AB4
:10E54000B9E70820FFF7BEFE8542C0D001A903A8A5
:10E55000FFF734FED8F8003008205B6A019A03A95F
:10E56000CCE76FF0150079E7146D0020266D0020D0
:10E57000B1F50400106D0020ADF5040070B5154C28
:10E580000A46A37B002B14BF202510250E291AD87C
:10E59000D4E8EF3F23F00201C4E8E61F002EF7D1D4
:10E5A0009B0713D5AD1A04F1120601467019FFF747
:10E5B000E1FD2A460021304618F016FBA368DB680F
:10E5C0009847002070BD6FF08500FBE76FF01500E5
:10E5D000F8E700BF146D0020014B1868704700BFBA
:10E5E000106D0020024BD3E8AF0F00F00100704720
:10E5F000146D002000487047548A0400024B1B68C9
:10E600005B6C03B118477047106D002010B514F013
:10E61000F0FD14F0F3FDFFF7D5FE044B1B681B6DF6
:10E6200013B1BDE81040184710BD00BF106D0020A9
:10E6300008B548B1084B186001F04AFB01F0C2FB75
:10E64000BDE80840FFF7BEBE0121044A044810F0AF
:10E65000DDFE6FF0150008BD106D00208CF5040084
:10E6600044790400024B00225B68DB68184700BF56
:10E67000146D0020034B586818B10078831E58426F
:10E6800058417047146D0020034630B4074C00F128
:10E690004005224618685968083303C2AB42144645
:10E6A000F7D130BC024807F021BF00BFF86D002051
:10E6B000E013002007B500220F4B83F852205B685F
:10E6C0004BB11B78012B06D10C4B1B789A0702D556
:10E6D0000B4B9B689847FFF7CDFF50B1074B1B785A
:10E6E000DB0706D5074B9B68019303B05DF804EB8D
:10E6F000184703B05DF804FB146D0020787D0020FE
:10E70000E08A04009C8A04004FF4E02210B586B031
:10E7100001ABCDE904230446FF2203930A4B0921F0
:10E7200003A883F8522014F018FD214603A811F025
:10E7300047FB002103A8FFF795FF18B103490448E0
:10E7400014F017FD06B010BD146D0020E4F50400B0
:10E750004C7904004FF4881270B588B0017803AB8F
:10E760000446CDE90123009311B10020FBF7E4FF3B
:10E770002378294D0121684685F8D33014F0EDFC4B
:10E78000F9F78AFC254C0146684611F019FB23680D
:10E7900003215E696846003E18BF012611F020FB88
:10E7A00023686846D968003918BF012111F008FBB9
:10E7B0003146684611F004FB23686846597E11F023
:10E7C000FFFA23686846598B11F00AFB23686846F4
:10E7D000197F11F0F5FA23686846D98B11F000FB18
:10E7E000009A05F1D403D2F80100D2F8051003C352
:10E7F000B2F80910D27A6846198000219A70FFF7A2
:10E8000031FF28B10649074814F0B3FC08B070BDC9
:10E81000022385F85230F9E7146D0020106D0020B6
:10E820000FF604004C7904007FB54FF4C02201AB11
:10E83000042103A8CDE90423039314F08EFC0021E6
:10E8400003A8FFF70FFF18B10549064814F091FC23
:10E850000522054B83F8522007B05DF804FB00BF8A
:10E860002BF604004C790400146D0020074BD3E80C
:10E87000AF2F910703D4D3E8AF2F520703D5FF2260
:10E8800083F8522070470522FAE700BF146D00207C
:10E89000074BD3E8EF2F42F04002C3E8E12F0029F5
:10E8A000F7D1D3E8AF3FDB0501D5FFF7BDBF704718
:10E8B000146D0020094BD3E8AF2F510601D5FFF7A7
:10E8C000B3BFD3E8AF2F9206F9D4D3E8EF1F41F4DA
:10E8D0008071C3E8E21F002AF7D17047146D002051
:10E8E00030B5294A97B0002102F1B200F8F760FC78
:10E8F00048B12649264814F03CFC072017B0BDE873
:10E900003040FFF701BF234CD4E8AF3F9B0604D54E
:10E9100017B0BDE83040FFF7A9BF4FF48C0204AB3D
:10E92000CDE902230193F8F739FC054640B91848B0
:10E93000194914F01EFC0720FFF7E6FE17B030BDA2
:10E94000032101A814F009FC4022294601A811F076
:10E950002BFA019904F592734A1C01F141041D46FA
:10E9600010685168083203C5A2422B46F7D10B4903
:10E9700001A8FFF777FE20B10949054814F0F9FB1B
:10E98000DCE7FFF773FFD9E7466D002056F6040079
:10E990004C790400146D00206FF6040091E8020029
:10E9A00087F604004FF4C0222DE9F0433F4999B0A7
:10E9B00004AB0446CDE90723A1F5997003AA069399
:10E9C000F8F7EEF948B13A483A4914F0D2FB07207B
:10E9D000FFF79AFE19B0BDE8F083344909AAA1F502
:10E9E0009970F8F7C1F928B13349314814F0C1FBE7
:10E9F00007200BE0224611AB09A903A813F099FAEE
:10EA000050B12B482D4914F0B4FB0620FFF77CFED3
:10EA100003A813F066FBDDE724490DAF3A46A1F5E4
:10EA20009970F8F7D1F9054608B12549DDE7BDF839
:10EA30005B30244C08215BBA06A8BDF854609DF8F1
:10EA40005680DDF85790A38114F087FB294606A86D
:10EA5000FFF708FE20B11C49154814F08AFBD7E7E0
:10EA6000FF2384F85230D4E8EF3F43F40053C4E866
:10EA7000E23F002AF7D1FFF7FDFD0197A38971BAA4
:10EA80000093054699FA89F3424689B211A8F5F731
:10EA9000EDF8034628B101210C4A054810F0BFFCEF
:10EAA000B6E7002DB4D001F06FFEB1E7786E00201C
:10EAB0004C790400A1F60400C0F60400E1F604005D
:10EAC00005F70400146D002023F7040048F7040044
:10EAD00037B5184D95F8D3301BB100210846FBF728
:10EAE0002BFEFFF76FFC12F033FD00BBFFF7C2FDFA
:10EAF000044648B9104B1B789A0705D5FFF77AFDF5
:10EB00000E4B21465B6898476B6813B11B78012B4D
:10EB10000DD0094B1B78DB0709D5FFF76BFD0021F2
:10EB2000074B5B68019303B0BDE83040184703B062
:10EB300030BD00BF146D0020787D0020E08A040005
:10EB40009C8A04002DE9F04103780546012B00AFB3
:10EB50000BD09BB1314A0121314810F060FC0220FA
:10EB6000FFF7D2FDBD46BDE8F0814FF020082D4CE7
:10EB7000A3736E782EB12C4A3346ECE74FF01008A1
:10EB8000F5E7D4E8EF3F23F02003C4E8E23F002A92
:10EB9000F7D12B683046C4F8DF302B7984F8E330A6
:10EBA000032384F85230AB78E373EB7823742B792A
:10EBB0006374EA78A978FFF725FC002815DA6C461B
:10EBC0008AB06A46A878E9782B79C2E90713052349
:10EBD000164DC2E9055042F8103F4FF4215133461B
:10EBE0000F48EAF7EFFDA546B9E7D4E8AF3F1B05AC
:10EBF000B8D50F4B12341D6820462A7E69694245FC
:10EC000028BF424617F0C9FF287E4045AAD2A8EB8C
:10EC100000023146204417F0E7FFA3E765F7040040
:10EC20004C790400146D00207EF704009EF7040068
:10EC3000106D0020F0B5424C0146A37BA1B0002B23
:10EC400014BF2022102204F15300254617F0A5FF1F
:10EC5000D5E8EF3F23F00802C5E8E12F0029F7D1FE
:10EC60001B0704D5374B1B681B6B03B198474FF448
:10EC7000181206ABCDE90423A07B334A002802F129
:10EC800040010CBF10262026039313F024F940B155
:10EC90002E492F4814F06DFA0720FFF735FD21B0FB
:10ECA000F0BD2C4B10AA9E46944603F12007154652
:10ECB00018685968083303C5BB422A46F7D1A77BB9
:10ECC000012F09D1244B18AD2A461868596808331A
:10ECD00003C273451546F7D1204B61463846A3F170
:10ECE0002002F8F7F9F808B11D49D2E731461D486E
:10ECF00004F072FD08B11C49CBE7052103A814F00C
:10ED00002CFA314603A8A57BECF794FF124B009038
:10ED100003F1A101284603F1610213F0EAF801466C
:10ED200008B11249B5E703A8FFF79CFC20B11049D0
:10ED3000074814F01EFAB2E7062384F85230AEE713
:10ED4000146D0020106D0020A76D0020E2F7040074
:10ED50004C790400466D0020266D0020C76D002010
:10ED600007F80400876D00202BF804004CF804001D
:10ED700072F804002DE9F041364C98B094F80E80FA
:10ED800004F17301B8F1000F0CBF102720273A4699
:10ED9000054617F031FF48B92F49304814F0E9F91A
:10EDA000042018B0BDE8F041FFF7AEBC06AE2A461D
:10EDB0004046009604F1120304F1B30113F099F8F0
:10EDC00028B12749254814F0D4F907200BE03A462A
:10EDD000304604F1530117F00FFF48B11F48214995
:10EDE00014F0C7F90420FFF78FFC18B0BDE8F081DC
:10EDF00004F5B27300932A46A07B04F1730304F177
:10EE0000930113F04EF8054608B11749DAE74FF4BD
:10EE100018120EAB062103A8CDE90423039314F0C6
:10EE20009CF9A37B04F17301002B14BF2022102254
:10EE300003A810F0B9FF294603A8FFF713FC20B17F
:10EE40000A49064814F095F9CFE7072384F85230B1
:10EE5000CBE700BF146D002096F804004C79040045
:10EE6000C4F80400F2F804000DF9040032F90400BB
:10EE7000B0B586B000AF044612F06AFB0146002828
:10EE800057D17D1D1022284617F0AEFE02233B719C
:10EE9000294B1B681A68AA4202F110030CD29D424A
:10EEA0000FD22649264840F2B3220FF024FC40F24C
:10EEB000B32122480FF016FCF3D007F115018A4266
:10EEC000EEE7391D084613F8015D934201F8015F32
:10EED000F9D1ECF7A1FF6D4688B06A46194BC2E93B
:10EEE00005304FF400739383174B42F8103F002313
:10EEF0004FF4E6511548EAF765FCE207AD4605D543
:10EF0000FFF778FB124B00215B689847A30705D5F4
:10EF1000FFF770FB0F4B00215B68984700200E4BFA
:10EF20000E4A9A600E4B1A7814431C701837BD466F
:10EF3000B0BD6FF07700F9E7106D0020D0F4040049
:10EF400069A5040055F90400030000014C79040090
:10EF50009C8A0400E08A0400146D0020648A040086
:10EF6000787D002010B5064C0246A368E16805488C
:10EF70009B689847201D0821BDE8104014F0FFB899
:10EF8000B80C00209C8A04006FF01001014814F0B6
:10EF900003B900BFBC0C002008B50121024A034898
:10EFA00014F0F8F8002008BD79F904002C79040069
:10EFB0002DE9F041044618460F46904614F0FEF83D
:10EFC0000646B0B10C4B00F1140519682846A400A0
:10EFD00010F01BFF44F003040021284610F0F0FE5F
:10EFE000E1B2284610F0ECFE42463946284610F0C1
:10EFF000DBFE3046BDE8F081B80C00200C2370B574
:10F00000224CD4F8882002F0010503FB0541096F6A
:10F0100051B9013202F0010503FB05431E6F1EB911
:10F02000236B022B0FD970BD8021194814F0A7F86B
:10F030000C2303FB054301221649186FF5F798F9D5
:10F04000C4F88850EFE704EB83035B6A002BEAD037
:10F050008021201D14F093F8236B324604EB8303C8
:10F06000586A0C49F5F784F9236B5A1C032A22636A
:10F0700004D004EB8304A36A002BD4D1BDE8704014
:10F0800043F609520023044807F066BCB80C002080
:10F09000BC0C0020D88A0400F80C00207F2208B5A0
:10F0A000074B1A74FF2283F820201E22C3E90201B5
:10F0B00083F82220F5F7A2F9F5F7F2FD002008BD4C
:10F0C000B80C002080B500AF018B4069ECF744FE1E
:10F0D00088B06A46094BC2E905304FF40073938348
:10F0E000074B42F8103F00234FF4E4510548EAF77C
:10F0F00069FB6FF00B00BD4680BD00BF92F90400B4
:10F10000030000012C790400014BD3E8AF0F7047D6
:10F11000BC0C002070B505460E46FDF751F90446BB
:10F1200030B10121094A0A4814F034F8204670BD74
:10F13000FFF7EAFFC30705D431462846BDE8704013
:10F14000FFF7ACBF6FF00F04F0E700BF3FCC040047
:10F150002C79040073B5FFF7D7FF0306C0F3C01581
:10F1600020D402210DF1060004F036FB1E23BDF869
:10F17000064047F61226B4FBF3F240F2E730294688
:10F1800003FB12441434A4B24FF47A720023E6FB5A
:10F190000401ADF80640E2F721F902460B460248A9
:10F1A00007F06AFB02B070BD880C00202DE9F04129
:10F1B00000252E46A846124F57F8044F74B1C7F8E1
:10F1C0000080237C1A0713D42046FDF79DF990B1E7
:10F1D00020460136F5F73CF8032EEDD16DB16FF006
:10F1E0008001084813F0D8FFBDE8F041FFF7B2BF37
:10F1F00068F3C30323740125EAE7BDE8F08100BF8B
:10F20000D80C0020BC0C002008B5034807F0AAFB6E
:10F21000BDE80840FFF7CABFF80C002010B50B4C42
:10F22000636A8BB1027994F820309A420CD1FFF7CF
:10F230006BFF430701D4FFF7E7FF636B23B1A16BBB
:10F240000020BDE81040184710BD00BFB80C0020DA
:10F2500038B599B10C230E4CD4F8885003FB054304
:10F260001A6F5AB15A6F0AB1996F90470C2303FB7A
:10F270000544206FF4F7ECFF002323676FF0800153
:10F28000044813F089FFBDE83840FFF763BF00BFB3
:10F29000B80C0020BC0C002038B50A4B05461C6F8A
:10F2A00034B1DC6F1CB1BDE83840FFF70BBF01245F
:10F2B0000C2000FB0433C3E91C519A67FFF74AFF97
:10F2C000002038BDB80C002037B50C460546B0B15B
:10F2D000FFF79AFF6846E7F78BFEDDE90023094850
:10F2E00007F03AFB224628460749FFF7D5FF0446B8
:10F2F00010B12846F4F7ACFF204603B030BD6FF0E4
:10F300000B04F9E7480D0020A5F3020038B5FFF71C
:10F310007BFF174807F026FBFFF7F6FE10F0200FE3
:10F32000144CC0F3401510D040220021204617F0A5
:10F330005BFCFF232374FF23002284F821300E4B53
:10F340009A809A6863611A6038BD12F001F900B1C1
:10F35000A5600022094B2260D3E8EF1FC3E8E02F2D
:10F360000028F9D17F232374FF2384F82030E2E7BB
:10F37000480D0020B80C0020F0130020BC0C002029
:10F3800070B50446054BD3E90265FFF7BFFF22467F
:10F39000294673680248BDE870401847B80C002041
:10F3A0009C8A040010B509480C466FF0400113F028
:10F3B000F3FE6FF00401054813F0EEFE430704D599
:10F3C000E0B2BDE81040FFF7DBBF10BDBC0C002071
:10F3D000F8B5102105461D4813F0D1FE10EA0107CB
:10F3E0000BD1022013F0EAFE044658BB6FF0100167
:10F3F000BDE8F840154813F0CFBE154B93F8213007
:10F40000AB421ED0022013F0D9FE04460028EDD0F6
:10F410000F4B04F114061968304610F0F6FC29462B
:10F42000304610F0CDFC0121304610F0C9FC00221E
:10F43000002F0849204618BF1146FFF72DFF00286E
:10F44000D4D1F8BD024B83F82150E1E7BC0C002079
:10F45000B80C002089EF020007B504218DF80700E1
:10F460000D4813F08CFE430713D403220B4B0DF110
:10F47000070183F82220022301221846FFF798FD96
:10F480009DF80710FFF720FF18B19DF80700FFF760
:10F4900077FF03B05DF804FBBC0C0020B80C002023
:10F4A00008B5FFF731FEC30707D50022034B012043
:10F4B0005A74BDE80840FFF7CFBF08BDB80C002064
:10F4C00008B505480221054A13F064FEBDE808406E
:10F4D0000120FFF7C1BF00BF2C790400B4F904007C
:10F4E00070B5FFF711FEC30706D4BDE870400221D6
:10F4F000134A144813F04EBE14F082FD4FF47A758F
:10F50000A0FB050647F61222002305FB0161E1F787
:10F5100065FF00240C4BD3E90626801A93F82220BD
:10F5200061EB06016A43824274EB010103DABDE834
:10F530007040FFF7C5BF1C63BDE87040FFF70ABE0F
:10F54000CAF904002C790400B80C002010B50E4C48
:10F55000207CFFF73DFFFFF7D7FD03070CD563695C
:10F560001B681B7809480221094A0FF058FFBDE8C3
:10F5700010400320FFF7F6BCA3686269E168DB680E
:10F580000448BDE810401847B80C00202C7904004E
:10F59000DAF904009C8A040007B56846E7F728FDFD
:10F5A000DDE900230A4807F0D7F90A4BD97C5869EE
:10F5B000F7F75EFC38B90121074A084803B05DF847
:10F5C00004EB13F0E7BD03B05DF804EBFFF7BEBF3B
:10F5D000480D0020B80C002004FA04002C79040027
:10F5E000F7B5454D02466B7C0E4647796BB9297CD1
:10F5F0000079814217D1FFF787FDC10611D4107938
:10F6000003B0BDE8F040FFF7E3BE6B6A4BB9137976
:10F610002A7C93421CD0022100923848384A0FF0CD
:10F6200008FF03B0F0BD6C6A002CFAD14B1C03F04C
:10F630007F0321F07F010B439842E8D16B69287466
:10F640009A689C801A60FF236B74AB74FFF7DCFD33
:10F65000AB7CBC08B3EB970F00D35CB90121234608
:10F66000284A26480FF0DBFE022003B0BDE8F04038
:10F67000FFF778BC6B7CE340DA07D2D51722631E14
:10F680005343B2881433D118412907DD02211E4AA1
:10F690001A4803B0BDE8F04013F07CBD6969086802
:10F6A0003168184417F079FA01216A7C01FA04F3F1
:10F6B00022EA0302AB7C6A749C4215D1D307B0D412
:10F6C0006869C4EBC40304EB8303808804EBC303C1
:10F6D00003330344B088DBB2834205D00B4A009069
:10F6E00006480FF0A6FEBFE7002A9AD103B0BDE896
:10F6F000F040FFF751BF00BFB80C00202C79040088
:10F7000012FA04003EFA040057FA040089FA0400D1
:10F71000F7B5524E0D460379317C04468B4211D128
:10F72000737C2BB1726A0AB9D9071DD403B0F0BD3E
:10F73000FFF7EAFCC006F9D4207903B0BDE8F04039
:10F74000FFF746BE726A002AF0D14A1C02F07F021F
:10F7500021F07F010A43934206D0022100924048E3
:10F76000404A0FF066FEE1E70022736928469A805E
:10F770009A681A60776910F0F8FAB88023792846F9
:10F78000337410F0E2FA7369F0749A882AB9364A31
:10F790000121334813F0FEFC08E0DB8893420BD2D2
:10F7A0001346324A01212E480FF039FE022003B0E1
:10F7B000BDE8F040FFF7D6BBAB889A4206D2009274
:10F7C0002B4A012126480FF034FEEFE763799B08AE
:10F7D00003D0142A03D8274ADAE7142A0BD91721B1
:10F7E000143A92B2B2FBF1F20132D2B2934202D099
:10F7F0000092214AE5E7FFF707FD6179737C8908EC
:10F80000DA07B1740CD5FF2B0DD0DA43D2B2B2FABD
:10F8100082F2C2F11F028A4205D9FF23174AC1E7CB
:10F82000002B08BFFF2301226179890801318A403A
:10F83000013A134073747369AA881868296817F02D
:10F84000ACF9737C03F0FE037374002B7FF46EAF8E
:10F8500003B0BDE8F040FFF79FBE00BFB80C00202A
:10F860002C790400AAFA0400CEFA0400F4FA040089
:10F870001AFB04004CFB040079FB04003EFA040070
:10F8800070B5437905469B08012B5CD0022B75D0DF
:10F89000002B40F081808B880F2B06D8404A012135
:10F8A000BDE870403F480FF0BABDFFF72DFCC6071A
:10F8B00019D53D4A2B68116899426FD1FFF724FC96
:10F8C0004506C0F3801469D44021101D13F057FC85
:10F8D0002146224602230120FFF76AFB2146BDE8AC
:10F8E0007040FFF7F1BC0C68FEF776FE102201684D
:10F8F000204617F081F9044600284FD12B682A4D85
:10F900000121284640F8043B13F039FC6B69402183
:10F910009A689C801A60281D13F031FC214602234E
:10F9200022460120FFF744FB2146FFF7CDFC18B12A
:10F93000BDE87040FFF7EABCAB68E9681B681B488C
:10F94000BDE870401847FFF7DFFBC00726D5FFF77B
:10F95000DBFB810622D50221154813F010FC82073B
:10F960001CD4FFF751FC1E220F4B104883F82220B5
:10F970009A68D9681268BDE870401047FFF7C4FB69
:10F98000C3070BD58B88012B08D1084610F0DDF991
:10F99000BDE87040FFF7F4BC064A80E770BD00BFC9
:10F9A0009AFB04002C790400B80C00209C8A040007
:10F9B000BC0C0020C1FB04002DE9F347DFF860A177
:10F9C000884617460446FFF71FFC6846E7F710FB1A
:10F9D000DDE90023504606F0BFFF002013F0EEFBE8
:10F9E0008146002874D01AF8702C00F11406531CBC
:10F9F00003F07F0322F07F02134330465AF8901C35
:10FA00000AF8703C10F001FA1AF8701C304610F039
:10FA1000D7F9A3883046142B81BF1722143B9BB221
:10FA2000B3FBF2F392BF00230133DBB29B0003F080
:10FA3000FC0110F0C5F93046A18810F0D1F9217908
:10FA40002068F7F705FAAAF190050146304610F054
:10FA5000B7F9C5F82490C5E90D8714F0D1FA4FF431
:10FA60007A77A0FB070C002307FB01C147F612229F
:10FA7000E1F7B4FCC5E90601A7882168142F28BF67
:10FA8000142730463A4610F08FF939462046ECF7F5
:10FA90009DF80027DFF88C80A68826B92E63FFF733
:10FAA00059FB30460AE0082F0BD11F4801211F4A9D
:10FAB00013F070FBFFF77AFB6FF0060002B0BDE8B1
:10FAC000F087002013F07AFB043720B9FFF76EFBB4
:10FAD0006FF06800F2E748F8040FB4F8049000F102
:10FAE0001406B9F1170F28BF4FF0170930462968DF
:10FAF00010F08BF995F82010304610F061F947F0BE
:10FB000002013046C9B210F05BF921684A4630461E
:10FB100010F04AF949462046ECF758F8BCE700BF18
:10FB2000480D0020DC0C00202C790400DFFB0400D1
:10FB30002DE9F341234C06460D46234820219046EB
:10FB40001F4613F01CFB0421204603F045FE7F23D3
:10FB500084F82030FF2384F822500025C4E902876E
:10FB60002374636931469A689D801A6028462B4643
:10FB70001022FFF71DFA064608B3FFF745FB68465B
:10FB8000E7F736FADDE9002304F1900006F0E4FE21
:10FB900014F036FA4FF47A77A0FB070C47F61222DE
:10FBA000002307FB01C1E1F719FC6662C4E9060105
:10FBB0002563FFF7CFFA284602B0BDE8F0816FF069
:10FBC0000B00F9E7B80C0020BC0C00202DE9F04137
:10FBD00005460E4617469846FCF7F2FB044638B138
:10FBE00001210C4A0C4813F0D5FA2046BDE8F081FB
:10FBF00001210A4813F0C3FAC30707D443463A4623
:10FC000031462846BDE8F041FFF792BF6FF00F0480
:10FC1000EBE700BF3FCC04002C790400BC0C0020B3
:10FC200037B5264D0446AB687BB38388052B07D8D0
:10FC30000221234A234803B0BDE830400FF0EFBB58
:10FC400010F09DF80090204610F07FF88DF8040029
:10FC5000204610F07AF88DF80500FFF755FAC30733
:10FC600003D52A68009B9A420FD19DF80530164AA9
:10FC700003F0030302EBC301A0884979884206D24E
:10FC80000121124A0F480FF0CAFB03B030BDFFF745
:10FC90003BFA10F0010F9DF8053006D103F0030187
:10FCA00002EBC10109790029EFD103F003032146DA
:10FCB000684652F833309847E7E700BFB80C002099
:10FCC000EFFB04002C790400B88A040016FC040041
:10FCD00010B5064C0649204606F0FAFCA4F1500087
:10FCE0000449BDE8104006F0F3BC00BF480D0020F9
:10FCF000A1F40200E1F40200034AD36813B100202A
:10FD000011691847704700BF204E002010B5064CFF
:10FD1000206818B1EFF71AFE002323600348BDE8FE
:10FD2000104006F01FBE00BF204E0020384E0020BD
:10FD300070B50446054BD3E90165FFF7E7FF22469E
:10FD4000294673680248BDE870401847204E0020DD
:10FD5000E08A0400044BD3E8AF3FDB0702D5012063
:10FD6000FFF7E6BF704700BF146D002070B5064670
:10FD70000D46FCF725FB044630B10121064A074831
:10FD80000FF044FB204670BD00F0D2F8FCF79AFB60
:10FD9000034BC3E90165F5E73FCC04003479040067
:10FDA000204E002008B5064B1B68834204D100207A
:10FDB000FFF7BEFF002008BD6FF07F00FBE700BF2C
:10FDC000204E00200149024806F082BC55FD020089
:10FDD000384E002030B58BB001A90446F0F708FB7F
:10FDE000A8B99DF80530012B11D10A4B1B7873B1CE
:10FDF00011F0AEFB58B99DF8063043B9064D2B689B
:10FE00002BB92046054A064901F0A2F828600BB03C
:10FE100030BD00BF797D0020886E0020B9FE020051
:10FE200025FE0200F0B50F4604461D46164687B073
:10FE300010220021684616F0D7FE074B6946CDE92F
:10FE400001370C9B2046ADF80C6004950593F3F741
:10FE50008DFC07B0F0BD00BF4414002008B501219F
:10FE6000034A04480FF0D2FA6FF07F0008BD00BFCC
:10FE700072FC04003C79040008B513460B4A126872
:10FE80001268824203D0BDE80840FFF7E7BF012BAC
:10FE900007D007480221074A0FF0C1FA6FF012009D
:10FEA00008BDE7F735F90220FAE700BF886E0020A9
:10FEB0003C7904008AFC04000379032B01D113F080
:10FEC000A0B90221014A02480FF0A9BAB6FC040009
:10FED0003C79040008B511461A46104B1B681B6894
:10FEE000834207D00E4801210E4A0FF08FFA6FF0BF
:10FEF0007F0008BD3AB90C4A094802210FF086FA82
:10FF00006FF01500F5E70B7803F03F03032B01D0EA
:10FF1000064AF1E7BDE8084000F0A0BE886E002068
:10FF20003C79040072FC0400D4FC0400E8FC0400EA
:10FF300070B511F00DFBC8B90F4D2C78CCB90F4836
:10FF4000F2F7EAFE01232B7014F05AF84FF47A7599
:10FF5000A0FB0506002347F6122205FB0161E1F72D
:10FF60003DFA074BC3E90001204670BD6FF08500E4
:10FF7000FBE76FF00F00F8E7797D0020FC1300200D
:10FF8000684E002038B5074D2B7843B10024064851
:10FF9000F3F770F82C70FCF795FA204638BD6FF037
:10FFA0007700FBE7797D0020FC130020F0B58BB0D3
:10FFB00001A90446F0F71CFAD0B99DF80530012BD1
:10FFC00016D10C4B1B789BB19DF8067087B90A4E71
:10FFD000306868B10568A5420AD101F00FF82846DB
:10FFE0003760FFF7DFFE11F0B3FA08B1FFF7CAFF81
:10FFF0000BB0F0BD797D0020886E0020F0B5434B3A
:020000040003F7
:1000000091B01B781BB96FF0850011B0F0BD11F0F5
:100010009FFA04460028F6D101F004F80028F2D037
:100020002146142206A816F0DFFD40F20321A0238A
:10003000CDE90713F0230993354BD3E9006713F09B
:10004000DFFF4FF47A74A0FB040547F61222002369
:1000500004FB0151E1F7C2F9851B61EB0707FEF7CD
:10006000BBFA03682B4A03F1100153F8044B8B428F
:1000700042F8044BF9D10289274B110A9974DA74BA
:1000800044684CB12046E6F757FD1D282DD90221C2
:10009000224A23480FF0BAF9002340F6092102AEA4
:1000A00026F8331006EBC3025C1C4EF661231D4993
:1000B0009D4277F1000751601FDB142200210BA83D
:1000C00016F092FD40F203224FF4C863CDE90C23F1
:1000D0004FF4F0634FF0FF310E930323CDE900643A
:1000E000114A0BA8FCF7C0F98FE724238DF809000B
:1000F0008DF8083003940123CFE7C5F56A41032347
:10010000CDE90064084A603106A8EBE7797D00205C
:10011000684E0020051600200316002012FD040082
:100120003C790400E8B80400FC8A0400A0F128012E
:100130000148F5F79FBE00BF4F32040070B50C4672
:10014000054608B9002070BD4FF6FF7302889A4239
:10015000F8D0C378012B0DD1466813F082F806F56C
:100160006A4360331B1A236095F8423002332371CF
:100170000120E8E7F3F786FE012803D1064B207142
:100180002360F5E7F3F774FE0128DBD10023237128
:100190004FF0FF33F4E700BFC027090070B5002619
:1001A00051F8043B86B014460546CDE90331059667
:1001B000F7F712FF049BADF814009E80A3680A2194
:1001C00023602046A680EBF7C9FC032120460FF0F0
:1001D000F7FD95F824302046012B0CBF3146012154
:1001E0000FF0EEFD0021AB1C05F1220233F8020FE7
:1001F00008B1013189B29342F8D120460FF0F0FDE9
:100200000122214603A8F4F7F1FF034630B1094A61
:100210000121094813F034F806B070BD2868009336
:1002200022460221006800F0B3FD03460028F3D007
:10023000024AEDE74DFD0400EC78040078FD04006F
:10024000F0B50F4604461D46164687B01022002121
:10025000684616F0C9FC074B6946CDE901370C9B8F
:100260002046ADF80C6004950593F3F77FFA07B0CC
:10027000F0BD00BFF0140020014620B90448F5F796
:100280000BBE12F0C5BF03480368002BF9D17047BD
:100290007902030054150020012370B5C370044691
:1002A00012F0DFFF0B4D0C4E6060B54210D90B49C8
:1002B0000B4840F279120EF01EFA40F2791107480D
:1002C0000EF010FA2B680BB1208898470835ECE740
:1002D000F8D370BD4C7804004C780400A2FD0400F3
:1002E00069A5040008B502210346034A034812F039
:1002F000C7FF6FF0120008BD8AFC0400EC78040010
:10030000012A38B5144604D01046BDE83840FFF73E
:10031000E9BFEFF797FC3C23074A03FB002191F864
:1003200024503DB981F82440282113FB00101044CB
:10033000FCF7C2F8022038BD541500202DE9F04129
:100340008AB001A90746F0F753F8002843D19DF879
:100350000530012B3FD1214B1B78002B3BD09DF862
:100360000640C4BB3846EFF76DFC06463C2000FB58
:1003700006F81B4D202205EB080383F824400423D4
:1003800010FB06302146284416F02EFC154A16496B
:10039000384600F0DDFD45F80800F5F7DBFB0746C1
:1003A000F3F766FD012809D0012F07D0F3F76AFDA6
:1003B0000128044602D0BB1E5C425C413C2303FB87
:1003C00006550A4885F83840F5F766FD00F02AFE24
:1003D00008B1FCF777F80AB0BDE8F0817A7D00201B
:1003E00054150020E5040300410203000F3204000D
:1003F00008B5054B1A6812B1012283F82420FCF7D6
:1004000061F8002008BD00BF541500202DE9F04719
:100410000D4640F2032A8EB00DF11009044616462F
:100420000021142248461F4616F0DEFB274BAA1E69
:10043000012A98BF9A464FF4F0634FF4C8620DF159
:100440002408CDE90623002114224046CDF814A04B
:1004500016F0CAFBA021F0232822CDE90B13A378C4
:100460003146981E4342434102FB0340324664300A
:10047000CDF828A0F6F7B0FD044618BB144B39465A
:100480009D70B268022D0CBF48464046C3F8032059
:10049000F268C3F8072040F60923ADF808300D4B89
:1004A0000D4A03930123019302AB00930323FBF74F
:1004B000DBFF044630B1022100902B46074A084872
:1004C0000EF0B7FF20460EB0BDE8F087030208002B
:1004D0001D160020E8B804002C8B0400D7FD040092
:1004E000EC7804002DE9F04794B090F804A004469D
:1004F000BAF1010F00AF0CD0BAF1020F0DD0BAF172
:10050000000F40F0C88012F0F7FE5037BD46BDE83E
:10051000F0877030F4F73AFBF7E74FF4E81207F191
:100520001003C7E902237B6003213B1D07F1300262
:100530007030F4F793FF054630B103460121574A66
:10054000574812F09DFEE0E797F84C30024601460E
:1005500043F0400307F1300087F84C30FCF718FAFD
:100560008046B0B16E468AB06C46398F7A8FBB6CCC
:10057000C4E90723224605234A48C4E9050142F895
:10058000103F4FF422512B464548E9F71BF9B54679
:10059000BBE70921381DEBF719FB3B892BB9424A10
:1005A00051463F480EF032FFAFE72068EFF74AFBB5
:1005B00005B28146381D0FF0C8FB3C4EC5EB051552
:1005C00001284FEA8504034606EB850558D002282A
:1005D0000FD000285CD13B8923BB354A51463048B7
:1005E0000EF014FF28463A1D07F13001FFF7D6FD43
:1005F0008BE71E2303FB09F9023434443B89012BAA
:10060000F0D9381D0FF0B1FB0028F7D022460023A7
:1006100032F8021F814237D14B4406EB4303A3F863
:100620000480EBE7381D0FF090FB034638B101283A
:1006300012D002211F4A1A4812F022FED2E7201DD2
:1006400020220021304416F0CFFA3C23012203FB84
:10065000096383F82420C5E7201D202200213044AF
:1006600016F0C2FA3C2303FB0969022389F82430FF
:10067000B8E7381D0FF079FB0146284612F01AFE44
:100680003B89012BF5D8ADE70133102BC0D1B5E77D
:10069000094A022154E75346084AFAE706FE0400D5
:1006A000EC780400FCE9040034FE0400541500203A
:1006B00056FE040073FE040091FE0400B6FC040024
:1006C000114608B51A463BB9094A022109480EF0FD
:1006D0009DFE6FF0150008BD0B7803F03F03032B60
:1006E00001D1054AF1E7BDE8084000F0B7BA00BF04
:1006F000D4FC0400EC780400E8FC040010B50446C7
:1007000021B112F0EFFD034B1C6010BD12F0EFFDA4
:10071000F9E700BF9C6E0020002370B504460C4D25
:100720000C4EC3704360B54210D90B490B4840F2E0
:10073000A3120DF0E0FF40F2A31107480DF0D2FF25
:100740006B680BB1208898470835ECE7F8D370BD8B
:100750004C7804004C780400A2FD040069A5040054
:10076000012908B50BD1074A1168814204BF002155
:100770001160FFF7D1FFBDE80840FBF7A3BEFFF70C
:100780007BFDF8E79C6E002008B510F0E1FE40B15B
:100790000548F5F781FB08B9002008BDFBF792FE7C
:1007A000FAE76FF00A00F8E7EF32040038B510F00E
:1007B000CFFEA8B10D4D2B78ABB90D48F2F7ACFACE
:1007C000044638B1034601210A4A0B4812F058FD8D
:1007D000204638BD01232B70BDE83840FFF708BE26
:1007E0006FF08504F4E76FF00F04F1E77A7D0020E5
:1007F000A8140020B7FE0400EC78040030B58BB0DC
:1008000001A90446EFF7F4FD78B9019B23F07F437B
:1008100023F0FF03B3F5807F07D10C4B1B7833B96E
:1008200010F096FE18B1FFF7C1FF0BB030BD2046A7
:10083000EFF708FA3C2303FB00F4054D2859002884
:10084000F3D000F0DBFB00232B51EEE77A7D002094
:1008500054150020002210B5094C94F8243020686B
:10086000013BDBB202B110BD0028FCD0012BFAD84D
:1008700084F8242013210068EFF766FA0122ECE7E0
:100880005415002010B5074C23783BB1FFF7E2FF69
:100890000548F2F7EFFB0020207010BD6FF07700E5
:1008A000FBE700BF7A7D0020A814002038B550F87F
:1008B000700C0C46EFF7C6F93C22144D02FB0053B6
:1008C00093F82430012B09D100B2C0EB001021466F
:1008D00005EB8000BDE8384012F0ECBC022B0FD1D4
:1008E00074B112FB003200232A4432F8021FA142E5
:1008F00007D11E2202FB0033002205EB43039A803E
:1009000038BD0133102BF0D1FAE700BF5415002099
:1009100038B5154B1A6822B393F82440022C0FD136
:100920000024023333F8025F8D4218D00134102CBA
:10093000F8D10146106800F0EBFA80B901200FE011
:100940004FF6FF75A942F4D0012C08D100240233E0
:1009500033F8025F8D42ECD00134102CF8D1002026
:1009600038BD1046FCE700BF541500202DE9F043C8
:10097000954B8DB01B782BB96FF0850420460DB0D8
:10098000BDE8F08310F0E4FD0028F5D08F48F5F7BE
:1009900083FA00F047FB002800F0138100248C4804
:1009A00007A90794F5F766FADDF81C80B8F1000F87
:1009B00049D0884EB8F1010F706803AF2DDD434672
:1009C000062BB8BF06234EF66024B4FBF3F4B368DD
:1009D000B4F57F7F38BF4FF47F7401331DD03946A3
:1009E000FFF7ACFBC8B1327B9DF810309A4214D1AE
:1009F00012F037FC3368C01AB36898420DDA1B1A3C
:100A0000B3F57A7F756808DB0393039B581C02D00B
:100A10009C42A8BF1C4603941DE0D6F804904846AB
:100A2000F5F74AFA054639462846FFF787FB68B9C5
:100A30002846F5F741FA81450546F4D10121664A79
:100A400066480EF0E3FC6FF0010497E7002DF5D047
:100A5000B8F1010FD9DC12F004FC614BC6E90005C6
:100A600097E8030083E803009DF81030032B00F2A1
:100A7000A080DFE803F0024165801422002107A86E
:100A8000039C16F0B1F840F203224FF4C863CDE99D
:100A900008234FF4F0630A930023524A07A8937087
:100AA000AB78991E4B424B4128214B435C33E918EC
:100AB000EB58C2F803304B682146C2F8073040F6C5
:100AC0000923ADF81430484B484A0693012301939B
:100AD00005AB00930323FBF7C7FC044670B3034642
:100AE0000221434A3D4812F0CBFB23460121414AF3
:100AF0003A4812F0C5FB41E73F4F08213846039EB4
:100B000002F06AFE04460028EFD1AA78931E5A42EA
:100B10005A4128235A435C32A918A858496807ABA0
:100B200003C31A4679683868334603C2022107AA0C
:100B30002846FFF76BFC04460028D6D100241DE7A9
:100B40002D4E08213046039F02F046FE0446002841
:100B5000CBD133680790CDF822307368ADF8200010
:100B6000CDF82630F7F738FA40BA3B460121ADF808
:100B70002A0007AADCE7204E08213046039F02F036
:100B80002BFE04460028B0D1032433680790CDF82B
:100B9000223073688DF82000CDF826308DF8214082
:100BA000F7F71AFA40BA3B462146ADF82A0007AAE1
:100BB000BEE70121114A094812F062FB6FF01204EE
:100BC000DCE66FF00B04D9E67A7D002003330400E5
:100BD000853204008C6E0020E6FE0400EC780400F0
:100BE000946E00201D160020E8B80400148B040049
:100BF00009FF040054FF04002816002037FF0400FA
:100C000038B504460221114A11480EF0FFFBA4F149
:100C1000400554F8383C3BB954F8400CA0B1BDE84D
:100C200038401321EFF790B8284612F080FB40B906
:100C30000849094859220DF05EFD592105480DF07B
:100C400051FDF3F705FBE4E738BD00BF84FF040066
:100C50005479040096FF040069A504002DE9F74FBC
:100C600017460D46EEF7EEFF0FFA80FADFF8F89020
:100C70004FEACA1606F17008C844044640460FF011
:100C80008BF807F1FF3B584509EBCA1A02D2374AE5
:100C9000022138E02A7809EBC41491090229B4F83A
:100CA00074302ED0032945D0012912D00BB1304A1F
:100CB000EEE72271691C5A46404601930FF074F822
:100CC0005046A26B9047019BA4F87430A36F236732
:100CD00013E00BB1274ADBE706F140000023264A68
:100CE000484405F039FE29465A4611F8013B03F005
:100CF0003F03237140460FF057F8384603B0BDE874
:100D0000F08F33B91D4A1E480EF080FB6FF01507B7
:100D1000F3E7237902F03F02934201D0194AF2E748
:100D200006F14000144A0023484405F015FE5A46D7
:100D3000691CDFE70BB9144AAAE7237902F03F02E6
:100D4000934201D0114AA3E706F14000484405F060
:100D500009FE5A46691C40460FF026F8A36B504620
:100D600098470023B0E700BF704E0020CBFF04007F
:100D7000E6FF040012000500688909003B00050039
:100D8000547904005B00050083000500A300050002
:100D90002DE9F04F87B00493109B0646144603914B
:100DA000059310F008FB05463046EEF74BFF022D89
:100DB00083460BD802212B462B4A2C480EF02FFBE2
:100DC0006FF01507384607B0BDE8F08F039B033D71
:100DD00003F03F09A388ADB2AB42DFF8948012D292
:100DE000494620460EF09EFF059B08EBCB1810935A
:100DF000D8F834503046AC46049BA288216807B02E
:100E0000BDE8F04F6047204649F040010EF08AFFF0
:100E1000002308EBCB1A0093DAF834702A463046E8
:100E20002168B84707460028CCD129462046EAF772
:100E3000CDFEA388002BC5D09D4203D9039B43F070
:100E4000C001CEE7204649F080010EF06BFF002381
:100E500000932A4630462168DAF834C0E04700287B
:100E6000E3D00746AEE700BFCB000500547904008D
:100E7000704E002070B550F8243C05468EB0002B13
:100E80003DD0243812F053FA0446002837D04FF4EE
:100E9000F01206AB012103A8CDE90423039355F812
:100EA000246CEAF75BFE228B616903A80EF07CFFDD
:100EB0002046F3F7B7F90021009003AA3046114B02
:100EC000FFF766FF0646014604F10802002010F015
:100ED00089FB46B10C48334601210C4A0EF09FFABB
:100EE0002046F3F7B5F92046F3F7B2F955F81C3C64
:100EF0002BB128460EB0BDE87040FBF7DDBA0EB04E
:100F000070BD00BF2933040054790400DF000500E0
:100F100070B50D46EEF796FE04462846F3F782F9C3
:100F20000A4DE3010646E858EEF78CFE24B2E401D0
:100F3000411C04F1080006EB81012844243412F01E
:100F400050FF2819FBF7B8FA002070BD704E002042
:100F50002DE9F0479046244A824613680F46013334
:100F60001360EEF76FFE064605B25046EEF7CAFC78
:100F70001E4C4FEAC61A04EBC616B66F4FEAC519E7
:100F800044F80A0004EBC5154EB100232E67A5F8FE
:100F900074305444C4E90D782846BDE8F087EEF774
:100FA00051FE134B01B201EB411109F1700003EB4B
:100FB0004101422220440EF09FFEAB6FA5F8746001
:100FC0002B6709F10800204412F0FEFE09F124000D
:100FD0002044084905F096F909F1400006492044EB
:100FE00005F076FBD5E700BFA06E0020704E002014
:100FF00048100120750E0300010C030010B50446D3
:10100000403005F0AFFC2068EEF7A0FC0023044A56
:1010100023601368013B1360BDE81040FBF752BA30
:10102000A06E0020034B18680028CCBF00200120D0
:10103000704700BFA06E002038B5064D041D204645
:1010400012F090F9014600B938BD284612F080F937
:10105000F5E700BF880D0020014600200D4B1A68FF
:1010600002B97047914211D10A6848B958681A60AC
:10107000814200D15A60002307480B6012F068B922
:1010800002605A68914208BF5860F4E7104612683F
:10109000E6E700BF780D0020800D0020F0B5234B5F
:1010A000A5B01C6814B9002025B0F0BD4FF4F002C3
:1010B00006ABCDE90423268E65680393DDB9A36AE8
:1010C000228CE5760093636A03A904F10C0011F009
:1010D000F4F8012310F1100F0646E376E3D010F187
:1010E000690FE0D02046FFF7A7FF2046FFF7B4FFC7
:1010F0008EB90120D8E70A2E374628BF0A2703A851
:101100003946EAF797FDF61B291D3A4615F045FDCD
:10111000B6B22D68D2E7636A002BEAD01B68002BB9
:10112000E7D031462846A26A9847E2E7780D0020CA
:101130002DE9F0410026274C35460146226890B142
:101140001AB9204612F004F90DE0D0F82CC013466D
:101150001046DF6ABC4535D293422CD10B606368E0
:10116000216003B96160246894B312F049FF4FF421
:101170007A77A0FB070C47F61222002307FB01C178
:10118000E0F72CF9E46A84420ED947F61225241AB6
:10119000002140F2E7304FF47A72E4FB05010023AE
:1011A000E0F71CF906460D4632462B46BDE8F041F5
:1011B000094805F0D1BB03680BB90648C2E70B60CC
:1011C0000160D0E71F681846002FF6D03B46C0E705
:1011D000BDE8F081780D0020900D002008B5FFF7E4
:1011E0005DFF48B9054812F0BDF8C26A0A32C26212
:1011F000BDE80840FFF79CBF0020F9E7780D00200C
:101200002DE9F04F93460A2289B00493CB88054616
:1012100003F10909B9FBF2F98A880F460392564A8D
:10122000D2E8AF2F520709D554480221544A0EF094
:10123000EDF86FF0120009B0BDE8F08FB3F5C87F8C
:1012400000F297804F4B9B687BB902214E4A4B4876
:101250000EF0DCF8FFF722FF38B902214B4A47486D
:101260000EF0D4F86FF00B00E5E7494812F07AF879
:1012700000260446C0E90166031D05934FF00008EF
:10128000A9EB060AC2450DDD424812F06BF8014693
:10129000D8B902215346404A3848CDF800800EF0B4
:1012A000C8F8C24656444E4515DAFFF7F7FE002847
:1012B000E4D10221394A31480EF0A8F82046FFF760
:1012C000BBFE2046FFF7C8FECCE7059812F040F8B9
:1012D00008F10108D6E76668002E38D102210DF129
:1012E0001E0002F079FAB5F90620BDF81E30002A7A
:1012F000D4BF4FF4F0721E22B3FBF2F102FB1133A4
:101300001433ADF81E3012F07BFE4FF47A77A0FB59
:10131000070C47F6122207FB01C10023E0F75EF835
:10132000BDF81E3004F10C070344E3620FCD0FC774
:101330002B6820463B60049BA4F820B06362129B9C
:10134000A362039B2386FFF7F3FE304673E7B7F8EB
:1013500004803846B8F10A0F28BF4FF00A0841460A
:10136000EAF74EFC42460146301D15F016FC366881
:10137000B2E76FF015005EE7A00A0020DC780400F9
:1013800013010500780D00204801050069010500E2
:10139000800D0020880D002096010500BE0105008B
:1013A00000220E480E4908B5C0E90022C0E9022219
:1013B000C0E904220830013211F0CAFF042A01F109
:1013C0003401F8D1002207490748013211F0C0FF6B
:1013D000282A01F11001F8D108BD00BF780D0020C6
:1013E000A46E0020746F0020880D002038B50C48D2
:1013F00005F0B8FA0B4D2C6804B938BD2046FFF74C
:101400001BFE2046FFF728FE636A002BF3D01B6803
:10141000002BF0D06FF012010020A26A9847EAE793
:10142000900D0020780D002010B5094C0A4491421F
:1014300000D110BD11F8013B58400309E35C0001E5
:10144000C0B243401809205C1B01DBB25840EEE7F4
:10145000EF0105000122024BC3F80424704700BFCE
:10146000002008E037B540230C460A490093411A92
:10147000491105462346084A084811F07DFF011E20
:1014800005DA2846234603B0BDE83040184703B0CC
:1014900030BD00BF08720020E1330400FC6D040081
:1014A000C9B2012908B508D9084909487E220DF0BA
:1014B00022F97E2105480DF015F90C22036901FB84
:1014C0000233986C00F0070008BD00BF0A02050057
:1014D00069A5040070B5C9B2012903690AD9184980
:1014E000184840F2D7120DF006F940F2D71114480F
:1014F0000DF0F8F8EFF31185402484F31288BFF360
:101500006F8F0C2606FB0134A46C14F0C00408D0C5
:10151000A24206D085F31188BFF36F8F4FF0FF30E2
:1015200070BD012271430B449A6485F31188BFF3A7
:101530006F8F43680B445B6898470020F0E700BF5B
:101540000A02050069A5040070B50D460649044667
:10155000411A491140220548FFF7BCFF2B460146BE
:101560002046BDE87040184708720020FC6D04005A
:10157000F8B500220121054640F20510E9F7F4FC18
:101580000F4802F0BDFB0446B8B912F080FA2F698B
:101590000C4938460DF07CFA031E09DB0126BE64B7
:1015A0002D69084905F120000DF072FA031E02DAD8
:1015B0001C462046F8BD6E65FBE76FF00404F8E7B3
:1015C00085160300448B04007FB500220123CDE97A
:1015D000022304ABCDE90433094A6B46CDF800D0B1
:1015E000CDF804D011F0F5FE002805DB43F60952D2
:1015F0000023684604F0E4FB07B05DF804FB00BF7D
:10160000ED33040010B5EFF31184402383F3128807
:10161000BFF36F8F074A136823F00201DB071160E5
:1016200002D4012002F054FB84F31188BFF36F8FC2
:1016300010BD00BF607200200C22104B014602FB5F
:101640000033002030B4D3E910521864EFF3118056
:10165000402484F31288BFF36F8F9C6C04F0C004A5
:1016600044F002049C6480F31188BFF36F8F1DB1B6
:101670002B4630BC0248184730BC70470872002027
:10168000FC6D040008B5062817D8DFE800F01F1F1E
:10169000090B041F1F000020BDE80840FFF7CCBF66
:1016A0000120F9E70A4940F2FE220A480DF023F82A
:1016B00040F2FE2106480DF015F805494FF442723C
:1016C00004480DF018F84FF44271F3E708BD00BF6D
:1016D0000A02050069A5040010B4EFF3118240234B
:1016E00083F31288BFF36F8F1648016841F002043C
:1016F0000460C80707D482F31188BFF36F8F0120FD
:1017000010BC02F0C3BA1049D1F80C14C903F2D5C9
:10171000EFF3118083F31288BFF36F8F0B498B6C4B
:1017200003F0C00343F002038B6480F31188BFF31E
:101730006F8F82F31188BFF36F8F002010BCFFF70B
:101740007BBF00BF6072002000E0105008720020D4
:101750002DE9F041012206463F49D1E8EF3FC1E8BB
:10176000E02F0028F9D19BB93C493D484B60CB6044
:101770008A60E7F759F800280ADA3A4940F2AA22C3
:1017800039480CF0B8FF40F2AA2136480CF0AAFF05
:101790005EB3731E012B56D8012E06D1334BD3F8FE
:1017A000503403F00303012B1FD012F0A8FB0546B1
:1017B000E8B92F4B1B78D3B1042207462B4BC3F853
:1017C00008232A4CDFF8AC80D4F84C24D4F84C34ED
:1017D000D20315D503F00303012B01D0012E0FD145
:1017E00065B387F31188BFF36F8FBDE8F081EFF326
:1017F0001187402383F31288BFF36F8F0125E0E741
:10180000BDB138460EF02EFAD4F8403413F0FF0381
:10181000DAD1D4F80821002AD6D0C4F80831D4F897
:10182000083120220123C4F84034C8F8A0212361E4
:10183000CAE70021202005F0C9FFE5E704220B4B91
:10184000C3F80423D1E707494FF42F7206480CF080
:1018500052FF4FF42F7198E704720020F4710020BA
:10186000287200200A02050069A5040000E010505B
:101870009683002000E100E008B5074812F05AFA0C
:1018800038B10648E9F7A8FE0448E6F7AFFB0020A8
:1018900008BD6FF01200FBE79C6E0400A118030066
:1018A0000A2838B50446074D04D1AB680D212846F7
:1018B0005B689847AB6803485B68E1B2984720468D
:1018C00038BD00BF9C6E04000023024A0020C1E91D
:1018D000002370470050160000487047688B0400D2
:1018E000024B0B6001231360704700BF708B040034
:1018F00008B501220548114612F08CFA02F068FA88
:10190000034B044A0020C3F80C2508BD6472002074
:1019100000B004508000008010461A46084B10B5F5
:10192000994209D8C1F5B21404F58054A24203D8F3
:1019300015F033F9002010BD6FF01500FBE700BF74
:10194000FF4F160038B542F201030F4D1446C5F89B
:101950000035A1B115F021F9BFF35F8FD5F8183428
:10196000DB0706D4C4F308041CB10123AB60BFF34A
:101970005F8F4FF40052044BC3F8002538BDFF21A0
:1019800015F032F9E8E700BF00B00450F0B51D4B88
:10199000054698420F46144687B030D8C0F5B213BA
:1019A00003F580539A422AD8FAB14FF0FF324FF034
:1019B000FF33154804F004FA12F06CF80646B8B18B
:1019C00001238DF81430114B4FF4FA50009302AB01
:1019D00004940193CDE9027502F002FA684602F020
:1019E00005FA0446084804F081F9204607B0F0BD26
:1019F000224639462846FFF7A5FF3446F2E76FF046
:101A00001504F2E7FF4F16006472002083340400CF
:101A100010B5036941B91C494F221C480CF06BFEFC
:101A20004F2119480CF05EFE486830B91649502223
:101A300016480CF060FE5021F3E75868F8B1884270
:101A400019D19C680868A142586000D198600020B4
:101A500008602AB15A680A609A68596002B99960A8
:101A6000002010E0814206D1086820609868814219
:101A7000EDD19C60EBE7044600680028F2D1002A13
:101A8000E8D16FF0150010BD9E02050069A50400A5
:101A900008B503685F2B4FEA531107D80B4A03F0D0
:101AA0001F0352F82120DA40D2070AD40849094816
:101AB0004FF474720CF01FFE4FF4747104480CF074
:101AC00011FE0360044B53F8210008BD848B040011
:101AD000DA02050069A50400788B040070B544683B
:101AE00001F01F05207C86B045EA4015A06800285B
:101AF0006CD0B2F5001F04D1294602F097FE0020F9
:101B000049E00026B2F5800F01A80196466031D168
:101B1000B3F1007F14BF052304238DF804300023A4
:101B2000CDE904030393E368CB40D90735D4B2F180
:101B3000A07F32D168460095FFF7AAFF009B2033B3
:101B400050F82330DB0728D46A462946A06802F003
:101B50000FFD163019D0CDF808D02946A06803AA89
:101B600002F0A6FB002816DB01222946A06802F03D
:101B7000E3FDC4E7B3F1C06F05D0B3F1007F14BF3C
:101B800001230223C9E70323C7E76946A06802F0DF
:101B9000B3FD0028DFDA06B070BD6A462946A068AA
:101BA00002F0E6FC0028D8D19DF80010A06802F0F1
:101BB00087FD0028D1D00749074840F2E5120CF014
:101BC0009AFD40F2E51103480CF08CFD6FF08500A2
:101BD000E1E700BF0D03050069A504002DE9F0430E
:101BE000466840F20635337CD00601F01F0747EA0D
:101BF000431748BF032302EA050558BFC2F3401349
:101C000087B0B5F5837F14468DF8033044D00DD8E6
:101C1000062D43D005D8A5B1022D12D06FF01500C6
:101C200037E0B5F5807FF9D101250AE040F20222C4
:101C3000954235D0B5F5407F34D0B5F5007FEDD174
:101C400004250123220303FA01F12DD5736859609D
:101C5000B06870BB03A80397FFF71AFF039B00EB64
:101C6000830084F48033C3F30043C4F34044D0F8CA
:101C7000802044EA43049DF8033022F4706244EA71
:101C8000830422F00F0244EA05231343C0F8803096
:101C9000002007B0BDE8F0830925D2E70825D0E78A
:101CA0000625CEE70525CCE7630344BF736899603A
:101CB000CEE739460DF1020202F05AFC14F4403F1F
:101CC000804616D13946B06802F0E4FCB8F1000F46
:101CD000DED19DF80210B06802F0F2FC0028D7D0E7
:101CE0001D491E48F4220CF006FDF4211A480CF0A0
:101CF000F9FC4FF0000901ABCDE90199CDE90439B8
:101D0000CDF80C903946B06803AA02F0D1FA4845E4
:101D1000BEDB14F4003314D09DF8033084F4803417
:101D2000C4F300448DF80E308DF80C508DF80D4042
:101D30004B463946B06803AA02F07EFB0028C5DA9C
:101D4000A6E7CDE904330DF1030303933946B068E8
:101D500003AA02F0ADFAF1E70D03050069A504003E
:101D60004209022A034670B503D0012A1BD0E2B112
:101D700070BD134E326951680029F9D0012503F076
:101D80001F030C689D400029F2D08A682A4010D0B9
:101D90004B6863B90B490C4874220CF0ACFC7421FD
:101DA00008480CF09FFC094EE4E7094EE2E7304694
:101DB00098471CB1236821461C46E4E72346FAE70E
:101DC0005C6E04009E02050069A504003C6E0400E0
:101DD0001C6E040038B54568A868C0B102F042FC2A
:101DE0000146A0B9A86802F0F1FB044688B9024692
:101DF0000949A86802F0A8FB22460121DB20E9F787
:101E0000B3F82246012140F20D10E9F7ADF80020A9
:101E100038BD6FF00400FBE7611D0300082913B50E
:101E200028BF08210C46084AD2F80433D2F8082308
:101E30001BBA12BA00920A466946019314F0ADFE2D
:101E4000204602B010BD00BF00C0FF0008B5036807
:101E50005F2B4FEA531107D80B4A03F01F0352F8C8
:101E60002120DA40D2070AD4084909484FF4747295
:101E70000CF041FC4FF4747104480CF033FC036027
:101E8000044B53F8210008BDD88B0400DA0205008A
:101E900069A50400CC8B04002DE9F04F154682465D
:101EA00040F2FF19DFF86CB185B000EB8108D04536
:101EB00003D1002005B0BDE8F08FDAF80010C1F3BF
:101EC000C322082AC1F3080400F2A080524B4C45FB
:101ED00008BF4FF0FF34B1F1D05F9F5C4FEA116251
:101EE00010D2192A12D8DFE802F0142265622930D4
:101EF0006211111111111111111111111111111181
:101F000068737679382A6CD04E2A53D06FF08500EA
:101F1000D0E7C5F80446601C14D0012603A803943A
:101F2000FFF794FF039A06FA02F2426004E0C5F854
:101F30000C46621C06D00026314614E0631CC5F82E
:101F4000004661D10AF1040AB1E7661CC5F80446EF
:101F5000F8D0012603A80394FFF778FF0121039A24
:101F600001FA02F28260DAF80020039402F40040E1
:101F7000002818BF002103A818BF01260192009174
:101F8000FFF764FF039C019A00EB8400D0F88040C7
:101F9000C2F3412C00993A0242EA8C020A4304EA55
:101FA0000B04224342EA4602C0F88020CAE7C5F883
:101FB0000846BEE7C5F81046ADE7C5F86045611CA8
:101FC000DAF80020BED0C2F30042002AC1D0A4E754
:101FD000C5F86445F3E7C5F86845F0E7C5F86C4512
:101FE000EDE703A80394FFF731FF039A631C00EBAE
:101FF0008200D0F8802022F0E04242F08042C0F817
:1020000080209FD0012697E70026A3E76FF01500F8
:1020100050E700BFF0F0FCFF5B0305002DE9F04145
:1020200004460D46476811F06AFFA0B9274B1B789C
:102030008BB14FF04008642663681B68D3F83031D9
:102040008BBB012011F038FD013EF5D1002120208D
:1020500005F0BCFBEFE74021EFF311831A4681F353
:102060001288BFF36F8F60680068D0F8300120B924
:1020700083F31188BFF36F8FEEE77B6A00201D703A
:102080006368796A1B68C3F83C170121C3F84017DD
:10209000C3F83001D3F83001196582F31188BFF31A
:1020A0006F8FBDE8F081EFF311831A4688F3128831
:1020B000BFF36F8F61680968D1F830110029DCD156
:1020C00083F31188BFF36F8FC0E700BF96830020B2
:1020D00070B40D4CD4E90065901B63EB0501400919
:1020E00040EAC1604101891945EBD065C4E900159A
:1020F000002400250549C1E90023054BC3E900453B
:1021000070BC06F05FB800BF104F0020F84E0020F2
:10211000084F002008B500220121E420E8F724FF41
:10212000164A0020D2F8183723F44033C2F8183783
:1021300002F05EFD002820DB0120114902F008FEBC
:1021400000281ADB02F01AFD0E4B20F01F00C3E935
:1021500000010D4B0022C3E900014FF0FF304FF0AA
:10216000FF310A4BC3E90001094B0A49187A02F012
:1021700029FD67220020084B1A6008BD00200E5080
:1021800098150020104F0020F04E0020F84E00203F
:1021900090150020D1200300A872002008B502F09D
:1021A000EDFC064AD2E90032C01A054B61EB020190
:1021B000C3E90001400940EAC16008BD104F00209A
:1021C000084F0020F7B5224B0146224F187A224BC8
:1021D000D7E90056D3E900239E4208BF954211D1AA
:1021E000B1F1806F0ED24901012938BF01210122CE
:1021F0004D1946F10006C7E9005603B0BDE8F040AE
:1022000002F06ABE154BDFF858C0D3E90043DCE9A1
:10221000002CA41843EB0C0C4FF0200E2246634612
:10222000C1FB0E23954276EB0301C7E900230DD2D3
:10223000291B66EB0C04C82974F10004B4BF01210A
:102240000021009102F00AFE03B0F0BD0021F8E782
:1022500090150020004F0020F84E0020104F002065
:10226000084F00202DE9F04112F0FC6F1346D0E931
:10227000014706690AD036494FF47D7235480CF0A3
:102280003AFA4FF47D7132480CF02CFA02F0300229
:10229000302A08D12E4940F2F7322E480CF02BFAA2
:1022A00040F2F731EFE72C4A2C4D1A40AA4208D1F0
:1022B000274940F2FB3227480CF01DFA40F2FB316F
:1022C000E1E703F00602042A08D1214940F2FE3278
:1022D00020480CF010FA40F2FE31D4E713F440220B
:1022E00012D09D0308D41A4940F2014219480CF05B
:1022F00002FA40F20141C6E7B2F5402F14D0184A65
:102300009A4301D183F44023012524688D4025425E
:1023100023F4801211D10E4940F211420D480CF005
:10232000EAF940F21141AEE7094940F20542094895
:102330000CF0E1F940F20541A5E73468DB074CBF3A
:102340002C43AC4334603B68BDE8F041184700BF04
:102350007F03050069A504000200030002000100DC
:1023600001001000034670B50C46DA88006802F0E0
:10237000400219792243836846689C690569002CEC
:1023800052D002F4C003B3F5C00F0AD128494FF46C
:10239000637228480CF0AFF94FF4637124480CF0D5
:1023A000A1F943B922494FF4647222480CF0A3F911
:1023B0004FF46471F2E702F0E863B3F1C86F08D13B
:1023C0001B4940F293321B480CF095F940F29331CF
:1023D000E4E702F0C863B3F5800F08D114494FF465
:1023E000687214480CF087F94FF46871D6E701233E
:1023F00036688B40334208D10D4940F2A5320D4872
:102400000CF079F940F2A531C8E7160204D52D6821
:102410002B4218BF82F0C062074BA446BDE8704053
:10242000134002F0B07260476FF0570070BD00BFFC
:102430007F03050069A5040040000006012310B5D4
:1024400003FA01F1436804691B6819420AD10C4977
:102450000C4840F2A2620CF04EF940F2A26108482A
:102460000CF040F92368194203D022B183681B693C
:1024700003E0002AFAD08368DB68BDE81040184703
:102480007F03050069A504002DE9F84307460026EF
:10249000144DDFF85480DFF85490B7B129684145F6
:1024A00016D0494514BF4FF0E8614FF098612846B7
:1024B000FFF758FF044670B1012103460C4A0D484E
:1024C0000CF0ADFF2046BDE8F8834FF40011EEE7B5
:1024D0004FF09861EBE70136042E05F10805DCD1D9
:1024E000F0E700BF6C8C04001C6E04003C6E04001E
:1024F000B0030500CC79040008B50349034811F086
:10250000C7F86FF0150008BDD0030500CC790400B2
:1025100070B50446EFF31186402383F31288BFF3AE
:102520006F8F1E4805F046FC40B91D4988221D48A2
:102530000CF0E1F888211A480CF0D4F81A4D17482D
:1025400005F05CFC2B78BBB9184B9C4202D0184BB1
:102550009C420AD10020FFF797FF18B11549164891
:1025600011F096F80022154B1A70012320222B70CF
:102570001348002304F0F0F9084805F029FC40B99D
:1025800007494FF49A7207480CF0B5F84FF49A7166
:10259000D1E786F31188BFF36F8F70BDD072002032
:1025A00089A6040069A504007E7D00201C6E04003D
:1025B0003C6E0400EB030500CC7904007D7D002017
:1025C000184F002008B50349034811F061F80020B6
:1025D00008BD00BF07040500CC7904002DE9F743CE
:1025E00000244FF0010825461A4E306837794368B9
:1025F00008FA07F71B681F420AD11749174840F22B
:1026000049620CF078F840F2496113480CF06AF81E
:10261000D0F81090836801A95B68984700280CD017
:1026200012DB08FA05F31C430135042D06F10806F8
:10263000DBD1204603B0BDE8F083D9F80020019B30
:1026400053403B42F0D0ECE703B0BDE8F043FFF766
:10265000B9BF00BF6C8C04007F03050069A50400AE
:102660002DE9F041074688460025104E27FA05F26D
:1026700012F0010210D128FA05F3DB070ED53179EB
:102680003068FFF7DBFE044640B10949094810F005
:10269000FFFF2046BDE8F0810122F0E70135042D5F
:1026A00006F10806E2D10024F3E700BF4C8C0400D9
:1026B0001C040500CC7904002DE9F041444F3B781F
:1026C00053B10020FFF7E0FE28B142494248BDE87F
:1026D000F04110F0DDBF3870FFF780FF04463F4B3C
:1026E000D3E8EF2FC3E8E14F0029F9D13C4BDFF8E5
:1026F000F4801A7842BBD8F80060A64219D03A4B51
:1027000066401B680BB1314698474FF0FF334FF0DE
:10271000FF32364803F048F8354B1D6835B1043DAB
:102720002B683146204698476D68F7E72F4803F03D
:10273000F1F8C8F8004054B1BDE8F04140F2391258
:1027400000232C4804F008B900221A70F1E7EFF3D7
:102750001186402383F31288BFF36F8F264805F05C
:1027600029FB40B92549882225480BF0C4FF882160
:1027700022480BF0B7FF204805F040FB214B1D78A5
:10278000012D12D01C4805F023FB40B91B494FF422
:102790009A721B480BF0AFFF4FF49A71E8E786F38B
:1027A0001188BFF36F8FBDE8F08128461C70FFF7DA
:1027B0006BFE044610483D7005F00AFB0028E5D08A
:1027C00086F31188BFF36F8F002CECD00E497DE7A4
:1027D0007D7D002032040500CC790400E0720020E9
:1027E00030160020B0720020E4720020B472002085
:1027F000C8720020184F0020D072002089A6040063
:1028000069A504007E7D00204B04050070B50026FC
:102810000C4CE2882068217942F40032FFF722FD57
:10282000054648B90136042E04F10804F1D1BDE88B
:1028300070400F21FFF714BF0349044810F028FF30
:10284000284670BD4C8C040063040500CC7904005C
:1028500010B504464FF0FF324FF0FF33094802F045
:10286000A3FF00236360084B221D596831B9C3E9F7
:102870000022BDE81040034803F04CB80A605A60DB
:10288000F7E700BFB4720020C872002038B50546D3
:102890004FF0FF324FF0FF33134802F085FF002165
:1028A000124B281D1A682AB90F4803F033F86FF04D
:1028B00001000EE0904213D16A6859B959681A6054
:1028C000884200D15A6000246C60074803F022F867
:1028D000204638BD0A605A68904208BF5960F2E746
:1028E00011461268DFE700BFB4720020C8720020F2
:1028F000054BD3E8AF3F00B10360044811B1026853
:102900005A400A6003607047E0720020AC720020F9
:102910002DE9F843384B1860384D394811F041FA29
:102920002E464FF000082F46F288306812F0010F53
:1029300014BF1023202331791A4342F48032FFF769
:1029400091FC044630B12F492F4810F0A1FE2046DB
:10295000BDE8F88308F10108B8F1040F06F1080694
:10296000E2D1064680464FF001094FF40011284697
:10297000FFF7F8FC044608B12449E5E72B7908F194
:10298000010809FA03F3B8F1040F46EA030605F15A
:102990000805EAD10546DFF878801E4BC8E9013604
:1029A00057F835008368DB6933B101224146984707
:1029B000044620B11849C7E76FF05704FAE701351C
:1029C000042DEDD11549164803F082FE0122154B66
:1029D00013481A700023002203F04EFF21462046C0
:1029E000FFF786FFFFF7FAFD0F4BD3E8EF2FC3E8A1
:1029F000E10F0029ABD0F8E7E47200206C8C0400F2
:102A0000B47200207D040500CC7904009A0405000E
:102A1000D472002011250300B5040500B926030077
:102A2000184F00207E7D0020E072002003280A4617
:102A300010B503D9BDE81040FFF75EBD074B03EBAF
:102A4000C001097953F83000FFF7F8FC044618B1CB
:102A50000349044810F01CFE204610BD4C8C0400B5
:102A60001C040500CC79040002460B46014802F024
:102A70009BBE00BF2C180020014802F04BBF00BFD6
:102A80002C18002008B5E6F77FFD04480121044A10
:102A90000CF0BCFC0020E9F74DF900BFD47904002C
:102AA000DD040500F0B50446ADF5697D0D4616461A
:102AB00000211C2203A81F4614F096F8022C05D012
:102AC000042C1CD020480DF5697DF0BD1F4B0893E8
:102AD0004FF41053ADF80C301D4B4FF45E720021D3
:102AE0000AA8049314F080F84FF008210AA812F005
:102AF000B0FD034628B18C33E4D01648E3E7164B0B
:102B0000E5E7009040F2011103AA0AA812F001FEC5
:102B10000028F2D13A4640F20121EE9B0AA812F0B9
:102B2000ABFD0028E9D133462A4640F206210AA827
:102B300012F0A2FD0028E0D1DDE9EF120AA812F0A0
:102B400025FE0028BFD0D8E7FF9AFEFF02C0FF7F16
:102B5000FF004E80FC9AFEFF03C0FF7F1FB50548B3
:102B600002AA01A909F034FDB0FA80F0400905B0CD
:102B70005DF804FBB710FF7F10B58EB00C461A222B
:102B800000210DF11E0014F02FF8124B30220C938F
:102B900041F20103ADF81C3003F1004303F59C033F
:102BA00003F56C53089305AB029306AB0193022324
:102BB0002146009307A804AB08F0BCFF38B9059A7A
:102BC000054BB2F5C07F18BF18460EB010BD0348C4
:102BD000FBE700BFB710FF7FFB9AFEFFFE9AFEFFE8
:102BE00000B58DB030226946002008F07FFA30B978
:102BF0006946FF20FFF7C0FF0DB05DF804FB0148F8
:102C0000FAE700BFFD9AFEFF03460A4610B50D48DD
:102C100081680C6844B90C490C485D220BF06BFDCF
:102C20005D2109480BF05EFD1946A04748B10849EF
:102C300006484FF435720BF05EFD4FF435710448D1
:102C4000F0E710BD7C6E0400FA04050069A50400DD
:102C50002E05050008B50849084811F040F900287C
:102C600008DA074907482F220BF045FD2F210448B9
:102C70000BF038FD08BD00BFEC720020B0630020EF
:102C80006705050069A50400094B93F80231042B80
:102C900002D1810709D47047022B02D1020704D464
:102CA0007047082B03D1830601D5FFF7D3BF7047C8
:102CB0007F7D0020B0B5002484B000AF3B1D7C6058
:102CC0000A22BC60C7F80B4039600146184613F071
:102CD000B5FF6D468AB003466A4639680D48D16132
:102CE000C2E905034FF4007313840B4B42F8103F05
:102CF0004FF4115123460948E6F764FDAD4684F3CD
:102D00001188BFF36F8F0323184602DF1037BD46CB
:102D1000B0BD00BF90050500040000018C790400DF
:102D2000F0B589B0064600AF0D463448344903F08B
:102D3000E9FA07F10C00CDF75BFF6C4688B06A46F4
:102D4000304B5361304B93614FF4007393832F4B9F
:102D500042F8103F2E492F4807F10C03E6F732FDE9
:102D6000A5462D4810F0E6FF50B901212B4A29480D
:102D70000CF04CFB6FF0120420462437BD46F0BD2A
:102D8000274B381D7B60CDF76DFF034638B101211D
:102D9000244A20480CF043FB6FF01504ECE74FF099
:102DA000FF304FF0FF31FFF75FFE04460028E3D10C
:102DB0001D491E48CDF7DAFE044610B1FFF75CFE50
:102DC000DAE741F64C5307F10800BB60DEF763FF1A
:102DD00020B1FFF751FE6FF08504CDE7012338469F
:102DE0003B70DEF750FF0028F3D1FFF745FE336953
:102DF0000F481D60E9F79AFABEE700BFEC720020A9
:102E00005537040062F90400B50505000300000110
:102E1000C01C40018C7904007C6E0400DC050500B8
:102E2000092C0300FC050500484F00202D2F03004E
:102E3000892C030070B53A4886B0CDF731FD0446C1
:102E4000002868D1CDF7E6FECDF7F0FECDF7FAFE0B
:102E5000DEF7DEFADEF7DEFADEF7DEFA01212046E3
:102E600003AA8DF80C40CDF783FD002852DB012525
:102E70000221204603AA8DF80C50CDF779FD0028D9
:102E800048DB08230721204603AAADF80C30CDF714
:102E90006FFD00283EDB4FF0251303934FF40173C1
:102EA0000321204603AAADF81030CDF761FD0028BC
:102EB00030DB05260421204603AA8DF80C60CDF7EF
:102EC00057FD002826DB1F230621204603AAADF864
:102ED0000C30CDF74DFD00281CDB03233146204686
:102EE00003AA8DF80C30CDF743FD002812DB41F228
:102EF0003643984212DD0B4A009029460A480CF0EE
:102F000098FA84F31188BFF36F8F0423184602DF09
:102F10006FF00B000446204606B070BD2046F9E76E
:102F2000B52C0300200605008C79040073B54B4DC9
:102F300095F8023153B195F80231042B4BD1287822
:102F40003E2816D0FF2830D000241DE04FF0FF307F
:102F50004FF0FF31FFF788FD48B9284605F581712C
:102F600000F024FC0446FFF787FD002CE3D002B0FC
:102F700070BDAB78022B20D00D2BE5D1EB78012B67
:102F8000E2D1AC88C4F30014002200232146E9F703
:102F9000D7F9064698B9002CE9D0002385F802310C
:102FA00002B0BDE87040FFF755BEAC7804F0FD04F8
:102FB000A4F180035C425C41E6E70124E4E76A781F
:102FC000264902320C300CF0EFFE3146244B1B68D0
:102FD00024489847E1E7022B24D10022002308204F
:102FE000E9F762F904460028C1D06B880433B3F5D1
:102FF000817F23D94FF48172012100921A481B4A24
:103000000CF017FA6FF00B030121194A16480CF067
:1030100006FA002383F31188BFF36F8F0423184649
:1030200002DFBAE7082B13D1002300222020E9F7A2
:103030003BF96B8804460028D8D198E71A4607491F
:1030400004F10C000CF0B0FE054B21461B68BFE7F5
:103050000121084A04480CF0E2F99EE77F7D002038
:10306000E8720020BC6E04008C7904004306050061
:103070009D06050064060500F7B5C14E0446337889
:10308000002B40F08B8304238DF80730BD4B05885F
:103090001F68B7B10DF106030DF10702711CB847A7
:1030A00001280ED09DF80630002B40F076819DF867
:1030B00007300E22B37001237270F370B580B071C7
:1030C00074E1B5F5105F4FEA95230BD2002B00F0A9
:1030D000A580013B072B08D8DFE803F00907365627
:1030E0000707078F3F2B00F04B8201203DE0204671
:1030F00040F2064230F9033B93420FD040F21D42AA
:1031000093421ED0012040F206439D4200F04581CB
:1031100040F21D439D4200F0408126E0DEF733FE81
:1031200042F264039D4240F2108342F285039D42C5
:103130001BD842F267039D4200F2198342F26603F4
:10314000E8E7DEF722FEEBE7204640F6034230F9DF
:10315000033B93420CD040F62D4293420BD040F6F5
:10316000014293425AD1DEF7E0FC012856D09EE797
:10317000CDF754FEF9E79DF80730834903338DF806
:103180000730DEF7D7FCF0E72388A3F58053013B37
:10319000082B43D8DFE803F0050E184242424242B2
:1031A00028009DF80730784808338DF80730DEF79F
:1031B00091FDDAE79DF80730734840338DF807300A
:1031C00010F0CAFA002072E700229DF80730083399
:1031D0008DF807306C4B1A605A60F37A23F0600365
:1031E00043F06003F372EDE79DF80730664806335D
:1031F0008DF80730DEF770FDB7E7204642F24D014B
:1032000030F8033B1AB28A4200F3AC80B2F5005F9B
:1032100042F2640204DC954240F091820120BCE05D
:10322000A3F50053013B4C2BF5D801A151F823F035
:103230008D330300B7330300C93303001732030093
:10324000DB330300E1330300E7330300F93303000A
:10325000FF33030005340300113403001734030067
:10326000173203001732030017320300173203002E
:103270001732030017320300173203001D34030016
:1032800023340300353403003B3403004D34030082
:10329000173203005F3403007134030083340300EA
:1032A00017320300173203001732030017320300EE
:1032B00017320300A3340300B5340300C7340300FE
:1032C00017320300173203001732030017320300CE
:1032D00017320300173203001732030017320300BE
:1032E0001732030017320300CD34030017320300F6
:1032F000173203001732030017320300173203009E
:10330000DF340300F7340300093503000F350300F1
:10331000153503001B3503002D3503003F35030031
:10332000453503001732030017320300173203003C
:103330004B350300513503001732030017320300E9
:10334000173203001732030017320300173203004D
:1033500017320300173203005735030069350300A5
:103360007B35030042F27C039A424ED042F27F0347
:103370009A4200F0B78042F264039D424CE700BFDE
:10338000827E0020FC720020897E0020DEF7A6FCF1
:1033900042F264039D427FF4C3AE0F237370042393
:1033A000B3700123F0703371A6F80550012300209B
:1033B000337003B0F0BD9DF80730D14803338DF86A
:1033C0000730DEF790FCE3E79DF80730CC48083380
:1033D0008DF80730DEF789FCDAE7DEF788FCD7E7FF
:1033E000DEF787FCD4E79DF80730C54801338DF838
:1033F0000730DEF780FCCBE7DEF77FFCC8E7DEF7BF
:103400007EFCC5E7DEF77DFCC2E7DEF7BAFCBFE76E
:10341000DEF779FCBCE7DEF778FCB9E7DEF777FC8E
:10342000B6E79DF80730B64907338DF80730DEF769
:1034300070FCADE7DEF76FFCAAE79DF80730B049F6
:1034400010338DF80730DEF768FCA1E79DF80730F0
:10345000AB4808338DF80730DEF761FC98E79DF83C
:103460000730A74902338DF80730DEF75AFC8FE7A3
:103470009DF80730A24902338DF80730DEF755FC7E
:1034800086E79DF8073008338DF80730BF23F371C6
:10349000C023F37242F264039D4240F04B8100204E
:1034A0007BE79DF80730964902338DF80730DEF749
:1034B00040FC6DE79DF80730914804338DF80730E4
:1034C000DEF739FC64E7DEF738FC61E79DF807308A
:1034D0008B4808338DF80730DEF731FC58E7DEF70C
:1034E00030FC55E79DF80730854901338DF80730EA
:1034F000DEF729FC4CE79DF80730814901338DF850
:103500000730DEF722FC43E7DEF721FC40E7DEF779
:1035100020FC3DE7DEF71FFC3AE79DF807307848CE
:1035200002338DF80730DEF718FC31E79DF80730DD
:10353000734801338DF80730DEF711FC28E7DEF71A
:1035400010FC25E7DEF70FFC22E7DEF70EFC1FE795
:10355000DEF70DFC1CE79DF80730694802338DF853
:103560000730DEF706FC13E79DF8073064480433A4
:103570008DF80730DEF7FFFB0AE7DEF7FEFB07E713
:1035800020464FF60B4230F8033B934222D8B3F566
:103590007C4F01D801206BE0A3F57C43013B0A2B53
:1035A000F8D801A252F823F0613603007D360300FB
:1035B000953503009535030095350300CB360300A0
:1035C0009535030095350300A7360300B93603008F
:1035D000D136030003F2FE2292B21B2ADAD8A3F5F9
:1035E0007D43023B1B2BD5D801A252F823F000BF2C
:1035F000E3360300E9360300EF360300F536030037
:10360000953503009535030095350300FB3603001F
:103610009535030095350300053703009535030004
:103620009535030095350300953503009535030066
:1036300095350300953503000B37030095350300DE
:103640001D370300953503009535030095350300BC
:103650009535030023370300293703002F37030074
:103660009DF8073026480C338DF80730DEF764FAF2
:103670004FF6025225F0080393424CE500209DF8D6
:10368000073040338DF807301D4B1880F37923F055
:10369000230343F02303F371337A23F0070343F04A
:1036A00007033372E4E79DF80730154817338DF8A8
:1036B0000730DEF75FFADBE79DF80730104820336C
:1036C0008DF80730DEF77AFAD2E7DEF751FACFE766
:1036D0009DF807300A4801338DF80730DEF78BFA82
:1036E000C6E7DEF79EFAC3E7DEF7CDFAC0E7DEF7FE
:1036F000CCFABDE7DEF7CFFABAE7DEF7CEFAB7E7E6
:10370000897E0020DEF7CDFAB2E79DF80730254923
:1037100004338DF80730DEF7C6FAA9E7DEF7D2FAF0
:10372000A6E7DEF7D1FAA3E7DEF7D0FAA0E7DEF7E7
:10373000CFFA9DE708D942F285030020F7E414D9B7
:1037400042F285030120F2E4002042F219039D4277
:1037500018D842F20C039D427FF6D5ACA5F5005374
:103760000D3B41F241229BB206E00120EDE7A5F5B9
:103770000153283B0C4A9BB222FA03F3DB077FF587
:10378000F4AC0AE642F232039D423FF406AEA5F5E0
:103790000153033B012B3FF6E8ACFEE54FF0FF3051
:1037A00007E600BF897E00202F80402038B5094CF5
:1037B0000D4623781BB9BDE83840DEF7A6B9A278DC
:1037C000611C023213F0E9F90020042320702B70F1
:1037D00038BD00BF827E002070B506460C460D4DF8
:1037E000284610F0A7FA88B1A2B2AB681B6843B9AB
:1037F00009490A485D220AF07EFF5D2106480AF069
:1038000071FF31462846BDE8704018476FF012003E
:1038100070BD00BF7C6E0400FA04050069A50400B9
:1038200000F03F033F2B18BF044A4FEA90101ABF25
:1038300052F8200058434FF0FF307047988C040036
:1038400030B5044685B010B1431C02D13F2005B00D
:1038500030BD6D460F4B0FCB85E80F00002355F8A8
:10386000042BA24203DA0133042BF8D1EEE70A4A13
:1038700052F8232004EB5200B0FBF2F0C0B2012852
:1038800038BF01203E2828BF3E2040EA8310C0B246
:10389000DDE700BFB47C0400988C040008B54368E1
:1038A00009225968054BC86101F170008863CB6338
:1038B0007C310CF021FA002008BD00BFD138040093
:1038C000002208B5044B05481A7003F04BF8BDE818
:1038D00008400348FEF7DABF957F00208063002090
:1038E0000073002008B50648064B0360FEF7B0FFE2
:1038F00000200222044B1860044B1A7008BD00BF60
:10390000007300209539030008730020957F002084
:1039100008B5014602480AF0D8FE002008BD00BFE5
:103920000107050037B50025042A0446019507D98B
:10393000124811460AF0C9FE6FF0150003B030BD01
:1039400001A813F02AF9082C05D101990C480AF0B6
:10395000BCFE0020F2E7012C0DD1019B094A5B005F
:103960001360094B00221D60084B09481C7000239E
:1039700002F0F2FFEDE76FF08500DFE711070500C9
:1039800025070500107300200C730020957F002090
:1039900080630020084210B516D00C4B1868421CFA
:1039A0001A60012300F00700011F03FA00F003FA78
:1039B00001F100F00F000FF06FFEBDE81040002392
:1039C000034A044802F0C8BF10BD00BF08730020BE
:1039D000366E01008063002010B51B4C2078012852
:1039E00006D0022822D068BBBDE810400FF05DBEB3
:1039F000164C236813F0010F03F101020CBF0F20D6
:103A0000002022600FF051FE114B22681B68114804
:103A10009A4206BF0023236041F68562BDE810404C
:103A20004FF0000308BF0C4A02F096BF0B48FEF7A8
:103A30002DFF00200FF039FE04210948FAF79EFD02
:103A40000023237010BD00BF957F00200C73002061
:103A50001073002080630020366E01000073002088
:103A60000873002008B510211048FEF7D7F9024668
:103A70000E4B0F2A11D99A790D4902F00F0242F02C
:103A800040029A711A7A0B4802F03F0262F07F02FC
:103A90001A7202F01DFE084808BDB2FBF0F100FBEF
:103AA0001121595CC94399540132E2E7857F002016
:103AB000D939030080630020EC8C04004FF480614E
:103AC000014805F00BBA00BF967F0020322337B5BE
:103AD0000125ADF8043000231C216846134A8DF8F7
:103AE0000630ADF800508DF80230DDF7B1F904462C
:103AF000C8B90FF085FC80B2DCF7E6FE29460C4819
:103B0000E2F705FE044670B901462A468520E7F72C
:103B10002BFA2A462146E520E7F726FA2A462146CF
:103B20008A20E7F721FA204603B030BDD93B0300D5
:103B30001873002008B54FF0FF304FF0FF31FEF74B
:103B400093FF40B107490848DA220AF0D4FDDA2190
:103B500004480AF0C7FDE2F712FFBDE80840FEF78F
:103B60008BBF00BF4507050069A50400024608B5E4
:103B700008480B46084902F013FE002808DA0749F6
:103B8000074847220AF0B7FD472104480AF0AAFD7A
:103B900008BD00BFB0630020C00D00206705050010
:103BA00069A5040008B50849084810F098F90028EC
:103BB00008DA074907482F220AF09DFD2F21044803
:103BC0000AF090FD08BD00BF48730020B0630020DC
:103BD0006705050069A50400B0B5002484B000AFF6
:103BE0003B1D7C600A22BC60C7F80B40396001466F
:103BF000184613F023F86D468AB003466A463968C2
:103C00000D48D161C2E905034FF4007313840B4BD7
:103C100042F8103F4FF4115123460948E5F7D2FD11
:103C2000AD4684F31188BFF36F8F0323184602DF7C
:103C30001037BD46B0BD00BF72070500040000018B
:103C4000247A04000122014B1A63704700E01050EF
:103C50000122014B5A63704700E0105003460221D5
:103C6000014A02480BF0DBBB9A070500447A0400C6
:103C700028B1022806D10420034B1B681847024BC9
:103C80001B68FBE7FFF7EABF5873002010B538B197
:103C900001280BD1BDE8104000200949DCF71ABD0E
:103CA000084B0220BDE810401B681847064907482A
:103CB0004C220AF020FD4C2103480AF013FD00BFFE
:103CC000713C030058730020B607050069A5040085
:103CD00008B578B1012804D1BDE808400020DCF720
:103CE0001BBD054905485F220AF005FD5F2102481A
:103CF0000AF0F8FC08BD00BFB607050069A504007E
:103D0000014B1860002070475873002010B5294CF3
:103D1000237E834208D02849602228480AF0EBFC21
:103D2000602125480AF0DEFC04F14003D3E8AF3FF0
:103D30002BBB092937D8DFE801F0053636363624A3
:103D4000241F3622236AD3E900209047012808D097
:103D50001B4B984203D00223E06384F834301948A7
:103D60000EE041F288332363032384F83430164B8A
:103D700084F82900A363F2E70E4801F0B7FF0020A2
:103D800010BD002384F82930104B0F49207E236397
:103D9000E2F7FEFC0028F2D00749582207480AF053
:103DA000AAFC5821BDE70449932204480AF0A3FC69
:103DB0009321B6E75C7300200308050069A50400A1
:103DC0001F6466029073002080730020FF3F420F43
:103DD00001220021014810F01DB800BF5C730020D3
:103DE000014BD861704700BF5C73002070B54FF085
:103DF000FF3106464FF0FF30FEF736FE054640B174
:103E00004349BF2243480AF076FCBF2140480AF0EC
:103E100069FC41494148DCF755FF0446FEF72CFE9A
:103E2000002C08DA3E48234601213E4A0BF0F7FAFF
:103E30006FF00B0070BD40F201133B4C2385E3692A
:103E400026626433E36241F2883323636FF07303C5
:103E500084F82450E36304F14006D6E8EF3FC6E857
:103E6000E25F002AF9D1A368354633B12849D5224B
:103E700028480AF040FCD521C8E74FF0FF304FF04A
:103E8000FF31FEF7F1FD30B12149D82221480AF077
:103E900032FCD821BAE7207E04F12401E2F778FC55
:103EA00030B11B49DA221B480AF025FCDA21ADE7C4
:103EB000FEF7E2FD002320461C4A01F081FF0028A6
:103EC0000BDA01211A4A16480BF0A0FA0123D5E8B3
:103ED000EF2FC5E8E13F0029F9D14FF0FF304FF057
:103EE000FF31FEF7C1FD30B10949E52209480AF06A
:103EF00002FCE5218AE7207EE2F72CFCFEF7BCFD00
:103F0000D6E8AF3F13B1084801F0BAFFE06B91E784
:103F10000308050069A50400747300200D3D03002B
:103F2000EC7904003D0805005C7300200E720B0064
:103F30008EFF0400064BD3F840231C2A05D1D3F88A
:103F40004403431E5842584170470020704700BF49
:103F500000C0FF0003689A070CD50368DB070DD586
:103F60000922074BC3F80C250F22C3F804250122B0
:103F70001A60FEE7034B0360EF3B0360704700BF2E
:103F800000801050F000FA5008B501233C4A3D482B
:103F9000C2F800383C4AD2F840231C2A04BF3B4AEE
:103FA000C2F80C34FFF7D6FF0830FFF7D3FF083014
:103FB000FFF7D0FF0830FFF7CDFF00F5F470FFF7F3
:103FC000C9FF334AD2F88C3043F44063C2F88C30D6
:103FD0000022D30003F57F0303F54043D3F8001418
:103FE00001310AD0D3F8001439B1D3F800140132EA
:103FF000D3F80434402A0B60EBD1214BD3F8402492
:10400000002A38D0FFF796FF48B11F4BD3F834236E
:10401000204B9A429EBF1A4B1F4AC3F84026FFF717
:1040200089FF18B11D4B1E4AC3F8AC27FFF782FF6A
:1040300048B13422124BC3F82426D3F83C2622F48C
:104040000022C3F83C26174B1149D3F80026D207AB
:1040500044BF6FF00102C3F800260323124AC2F8DE
:104060001835D1F88C3043F44063C1F88C3000230C
:10407000C2F8A03508BDC822C3F84024C2E700BF7B
:104080000000125000C50D5000C0FF000030055068
:1040900000ED00E0001D0A1840E0A91E00A0085035
:1040A00078000A0400E0105000B004505F2898BF68
:1040B000074B4FEA50129FBF53F8223000F01F0009
:1040C00023FA00F000F0010088BF0020704700BF15
:1040D0004C8D0400034A4309D35C00F01F001844D0
:1040E000C0B27047E608050010B504460846FFF761
:1040F000F1FF00B204EB4000838ADA051CD5C3F35C
:10410000432123F4F853838204F1120204F158008E
:1041100032F8023F13F4807F03D0C3F34323994264
:104120000AD09042F4D1002204EBC1035A6004F19A
:1041300060000FF0DDFC00B910BD054905484FF4E3
:10414000DB720AF0D8FA4FF4DB7101480AF0CAFAC0
:10415000A808050069A5040010B5016804460846D2
:10416000FFF7A4FF50B90F494FF474720E480AF0DC
:10417000C2FA4FF474710B480AF0B4FA01F01F034D
:104180005F2923604FEA511208D9064940F2D9321B
:1041900005480AF0B0FA40F2D931ECE7034B53F886
:1041A000220010BDDA02050069A50400408D04005C
:1041B000072808B50AD90749074840F2A7320AF08C
:1041C0009AFA40F2A73103480AF08CFA800000F511
:1041D000807008BD7308050069A50400F0B50646A7
:1041E000002487B0114F019117F8012B06AB03EBA8
:1041F000D20313F8143C02F00702D34013F001037A
:1042000006D10134032CEFD10023184607B0F0BDCE
:10421000074A03AD07CA85E8070055F824100A6A63
:1042200046F824200A62002AEBD0EEE7F6080500E3
:10423000C47C0400F7B504460846FFF74BFF06B2FE
:1042400004EB4606B38A0D46DB072BD520460FF05C
:1042500047FD294620460FF064FC58B120460FF078
:104260008EFC0022276800B207EB8003C3F81025FC
:10427000C3F81025204600242946FFF735FFB482F5
:1042800001A80195FFF768FF019B00EB8300D0F8C0
:104290008020064B134043F00203C0F880302046D4
:1042A00003B0F0BD6FF01500FAE700BFF0F0FCFFBF
:1042B0002DE9F0430E461746044685B050B95C49D7
:1042C0005C4840F23A420AF016FA40F23A41584845
:1042D0000AF008FA0846FFF7FDFED7F80080054609
:1042E000B8F1000F1AD020460FF03EFC28BB434621
:1042F000CDE900008DF80E008DF80F000DF10F02D2
:1043000030460DF10E010FF063FC2AB204EB4202BD
:10431000938A23F0020343F0010393827B68002B0E
:1043200034D03146204693F80080D3F804900FF043
:1043300010FC28B1B9F1000F1FD06FF0150028E074
:1043400028B204EB4000838A23F4604323F0200367
:104350008382B9F1000F10D0B8F1030FEDD87B685C
:1043600021685B6893F800C001EB8C01B8F1000F85
:1043700012D1C1F81085C1F810852AB204EB4202AF
:10438000938A23F01C0343EA88039382BB6853BBE0
:10439000002005B0BDE8F083D1F8102522F003021B
:1043A000C1F81025226802EB8C03D3F8102522F403
:1043B000473222F47C72C3F8102541F6F072D3F82C
:1043C000101502EA061242EA08420A43C3F8102511
:1043D00004EB4C03A3F86460838A43EA4C3343F054
:1043E00020038382C9E73146D3E900782046FFF7EE
:1043F0007BFE002FCCD063689F4206D004F16000A2
:104400000FF05CFB002804DAC3E7A3689845F5D1F8
:10441000002004EBC003C3E901782DB204EB45058D
:10442000AB8AC0B243EA402343F48073AB82AFE768
:10443000A808050069A504002DE9FF410D461746AF
:104440001E46044650B93D493D4840F244420AF0F8
:1044500052F940F2444139480AF044F90846FFF75E
:1044600039FE804627B320460FF073FB18B920466B
:104470000FF057FB18BB294620460FF05DFB10B12B
:104480007B78012B1BD001238DF80F3000237A1C81
:10449000CDE900732846BB1C0DF10F010FF098FB0E
:1044A0000FFA88F304EB43039A8A42F003029A82DC
:1044B000002E40D0294620460FF04BFB20B96FF06C
:1044C000150004B0BDE8F0810022377823684FEA78
:1044D000870C03EB8703C3F81025C3F810250FFAE8
:1044E00088F204EB4202938A23F4604323F0200312
:1044F00093827078F8B12168124B6144D1F810456D
:10450000B6782340C1F8103541F6F073000400F48A
:10451000403003EA051303433005D1F8104500F499
:10452000801003432343C1F81035938A43EA47338D
:1045300043F0200393820020C3E700BFA8080500D2
:1045400069A504000FE0ECFF08B550B9064907481B
:1045500040F24D420AF0CFF840F24D4102480AF0D5
:10456000C1F8C0E9031208BDA808050069A5040048
:1045700070B51546044650B9124940F256421248E9
:104580000AF0B9F840F256410E480AF0ABF842B9C9
:104590000C494FF445720C480AF0ADF84FF44571E0
:1045A000F2E70FF0BEFA48B10846FFF793FD04EBBF
:1045B00040040020A38A5B0B2B7070BD6FF01500C8
:1045C000FBE700BFA808050069A504002DE9F0413C
:1045D000044650B91F49204840F264420AF08BF863
:1045E00040F264411B480AF07DF890F8745090F84E
:1045F000757065BBA84646222946143012F0F4FABD
:10460000164B266853F83770AF4213D1002540F29D
:104610000D10C6F84451D6F84431114B9E4208BFE4
:10462000DB20E6F77FFC0123284684F874302366FC
:10463000BDE8F081E8B2FFF7BBFDA0F580739B08F1
:10464000112B04BF46F8008033580135DCE76FF0CA
:104650007700EDE7A808050069A50400588D04005F
:1046600000A00D5008B550B90849094840F26B4206
:104670000AF041F840F26B4104480AF033F890F830
:104680007400003818BF012008BD00BFA80805004D
:1046900069A5040008B550B90749084840F27942B5
:1046A0000AF029F840F2794103480AF01BF8BDE806
:1046B0000840FFF7BFBD00BFA808050069A50400BA
:1046C00008B550B909490A484FF490620AF013F846
:1046D0004FF4906105480AF005F8064B90F8750014
:1046E00003EB8000BDE808400FF002BAA8080500FF
:1046F00069A50400A015002010B50C4650B90B495F
:104700000B4840F2874209F0F6FF40F28741074824
:1047100009F0E8FF074B90F8750003EB80000FF0FD
:10472000CDF90028A4BF2070002010BDA808050006
:1047300069A50400A01500202DE9F3410D46164699
:10474000044650B9374940F20452374809F0D3FFC4
:1047500040F20451334809F0C5FF0FF0EDF940B9BC
:10476000304940F21142304809F0C5FF40F2114192
:10477000F0E720460FF0D5F9276800B320460FF088
:10478000E8F98046D8B920460FF0F9F90546FFF759
:104790000FFD47F800803B5823682AB203EB8203E1
:1047A000D3F8102542F00102C3F8102526B10123E9
:1047B0002268AB40C2F8143302B0BDE8F081D7F8EC
:1047C00014339B035CBF4FF40033C7F8143346B96E
:1047D000144940F22B42144809F08DFF40F22B415E
:1047E000B8E72846FFF776FC04EB4004A38AC3F33E
:1047F0008203042B11D0052B11D001A80195FFF7DE
:10480000ABFC019BC168D94001F00101023128468F
:1048100002B0BDE8F0410FF028BA0321F7E702210A
:10482000F5E700BFA808050069A5040008B550B960
:104830000749084840F20B5209F05DFF40F20B5166
:10484000034809F04FFFBDE808400FF049BA00BF28
:10485000A808050069A504002DE9F04F07468BB0B4
:1048600050B9764976484FF4C76209F044FF4FF4D7
:10487000C761724809F036FF814659F8043B90F849
:104880007540D3F8141300936E4BC9B241F4003154
:1048900053F8342000980FF0F7F9810305463AD514
:1048A0000023CDE907330993664B07A803EBC40344
:1048B0005B6819460193FFF791FC042303EBC403E3
:1048C00003934FF0000B604B0DF11C0A0293029A08
:1048D0005C4912F8013B0292039A02EBD3028A5C14
:1048E00003F0070322FA03F3DA071AD40BF1010BE2
:1048F000BBF1030F0AF1040AE9D14FF400310022A1
:1049000000980FF0C1F9019907A8FFF767FC00288C
:10491000D7D125F400350124002D77D10BB0BDE8A7
:10492000F08F4A4B5B440493DAF800100029DDD085
:1049300091FAA1F1B1FA81F1049B1C7841EA441487
:104940002046FFF7C7FB07EB4000B0F81480C8080B
:104950004FEA9803059301231AF8002001F007019C
:1049600003FA01F122EA01020AF8002006A80694DF
:10497000FFF7F2FB069A059B203250F82220C8F37D
:1049800082065B07B046C2F3014223D52146484662
:10499000D6B242460FF0FDF806A80694FFF7DCFBFE
:1049A000069B203350F82330C3F301439E4207D1C6
:1049B000002120460FF059F9314620460FF055F9F5
:1049C00006A80694FFF7C8FB0122069B02FA03F330
:1049D0000362A9E7022A0DD1032120460FF045F911
:1049E00006F00503012BEBD14246214648460FF065
:1049F000D0F8E5E70221204605920FF036F9032EA4
:104A0000F2D0059A032ADBD1022EECE795FAA5F342
:104A1000B3FA83F3009904FA03F225EA020503F5D9
:104A2000A27251F8222007EB43034846B3F8641002
:104A3000C2F301420FF0ADF86EE700BFA808050011
:104A400069A50400588D0400F6080500F608050065
:104A500008B5144B027AD3F8101521F001010A436E
:104A6000C3F810250268B2F5803F0AD30E4940F220
:104A70008E720E4809F03FFE40F28E710A4809F02E
:104A800031FEC3F8A4264268FF2A08D9064940F23D
:104A90009972064809F02FFE40F29971EEE7C3F8CB
:104AA000AC2608BD00200E50F908050069A50400D9
:104AB0000B2808B50AD9104940F2E3420F4809F023
:104AC0001AFE40F2E3410C4809F00CFE002908DA16
:104AD00009494FF49D62094809F00DFE4FF49D61AC
:104AE000F1E7000100F1A04041EAC27100F5622047
:104AF000C0F8281508BD00BFF908050069A5040025
:104B00000B2808B50AD9104940F2C3420F4809F0F2
:104B1000F2FD40F2C3410C4809F0E4FDB3F5801FFB
:104B200008D3094940F2C942084809F0E4FD40F2BF
:104B3000C941F0E7000100F1A04000F56220C0F893
:104B40002025C0F8243508BDF908050069A5040032
:104B5000012303FA00F010F0670F0AD0064B5B68E0
:104B6000DB4303F0670303420CBF6FF01500002026
:104B700070474FF0FF307047F00D002038B50D4BF7
:104B80001B78012B0BD14FF0FF326FF040430A4CE2
:104B9000D4E90001824273EB0105F9D338BD07491E
:104BA00007484FF4897209F0A6FD4FF48971034854
:104BB00009F098FDF00D002040270E502C0905004B
:104BC00069A5040030B50C25074B1C1894F8544017
:104BD00005FB0433C3E9031218750123034A83401C
:104BE000C2F8243330BD00BFF00D002000200E506D
:104BF000F0B5504D85B02C78002C40F095804E4A91
:104C000001AB07CA83E807004C491846D1F81025C4
:104C100022F00202C1F81025FFF71AFF07236722CE
:104C200002F001012144013BCCB24FEA5202F7D11C
:104C3000052C7CD119464FF0010C3E4E0024672014
:104C4000CFB204E00CFA02F220EA0200013490FA3A
:104C5000A0F25FFA84FEBE45B2FA82F2F2D30131CD
:104C6000327505292A4482F8547006F10C06E5D104
:104C70000121002432489A0801FA02F212F0670F6B
:104C800018BF1C500433302BF5D1E420E6F74AF965
:104C90002A4B0024D3F81025012622F00202C3F883
:104CA000102540F6FF72C3F82823C3F88041C3F8EB
:104CB0008040C3F88441C3F88440C3F88841C3F8F6
:104CC0008840C3F88C41C3F88C40C3F89041C3F8C6
:104CD0009040C3F89441C3F89440C3F89841C3F896
:104CE0009840C3F89C41C3F89C40C3F8A041C3F866
:104CF000A040C3F8A441C3F8A440C3F8A841C3F836
:104D0000A840C3F8AC41C3F8AC401E660D4B0E4A38
:104D10001B685D20B3FBF2F358430C4B33439847B9
:104D200020462E7005B0F0BD6FF07700FAE76FF007
:104D30008B00F7E7F00D0020D07C040000200E501F
:104D400000210E509C15002040420F0010820400EC
:104D5000F7B53C4C064623780D46012B0AD03A495C
:104D600040F20A22394809F0C6FC40F20A213648CE
:104D700009F0B8FC41B9344940F20B22334809F03C
:104D8000BAFC40F20B21F2E7277D47B12E494FF4E0
:104D900003722E4809F0AFFC4FF40371E7E7636834
:104DA00001A803F0010301930EF088FE00283EDB0A
:104DB00020752F70636823F001036360A36843F0DC
:104DC0000103A360224BD3F81025900733D4D3F806
:104DD000102542F00202C3F81025C6B1D3F84827C7
:104DE00012F0010202BFD3F8481741F00101C3F8E5
:104DF0004817174BD3F84017D3F844174900F9D494
:104E00002AB9D3F8482722F00102C3F84827114BEA
:104E1000114A1B68B3FBF2F30D4A03EB43136BB16A
:104E2000D2F84017D2F8440710F0804001D103B007
:104E3000F0BD013BF3E76FF07700F8E76FF0730028
:104E4000F5E700BFF00D00202C09050069A504005E
:104E500000200E509C15002040420F002DE9F0412B
:104E600004461D46FFF774FE904607469DF81860FD
:104E700050B11549154840F2D32209F03CFC40F2EC
:104E8000D321114809F02EFC11490B1993F8543025
:104E90000C3301EBC30041F8332045602B4620461C
:104EA0006EB10C4EA400FFF72BFE33592BB1FFF768
:104EB00065FE4045A94100D23751BDE8F081BDE80B
:104EC000F041FFF71DBE00BF2C09050069A50400D5
:104ED000F00D002000210E50F8B50546FFF738FE12
:104EE00050B11149114840F20F3209F004FC40F270
:104EF0000F310D4809F0F6FB0D48431993F8543073
:104F00000C3350F8334000EBC30CDCF80460641839
:104F100046F1000640F83340CCF804602846BDE86E
:104F2000F840FFF7C5BD00BF2C09050069A50400C6
:104F3000F00D0020F7B5374B374CD3F82C5304F164
:104F400088060DB903B0F0BD95FAA5F00123B0FABB
:104F500080F08340DF4325EA0305231893F85410BB
:104F60000C2303FB01431A7D82420AD02B492C48B3
:104F700040F2AF3209F0BFFB40F2AF31274809F0F1
:104F8000B1FBDA684FEA800C002A3BD0D6E8EF3F4D
:104F900003EA0702C6E8EE2FBEF1000FF6D1C340C8
:104FA000DB0727D50B2809DD1E491D4840F2D342F7
:104FB00009F0A1FB40F2D3411A48E0E7020102F1F7
:104FC000A04202F56222D2F82435D2F82025164FED
:104FD0006744D7F800C0BCF1000FB2D04FF0000C0E
:104FE000C7F800C00C2707FB01410F690097C9688B
:104FF0008847A6E701F10C0304EBC30754F83320FC
:105000007B68E4E7084B53F80C10002999D043F86B
:105010000C2096E700200E50F00D00202C09050012
:1050200069A50400F908050000210E50064C074848
:10503000214640F2D62208B509F05DFB40F2D621A8
:10504000204609F04FFB00BF6809050069A5040070
:10505000202908B501D9FFF7E9FF054B40EA0120F7
:10506000C3F80005D3F80024D207FBD508BD00BF64
:1050700000B0045010B5436904463BB90020E26813
:105080004042537843F00103537010BD9847002805
:10509000F4D000F1FF03FE2B08D9064906482E2262
:1050A00009F029FB2E21034809F01CFBE36840426C
:1050B0001870E4E79C09050069A504002DE9F84390
:1050C00004460D4600AFEFF31188402383F31288A6
:1050D000BFF36F8F04282F4A98BF2F4BE9468AB041
:1050E0009668117C98BF53F820306A4688BF2B4BD6
:1050F000C2E9073140F2013329489384294BC2E9C0
:10510000050442F8103F00234FF431512648E4F7DC
:1051100059FBCD4645B1EB69C3F3080323B1012127
:10512000224A21480AF072F92EB130460EF0EDFE07
:1051300008B1037803B91E48E9468AB06A461D4B98
:10514000D061C2E9053640F2013313841A4B42F8AC
:10515000103F00234FF411511348E4F733FB294665
:10516000CD462046FDF78EFC042C08D11349144887
:10517000872209F0C0FA8721104809F0B3FA88F3B2
:105180001188BFF36F8F3046E5F770FEBD46BDE86E
:10519000F88300BFA0730020688D0400BF090500DC
:1051A000CD090500050000014C7A0400F509050051
:1051B00014B80400160A0500040000012E0A0500B8
:1051C00069A5040038B50A4B53F82040013053F864
:1051D0002050A54200D838BD606830B1037FDB079E
:1051E00001D4FFF747FF0834F3E723689847FAE74D
:1051F0007C8D0400012270B5334B032086B01A70F9
:10520000FFF7E0FFE5F79CF90420FFF7DBFF2F4CE9
:105210002F4DAC42264624D92E4944222E4809F06F
:105220006AFA44212B4809F05DFA54F80C3C0593C6
:1052300054F8103C049354F8143C039354F8183C6D
:10524000029354F81C3C019354F8203C009354E919
:105250000A2354E90C0101F059FC54F8303C5E6516
:10526000D7E7AE4204F13004DFD302F0FFF8174C69
:105270001A4EAC421BD917496822174809F03BFA6D
:105280006821CFE7D4E90A23B3F1FF3F08BFB2F1A9
:10529000FF3F05D052EA0301206803D102F0D6FA9D
:1052A0003034E6E73146183002F03CFEF8E7E9D347
:1052B00002F02EF9E2F722F8094A137B23F00103EA
:1052C000137306B070BD00BF96830020747704008E
:1052D000747704009A0A050069A504006F3F040072
:1052E00060650020C82370B5144E86B003FB0066CD
:1052F000134B012205930F23CDE903320023CDE99F
:10530000013314234FF4A0720E4D0F4903FB0055D7
:10531000044602FB00110D4B3046009501F0F6FBF0
:10532000737B2C7423F004037373094B013403EB78
:10533000C423EE606B6006B070BD00BF98640020AF
:10534000BB0A0500A073002020C20020695703009B
:1053500020BA00207FB50020FFF734FF324B03F561
:10536000006282F3088883F30A88E0232F4C84F8D4
:1053700022302023E377002323766376A37684F814
:105380002030626A42F4E022626284F82330E5F75A
:10539000E7FCE5F771FE4FF0FF33A362E362E6F747
:1053A00031F8E5F791FEE4F72DF8214801F090FC83
:1053B000204B214A93420AD920492148CC2209F0A6
:1053C0009AF9CC211D4809F08DF92033F2E7FCD37E
:1053D0000120FFF7F7FE02201A4CFFF7F3FE02F060
:1053E00007F9194B00255C61184B4FF48052059367
:1053F00001231749CDE903532046164BCDE901554A
:10540000009501F083FB0646637B204623F00403EE
:10541000637301F0C7FD2846FFF764FF314620465D
:105420000C4AE5F707FE00BF20BA002000ED00E0BF
:1054300010670020FC6D0400FC6E04009A0A050051
:1054400069A5040060650020A0730020CCCC040096
:1054500060C30020F551030038B50B4C0B4DAC4236
:105460000FD90B490B48252209F045F92521084899
:1054700009F038F92046D4E901120EF066FC183420
:10548000EDE7F7D3002038BD8C1700208C170020E3
:10549000C30A050069A50400F8B504460E4600F1EC
:1054A0001405EFF31187402383F31288BFF36F8F46
:1054B000284602F07FFC40B916498822164809F0B8
:1054C0001AF98821134809F00DF9284602F096FCD4
:1054D00020463146E2F79AF804F10C000EF055FD33
:1054E00028B139462846BDE8F84001F073BF284688
:1054F00002F06EFC40B907494FF49A72064809F071
:10550000FAF84FF49A71DDE787F31188BFF36F8FD4
:10551000F8BD00BF89A6040069A50400002038B5C5
:105520000A4C0B4DAC420FD90A490B48952209F0A1
:10553000E2F89521074809F0D5F820460EF00FFC57
:10554000002802DB2034EDE7F7D338BD8C160020AD
:105550008C170020E50A050069A504002DE9F74332
:1055600005460E4691461C4600F10807EFF31188E8
:10557000402383F31288BFF36F8F384602F01AFC82
:1055800038B92B4988222B4809F0B5F888212848DA
:1055900022E0384602F032FC2B69FBB133601C6814
:1055A000EB692C610133EB6114B96A6993421BD03A
:1055B000EB68E41A09D4D5E905235A43A24204D979
:1055C000B4FBF3F203FB124474B11B491948EA22FD
:1055D00009F091F8EA21184809F084F859EA040220
:1055E0000FD16FF00B043360384602F0F1FBC8B9FD
:1055F0000F494FF49A720F4809F07DF84FF49A71F1
:10560000C5E7CDE900942A464146384601F07EFDC3
:10561000044618B9094B9B681B693360204603B0E8
:10562000BDE8F08388F31188BFF36F8FF6E700BF02
:1056300089A6040069A50400E50A0500A0730020FE
:105640002DE9F843C3680546CB1A0E461ED4D0E9AF
:1056500005125143994219D9B3FBF2F102FB113300
:10566000A3B900F10808EFF31189402484F31288EC
:10567000BFF36F8F404602F09DFB90B936498822F8
:10568000364809F038F88821334808E0344933486F
:105690004FF4897209F02FF84FF48971304809F0FE
:1056A00021F8404602F0AAFB2F69002F3AD1EFF310
:1056B000118384F31288BFF36F8F83F31188BFF3D4
:1056C0006F8F3BB92749A422244809F014F8A4217C
:1056D0002448E4E72C68A54224D01CB3A36833B95E
:1056E00020498D221D4809F006F88D21F0E7D4E904
:1056F000003213605A60637BC4E9007723F0020331
:105700006373A76004F1180002F0CEFC2046C4F8D1
:10571000C070266101F046FC49464046BDE8F843AA
:1057200001F058BE2B6940463360EB692E61013BA6
:10573000EB6102F04DFB40B907494FF49A720748FC
:1057400008F0D9FF4FF49A719EE789F31188BFF3EF
:105750006F8FBDE8F88300BF89A6040069A5040027
:10576000E50A05000A0B050008B50C4B9B6893F988
:105770000E30002B09DB4024EFF3118384F31288F1
:10578000BFF36F8F0AF061FAF6E7054905481C225E
:1057900008F0B1FF1C21024808F0A4FFA07300200C
:1057A000350B050069A504002DE9F34104461746B1
:1057B0001E46EFF3058545B1514952486F2208F066
:1057C0009AFF6F214E4808F08DFFEFF311884023B8
:1057D00083F31288BFF36F8F4B4802F0EBFA38B9AE
:1057E0004A498822474808F086FF88214748EAE767
:1057F000454802F003FBE368454A9BB1A068916805
:10580000884224D057EA060329D13F4802F0E0FA43
:10581000A0B188F31188BFF36F8F6FF00F0002B053
:10582000BDE8F081916891F90E100133E36093684F
:1058300035482161A36002F0CBFA50B933494FF4E7
:105840009A72304808F057FF4FF49A71CEE72169F9
:10585000EBE788F31188BFF36F8F0020DFE791F942
:105860000E1090F90E306FF07E029942A8BF1946D3
:105870009142B8BF11468B4202DD0EF08AFA05460E
:1058800022464146CDE900761F4801F03FFC002842
:10589000E3D0EFF31186402383F31288BFF36F8FB9
:1058A000194802F087FA00289AD0174802F0A6FAA1
:1058B000A068C0B1236821699C420AD04BB193F91A
:1058C0000E309942A8BF19466FF07E039942B8BFC7
:1058D00019460EF05EFA30B131460B4801F07AFD00
:1058E0006FF00A009BE7002DF6D1074802F070FA2E
:1058F0000028A3D086F31188BFF36F8FF0E700BFB5
:10590000560B050069A50400C473002089A6040095
:10591000A0730020F8B50546EFF3058343B14A496B
:10592000D7224A4808F0E7FED721474808F0DAFEB8
:105930008368002B00F08180454A926893427FD1B2
:10594000C36833B94049EF22404808F0D4FEEF2144
:10595000EBE7012B03D0013BC3600020F8BDEFF360
:105960001187402484F31288BFF36F8F394802F007
:1059700021FA38B938498822344808F0BCFE882119
:105980003548D3E7334802F039FA2969A8680EF0A0
:1059900000FAEFF3118384F31288BFF36F8F83F360
:1059A0001188BFF36F8F3BB92C49A422274808F018
:1059B000A2FEA4212948B9E72C68AC420FD10023EC
:1059C0002448C5E9023302F003FA88BB22494FF4A8
:1059D0009A721E4808F08FFE4FF49A71D0E7002C9F
:1059E000EDD0A36833B91D498D22184808F083FE15
:1059F0008D21DFE70026D4E9003213605A60637B13
:105A0000C4E9006623F002036373A66004F1180082
:105A100002F04AFBAC6094F90E3020462B61C4F8CA
:105A2000C06001F0BFFA39460A4801F0D3FC94E7A0
:105A300087F31188BFF36F8F8FE76FF015008DE745
:105A40004FF0FF308AE700BF560B050069A5040040
:105A5000A0730020C473002089A604000A0B05006F
:105A600008B5836843B90B490B488D2208F043FE03
:105A70008D21084808F036FED0E9003213605A60E4
:105A80000023427BC0E9003322F0020242738360AC
:105A900008BD00BF0A0B050069A504002DE9F04709
:105AA00004460F4691469A469DF8208000F108056D
:105AB000EFF31186402383F31288BFF36F8F2846DC
:105AC00002F078F938B94A4988224A4808F013FEAA
:105AD0008821474819E0284602F090F9B8F1000FF4
:105AE00000D06768EFF31183402282F31288BFF37E
:105AF0006F8F83F31188BFF36F8F43B93E493D48E1
:105B0000A42208F0F8FDA4213B4808F0EBFD234651
:105B100053F80C8F984519D0B8F1000F16D04046B5
:105B2000FFF79EFF08F1180002F0BEFA002340467E
:105B3000C8F8C030C8F8109001F034FA3146284651
:105B400001F048FC00242046BDE8F087BAF1000FC0
:105B500014D0082003F054F8002841D00122C0F8E6
:105B600004900260016801F003015FB922680A43F2
:105B70000260626820606AB960600BE04846C9F85C
:105B800000A0EFE73A68032A1FD801606168B1B945
:105B9000C4E9000004F11400042102F03BFF0446B4
:105BA0000028CBD1284602F013F9E0B910494FF490
:105BB0009A72104808F09FFD4FF49A7189E70A68BD
:105BC00002F0030202430A60D6E722F003020A430E
:105BD00002603A6802F0030240EA02033B60D9E740
:105BE0006FF00B04DEE786F31188BFF36F8FAAE72F
:105BF00089A6040069A504000A0B05002DE9F743F6
:105C0000054690461F4600F10806EFF31189402330
:105C100083F31288BFF36F8F304602F0CBF840B9A0
:105C200020498822204808F066FD88211D4808F098
:105C300059FD304602F0E2F82C68D4B123686A6856
:105C400023F00303944220464FF001012B6008BF6C
:105C50006B600EF0ADF80446304602F0B9F8C0B9FA
:105C600010494FF49A72104808F045FD4FF49A71AC
:105C7000DCE758EA0703EFD049463046CDE9008714
:105C800005F10C0201F042FA38B9084B9B681C6917
:105C900003E089F31188BFF36F8F204603B0BDE89E
:105CA000F08300BF89A6040069A50400A07300204A
:105CB00008B5836843B90B490B488D2208F01BFDDA
:105CC0008D21084808F00EFDD0E9003213605A60BB
:105CD0000023427BC0E9003322F00202427383605A
:105CE00008BD00BF0A0B050069A5040070B5044695
:105CF000EFF31186402585F31288BFF36F8F2C4890
:105D000002F058F838B92B4988222B4808F0F3FCE8
:105D10008821284814E0264802F070F8EFF3118338
:105D200085F31288BFF36F8F83F31188BFF36F8FF2
:105D300043B922492048A42208F0DDFCA4211F48D1
:105D400008F0D0FC2568AC4213D095B12846FFF787
:105D5000AFFF05F1180002F0A7F900232846C5F8A7
:105D6000C03001F01FF93146BDE87040104801F025
:105D700031BBD4E902329A4218BF01330221A36039
:105D800004F1100002F046FE0028ECD1084802F0B1
:105D90001FF840B907494FF49A72074808F0ABFC66
:105DA0004FF49A71B5E786F31188BFF36F8F70BD1A
:105DB000C873002089A6040069A504000A0B050029
:105DC000F7B5044616461D46EFF305835BB152EA6C
:105DD000050308D026492748882208F08CFC882132
:105DE000234808F07FFCEFF31187402383F31288E8
:105DF000BFF36F8F204801F0DDFF38B91F498822BB
:105E00001C4808F078FC88211C48EAE71A4801F091
:105E1000F5FFA368ABB1013B1748A36001F0D8FFC1
:105E200040B916494FF49A72124808F064FC4FF4D6
:105E30009A71E9E787F31188BFF36F8F002003B0F1
:105E4000F0BD56EA05030BD10B4801F0C1FF002855
:105E5000E7D087F31188BFF36F8F6FF00F00EEE785
:105E600022463946CDE90065034801F04FF9E6E7DF
:105E7000780B050069A50400C873002089A60400FA
:105E80002DE9F0470446EFF31188402787F3128885
:105E9000BFF36F8F2E4801F08DFF064638B92D49AC
:105EA00088222D4808F027FC88212A4818E0284835
:105EB00001F0A4FF4FF000096FF00A0AEFF311831D
:105EC00087F31288BFF36F8F83F31188BFF36F8F4F
:105ED00043B922492048A42208F00DFCA4211F4800
:105EE00008F000FC2568AC420ED06DB12846FFF7E3
:105EF000DFFE05F1180002F0D7F82846C5F8C0A06B
:105F000001F050F8B146D9E700230221A36004F163
:105F1000100002F07FFD78B9B9F1000F0CD10C48E8
:105F200001F056FF70B90B494FF49A720A4808F015
:105F3000E2FB4FF49A71B8E74146BDE8F0470448E8
:105F400001F048BA88F31188BFF36F8FBDE8F0877E
:105F5000C873002089A6040069A504000A0B050087
:105F600007B5074B4FF48052009306494FF0FF33BB
:105F7000054800F047FB002003B05DF804FB00BFBC
:105F8000948D040060D30020286600202DE9F043A2
:105F90000446714E714F85B0EFF31188402383F3AF
:105FA0001288BFF36F8F304601F004FF40B96C498F
:105FB00088226C4808F09FFB8821694808F092FB12
:105FC000304601F01BFFD4F8CC50F5B9022104F1A2
:105FD000E4000DF02FFF00283BD004F1DC05002287
:105FE0000121284601F07EFD0028F8D100234FF062
:105FF000FF3202934FF0FF334146CDE90023304694
:1060000004F1D40201F0BAFDC6E7D4F8D0202B6821
:10601000954208BFC4F8D030C4F8CC30D4F8E4308E
:10602000304643F00203C4F8E430EB68D5F804903E
:1060300023F0040343F00103EB6001F0C9FED0B983
:1060400047494FF49A72474808F055FB4FF49A714C
:10605000B3E7D4F8E430DD06C8D5C4F8E4003E4820
:1060600001F0B6FE0028EBD088F31188BFF36F8FE4
:1060700005B0BDE8F08388F31188BFF36F8FB9F1E5
:10608000000F09D1384937484FF4387208F033FB14
:106090004FF43871344891E72846C847EFF3118828
:1060A000402383F31288BFF36F8F304601F082FEE6
:1060B00000283FF47CAF304601F0A0FEEB68D90623
:1060C00023F0010231D4EA60EB689A0716D53868EC
:1060D00023F00203EB6088B10021036870B14268CD
:1060E000954230D1036841BB7A683B60824200D15F
:1060F0007B60002340F8083BFFF7F8FDD4F8E4305C
:10610000304623F00203C4F8E430C3F3002501F065
:106110005FFE002894D088F31188BFF36F8F002DA5
:106120007FF43AAF01F06CFA36E723F01103EB602D
:1061300005F11000FFF7DAFDC6E70B607B688342CC
:1061400008BF7960D5E723B11A680146184613469F
:10615000C4E71A46F9E700BFD4730020CC730020CF
:1061600089A6040069A50400A10B050070B5C368E9
:106170000546C3F340069B070C460DD501220021BE
:1061800004F108000DF046FE00232360054B656016
:106190005A681AB9C3E90044304670BD14605C60A7
:1061A000FAE700BFCC730020F8B5C36804469A072D
:1061B0000F46C3F340063AD45B0726D40B680BB9ED
:1061C00083680B60E368DD0722D5A36853B92949CA
:1061D000294840F2571208F08EFA40F2571125482C
:1061E00008F080FA02263B603D68002D3ED0234B2C
:1061F0009A68D5F8C8309A420CD0D5F8E430D80760
:10620000C3F3800216D46FF0120600233B6027E030
:106210000126E9E70DF073FED5F8E4300028EED151
:10622000D907C3F3C002EED552B15B0708D46FF0B3
:106230000F06EAE7002AFAD1C3F3C003002BF6D118
:1062400000232360D5F8D03063B9C5E9334428462C
:106250000DF00BFEE36843F00403E3603B68A360CA
:106260003046F8BD1C60C5F8D040F0E76FF0150669
:10627000CBE700BFA10B050069A50400A0730020B7
:1062800073B50446EFF31185402383F31288BFF3FF
:106290006F8F194801F08EFD40B9184988221848BF
:1062A00008F029FA8821154808F01CFA124801F074
:1062B000A5FD00230321201F0193A4F110060DF07A
:1062C000B9FD28B1A369304601A90193FFF76CFF1E
:1062D000094801F07DFD40B908494FF49A72084819
:1062E00008F009FA4FF49A71DDE785F31188BFF3DE
:1062F0006F8F02B070BD00BFD473002089A6040068
:1063000069A5040038B50D46044640B90B499C22E6
:106310000B4808F0F0F99C21084808F0E3F931B97E
:1063200006499D22064808F0E6F99D21F4E710226F
:10633000002110F059FC656038BD00BFA10B0500BD
:1063400069A50400F8B5C368064603F00503002BF1
:106350000C4614BF0127002728D0856855B91C4971
:106360001C4840F2C11208F0C6F940F2C1111848A9
:1063700008F0B8F90122002104F110000DF04AFDE7
:1063800020461549FFF7BEFFE36843F01003E360C2
:10639000F3685B0712D5336823606BB9D5F8D0304A
:1063A00033B9C5E9334428460DF05FFD3846F8BDE2
:1063B0001C60C5F8D040F6E73460F4E7D5F8CC307F
:1063C0002360D5F8D030C5F8CC40002BEBD1F0E7F6
:1063D000A10B050069A504004B3E040038B5044636
:1063E000EFF31185402383F31288BFF36F8F1348B7
:1063F00001F0E0FC40B912498822124808F07BF90C
:1064000088210F4808F06EF90C4801F0F7FCE468A9
:106410000A4804F01F0401F0DBFC40B908494FF4BE
:106420009A72084808F067F94FF49A71E9E785F322
:106430001188BFF36F8F204638BD00BFD473002092
:1064400089A6040069A5040037B50C46019051B92E
:10645000224940F27D12224808F04DF940F27D11A8
:106460001E4808F03FF94B6843B91C494FF4BF720E
:106470001B4808F040F94FF4BF71F1E7EFF31185C5
:10648000402383F31288BFF36F8F164801F092FC0C
:1064900038B915498822124808F02DF98821124888
:1064A000DFE7104801F0AAFC204601A9FFF77CFEB7
:1064B00004460C4801F08CFC40B90B494FF49A7229
:1064C000074808F018F94FF49A71E8E785F3118846
:1064D000BFF36F8F204603B030BD00BFA10B050096
:1064E00069A50400D473002089A604000146014870
:1064F0000DF0F5BC2866002070B50C46054650B975
:10650000314940F2CD12314808F0F5F840F2CD1192
:106510002D4808F0E7F8C368DB0508D52A494FF491
:10652000E7722A4808F0E7F84FF4E771F0E70DF05A
:10653000E6FC40B1244940F2CF12244808F0DBF8D1
:1065400040F2CF11E4E744B91F494FF4E8721F4805
:1065500008F0D1F84FF4E871DAE7EFF31186402341
:1065600083F31288BFF36F8F194801F023FC38B909
:1065700018498822154808F0BEF888211548C8E750
:10658000134801F03BFC28462146FFF7DBFE054699
:106590000F4801F01DFC40B90E494FF49A720B48A8
:1065A00008F0A9F84FF49A71E8E786F31188BFF371
:1065B0006F8F3DB14FF0FF324FF0FF3304F1100009
:1065C000FFF7FEFB284670BDA10B050069A504007E
:1065D000D473002089A6040008B550B907490848BB
:1065E00040F2053208F087F840F20531034808F020
:1065F00079F8E822002110F0F7FA08BDA10B050098
:1066000069A50400F0B589B004460E9D50B92D4926
:1066100040F232322C4808F06EF840F2323129480C
:1066200008F060F841B9274940F23332264808F0B3
:1066300062F840F23331F2E7D0F8E40010F00100E4
:1066400008D020494FF44D721F4808F054F84FF419
:106650004D71E4E7C4E9330004F1D400C4E9350026
:1066600004F1DC00C4E9370055B32879002840F272
:10667000011008BF0120C4F8E40000204FF0FF36ED
:106680004FF0FF37CDE90330CDE90100CDE90667D2
:1066900020460E4B009400F0DDFA55B1296811B187
:1066A000204600F023FA6B791BB1237B43F00103F2
:1066B0002373204601F0CAF8C4F8C84009B0F0BD01
:1066C0000120D8E7A10B050069A504008D5F030038
:1066D00038B50D46044650B90E4940F2DB320E483B
:1066E00008F009F840F2DB310A4807F0FBFF41B936
:1066F00008494FF47772084807F0FDFF4FF47771AF
:10670000F2E73022002110F06FFA4FF480736560D9
:10671000E36038BDA10B050069A5040038B5044647
:1067200050B91B491B484FF47C7207F0E4FF4FF44B
:106730007C71174807F0D6FFEFF31185402383F3F0
:106740001288BFF36F8F144801F034FB38B9134936
:106750008822104807F0CFFF88211048EAE70E484A
:1067600001F04CFBE4680C4804F01F0401F030FB1E
:1067700040B90A494FF49A72064807F0BCFF4FF43B
:106780009A71EAE785F31188BFF36F8F204638BD11
:10679000A10B050069A50400D473002089A604009C
:1067A000F7B50C4616461D46019050B92D4940F2EA
:1067B00056422D4807F09FFF40F25641294807F006
:1067C00091FF41B9274940F25742274807F093FF0C
:1067D00040F25741F2E7EFF31187402383F3128829
:1067E000BFF36F8F214801F0E5FA38B920498822BC
:1067F0001D4807F080FF88211D48E0E71B4801F095
:10680000FDFAE36813F01E0F22D155EA060211D1FA
:10681000204601A9FFF7C8FC0446144801F0D8FA45
:10682000C0B913494FF49A720F4807F064FF4FF450
:106830009A71E1E743F00803E360019B04F1100063
:10684000A36232462B460B4901F06CFB0124E4E7BE
:106850000024E2E787F31188BFF36F8F204603B06F
:10686000F0BD00BFA10B050069A50400D473002092
:1068700089A604008162030001460148FFF790BF2A
:1068800028660020F7B50C4616461D46019050B903
:106890002C4940F279422C4807F02DFF40F2794113
:1068A000284807F01FFF41B9264940F27A4226489E
:1068B00007F021FF40F27A41F2E7EFF3118740231E
:1068C00083F31288BFF36F8F204801F073FA38B951
:1068D0001F4988221C4807F00EFF88211C48E0E76A
:1068E0001A4801F08BFA20460DF0B0FA55EA06037B
:1068F00011D1204601A9FFF757FC0446134801F0C7
:1069000067FAB8B912494FF49A720F4807F0F3FECC
:106910004FF49A71E2E7E36804F1100043F00803D2
:10692000E360019B3246A3620A492B4601F0FAFA62
:106930000124E3E787F31188BFF36F8F204603B08C
:10694000F0BD00BFA10B050069A50400D4730020B1
:1069500089A604008162030001460148FFF792BF47
:106960002866002038B5044650B91D491D4840F23C
:106970009B4207F0C0FE40F29B41194807F0B2FE6F
:10698000EFF31185402383F31288BFF36F8F16480E
:1069900001F010FA38B915498822124807F0ABFE09
:1069A00088211248EAE7104801F028FA20460DF045
:1069B0004DFA20460DF060FA04460B4801F008FA43
:1069C00040B90A494FF49A72064807F094FE4FF412
:1069D0009A71E6E785F31188BFF36F8F204638BDC3
:1069E000A10B050069A50400D473002089A604004A
:1069F000F8B50D46044650B9384940F2AC42384823
:106A000007F079FE40F2AC41344807F06BFE41B923
:106A1000324940F2AD42324807F06DFE40F2AD41DE
:106A2000F2E70DF06CFA40B12C4940F2AE422C482E
:106A300007F061FE40F2AE41E6E7EFF31186402336
:106A400083F31288BFF36F8F264801F0B3F938B98A
:106A500025498822224807F04EFE88212248D4E7A3
:106A6000204801F0CBF9E36803F01F03002B14BFAB
:106A70000127002712D11B4801F0AAF940B91A4991
:106A80004FF49A72164807F036FE4FF49A71E5E714
:106A900086F31188BFF36F8F3846F8BD20460DF09E
:106AA000D5F920460DF0E8F920462946FFF75EFBB0
:106AB00004460C4801F08CF90028E0D086F31188D8
:106AC000BFF36F8F002CE7D04FF0FF324FF0FF3352
:106AD00005F10800FFF774F9DEE700BFA10B050020
:106AE00069A50400D473002089A6040010B50446EB
:106AF00008B9054B9C681F2204F1880010F09EF82D
:106B0000002084F8A70010BDA07300202DE9F04FED
:106B100085B00F46119904460F299946DDF838B023
:106B2000DDF84C804AD1454883424BD104F15800EE
:106B3000C4E916001298002520730420D61D26F003
:106B4000070607EB060A6073A17320465146C4E9A5
:106B50000655A560E573E3F78BFE109B073020F028
:106B60000700C4E92A76C4F8B00002930F9BAAEB91
:106B70000006CDE900B332464B4639462046E4F7DD
:106B80003DFA0F9BC4E91D9BE367109B656584F884
:106B90007050C4F88030EFF31189402383F31288DA
:106BA000BFF36F8F264801F005F9B0B92549882257
:106BB000254807F0A0FD882122480CE001F11000D3
:106BC0001E28B3D92149204840F2452207F093FD01
:106BD00040F245211D4807F085FD1D4F184801F082
:106BE0000DF93B6A1648C4F884303C6201F0F0F8B5
:106BF00040B914494FF49A72134807F07CFD4FF4E2
:106C00009A71D9E789F31188BFF36F8FB8F1000F3C
:106C100011D01F22414604F1880010F00FF884F8CB
:106C2000A750BB680BB1D3F8B4303046C4F8B430C9
:106C300005B0BDE8F08F84F88880F2E7695703005B
:106C4000E473002089A6040069A50400C20B0500B6
:106C5000A0730020F0B587B00446DDE91276EFF3AB
:106C6000058555B11749184840F2D62207F043FD73
:106C700040F2D621134807F035FD0595109D049587
:106C80000F9D03950E9D02950D9D01950C9D009500
:106C9000FFF73CFFB6F1FF3F08BFB7F1FF3F05D05C
:106CA00056EA070305D1204600F0D0FD204607B084
:106CB000F0BD3A46334604F11800044901F032F9B8
:106CC000F4E700BFC20B050069A504006F3F040094
:106CD00040F2011383810023C0E92A33C0F8B430A5
:106CE000014B9860704700BFA073002038B590F941
:106CF0000D200146002A437B10DA03F07F03437323
:106D0000184B984208D118491848562207F0F3FC4E
:106D10005621154807F0E6FC0DF0F9F8144D2A4607
:106D200052F8184FAB68944200D004B9EC688B421B
:106D300010D03BB90F490D48DA2207F0DCFCDA210C
:106D40000C48E7E75A7BD20604D1DA897F2A01D9B9
:106D5000A2692AB1A34202D0204600F0B1FF234627
:106D60006B6138BD98640020E50B050069A504003F
:106D7000A0730020070C050008B5836843B90949D2
:106D800009488D2207F0B7FC8D21064807F0AAFCC0
:106D90000DF0BDF8437B23F00203437300238360AF
:106DA00008BD00BF0A0B050069A5040070B590F985
:106DB0000D20437B002A4BDBD90649D163F07F03CA
:106DC0004373254B984208D1244925484F2207F0A8
:106DD00092FC4F21214807F085FC224C224652F8B4
:106DE000183FE169934207D1C0E900210860E061E2
:106DF00011E09942F8D01B68002BF5D090F90E50A5
:106E000093F90E60B542F4D0AE42F2DD5968C0E9A4
:106E1000003108605860A569954200D005B9E56861
:106E2000A3683BB910490E48DA2207F064FCDA2166
:106E30000D48D0E75A7BD20604D1DA897F2A01D9DE
:106E4000AA6932B1AB4202D0284600F039FF656131
:106E500070BD6361FCE700BF98640020E50B05008E
:106E600069A50400A0730020070C050008B5124AAC
:106E7000936860B1597B11F0090F08D10F49104890
:106E8000D22207F038FCD2210C4807F02BFC6FF01F
:106E90000A01C3F8C0100B49C3F8BC004B6843F0AB
:106EA00080534B60002383F31188BFF36F8F936887
:106EB000D3F8C00008BD00BFA0730020330C05004C
:106EC00069A5040000ED00E070B590F90D200146C1
:106ED000002A437B2E4C0FDA03F07F03A04243735A
:106EE00008D12C4956222C4807F005FC5621294888
:106EF00007F0F8FB0DF00BF84B7BA14263F07F032A
:106F00004B7306D123494F22234807F0F4FB4F214E
:106F1000EDE7224C224652F8183FE069934207D130
:106F2000C1E900200160E16111E09842F8D01B68DE
:106F3000002BF5D091F90E5093F90E60B542F4D0C4
:106F4000AE42F2DD5868C1E9003001605960A569C0
:106F5000A368954200D005B9E5688B4210D03BB9D3
:106F60000F490D48DA2207F0C6FBDA210C48BFE7CB
:106F70005A7BD20604D1DA897F2A01D9AA692AB1BB
:106F8000AB4202D0284600F09BFE2B46636170BDE9
:106F900098640020E50B050069A50400A07300209B
:106FA000070C050038B50446EFF31185402383F341
:106FB0001288BFF36F8F124800F0FCFE40B91149F0
:106FC0008822114807F097FB88210E4807F08AFBBA
:106FD0000B4800F013FF2046FFF7E8FE084800F0DA
:106FE000F7FE40B907494FF49A72074807F083FB50
:106FF0004FF49A71E9E785F31188BFF36F8F38BDBD
:10700000D873002089A6040069A5040038B5044699
:10701000EFF31185402383F31288BFF36F8F13487A
:1070200000F0C8FE40B912498822124807F063FBFD
:1070300088210F4807F056FB0C4800F0DFFEA368DC
:1070400013B12046FFF798FE084800F0C1FE40B992
:1070500007494FF49A72074807F04DFB4FF49A71B5
:10706000E7E785F31188BFF36F8F38BDD873002031
:1070700089A6040069A5040070B504460D46EFF327
:107080001186402383F31288BFF36F8F1C4800F0F2
:1070900091FE40B91B4988221B4807F02CFB882130
:1070A000184807F01FFB164800F0A8FE002394F8CC
:1070B0007010627B84F8703069B165B1104800F0DF
:1070C00087FEC0B90F494FF49A720F4807F013FBBF
:1070D0004FF49A71E4E712F0280FEFD1A36813B1CF
:1070E0002046FFF749FE637B204623F004036373C9
:1070F000FFF75CFEE2E786F31188BFF36F8F70BD88
:10710000D873002089A6040069A504002DE9F04782
:10711000DFF8B0A02C4F1646DDE90898DAF8082011
:107120002A4BB84204460D461A600AD1284929481C
:1071300040F2722207F0DFFA40F27221244807F091
:10714000D1FAEFF31183402383F31288BFF36F8FDB
:10715000384600F02FFE38B91F4988221D4807F035
:10716000CAFA88211C48EAE7384600F047FEDAF8F8
:107170000870314638460CF0D2FEB8F1FF3F08BF28
:10718000B9F1FF3F06D04A464346144907F11800BB
:1071900000F0C8FE204600F01BFE40B90E494FF437
:1071A000B7720C4807F0A7FA4FF4B771DAE7064850
:1071B00000F00EFE0028F1D02846BDE8F047FFF7AA
:1071C00055BE00BFA0730020D8730020DC730020E0
:1071D000E50B050069A5040089A604006F3F0400C3
:1071E00070B50546EFF31186402383F31288BFF391
:1071F0006F8F164800F0DEFD40B91549882215480A
:1072000007F079FA8821124807F06CFA0F4800F06D
:10721000F5FD2C68A54210D014B12046FFF7ACFD57
:107220000A4800F0D5FD50B909494FF49A7209484F
:1072300007F061FA4FF49A71E5E70024F0E786F36E
:107240001188BFF36F8F204670BD00BFD873002038
:1072500089A6040069A504002DE9F04104460D4605
:10726000EFF31187402383F31288BFF36F8F5248E7
:1072700000F0A0FD38B951498822514807F03BFA87
:1072800088214E4817E04C4800F0B8FD637B03F0BE
:107290001F02002A0CBF0126002657D103F07F03EE
:1072A0006373484B9C4208D147494548562207F032
:1072B00022FA5621444807F015FADFF810812046DB
:1072C0000CF025FE4246637B6DB263F07F03A5732D
:1072D000637352F8183F934235D1D8F81C10C4E9B3
:1072E00000210C60C8F81C400FE09942F7D01B68E1
:1072F000002BF4D093F90E008542F6D0A842F4DDBD
:107300005968C4E900310C605C60D8F818409442B8
:1073100000D00CB9D8F80C40D8F808309C4202D004
:10732000204600F0CDFCC8F81440234800F050FD82
:10733000002839D121494FF49A72214807F0DBF92E
:107340004FF49A719DE7D8F81C10D1E79B0729D517
:10735000A16839B91E491A488D2207F0CCF98D2150
:107360001B48A8E720466DB20CF0D1FDA5730B6851
:10737000994209D14B68C4E900131C604C60D4E702
:107380004A689342F6D01B68002BF3D093F90E2085
:107390009542F5D0AA42F3DD5A68C4E90032146080
:1073A0005C60C2E7A573C0E787F31188BFF36F8FF6
:1073B0003046BDE8F08100BFD873002089A60400E4
:1073C00069A5040098640020E50B0500A073002067
:1073D0000A0B050038B503460C46D1B9EFF3058515
:1073E000BDB9154A51699268914212D000F0F0FC83
:1073F00050B912494FF4B772114807F07CF94FF4B5
:10740000B7710E4807F06EF92846BDE83840FFF71F
:107410002DBD184600F0DCFC40B908494FF49A72C3
:10742000074807F068F94FF49A71EAE784F3118886
:10743000BFF36F8F38BD00BFA073002089A6040082
:1074400069A50400034648B9EFF3058232B9064A3C
:1074500051699268914201D0FFF708BD83F311880A
:10746000BFF36F8F704700BFA073002010B5EFF31C
:107470001184402383F31288BFF36F8F1F4800F0FD
:1074800099FC38B91E4988221E4807F034F9882132
:107490001B480EE0194800F0B1FCEFF3058353B12F
:1074A000194940F20632174807F025F940F2063133
:1074B000154807F017F9154B9A68D37B012B08D1B3
:1074C000114940F207320F4807F015F940F2073131
:1074D000EEE7013BD373094800F07AFC40B9084954
:1074E0004FF49A72074807F006F94FF49A71CFE704
:1074F00084F31188BFF36F8F10BD00BFD8730020D5
:1075000089A6040069A50400E50B0500A07300200E
:1075100070B5EFF31186402383F31288BFF36F8FAA
:107520002E4800F047FC38B92D4988222D4807F035
:10753000E2F888212A480FE02B4D284800F05EFC35
:10754000AB68DA7B52B9294940F21232254807F07C
:10755000D2F840F21231254807F0C4F8EFF3058164
:1075600041B1224940F213321E4807F0C4F840F2FC
:107570001331F0E70132DA732A4652F8184F944279
:1075800000D004B9EC685A7BD20604D1DA897F2A8C
:1075900001D9A2692AB1A34202D0204600F090FB93
:1075A00023460E486B6100F013FC40B90C494FF4C0
:1075B0009A720C4807F09FF84FF49A71BAE786F375
:1075C0001188BFF36F8FEFF31180402383F312888C
:1075D000BFF36F8FBDE87040FFF734BFD873002052
:1075E00089A6040069A50400A0730020E50B05002E
:1075F000024B03F11802C3E906227047A073002072
:1076000070B5EFF3058353B13249334840F23E423F
:1076100007F071F840F23E412E4807F063F8EFF3AF
:107620001186402383F31288BFF36F8F2B4800F03D
:10763000C1FB38B92A498822274807F05CF888211D
:107640002748EAE7274C254800F0D8FBA168E06905
:107650000B68814214BF1A46002249680B605960CA
:10766000A368E1692AB9204AC3E900210B60E361FC
:107670000CE093F90E0092F90E50A84220D08542FA
:107680001EDD5168C3E900210B605360A569164BEC
:107690009D4200D005B9E568A3689D4202D0284606
:1076A00000F00EFB0D48656100F092FB60B90C49DB
:1076B0004FF4B772084807F01EF84FF4B771BFE7F0
:1076C0008A42D0D01268CDE73046BDE87040FFF75F
:1076D000CDBB00BFE50B050069A50400D8730020F1
:1076E00089A60400A0730020B87300202DE9F041A2
:1076F00006460C46EFF3058757B12D492D4840F259
:10770000564206F0F8FF40F25641294806F0EAFFDB
:1077100050EA010304D1FFF773FF0020BDE8F081B8
:10772000EFF31188402383F31288BFF36F8F224851
:1077300000F040FB38B9214988221E4806F0DBFFE3
:1077400088211E48E2E71E4D1B4800F057FBA86841
:107750001C4B1860FFF7CAFAA868234632461A493C
:10776000183000F0DFFBAA680446537B124843F050
:107770000403537300F02CFB40B910494FF4B77267
:107780000C4806F0B8FF4FF4B771DAE74046FFF750
:107790006DFBAB68D3E90A23B3F1004F08BFBA42CF
:1077A000BBD10CF029FC201A20EAE070B6E700BF3C
:1077B000E50B050069A50400D873002089A6040024
:1077C000A0730020DC7300206F3F040070B50446F6
:1077D0000E46EFF3058555B119491A484FF49062EA
:1077E00006F089FF4FF49061154806F07BFFFFF724
:1077F0007DFFB6F1FF3F08BFB4F1FF3F03462046CF
:1078000017D04FF47A7247F611202946C3FB0201C4
:1078100047F61223984271F100030BD30A4B8342BF
:1078200043F608538B4107D347F612220023D9F7BA
:10783000D5FD70BD2846FCE76FF00040F9E700BFBA
:10784000E50B050069A50400ED85FFFF38B504468A
:10785000EFF31185402383F31288BFF36F8F1B482A
:1078600000F0A8FA40B91A4988221A4806F043FFE6
:107870008821174806F036FF144800F0BFFA637BF2
:107880005B0710D504F1180000F00EFC637B204666
:1078900023F004036373FFF789FA2946BDE83840F3
:1078A0000A48FFF797BD094800F092FA40B9084925
:1078B0004FF49A72074806F01EFF4FF49A71D8E70A
:1078C00085F31188BFF36F8F38BD00BFD8730020D8
:1078D00089A6040069A50400014B9868704700BFA1
:1078E000A07300202DE9F8430446077BEFF31185D0
:1078F000402383F31288BFF36F8F724800F05AFA67
:1079000040B971498822714806F0F5FE88216E4819
:1079100006F0E8FE6B4800F071FA637B190712D598
:10792000684800F055FA40B967494FF49A726748C1
:1079300006F0E1FE4FF49A71E9E785F31188BFF391
:107940006F8FBDE8F883D90943F0080240F08180C9
:107950006273A36813B12046FFF70EFA04F1180012
:1079600000F0A2FBA66D04F15808B04511D04FF00D
:10797000000976B13046FFF7FFF906F1180000F074
:1079800093FB3046C6F8C090FFF710FAA66DB045DD
:10799000EFD1DFF83C81D8F808309C426DD1EFF38D
:1079A0000589B9F1000918BF4FF00109D8F818602E
:1079B000484A964200D00EB9D8F80C60B34202D0C3
:1079C000304600F07DF92046C8F8146008F033F91D
:1079D000204600F01BFAB9F1000F02D03E48FFF735
:1079E00077F9D8F808309C4256D1EFF30586002E7F
:1079F00052D1237BDA071FD5324800F0E9F900287D
:107A000092D085F31188BFF36F8F86F31188BFF38F
:107A10006F8F0423184602DFEFF31185402383F3B1
:107A20001288BFF36F8F274800F0C4F900283FF495
:107A300068AF244800F0E2F9224800F0C9F9F8B92B
:107A400021494FF4B772214806F055FE4FF4B77143
:107A50005DE703F07F0343F0080363731F4B9C4211
:107A600007D11F495622194806F045FE56211C48E9
:107A70004EE720460CF04BFA6BE74FF0000995E714
:107A80002846FFF7F3F916494FF4DD720F4806F068
:107A900032FE4FF4DD71EAE70A4800F099F9002858
:107AA0003FF442AF85F31188BFF36F8FFB077FF57B
:107AB00048AF0B4940F25552044806F01CFE40F214
:107AC0005551D4E7D873002089A6040069A50400A5
:107AD000A0730020B8730020106700209864002075
:107AE000E50B05002DE9F843064688461746EFF3F7
:107AF0001189402383F31288BFF36F8F1C4800F075
:107B000059F9054640B91B4988221B4806F0F3FD88
:107B10008821184806F0E6FD154800F06FF9346832
:107B2000A6421AD0DCB12046C4F8C0802761FFF716
:107B300023F904F1180000F0B7FA2046FFF736F9F0
:107B40000B4800F045F960B90A494FF49A720A48A7
:107B500006F0D1FD4FF49A71DBE70025F0E72546EA
:107B6000EEE789F31188BFF36F8F2846BDE8F883ED
:107B7000D873002089A6040069A50400D3B5DDE907
:107B80000667089CCDE90067FFF7C0FA1CB1034BFC
:107B90009B681B69236002B0D0BD00BFA0730020AA
:107BA0002DE9F84306460F469046EFF3118940232E
:107BB00083F31288BFF36F8F1A4800F0FBF840B9C7
:107BC00019498822194806F096FD8821164806F0C2
:107BD00089FD144800F012F93468A64217D1002537
:107BE000104800F0F5F8A8B90F494FF49A720F4801
:107BF00006F081FD4FF49A71E8E741462046B84708
:107C000005460028ECD17368A342E8D02468002C14
:107C1000F3D1E4E789F31188BFF36F8F2846BDE8FD
:107C2000F88300BFD873002089A6040069A504006A
:107C300008B568B10E4B98420AD303F1180290427E
:107C400006D21822C01AB0FBF2F302FB130343B1B1
:107C500008490948382206F04EFD3821054806F04B
:107C600041FD0122054BC0105843054B1A5408BD75
:107C7000D86700205D0C050069A50400ABAAAAAA7C
:107C800097830020C3897F2B12D80A4B1B6863B1EE
:107C9000094B90F90E201B689A4209DB437BDB06F7
:107CA00006D1064BC31A18BF012303F00100704729
:107CB0000023FAE7A8150020E07300209864002054
:107CC00070B50E4B0E4C1E7C054606EB460304EBCE
:107CD000C304204600F0E8F900220A4B28469A55D2
:107CE000FFF7D0FF48B1084B2046BDE870401A6846
:107CF0000649013AD31700F015B970BDA0730020F2
:107D0000D867002097830020A8150020317C03004D
:107D100038B5EFF31185402383F31288BFF36F8FDB
:107D20001E4800F047F840B91D4988221D4806F05A
:107D3000E2FC88211A4806F0D5FC184800F05EF8ED
:107D4000194B1A4A9C681068A0420ED1FFF7B8FF81
:107D5000124800F03DF8E0B911494FF49A72114809
:107D600006F0C9FC4FF49A71E4E700211B7C116016
:107D70000F4AD35C002BEBD02046FFF783FF00288F
:107D8000E6D0637BDB0602D12046FFF79DF8204654
:107D9000DCE785F31188BFF36F8F38BDD8730020FF
:107DA00089A6040069A50400A0730020DC730020EC
:107DB00097830020006838B1044B00F003001B7C5F
:107DC000C01A18BF0120704701207047A07300201F
:107DD000002302680360EFF30581074B19B199682E
:107DE000497BC90706D4197C98680843831A58420E
:107DF0005841704701207047A0730020024B1A7C45
:107E00009B68134303607047A073002038B5044695
:107E1000EFF31185402383F31288BFF36F8F1A4865
:107E2000FFF7C8FF40B919498822194806F063FCDA
:107E30008821164806F056FC1348FFF7DFFF154A65
:107E4000136AA34210D1D3F8843013620E48FFF7AF
:107E5000BFFFA0B90D494FF49A720D4806F04BFCD4
:107E60004FF49A71E5E71346002BEFD0D3F8842046
:107E7000A242F8D1D4F88420C3F88420E6E785F341
:107E80001188BFF36F8F38BDE473002089A604000A
:107E900069A50400A0730020024B1868984208BF2F
:107EA00000207047AC150020034B1B680BB9FAF794
:107EB00075B90020704700BFE873002030B570B17D
:107EC0000B4B5B6898420AD0036843B1D3E90421A5
:107ED000D0E90445121941EB0501C3E90421D0E9B9
:107EE000003213605A600023C0E9003330BD00BF88
:107EF000AC15002070B50246FFF7CEFF0346002008
:107F000007494D68014603B970BDD3E9044600191D
:107F100041EB06019342F7D09D42F5D01B68F2E792
:107F2000AC150020B3F1FF3F08BFB2F1FF3F2DE9D0
:107F3000F84F04469B4615461F4600F0A480D0F833
:107F40000090B9F1000F08D0504951486F2206F057
:107F5000D2FB6F214D4806F0C5FB8160EFF311881D
:107F6000402383F31288BFF36F8F4A48FFF722FF45
:107F7000824638B948498822454806F0BCFB88212A
:107F80004548E8E74348FFF739FFBBF1000F434A94
:107F90001FDBFFF789FF064601354BF1000B3F4A17
:107FA0002D184BEBE073D2E90017C4E904536D18A8
:107FB00043EB0707FFF770FF0346DFF8E4E0DEF866
:107FC0000490EBB9C4E900E9C9F80040CEF80440D8
:107FD00028E06FF00103D2E900125B1A4FF0FF3185
:107FE00061EB02025B1B62EB0B02012B72F10001E1
:107FF000BCBF01234A464FF0000AC4E90432D9E766
:10800000D3E9041CD4E904208A4270EB0C0B29DA72
:10801000891A5A686CEB0000C3E90410C4E9003205
:1080200014605C60FFF738FF84420ED11D4B1B6863
:108030005BB9BAF1000F02D1FFF736FF06463046B2
:108040000BF0C3FF0021FAF7BDF81248FFF7C0FE9E
:1080500088B911494FF49A720D4806F04CFB4FF461
:108060009A718DE7521A60EB0C009945C4E904201F
:10807000A8D01B68A5E788F31188BFF36F8F284647
:108080003946BDE8F88F00252F46F8E7B00C05000B
:1080900069A50400EC73002089A60400F0670020A5
:1080A000AC150020E873002070B50446EFF311868C
:1080B000402383F31288BFF36F8F1E48FFF77AFEC9
:1080C00040B91D4988221D4806F015FB88211A4831
:1080D00006F008FB1748FFF791FE23680BB3FFF784
:1080E000DBFE05462046FFF7E9FE00224FF0004385
:1080F000A542C4E9042306D1FFF7D6FE0BF065FFC5
:108100000021FAF75FF800240A48FFF761FE58B92A
:1081100009494FF49A72094806F0EDFA4FF49A7142
:10812000D5E76FF01504EFE786F31188BFF36F8F83
:10813000204670BDEC73002089A6040069A50400E8
:1081400070B50546EFF31186402383F31288BFF321
:108150006F8F1948FFF72EFE40B91849882218483A
:1081600006F0C9FA8821154806F0BCFA1248FFF754
:1081700045FE2C68B4B12846FFF7BCFE04460D4608
:10818000FFF792FE241A65EBE0750B48FFF720FE1F
:1081900050B90A494FF49A72094806F0ACFA4FF404
:1081A0009A71E0E72546F0E786F31188BFF36F8FF9
:1081B0002046294670BD00BFEC73002089A604004C
:1081C00069A504002DE9F0470446EFF31188402328
:1081D00083F31288BFF36F8F3E48FFF7EBFD40B982
:1081E0003D4988223D4806F086FA88213A4806F043
:1081F00079FADFF8EC903748FFF700FEC9F8004045
:10820000FFF74AFE002604460027DFF8D8A0D9F879
:108210000030DAE900C0D91754B1D4E90452AB42B6
:1082200071EB020E1FDAED1A62EB0102C4E904528F
:10823000002413EB0C0340EB01012046CAE9003196
:10824000C9F800400BF0C1FE2146F9F7BBFF2148F9
:10825000FFF7BEFDB0B188F31188BFF36F8FBDE8A3
:10826000F047FFF755BD15EB0C0340EBE570CAE98D
:108270000030C4E904672046FFF720FE1548FFF7E9
:10828000A7FD40B914494FF49A72144806F033FA26
:108290004FF49A71AAE788F31188BFF36F8F2046D5
:1082A000A3689847EFF31188402383F31288BFF344
:1082B0006F8F0848FFF77EFD002891D00548FFF733
:1082C0009DFDD9F800305B1BC9F80030FFF7E4FDD5
:1082D00004469CE7EC73002089A6040069A504000D
:1082E000E8730020F067002070B5EFF3118640239B
:1082F00083F31288BFF36F8F1548FFF75BFD40B91A
:1083000014498822144806F0F6F98821114806F02D
:10831000E9F90F48FFF772FDFFF7C6FD0F4AD2E9F2
:108320000045041945EBE0750948FFF751FD40B9D8
:1083300008494FF49A72084806F0DDF94FF49A7133
:10834000E4E786F31188BFF36F8F2046294670BD9E
:10835000EC73002089A6040069A50400F0670020E2
:10836000F8B50546EFF31187402383F31288BFF376
:108370006F8F5948FFF71EFD40B958498822584869
:1083800006F0B9F98821554806F0ACF95248FFF7D4
:1083900035FD2B688BB15048FFF71AFD40B94F49A6
:1083A0004FF49A724E4806F0A6F94FF49A71EAE734
:1083B00087F31188BFF36F8FF8BDD5E90A46611CBA
:1083C00046F10002022972F1000236D3012C76F147
:1083D0000002BCBF01241E46013C46F1FF360BF0F3
:1083E0000FFE013041F10001001946EB01010128A7
:1083F00071F1000135DB0BF003FE6FF00203013079
:1084000041F10001001946EB010183426FF0004386
:108410008B412BDB0BF0F4FD013041F100016FF0DB
:108420000102001946EB01034FF0FF31121A61EB14
:10843000030328462B49FFF775FD2B6B01332B6394
:108440002B6ABBB93C46284650F8185F854200D0DD
:108450006DBB2148FFF7BCFC0028A0D084F3118835
:10846000A8E76FF001024FF0FF33E2E700224FF080
:108470000043DEE71848FFF7ABFC00288FD087F3F6
:108480001188BFF36F8F28462B6A9847EFF311844A
:10849000402383F31288BFF36F8F0F48FFF78AFCE6
:1084A00000283FF46AAF0C48FFF7A8FCCBE728464A
:1084B000FEF7ACFD00230848C5F8C030FFF788FC84
:1084C00000283FF46CAF84F31188BFF36F8F284608
:1084D000BDE8F840FEF766BDF073002089A60400F1
:1084E00069A50400618303002DE9F843064614469C
:1084F0001D4691469846EFF31187402383F3128877
:10850000BFF36F8F2248FFF755FC40B921498822FD
:10851000214806F0F0F888211E4806F0E3F81C48D0
:10852000FFF76CFCB5F1FF3F08BFB4F1FF3F0CD182
:108530001748FFF74DFC28BB16494FF49A721648AE
:1085400006F0D9F84FF49A71E6E7002D0ADB012C0A
:1085500075F100032246BCBF0122002512F1FF394C
:1085600045F1FF383046FFF79FFDDDE90823C6E9F6
:108570000A2300234A463363304643460749FFF740
:10858000D1FCD5E787F31188BFF36F8FBDE8F8837F
:10859000F073002089A6040069A50400618303002C
:1085A0002DE9F74F0025144607462E464FF0400AA6
:1085B000A946DFF8B08100910193009B9D4203DB47
:1085C000304603B0BDE8F08FEFF3118B8AF31288C9
:1085D000BFF36F8F4046FFF7EDFB38B96249882241
:1085E000624806F088F888215F4865E04046FFF75A
:1085F00005FC7B7B03F03F03102B56D8DFE803F02C
:108600002C420955285555554855555555555555DC
:108610004E003B699B68FBB10223FA68C7F80890DB
:10862000C2F38630034363F39432FA6084F8009017
:108630004046FFF7CDFB1437002840F08C804A49B4
:108640004FF49A72494806F056F84FF49A71CBE706
:108650003B691B68002B31D1019B002BE8D12378AB
:10866000002BE5D07B7B03F03F03102B6CD8DFE8B9
:1086700003F03545276B386B6B6B516B6B6B6B6B1A
:108680006B6B5E003B699B68002BE5D00123C4E760
:108690003B695B6A002BDFD01023BEE73B69DA89B8
:1086A0005B899A42D8D02023B7E7314963222F480B
:1086B00006F021F863212E4806F014F80423ACE7F5
:1086C000386930B92A498D22284806F014F88D21DE
:1086D000F1E72246394610300BF002FDBC6001364E
:1086E000A6E7386930B922499122204806F003F8FC
:1086F0009121E0E7224639461430EDE7386930B978
:108700001B499522194805F0F6FF9521D3E722462B
:108710003946E1E7386930B915499922134805F01F
:10872000EAFF9921C7E7224639462830D4E738695D
:1087300030B90F499D220D4805F0DDFF9D21BAE7B4
:10874000224639463030C7E70949A422074805F0D8
:10875000D2FFA421AFE78BF31188BFF36F8F0135F0
:108760002BE700BFF473002089A6040069A504006C
:10877000D40C05002DE9F843142315460C460026B9
:108780004FF0400803FB0100434F0CB9BDE8F883EC
:1087900010F8073CA0F1140903F03F0340F80C6CFB
:1087A000102B3FD8DFE803F04E20093E163E3E3E38
:1087B0002A3E3E3E3E3E3E3E340050F8043C002BF6
:1087C00037D13649B422364805F095FFB4213348F5
:1087D00005F088FF50F8043C5BBB3049B8223048B4
:1087E00005F089FFB821F2E750F8043C0BBB2B4998
:1087F000BC222B4805F07FFFBC21E8E750F8043C81
:10880000BBB92649C022264805F075FFC021DEE726
:1088100050F8043C6BB92149C422214805F06BFF94
:10882000C421D4E71D49CB221D4805F064FFCB21AC
:10883000CDE750F8143C2BB150F8102C13605A605F
:1088400040E905663846FFF7C3FA48B915494FF4C1
:108850009A72134805F04FFF4FF49A711148B7E729
:1088600085F31188BFF36F8FEFF3118588F31288BA
:10887000BFF36F8F3846FFF79DFA013C30B90949C5
:108880008822074805F037FF8821E7E73846FFF7D9
:10889000B5FA484679E700BFF4730020D40C050010
:1088A00069A5040089A604002DE9F04F1E46534B2C
:1088B00017469C680123054685B004F1600284F8E0
:1088C000603084F86130EFF3058BBBF1000F0AD004
:1088D0004B4940F225124B4805F00DFF40F225119F
:1088E000474805F0FFFE40B945494FF493724548AB
:1088F00005F001FF4FF49371F2E7002908DA4049CF
:1089000040F227123F4805F0F6FE40F22711E7E754
:1089100057EA06030CBF01230023FFF741FE804600
:10892000EFF311894FF0400A8AF31288BFF36F8F7B
:108930003548FFF73FFA38B934498822314805F005
:10894000DAFE88213148CCE72F48FFF757FA94F830
:108950006030E3B94A46414628460393FFF70AFFD1
:108960002948FFF735FA039B40B928494FF49A721A
:10897000244805F0C0FE4FF49A71E3E789F31188AB
:10898000BFF36F8F1C46204605B0BDE8F08F57EA55
:10899000060384F860B00BD11B48FFF719FA0028D2
:1089A000E3D089F31188BFF36F8F6FF00A04EAE711
:1089B0004946CDE90076164A1348FEF7A7FB044660
:1089C000EFF311868AF31288BFF36F8F0E48FFF71B
:1089D000F1F90028B0D00C48FFF710FA28463246CB
:1089E0004146FFF7C7FE0848FFF7F2F90028BCD060
:1089F00086F31188BFF36F8FC5E700BFA073002017
:108A0000D40C050069A50400F473002089A60400B5
:108A1000B4150020F8B505460E46EFF31187402344
:108A200083F31288BFF36F8F1A48FFF7C3F940B979
:108A300019498822194805F05EFE8821164805F07C
:108A400051FE1448FFF7DAF92C68A54217D0D4E993
:108A5000003213605A60002331462046C4E90033D7
:108A60000BF068FB0B48FFF7B3F950B90A494FF414
:108A70009A720A4805F03FFE4FF49A71DEE700242F
:108A8000F0E787F31188BFF36F8F201E18BF012016
:108A9000F8BD00BFF473002089A6040069A5040096
:108AA00070B504460D46EFF31186402383F3128818
:108AB000BFF36F8F1C48FFF77DF940B91B4988222F
:108AC0001B4805F018FE8821184805F00BFE1648D3
:108AD000FFF794F901212068E5608442A1600CD180
:108AE0001148FFF775F9C0B910494FF49A72104850
:108AF00005F001FE4FF49A71E6E7D0E90032136009
:108B00005A600023C0E900330BF014FB31460446E1
:108B10000548FEF75FFC204670BD86F31188BFF361
:108B20006F8F0024F7E700BFF473002089A60400CC
:108B300069A504002DE9F84F05460C4692460BF056
:108B4000DEF9002851D12A4B9B68D3F8B460002E7F
:108B50004BD06F1E3D4207D026491722264805F00C
:108B6000CAFD1721234817E004343ED245F0040B18
:108B700006F11408EFF31189402383F31288BFF341
:108B80006F8F4046FFF716F940B91C4988221A48F2
:108B900005F0B1FD8821194805F0A4FD4046FFF716
:108BA0002DF9224659463046D04704464046FFF745
:108BB0000FF940B911494FF49A720F4805F09BFD27
:108BC0004FF49A71E7E789F31188BFF36F8F64B1AF
:108BD000204640F8046B4DB1384207D00549342295
:108BE000054805F088FD3421BCE70020BDE8F88F7A
:108BF000A0730020F50C050069A5040089A60400F7
:108C00000146024A0020FFF795BF00BF11E60300AE
:108C100001680E4A0346914215D1C169A2F11022A2
:108C2000A2F1EF1291420ED18268012A0BD8C268DC
:108C300012B101698A4206D0586928B19B691B1A92
:108C40005842584170470120704700BF55AA00FFA5
:108C500070B50D4B9E68A6B13046FFF7D9FF0446AC
:108C600078B9F3686BB935690DB9204670BD2846EF
:108C7000FFF7CEFF28B9EB68B34202D12E462D692B
:108C8000F2E70124F1E700BFF87300202DE9F0417D
:108C9000444B454C05461B6820468846984718B10A
:108CA00000242046BDE8F081A4F1140754F8144CC8
:108CB000FB68DCB1BC68CCB1002D66D0B8F1000F08
:108CC00065D008FB05F6B6FBF5F5A84561D1311D69
:108CD0005FD8B20711D026F0030204321C4603E02D
:108CE0006168914257D2A469002CF9D12F4B2E48CC
:108CF0001B6898470028D4D0D2E73246EEE7891A9D
:108D0000232904F120051CD80123A360D4E90523FD
:108D1000AAB19361A3690BB162695A610023C4E9E6
:108D200005333B69DB0703D5FFF792FF002835D1F8
:108D30003246002128462C460DF056FFD6E7FB6050
:108D4000E8E702F1200C04EB0C032039C3E9011021
:108D5000DC6021691648196144F80C00A0F110206C
:108D6000A0F1EF10D86101B1CB6061695961A069D0
:108D7000986141B18B61996901B14B610121236116
:108D8000C4E90121CAE7FB60F5E72C46AEE744469B
:108D9000ACE70446AAE7A0680028B0D0012004F0A0
:108DA0007FFE00BFEC1500200C740020E8150020A9
:108DB00055AA00FF70B5464B464C05461B68204639
:108DC0009847002840F08280002D43D054F8143C8E
:108DD000A4F11406002B3DD0B268002A3AD09D427F
:108DE00003D3726813449D4202D3012004F058FE5D
:108DF000A5F120042046FFF70BFF0028F5D155F818
:108E0000183C012BF1D155F8143C45F8180C3BB334
:108E10009A682ABB55F81C2C02F120015A680A44B2
:108E20005A6055E905321A6155F8145C2B6903B193
:108E3000DD602022002120460DF0D6FE286910B109
:108E40008368002B2ED033699B0703D5FFF700FF03
:108E50000028CAD1BDE870401F4B1E481B68184748
:108E600055F8100C00282AD0836843BB4268636819
:108E700013442033636003692361D4E905239AB95D
:108E8000CBB9436963618269A261B3B19C61A36993
:108E900003B15C61236903B1DC60202200210DF085
:108EA000A3FED0E72C46E1E79361A369002BE8D04D
:108EB00062695A61E5E7F360F7E7F460E7E7F368B2
:108EC00045F8083C03B15C61F460BCE770BD00BFCD
:108ED000EC1500200C740020E815002038B50C4675
:108EE00028220021054615480DF07EFE144B15483A
:108EF0001B6898471449154800F038F8232C1CD9F2
:108F000015F003031FBF043CE418C3F10403ED187C
:108F10002246002128460DF067FE084B0C49C3E9A4
:108F20000054203C9D606C609A6811609A68A1F1C1
:108F30001021A1F1EF11D161DA6038BDF873002082
:108F4000F01500200C740020B58D03008D8C0300FB
:108F500055AA00FF014B1B68184700BFC015002031
:108F6000014B1B68184700BFBC150020024B18605E
:108F7000024B002019607047C0150020BC1500206E
:108F800010B50A46044619B1024B00211B689847E8
:108F900010BD00BFC4150020F8B50D4E0D4C0E4D90
:108FA00033680E48984767782B680C4898473368B1
:108FB0000B489847022F08D12478E31F5C425C419C
:108FC0002B68074898472046F8BD0024F8E700BF03
:108FD000EC15002020740020E8150020181800204F
:108FE000041800200E4B0340B3F1607F06D1B1F5A9
:108FF000885F14BF6FF0860000207047B3F1707F68
:109000000BD101F4E043B3F5005F06D111F4E06F3A
:109010000CBF6FF08600002070476FF0860070472D
:109020000000C07F8A4270B506460D4600F0ED8014
:10903000784922F4FF7323F001038B4213D022F00E
:10904000FF0001F5885188420DD0734C22F47F71E6
:1090500021F00301A14206D07049884203D001F5F6
:1090600074518B422CD16E4B25F0FF0199420FD1E8
:1090700015F0FF000BD06B4B40F00070984240F0B1
:10908000C68082EA0500FF288CBF0020012070BD49
:10909000654B9942ECD0A3F588539942E8D025F46A
:1090A000FF7323F00103B3F1062FE1D05B48814247
:1090B000DED05E498B42DBD0A1F584418B42D7D014
:1090C00005F0FE43B3F1A06F13D102F0FE43B3F1FC
:1090D000A06F40F0888082EA050333F47E1340F0ED
:1090E00082802E047FD5C5F30540C2F3054290422D
:1090F000CAE74F498D420BD14E4B9A4200F0858012
:109100004D4B22F47E10984214BF00200120BEE790
:10911000B3F1407F67D102F0FE43B3F1407F62D1EB
:1091200082EA050030F47E145DD131462846FFF70F
:1091300059FF00286BD1414B12F47C1103EA020362
:1091400018D0B3F1607FC2F305413DD13C48D3B2A2
:1091500043F0007383423BD003F17E43043B112B69
:1091600001D83848C45C15F47C1FC5F3054331D1E0
:109170008C42C9E7B3F1607F0DD13148D3B243F0DF
:10918000007383421ED003F17E43043B112BDDD8D4
:109190002D49C95CDAE7B3F1707FE4D106F4E0430E
:1091A000B3F5005F03D10121C6F30223994006F411
:1091B000E043B3F5005FD6D10120C6F3022600FAE2
:1091C00006F4D0E71021C1E7B3F1707FCBD1EEE711
:1091D0001024C8E712F47C1F01D1A34215D02C043F
:1091E00001D58B4250E725F0004323F47F03B3F110
:1091F000106F0CD102F0FE43B3F1106F07D113488A
:10920000104040F01060A8427EE701203FE70020B8
:109210003DE700BF0002000600040006000900064A
:1092200000030006FF0000020013000600460006CF
:109230000093C0040013C004000140050000C07F7B
:1092400003000002190D0500190D05000000FFF6CE
:1092500000F0FE43B3F1A06F47D1254B20F0FF0291
:109260009A4203D110F0FF002FD17047214B9A4250
:1092700028D0A3F588539A4220D020F4FF7323F01E
:109280000103B3F1062F15D01B498A420ED01B4AA9
:10929000934207D0A2F5844293421FD110F0FF0001
:1092A00013D1704710F0FF000FD1704710F0FF008E
:1092B0000BD1704710F0FF0007D1704710F0FF008E
:1092C00003D1704710F0FF0011D00D4B40F000703B
:1092D000984214BF00206FF08600704710F4004FD2
:1092E0000CBF00206FF0860070476FF0860070475B
:1092F00000030006001300060009000600460006F1
:10930000FF000002124B20F47E10984206D107396C
:1093100006298CBF6FF08600002070470D4B9842E5
:1093200006D0B0F1052F10D10C2907D100207047CD
:1093300000290CBF6FF0860000207047082914BF79
:109340006FF086006FF0850070476FF08500704702
:1093500000014005000240052DE9F8438846174604
:109360001C4600F00BFE054688BBD8F80060B6F836
:10937000009009F4E043B3F5804FB36808BF27F0CD
:10938000010737EA03031AD10CB3274B24F0FF027D
:109390009A421FD114F0FF0304D0244A43F0007313
:1093A000934236D022464846F168FFF73BFE074617
:1093B00068B9224648463169FFF734FE90BB6FF02A
:1093C000840500233046C8F8003000F0C9FE284666
:1093D000BDE8F883164B9A42DCD0A3F588539A4235
:1093E000D8D024F4FF7323F00103B3F1062FD1D0BA
:1093F00010498A42CED0104A9342CBD0A2F5844283
:109400009342C7D004F0FE43B3F1407F04D123045C
:10941000C8D56FF08605D4E7B3F1A06FF7D0034B42
:109420009C42BEE73D46D2E700030006FF00000273
:1094300000130006000900060046000670B5184B30
:1094400005461B6817480E46984708BB2A796B6982
:109450004AB96B69002433602B7F012B1CD0346028
:109460006FF096040EE0104A03F14043A3F58053D9
:109470009342EED9D5E9091228460BF026FA0446A4
:109480000028E6D0094B07481B68984710B10CB973
:109490006FF08F04204670BD02232B77F2E700BFE8
:1094A000EC150020F0170020FFDFFF3FE81500203B
:1094B00038B500F0FE43B3F1407F04460D4602D0BC
:1094C0006FF0860038BDFFF78DFD0028FAD114F447
:1094D0007C1F12D0C4F30543032B137022D9284AF2
:1094E0002240B2F1607F3DD1264AE4B244F00074DC
:1094F00094422BD1102BE5D9E2E7214B2340B3F165
:10950000607F15D11F49E3B243F000738B4202D153
:1095100010231370D6E703F17E43043B112B04D9CB
:10952000002313706FF08500CCE71749CB5CD3E7BD
:10953000B3F1707FF4D101F4E043B3F5005FEFD1F4
:109540000123C1F302218B40DBB2C5E704F17E4465
:10955000043C112CB4D80D4A125D9342B0D8202B94
:10956000B0D9DFE7B2F1707FAAD105F4E042B2F5DD
:10957000005FA5D10122C5F30225AA40EDE700BF97
:109580000000C07F03000002190D0500190D050041
:1095900000232DE9F34113604768D0F81480044696
:1095A0000E46384611460BF061F9054688B9384633
:1095B0000BF05EF9054660B9FFB277B9B8F1000F5C
:1095C00005D1A36823F0031323F47F4363B16FF045
:1095D0008605284602B0BDE8F081012160690BF0E4
:1095E0001FF90028EDD1F2E74FF6F87362889A422E
:1095F00027D8154B15481B682779984710B16FF08D
:109600008F05E6E707B901A8314600F075FC104B5D
:1096100005461B680D48984710B1002DD9D1EEE7DB
:10962000002DD6D10FCCD6F800C066460FC694E800
:10963000070086E80700002FCBD1019BCCF814303F
:10964000C7E76FF08505C4E7EC150020F017002090
:10965000E815002010B5044660B1074B07481B68A9
:10966000984720460AF0B2FEBDE81040044B03487C
:109670001B68184710BD00BFEC150020F017002034
:10968000E815002073B50446D0B101A900F076FCBE
:109690000446A8B9284B29481B689847284E054618
:1096A000002836D10198037F032B11D10BF0C9F8A4
:1096B000336804462148984728B10CB96FF08F04ED
:1096C000204602B070BD002C08BF6FF08704F7E79A
:1096D000022B2AD1032303770379FF2B28D053B120
:1096E0004069184A00F14043A3F58053934202D9E0
:1096F0000BF0D0F805460198124A436903F1404344
:10970000A3F58053934203D800F094FF044605B1BB
:109710002C4601980BF095F83368002818BF0446D2
:10972000064898470028CBD0C7E76FF09604F0E7CB
:109730006FF08404EDE700BFEC150020F017002067
:10974000E8150020FFDFFF3F2DE9F04116461F46D8
:10975000002288B0038805468846CDE90422079692
:109760003A60002E62D0B6F1005F80F09E8023F058
:10977000FF03B3F5E24F02D0B3F5824F22D1284662
:109780000AF03BFD0446002840F08380EB686BB193
:109790006A885AB12B8803F44F41B1F5824F05D145
:1097A000DBB2222B37D02DD8122B39D042460023E2
:1097B00008EB060112F8010B914243EA0003F9D1CC
:1097C000002B33D0284605AA04A9FFF7E1FE044682
:1097D000A0B9049B9B6A63B3049B41465A88284600
:1097E000069206AA029203F1280201929A6A009256
:1097F0005B6A324600F08CFD044678B30498FFF7AC
:1098000029FF46E0273BDBB21B2BCFD8284921FAA2
:1098100003F3DB07CAD50732B6EBD20FC6D205E099
:1098200040F209239A42F6D1402EBFD86FF0860449
:109830002FE06B681B0A07D1079904980AF07BFD9B
:1098400004460028C8D0D9E732464146284607AB2F
:1098500000F006FD04460028EED0CFE70499069BF1
:109860004A88D2B94B804FF6F873069A04989A4208
:1098700018D82B8813B102889A4210D16B8813B183
:1098800042889A420BD13946FFF7D8FD044600289A
:10989000B4D1204608B0BDE8F0819A42E3D06FF021
:1098A0008604ABE76FF08504A8E76FF08504F0E766
:1098B0000102000C38B504460D46FFF76DFB30B1D0
:1098C0002A462146BDE8384002480BF0D2B86FF076
:1098D000880038BD247400202DE9F04F9B460023FA
:1098E000924601F0FE428FB0B2F1806F0E46DDE984
:1098F0001878DDF86890099306D0184600F030FC1F
:109900006FF08605002479E00B464FF4807209A9B8
:10991000FFF722FD0546099815B100F021FCF1E79B
:10992000038803F4E042B2F5005F1DD113F4E06F49
:10993000C3F3022118D0364C26F48072A2420AD01A
:1099400004F50074A64206D0324CA64203D0A4F51A
:109950003F44A24208D101248C40102C0CD900F0C5
:10996000FFFB6FF08305CDE742F2040293420AD178
:10997000294B9E420ED10C24A04510D200F0F0FBE2
:109980006FF08905BEE742F20702934202D1224BF3
:109990009E42E4D0214B9E4209D10D24ECE72146A2
:1099A0000AA8FFF787FF054610B10998B5E700241C
:1099B0000998D0E909123FB33D19A8EB04030DF152
:1099C0002808CDE90453CDE902AB3346CDF8189011
:1099D0000194CDF8008000F045FD0646099800F09E
:1099E000BFFB054696B900288CD124B122464146DA
:1099F00038460DF0D2F8D9F800301C442846C9F892
:109A000000400FB0BDE8F08F3D46D6E7354679E718
:109A10000010C00400FF4004000180040013C004D3
:109A20002DE9FF41002203880A60CDE90122428826
:109A300006460D46002A00F02181028802F4E04229
:109A4000B2F5804F00F01A8123F0FF03B3F5E24F27
:109A500002D0B3F5824F04D130460AF0CEFB044663
:109A6000F8B9304602AA01A9FFF792FD0446002882
:109A700040F0F980019B9B6ABBB10199304601F12E
:109A80002803D1E9091200F01BFC0446002840F02D
:109A9000EE8029460198FFF7D1FC0446002840F0EB
:109AA000E280204604B0BDE8F08177683F0A40F0CC
:109AB000D280B6F80080718840460AF092FB80B1EF
:109AC00040460AF000FC0446002840F0CC8008F430
:109AD000E043B3F5805F02D0B3F5005F13D10731E7
:109AE0005CE028F0FF03B3F5E24F40F0C4804FF490
:109AF000824244F20E03984530D1C90801EB41017E
:109B000001F14A070FE008F44F42B2F5844FE6D066
:109B100047F2010398450FD149080131C90801EB0B
:109B2000C10101F13B070397039901980AF003FC77
:109B300004460028A1D096E044F20103984503D1E1
:109B4000C90801F11007EEE747F20E039845D0D19E
:109B5000C90801EB410101F15A07E4E728F0FF03CE
:109B6000B3F5E84F03D10731C9084F00DBE7B3F580
:109B7000884F05D10731C90801EB41014F1CD2E7DD
:109B8000B3F5EE4F65D0B3F58E4FA8D0B2F5824F46
:109B900008D15FFA88F2422A02D10831CF08C2E721
:109BA000412A9CD0B3F5E24F99D0B3F5824F03D14F
:109BB0000731C9084900E1E744F20D03984523D86D
:109BC00044F201039845AED9A8F5804002380B282D
:109BD000A9D801A353F820F0219C0300279B030080
:109BE0002F9C0300279B0300279B0300379C030047
:109BF000419C0300279B0300279B03004B9C030011
:109C0000279B03004B9C030047F20203984520D09A
:109C100047F20403A8EB030358425841870182E747
:109C20004FF4A0734909594301F120077BE74FF432
:109C3000C073090AF7E70731C90801F1180772E78D
:109C40000731C90801F11C076DE70731C908023166
:109C50008BE7202767E7304603A900F019FB04468D
:109C600000283FF461AF0198FFF7F4FC19E7019871
:109C70000AF0A1FBF7E76FF08504F4E76FF08604C4
:109C80000FE700BF70B51D4E1D4C33681D48984747
:109C90002378590744BF23F00403237023789A07DD
:109CA00005D500F00FF9237823F002032370164D39
:109CB00014482B689847336814489847637813B161
:109CC00013480AF0D9FE0023042111486370FFF7FE
:109CD00057F92B680D48984733680A489847237806
:109CE000DB0705D50AF0A4FE237823F001032370D7
:109CF0002B680448BDE87040184700BFEC150020F1
:109D00002074002004180020E815002018180020F6
:109D1000247400202DE9F041FFF73EF918B100242A
:109D20002046BDE8F081364F36483B6898470446E8
:109D300020B16FF08F04FFF7A5FFF1E7324D2B78CC
:109D4000D80706D40AF064FE04462B7843F00103DA
:109D50002B702E4E2B483368984710B1002CE8D05A
:109D6000E9E7002CE7D13B682648984704460028DD
:109D7000DFD12B78990706D400F09CF804462B78A5
:109D800043F002032B7033681E4898470028E5D142
:109D9000002CD0D13B681B4898470028C9D13368B4
:109DA000184895F8008098470028C2D13B681848A9
:109DB000984704460028BCD16B7843B918F0010FCE
:109DC00005D014480AF052FE022304466B70336833
:109DD0000F4898470028C1D1002CACD13B680948F6
:109DE00098470028A5D12B7806485A075CBF43F056
:109DF00004032B7033689847002890D099E700BF80
:109E0000EC1500200418002020740020E815002024
:109E1000181800202474002038B5074C074B204642
:109E20001B689847064B204693F88055054B1B68E6
:109E30009847284638BD00BF04180020EC150020C4
:109E400028740020E815002000F140431F2B70B556
:109E500005460E460CD82C22154C02FB0344237FEA
:109E6000022B02D16369834218D06FF08B001AE095
:109E700001210AF0D5FCB8B10D4B00221C46197F18
:109E8000022902D15969A94205D00132202A03F1E1
:109E90002C03F4D1E9E72C2303FB024420460AF00B
:109EA000B2FC00B9346070BD6FF08700FBE700BF03
:109EB000287400200122024B002083F8802570477F
:109EC000287400202DE9F0410A4C002526464FF069
:109ED000010803272046C4F82080277701350AF0BF
:109EE00075FA202D04F12C04F4D1002386F8803576
:109EF000BDE8F08128740020F8B506460F46FFF74C
:109F00008BFF80B300241B4B22461D46197FD1B125
:109F10003CB9022905D1196A19B91979002918BF64
:109F20001C460132202A03F12C03EFD114B96FF043
:109F30008C0006E020460AF066FC20460AF046FA4D
:109F400010B100240DE01C46237F7BB90123237749
:109F500036B1094B651BAD105D4305F18045356099
:109F600000203C60F8BD6FF08800EAE76FF09600D3
:109F7000E7E700BF28740020A38B2EBA00232DE949
:109F8000F0410B6090B005460E46FFF745FF0028F4
:109F900000F0DA806E4B6F481B689847804628B106
:109FA0006FF08F04204610B0BDE8F081314628469E
:109FB000FFF74AFF10F18C0F0446674F07D03B684C
:109FC000644898470028EDD0002CEBD1E8E73146F3
:109FD0004046FFF791FF044618B13B685D4898473B
:109FE000E0E70122336801465D61336809A85A60E1
:109FF0001C2235680CF0F8FD00220023CDE9062371
:10A000006869564A00F14043A3F580539342CDE975
:10A01000044403941ED806AA03A90AF030FD04469E
:10A02000A8B9039B6A690A93DBB2002B08BF002220
:10A030000346CDE90000DDE906010E9209AA00F011
:10A04000F5F910F18A0F044614D0002855D014F108
:10A050008C0F54D100236FF040423568069309936A
:10A060006B69013B934250D328460AF0AFF96FF079
:10A07000870447E004A909A800F00AF9044600286B
:10A08000E5D1284604990AF056F904460028DED1A5
:10A09000DDE9060105AB0193AB6A09AA00936B6A7F
:10A0A00000F0C4F9044618B128460AF084F9CEE756
:10A0B0002C46059BAB6209AD0FCD0FC495E8070098
:10A0C00084E8070033689A68D00444BF42F4806291
:10A0D0009A609A68910444BF42F400629A603368BF
:10A0E0001A7F012A04BF02221A7730680AF08BFB1C
:10A0F000044600283FF463AF04E06FF09604306834
:10A100000AF064F90023336059E7284609AA06A932
:10A110000AF02CFC044650B1099906980AF024FC78
:10A1200030680AF053F914F18C0FA0D0EAE70699D1
:10A130002846099A0AF012F90446099906980AF085
:10A1400013FC002CBED0EBE76FF088042AE700BFB9
:10A15000EC150020F0170020E8150020FFDFFF3F7E
:10A1600010B50B4B04461B680A48984718B16FF0AE
:10A170008F04204610BD20460AF063FB064B0446C0
:10A180001B68044898470028F3D0002CF1D1EEE773
:10A19000EC150020F0170020E815002030B40D4D1C
:10A1A0002C681C606C685C6000249C605468DC60F7
:10A1B00014881C8254885C8294685C61D4689C61B9
:10A1C000126930BCDA6119620A46014603F12400C3
:10A1D0000CF0E3BCF48104002DE9F8432329044684
:10A1E0000F4691469846089E04D86FF09805284679
:10A1F000BDE8F883082219490CF0FEFC054600284A
:10A20000F3D1A368002BF0D1216A243F8F42C8F814
:10A210000010EAD3B1F5005FE7D271B9C9F80000C8
:10A22000E3687360238A3380638A73806369B360F1
:10A23000A369F360E3693361D9E70120FEF78AFE81
:10A24000C9F8000030B1D8F8002004F124010CF066
:10A25000A4FCE5E76FF08C05C9E700BFF4810400BA
:10A26000194610B4002443680C60074C1A0AB4EB7A
:10A27000132F02D0054B9A4202D110BC00F0D2BB82
:10A280006FF0860010BC7047004E80004B4E80007F
:10A2900010B4002443680C60074C1A0AB4EB132F67
:10A2A00002D0064B9A4202D110BC00F0BBBB6FF04B
:10A2B000860010BC704700BF004E80004B4E8000EF
:10A2C0002DE9F041456804462D0A0E46174698468A
:10A2D00006D00E4CA54214D06FF08600BDE8F08188
:10A2E00005886D0407D443463A4631462046BDE80A
:10A2F000F0410AF075BA01F009FD10F1860FEDD1B9
:10A30000F1E7BDE8F04101F001BD00BF4B4E800018
:10A310002DE9F04FDFF880B0D0F804E085B0BBEB5A
:10A320001E2F0446DDE90E890D4616461F46DDF850
:10A3300040A04FEA1E2C1CD0DFF860E0F44518D096
:10A34000BCF1000F22D1CDE9019ACDF8008001F0D7
:10A35000F1FB10F1860F1BD13B46324629462046C1
:10A36000CDE90F9ACDF8388005B0BDE8F04F0AF07E
:10A3700005B83B46324629462046CDE90F9ACDF82E
:10A38000388005B0BDE8F04F01F0D4BB6FF0860017
:10A3900005B0BDE8F08F00BF004E80004B4E80003E
:10A3A00030B44468240A06D0064DAC4206D030BC16
:10A3B0006FF08600704730BC0AF025B830BC01F061
:10A3C00049BD00BF4B4E80002DE9F7430D46DDE946
:10A3D0000A891646134942681F46B1EB122F0446FC
:10A3E0004FEA12230ED0104A934200D0ABB93B463D
:10A3F000324629462046CDE9008901F007FB10F1DD
:10A40000860F0CD13B46324629462046CDE90A89C3
:10A4100003B0BDE8F04301F0F9BA6FF0860003B075
:10A42000BDE8F083004E80004B4E8000F0B4DFF8B2
:10A430002CC05468DDE90456BCEB142F4FEA1427F6
:10A4400002D0074CA74204D1CDE90456F0BC01F07C
:10A450009BBC6FF08B00F0BC704700BF004E8000CB
:10A460004B4E80002DE9F0474468DDF83890240A0F
:10A47000DDE90856DDE90A7CDDE90CE803D0DFF808
:10A4800024A054450AD1CDE90D89CDE90BCECDE903
:10A4900009670895BDE8F04700F020BD6FF0860021
:10A4A000BDE8F0874B4E80002DE9F74F0C9CDDE9AD
:10A4B0000D5601944468DDE90F7C240ADDE911E8BA
:10A4C000DDE9139A03D0DFF830B05C450ED1019C72
:10A4D000CDE9139ACDE911E8CDE90F7CCDE90D5610
:10A4E0000C9403B0BDE8F04F01F06CB86FF086003B
:10A4F00003B0BDE8F08F00BF4B4E80002DE9F74F51
:10A500000C9C4568DFF854B000940D9CBBEB152FF4
:10A510000194DDF850A04FEA1524DDE90E67DDE96E
:10A5200010CEDDE9128903D00D4DAC4200D07CB9CC
:10A53000019CCDE9139A0D94009CCDE911E8CDE979
:10A540000F7C0E960C9403B0BDE8F04F01F09EB85E
:10A550006FF0860003B0BDE8F08F00BF004E8000B2
:10A560004B4E8000F7B5089E0E4FF5B2044645F0FD
:10A5700000754868BD424FEA10200DD010B10A4D59
:10A58000A8420CD1009604F108000AF0F4FC08B9C6
:10A590000523236003B0F0BD6FF08500FAE76FF08C
:10A5A0008600F7E7050000024B4E8000F7B5089ED5
:10A5B0000E4FF5B2044645F000754868BD424FEABB
:10A5C00010200DD010B10A4DA8420CD1009604F114
:10A5D00008000AF0D2FC08B90523236003B0F0BDDF
:10A5E0006FF08500FAE76FF08600F7E705000002DC
:10A5F0004B4E80002DE9F04144681D46DDE9087CA2
:10A60000DDE90636240ADDF828E003D0DFF82080F3
:10A61000444508D1CDE909E5CDE9077C0696BDE8BA
:10A62000F04102F0FBB86FF08600BDE8F08100BF9A
:10A630004B4E80004268044BB3EB122F01D10AF05D
:10A640004CBF6FF0850070474B4E800010B50C4C2E
:10A65000206803F013F90B4A1368591C11604BB9B9
:10A66000094A4820D2F8003443F00703C2F8003406
:10A67000E0F758FC2068BDE8104003F015B900BFB2
:10A68000CC150020AC7900200080045038B5164D60
:10A69000286803F0F3F8154B1C68013C1C60ECB90A
:10A6A0004820E0F74DFC0722114BC3F80823D3F8EC
:10A6B000002422F00702C3F80024C3F80041D3F8B5
:10A6C0000021C3F80441D3F804214FF48072C3F889
:10A6D0000841D3F80831074BC3F888212868BDE842
:10A6E000384003F0E1B800BFCC150020AC79002061
:10A6F0000080045000E100E070B5154D154E2B6848
:10A70000B34222D0FFF7A2FF02F03CFF124A134BE4
:10A71000134952F8040B43F8040B8B42F9D102F0B1
:10A7200081FF38B10AF0AFF90446FFF7AFFF3CB93B
:10A730002E6005E001F00EFF044618B1FFF7A6FFFA
:10A74000204670BD0AF04AFFEEE70024F8E700BF9C
:10A75000C815002011736500A08D040000C0805151
:10A760001CD380511FB5114CD4F84034012B14D0A8
:10A77000B72000F0AFFD18B16FF0210004B010BD9C
:10A78000B82000F0A7FD0028F6D1B92000F0A2FD06
:10A790000028F1D10123C4F840341022002168467A
:10A7A0000CF022FA68460CF0CBF8E7E70080045082
:10A7B00000230B6010F0FF0319D043F0007303F186
:10A7C0007E43053B0E2B12D8DFE803F00A11110877
:10A7D0000F0A0A111111110A0A0A0A00094B0B602B
:10A7E0000B6863B96FF085007047074BF7E700F01F
:10A7F000FE40B0F1007FF5D06FF08600704700207A
:10A80000704700BF70A3040050A30400302817D085
:10A810000DD81238C0B2192806D8012383401C482D
:10A82000184088BBDB071FD46FF0860070474128B3
:10A8300001D04228F8D1FF2926D0B1F5E07F07E00A
:10A84000B1F5A07F20D009D8E0291DD0B1F5807FD7
:10A850000CBF6FF085006FF086007047B1F5C07FC8
:10A8600012D0B1F5007FF3E7B1F5807F09D001D8B0
:10A87000E029EDE7B1F5C07F06D040F20923994207
:10A88000E6E7044B136070476FF08500704700BF28
:10A8900020022102A0A30400A0F11203DBB21E2BB0
:10A8A0009DBF0348D84000F001000020704700BF62
:10A8B000210221422DE9F0411D4B94B0D0F80480D3
:10A8C00006460F4601A8196802F0CAFEDDE90154E8
:10A8D000DCB922463146284603AB0BF067FF04463D
:10A8E00098B928460BF00AFFDDE903120346384603
:10A8F0000BF033FE28460BF0C2FF28460BF0A3FEF8
:10A900000446284602F0D6FE2CB1204614B0BDE81D
:10A91000F0410AF0B8B8414603A80AF0B0F903A81C
:10A9200041460AF0ACF9204614B0BDE8F08100BF02
:10A93000ACA30400F8B505460E4618461C21174680
:10A940001C460AF09CF96B682B491A0AB1EB132FCD
:10A950001BD12A4A33782261294A13F00303E260AB
:10A9600066610CD0023303F00303012B3ED86B88E1
:10A970000733DB086360234B23600020F8BD6B883E
:10A980000733DB086360204BF6E7204B9A422AD15D
:10A990006A691F4B1344022B0DD81E4B1E4AE360FD
:10A9A0001E4B23616B69934212D00132934217D040
:10A9B0006FF08600E2E70023224642F8183FC4E920
:10A9C000033362616A69164B9A420BD12023D9E79F
:10A9D0000123A3600022234643F8182F6361CCE7CC
:10A9E0000223F6E72FB1C4E90067C6E76FF08400E1
:10A9F000C4E76FF09600C1E74B4E8000D1C0030062
:10AA000091BF03000000002040008151004E8000F3
:10AA1000FF3F008065A7030002C0FF7F834A040058
:10AA200004C0FF7F10B51E4C4368B4EB132F4FEAF0
:10AA3000132215D142691B4B9A420CD003F5FF43F8
:10AA40007D331344012B03D80388B3F5105F24D062
:10AA50006FF0860019E047F2121302889A42F6E777
:10AA6000114B9A42F4D1028802F44F43B3F5824F5E
:10AA70000CD1438844F21210073382424FEAD303C9
:10AA800001D15B00013300200B6010BDB2F5885F7F
:10AA900003D143880733DB08F5E70223F3E700BF60
:10AAA000004E800001C0FF7F4B4E800003680B49C1
:10AAB00002468B420FD096BF09490A4923F480739E
:10AAC0008B420CBF6FF020006FF00200012382F870
:10AAD000D43009F0D8BF6FF02000F7E70001800400
:10AAE000004040040010C0042DE9F8430C46DDE9A5
:10AAF00008981946144B0746984515461DD11388EA
:10AB0000B3F5105F19D1B9F1200F19D804F5827689
:10AB10004A4630460CF041F84A463146284604F190
:10AB2000E803FFF707FF30B91023C4F8008084F86A
:10AB3000367184F83531BDE8F8836FF08500FAE7A7
:10AB40006FF08600F7E700BF0044400408B551B934
:10AB50000D490E484FF4007203F0CDFD4FF4007123
:10AB6000094803F0BFFD102A0AD1D53001F11003C6
:10AB700051F8042B994240F8042BF9D1002008BD6C
:10AB80006FF08600FBE700BF320D050069A50400E9
:10AB90002DE9F04F87B00446DDE910BA15461F468F
:10ABA0008946A1B952B1884940F22A22874803F068
:10ABB000A2FD40F22A21844803F094FDBAF1000F6F
:10ABC00008D0CAF80020002007B0BDE8F08FBAF125
:10ABD000000F08D17C4940F22B227C4803F08BFD0A
:10ABE00040F22B21E7E70023CAF80030002AEAD020
:10ABF000002F00F0E28090F834319818584500F2A8
:10AC0000DC8094F83561E3B1A6EB030804F592709B
:10AC10004245184407D20BF0C0FF94F834312B445E
:10AC200084F83431CFE7424605930BF0B6FF94F831
:10AC30003421059B1644F61A84F83461C144A5EB0F
:10AC4000080594F8353194F836215E4294F8348141
:10AC50002E40C2B920685E49884214D1591E29424B
:10AC600010D0002E60D1B8F1000F5DD10026AD1BD1
:10AC70002A4609EB060104F592700BF08EFF84F86A
:10AC80003451A0E7F61A96B9B8F1000F00F0988099
:10AC900020685049884247D143452FD04A494FF454
:10ACA0001B724A4803F027FD4FF41B7183E72068AD
:10ACB0004849884238D1B8F1000FEDD194F83631C7
:10ACC0004A46CDE902A3CDE9007B334604F1E80111
:10ACD000201D09F0E0FF00287FF476AFB5427FF633
:10ACE00072AF94F83431002BC1D037494FF42F7232
:10ACF000364803F000FD4FF42F715CE7CDE902A266
:10AD0000CDE9007B04F5927204F1E801201D09F001
:10AD1000C2FF00287FF458AF94F8343184F834012E
:10AD2000002E4DD01F44C9E794F8D43003B3201D42
:10AD300002F08EF8B0BB94F8343104F1040BEBB997
:10AD400036B13B463246494658460AF092FF48BB68
:10AD500058460AF0FEFF28BB58460BF04BF808BBDC
:10AD6000DAF80030984408EB0603CAF80030B5E77B
:10AD70002046FFF79BFE0028DDD025E794F835211B
:10AD80009A4208D010494FF42572104803F0B3FCE2
:10AD90004FF425710FE73B46584604F592710AF0CF
:10ADA00068FF20B107B0BDE8F04F09F06CBE94F821
:10ADB000353184F834011F44C2E76FF0890003E79E
:10ADC000002D3FF400AF51E7320D050069A50400E6
:10ADD0000041400400444004F0B504460E461746C6
:10ADE0001D4685B053B9384940F2C922374803F0AF
:10ADF00082FC40F2C921344803F074FC00232B602C
:10AE000090F8343133B90268314B9A4246D0002071
:10AE100005B0F0BD41B92C4940F2DA222B4803F0CD
:10AE20006AFC40F2DA21E6E701682A4A914237D10A
:10AE300090F8362100F1E801CDE90252CDE9006732
:10AE400000F59272043009F026FFE1E72046FFF793
:10AE50002DFE70B3DCE721681F4B94F83421994232
:10AE600001D1130717D1251D3346284604F59271E9
:10AE70000AF0FFFE20B105B0BDE8F04009F003BEC6
:10AE800028460AF038FF0028F5D128460AF0B2FF1C
:10AE90000028BCD0EFE76FF08600B9E70029BAD0F0
:10AEA00094F8D430002BD1D0201D01F0D1FF002820
:10AEB000E1D194F834319F422B60CCD200236FF063
:10AEC00089002B60A4E700BF320D050069A50400CE
:10AED0000041400400444004004040042DE9F04F8C
:10AEE000D3B09B46DDE95E895C9B05460E4617465E
:10AEF000DDF880A1629C53B935494FF48D72354815
:10AF000003F0F9FB4FF48D71314803F0EBFBB8F11E
:10AF1000000F0BD1B9F1000F08D02D4940F21B12E0
:10AF20002C4803F0E8FB40F21B11EDE7BAF1000FEB
:10AF300008D127494FF48E72264803F0DCFB4FF40A
:10AF40008E71E1E744B9224940F21D12214803F015
:10AF5000D2FB40F21D11D7E74FF49C72002104A8E8
:10AF60000BF042FE002222601B4A934515D13A465F
:10AF7000314628463EABFFF7DDFC58B90123CDE949
:10AF80000243619B4246CDE900A33EA94B4605A87A
:10AF900009F081FE53B0BDE8F08F33462A46012008
:10AFA000CDE9007B04A9FFF79FFD0028F2D1DDE980
:10AFB0005C1204A8FFF7CAFD0028EBD1619B4A464A
:10AFC000009341465346019404A809F09CFEE1E732
:10AFD000320D050069A50400004440044FF480735D
:10AFE0002DE9F04796B0804603A80393002409F0AA
:10AFF000A6FE4FF010091E4E0DF12F0525F01F057E
:10B0000006F1200A012210211A4809F0A7FD2B1988
:10B0100000935246102320211548CDF8049001F0EA
:10B0200069FF0746F8B9D6E90C321034013342F112
:10B030000002302CC6E90C32E4D1B8F1000F04D084
:10B0400022464146284609F07CFD2E46084C0FCE8C
:10B050000FC496E80F00203584E80F0095E80F0034
:10B06000103484E80F00384616B0BDE8F08700BF02
:10B07000F867002018680020F0B5194D194FAB6B28
:10B080008DB0BB4229D0184E306802F0F7FB402348
:10B0900000221946284609F0E7FD3021684609F0EC
:10B0A0005BFE044678B96846FFF798FF044690B9FE
:10B0B000302302461946684609F0D6FD01220023D6
:10B0C000C5E90C23AF63306802F0EEFB204609F0BF
:10B0D000DAFC0DB0F0BD0E24F5E70020F9E700BF63
:10B0E000F8670020B4A5B4A5D01500202DE9F04FD5
:10B0F00099B00DF1570802F10F0982460E46144629
:10B1000028F01F084FEA191922B100296DD0B2F5B5
:10B11000803F6AD8364F374D386802F0AFFBD5E92B
:10B120000C3213430BD15046FFF7A6FF834630B1D4
:10B13000386802F0B9FB584619B0BDE8F08FD5E980
:10B140000C2319EB020243F10003B3F5803F14D343
:10B15000302102A809F000FEE8B902A8FFF73EFF7F
:10B1600083460028E4D130230246194602A809F09C
:10B170007BFD00220023C5E90C234FF4807302A855
:10B18000029309F0DCFDDFF870A03CB92046FFF720
:10B1900025FF8346CCE76FF0920BC9E7102C4FF0E8
:10B1A00001024FF010015046A14628BF4FF0100990
:10B1B00009F0D4FC102352462021CDE900830D482C
:10B1C00001F098FE83460028B2D14A4630464146F7
:10B1D0000BF0E3FCD5E90C32013342F10002C5E982
:10B1E0000C32A4EB09044E44CFE76FF0860BA2E7C4
:10B1F000D0150020F8670020186800200022074BB7
:10B20000C3F81021C3F80C21C3F80021C3F80421AE
:10B21000C3F80821C3F81421704700BF0050045040
:10B2200008B5FFF7EBFF01230360104B0A6832B942
:10B23000D3F80C211AB9D3F80821002AF6D00B68EC
:10B240007BB90B4B99420ED0A3F58473D3F8083128
:10B25000002B0CBF4FF0FF306FF00200FFF7CEFF66
:10B2600008BD0020FAE74FF0FF30F7E70050045028
:10B270000851045070B506460D46F9B14B6913F0FC
:10B280000F0408D00F491048752203F034FA7521D5
:10B290000C4803F027FA2146012008F044FD0B4832
:10B2A0000B49C0F80065C0F80455FFF7B9FF214607
:10B2B0000546204608F037FD284670BD6FF00105B1
:10B2C000FAE700BF800D050069A504000050045096
:10B2D00000510450034B0449C3F800050348FFF72D
:10B2E0009FBF00BF0050045004510450045004504C
:10B2F00010B504460021012008F015FD064B074952
:10B30000C3F800450648FFF78BFF002104460846B6
:10B3100008F009FD204610BD0050045008510450AB
:10B320000850045038B50C4659B1074D0749C5F8C7
:10B3300000050748FFF774FF10B9D5F808352360FA
:10B3400038BD6FF00100FBE700500450105104506D
:10B350000C5004500B4B98420BD003F5807398426D
:10B3600002D0094B98420AD1A1F10C03584258412E
:10B370007047C81F06288CBF00200120704700209E
:10B38000704700BF0001500500051005F0B590F8AA
:10B390009B300446012B85B05AD0022B5CD0002B89
:10B3A0005CD190F84D50026829461046FFF7D2FF55
:10B3B000002846D02B4B9A421BD003F580739A424B
:10B3C00007D0294B9A422CD06FF0020009F05BFBAA
:10B3D00039E094F8585094F89A30211D04F1400255
:10B3E00004F1A00015B90AF0EAFAEFE70AF0E5FA6D
:10B3F000ECE794F89A3094F858C0D4E91467211D0A
:10B400000093CDE901672B4604F1400204F1A0004E
:10B41000BCF1000F02D10AF0E7FAD7E70AF0DAFA36
:10B42000D4E794F8585094F89A30211D04F1400262
:10B4300004F1A00015B90AF0FFFCC7E70AF0F4FC1C
:10B44000C4E76FF08800022384F89B3005B0F0BD9C
:10B45000A0300AF056FBB9E70020F7E76FF096003E
:10B46000F4E700BF00015005000510052DE9FF417C
:10B470001546DFF85C800F4603AA4146064609F0F0
:10B4800011FD1DB303983946C0F12004AC4228BF1A
:10B490002C46404422460BF080FB4FF00108039AF3
:10B4A000002330460A49CDF80080224409F0DAFC36
:10B4B00048B9AC4207D00346CDF8008030462A1B7D
:10B4C000391909F0CFFC04B0BDE8F0812C46E4E75F
:10B4D000988300202DE9F84F8846DDE90AB49146AB
:10B4E00019461388314A24F47E16964205460DD03B
:10B4F00002F58072964235D0B6F1052F34D02C4A31
:10B50000964235D000274FF0000C02E0294F4FF44F
:10B51000105C9C4543D1BBF1200F43D805F1200AB4
:10B520005A4650460BF039FB5A46514648462B1DA9
:10B53000FFF700FA78BB1D4B2F609E4285F85880BC
:10B5400018D003F580739E4214D0B6F1052F1FD199
:10B5500084F0052383F4801333F47E131DD1C4F3E8
:10B56000054416E0144FD2E742F2040C134FD0E723
:10B57000134FC8E784F0AA6383F4807333F47E1317
:10B58000EDD084F0AA6383F4007333F47E13E6D025
:10B59000002485F89A40BDE8F88F0446F9E76FF07B
:10B5A0008500F8E76FF08600F5E700BF0001400571
:10B5B00000060005000150050002500500051005B9
:10B5C000000610052DE9F04FFBB00646DDE98BA91A
:10B5D0000F46904600214FF4EE7203A8899C9B46CB
:10B5E000879D0BF001FB0022A245029249D332460F
:10B5F0003B460121CDE9008B03A8FFF76BFF064610
:10B60000002837D1DDE9841203A8CDE9175409F0E9
:10B61000D7FB064670BB039A1B4B9A4221D12A46A0
:10B62000869903A8FFF722FF064618BB0090224622
:10B630008A9B889903A809F015FC0646D0B98A9917
:10B6400002ABAAEB0402214403A809F0CEFB064694
:10B6500080B9029B2344C9F8003030467BB0BDE876
:10B66000F08F01232A4600938699034603A809F028
:10B67000F9FBD9E7002303A8C9F8003009F074FCEE
:10B68000EBE76FF08906E8E7000150052DE9F04F80
:10B6900004469B4689469246FBB04FF4EE72DDE9C4
:10B6A0008687002103A8889E8C9D0BF09DFA224678
:10B6B0004B460021CDE900AB03A8FFF70BFF044682
:10B6C00058BB9DF8A620899B9B1A8B9A2B609342AE
:10B6D00035D8DDE9841203A8CDE9177309F070FBB2
:10B6E0000446D0B9039A174B9A421FD13A464146B5
:10B6F00003A8FFF7BBFE044678B9009031468A9B49
:10B700002A6803A809F0AEFB044630B9296803A8EB
:10B71000314409F08EFB044620B1002303A82B60BE
:10B7200009F022FC20467BB0BDE8F08F01233A46A9
:10B7300000934146034603A809F094FBDBE76FF052
:10B740008904EAE7000150052DE9F041069C04F068
:10B75000FE45B5F1407F08D02A492B48182202F057
:10B76000CAFF1821274802F0BDFF0568002D41D10E
:10B77000264D14F47C16046005EA04050AD0C4F3CF
:10B780000546B5F1607F46602BD10694BDE8F041D7
:10B7900009F094BCB5F1607F12D11D4FE5B245F0C0
:10B7A0000075BD4202D110254560EEE705F17E45EA
:10B7B000043D112D01D94660E7E7164E755DF3E7AC
:10B7C000B5F1707F01D046600BE00D8805F4E047CD
:10B7D000B7F5005FF7D10126C5F3022506FA05F596
:10B7E00045600D4D24F47E14AC4207D1BDE8F04114
:10B7F00000F07EB86FF08800BDE8F0816FF0850042
:10B80000FAE700BFCF0D050069A504000000C07F66
:10B81000030000021A0E05000002C00310B4046801
:10B8200084B19AB10C4B2340B3F1607F02D110BCBC
:10B8300009F070BC094B24F47E149C4208D110BC62
:10B8400009F0A4BB6FF0880010BC70471046FBE7FE
:10B850006FF08500F8E700BF0000C07F0002C00362
:10B860002DE9F041046805460F461E4694B3A1B386
:10B870004368934234D81C4BDFF870802340B3F107
:10B88000607F0DD024F47E14444512D1284609F07F
:10B89000EAFB044684B1002333602046BDE8F08112
:10B8A00009F0A6FC2B68044623F47E134345F1D12E
:10B8B000ECE76FF09604EEE705F10C0138466A6894
:10B8C0000BF06BF96B684FF401712846336009F097
:10B8D000D6F9E2E76FF08804DFE76FF08604DCE773
:10B8E0006FF08904D9E700BF0000C07F0002C003E9
:10B8F0002DE9F0410E461D4633881146B3F5105F21
:10B90000044672682DD10F2D06D8174BB3EB122FBA
:10B9100004D06FF0860221E0202DFAD804F5B2772A
:10B920002A46384604F5A4780BF037F92A464346F0
:10B9300039463046FEF7FEFF024678B9414604F12B
:10B94000500001F091FB024618B1BDE8F04109F04A
:10B950009AB81023A360012384F84C301046BDE848
:10B96000F0816FF08502F9E74B4E80002DE9F04140
:10B970000388C76803F44F44B4F5824F08BF1D46DF
:10B9800003F4E0441F4B18BF002500209E46EDB293
:10B990001E78AE4224D1D3E9026CD2F80080B4F50F
:10B9A000804F08BF6646B8F1000F0CD18E420AD115
:10B9B000142303FB00E3596811601B7CB3B96FF0DB
:10B9C0008500BDE8F081D3F804C0E04508D18E427F
:10B9D00002D06FF08600F4E7142303FB00E3ECE7EA
:10B9E0000130132803F11403D2D1F2E7422D06D11E
:10B9F000054B9F4203D003F20B139F42E9D1002075
:10BA0000DFE700BFBCA00400000800062DE9F347F3
:10BA10000646DDE90A08894617469A4653B9404961
:10BA20004FF45E723F4802F066FE4FF45E713C4890
:10BA300002F058FEB8F1000F08D1394940F27932CE
:10BA4000384802F058FE40F27931F0E7002433889C
:10BA5000C8F8004000285DD023F0FF03B3F5E24FA3
:10BA60004CD13588718805F44F43B3F5824F1AD114
:10BA7000EDB2422D18D8402D12D8A5F11203DBB239
:10BA80001E2B11D8284A42FA03F3DA070CD4CC1D36
:10BA9000E40864000134A04206D26FF0890013E08C
:10BAA000CC1DE408F7E72546284601AAFEF7AEFEBE
:10BAB00050B972681D4BB3EB122F08D1022F0CBF87
:10BAC0006FF085006FF0860002B0BDE8F087123D90
:10BAD000EDB21E2D21D8164BEB40DB071DD551468C
:10BAE0000423019A01F8013B484601F05FFE08F08B
:10BAF000CAFF0028E8D1C8F80040E5E7B3F5824F57
:10BB00000BD19042C9D350460BF047F82046C8F8F5
:10BB10000070D9E76FF08600D6E76FF08500D3E7B5
:10BB20002C0E050069A50400DEFFFFBF004E80005B
:10BB3000210000402DE9F04F9DB006468B4615468A
:10BB40009846DDF89890DDF8A0A053B96A4940F214
:10BB5000A9326A4802F0CFFD40F2A931664802F0EE
:10BB6000C1FD279B43B9644940F2AA32634802F001
:10BB7000C2FD40F2AA31F1E7BAF1000F08D15E49E7
:10BB800040F2AB325D4802F0B6FD40F2AB31E5E782
:10BB9000002227990388CAF800200A60B9F1000F33
:10BBA00060D04268564C110AB4EB122F25D107A978
:10BBB0004769FEF737FF0446D8B9079B4B4500F2AB
:10BBC0009580FFB22B465A463946304600F0DAFAE5
:10BBD000044670B9279B2146CDE900933846434679
:10BBE0000BAA00F017FD044618B9BDF82E30CAF8AC
:10BBF000003020461DB0BDE8F08F002979D123F038
:10BC0000FF03B3F5E24F17D14388A9450B936DD3DA
:10BC100029460BAAFFF7AAFE04460028E9D12B46C5
:10BC20005A464946404609F00DF8D8B10B9BCAF870
:10BC30000030279B1D60DCE7B3F5824F59D1438864
:10BC40000788059307F44F43B3F5824FC3685A46FC
:10BC500003934FF041012B460BA818BF002708F0B3
:10BC6000F1FF10B96FF08604C3E7A9453ED329461A
:10BC7000304605AAFFF77AFE04460028B9D1F8B28B
:10BC80001228059E01D0302828D19DF82C10F31DD4
:10BC9000DB085A00042902F10102E3D19542E1D107
:10BCA000184A0399114041F0106217498A4215D190
:10BCB0000DF12D020BA9CDE907325A1C0A44CDE93A
:10BCC0000932314606AAFEF7A1FD08B1044690E705
:10BCD000069807A9FEF7EEFD0028F7D12A46404650
:10BCE0000BA90AF05AFFCAF80060A2E76FF08904B6
:10BCF0007FE76FF085047CE72C0E050069A5040042
:10BD00004B4E80000000FFF6000002092DE9F041D3
:10BD100051B91A4940F2AB42194802F0ECFC40F22A
:10BD2000AB41164802F0DEFC43B9144940F2AC4284
:10BD3000134802F0E0FC40F2AC41F2E74468DFF85F
:10BD400044C00588BCEB142F4FEA142703D1BDE88B
:10BD5000F04109F089BB6FB942B125F0FF04B4F599
:10BD6000E24F07D1BDE8F04109F008BB6FF0860053
:10BD7000BDE8F0816FF08500FAE700BF2C0E0500EA
:10BD800069A504004B4E80002DE9F743DFF8A8C0F9
:10BD90000546DDE90A8710EB0C0C61F1000EBCF1E1
:10BDA000030F7EF1000E894614461E463FD2234BF8
:10BDB000C31861F10002022B72F10002204B19D36B
:10BDC000204A4FF47051C4E900231F4B2046E36022
:10BDD00009F040FB01A9FEF725FE20B9019B98451B
:10BDE00004D26FF0890003B0BDE8F0833B6000200F
:10BDF0007070F8E7154A4FF44041C4E900234FF052
:10BE000008232046E36009F025FB01A9FEF70AFE9E
:10BE10000028E8D1019B9845E3D33B600C4B81455A
:10BE200008BF9D4214BF012302233370DFE703B034
:10BE3000BDE8F04300F0EEBBFF3F0080FE3F008016
:10BE400003004E8012710001090600060024000163
:10BE500003C0FF7F2DE9F8430D461F464168264B7E
:10BE60009146DDE90828B3EB112F06463ED1048840
:10BE700004F44F43B3F5824F0CD0B4F5885F0ED174
:10BE80004A46294638460AF088FE0020C8F8009045
:10BE9000BDE8F883E4B2422CF2D0122CEFE77388AD
:10BEA0000733B2EBD30F4FEAD30922D3134E3068D6
:10BEB00001F0E4FC284600F06BF8044630B94A462D
:10BEC00038460F490AF069FEC8F80090284600F08D
:10BED000FFF80546306801F0E7FC002D08BF20465A
:10BEE000BDE8F84318BF012008F0CDBD6FF08B000E
:10BEF000CEE76FF08900CBE74B4E8000D4150020D1
:10BF00000000002030B5ADF5697D1A2205460C46CB
:10BF10000DF10E0000210AF067FE4FF41053ADF84A
:10BF20000C30184B00210893174B4FF45E720AA88F
:10BF300004930AF059FE4FF008210AA809F089FB82
:10BF4000E8B90346009040F2011103AA0AA809F0DB
:10BF5000E0FBA0B9032340F201210C4A0AA809F032
:10BF60008BFB60B910232A4640F206210AA809F08B
:10BF700083FB20B9202221460AA809F007FC0DF511
:10BF8000697D30BD02C0FF7F03004E80820E050038
:10BF9000F0B50378064603F00303022B9DB018D0DA
:10BFA000033303F00303012B11D86FF021000CE0E1
:10BFB00070782044FFF78EF900285CD10134337883
:10BFC000C3F38203A342F3D800201DB0F0BD0024C8
:10BFD000F5E70BAF39464078FFF7A4F9044600288F
:10BFE000E3D13578C5F38205AC4222D31822002173
:10BFF0000EA80AF0F9FD4FF41053ADF834304FF4A9
:10C0000080731E4E4FF400710DA8ADF836301096B7
:10C0100009F065FA32231A4C00211C2215A814934A
:10C020000AF0E2FD204614A9FFF76CFF40B10E2094
:10C03000CBE770782044FFF74DF9E0B90134D0E741
:10C040000CAB08934023CDE9064304F1100304939D
:10C050000423CDE902730C23013D2D01CDE90043FA
:10C060000C9033462022059514A90DA8FFF70EFB6E
:10C070000028AAD0DBE70220A7E700BF0002500596
:10C08000000000204029F8B505460E4618D80E4F8E
:10C09000386801F0F3FB2846FFF77AFF08F0F3FC5D
:10C0A000044640B90949324628460AF076FD402147
:10C0B000064808F0E4FD386801F0F6FB2046F8BDBC
:10C0C0006FF08904FAE700BFD415002000000020BB
:10C0D00008B503789B0705D00548402108F0CFFD3F
:10C0E000002008BD09F07AFA0028F5D00220F8E710
:10C0F00000000020F7B5224943680446B1EB132F36
:10C10000DAB239D1032A03D16FF0840003B0F0BD55
:10C11000466901A9F5B2284609F00AFA0028F5D1C6
:10C120006A462146019809F0E4F90028EED1044658
:10C13000009FA74219D89DF8043007F0070223F0AA
:10C140001F0343EA820301A88DF804308DF80560CF
:10C15000FFF7BEFF3946284609F005FA0028D5D179
:10C1600003B0BDE8F04009F016BA6019FFF7B2F865
:10C170000028C9D10134DBE76FF08B00C6E700BFB0
:10C180004B4E80002DE9F04F88460021B5B00446A3
:10C1900017461DA85C220B931C910AF025FD09F09F
:10C1A000FAF9054680B9064661690C90C1F301327F
:10C1B00062F305168DF8306016F0300608D1A368DA
:10C1C000980710D06FF08605284635B0BDE8F08F8F
:10C1D000102E08D1BDF8323023F4F87343F4A8735D
:10C1E000ADF83230A9E0E368B048834233D01ED8BE
:10C1F000AF48834233D008D8AE4883423BD0AE48E4
:10C20000834234D0C9B2F8290DE0AC488342F9D159
:10C2100002219DF8323061F303038DF8323042F28F
:10C220000403218899422DD06FF08505CCE7B3F146
:10C23000082F18D0A248834253D0A2488342E1D1AC
:10C2400003219DF8323061F303038DF832302388E7
:10C25000B3F5105FE7E704219DF83230F3E70521DD
:10C260009DF83230EFE708219DF83230EBE70921E5
:10C270009DF83230E7E70D219DF8323061F303037A
:10C280008DF8323000234FF0010B9E4619461846B8
:10C29000D4F808C0DFF8309259F804AB1CEA0A0F52
:10C2A00008D00BFA00F343EA0E0303F07F0E0123DC
:10C2B00041EA0A0101300728EED12BB19DF8333055
:10C2C0006EF347038DF833303CEA0101ACD163884B
:10C2D000FF2B3ED015D8802B3DD0C02BA4D10223FC
:10C2E00013E0A36859049FD5238803F44F41B1F5A7
:10C2F000824F99D1DBB2122B96D10E219DF83230AC
:10C30000BCE7B3F5807F8FD104239DF8321063F32F
:10C3100006118DF832101EB91CF0030F7FF452AFD6
:10C320002379022B24D018D8012B7FF44BAFBDF812
:10C33000321063F3C811ADF83210012A38D01CD97D
:10C340000B9B412B29D1402301370B93DFF87C91C4
:10C3500034E00323D9E70123D7E7032B02D0FF2BD7
:10C360007FF430AF0221BDF8323061F3C81337E7F4
:10C37000BDF8323043F4C07332E72388B3F5105F61
:10C380007FF452AF0B9B23F00802102A02D0202B1F
:10C390007FF418AFDFF8389110E0103B102B3FF618
:10C3A00011AF4C4A22FA03F3DB077FF50BAFCDE761
:10C3B0000B9B302B7FF406AFDFF81C91202EDDF8AD
:10C3C0002CA04CD13946002720AC524620460AF01A
:10C3D000E4FB1C22394615A814970AF005FC182224
:10C3E00039460EA80AF000FC4FF410524FF4807149
:10C3F000344B0DA80DF1700BADF83420ADF83610AC
:10C40000109309F06CF8102259463846FEF76EFE7C
:10C4100008B10546D8E6584614A9FFF773FD002871
:10C42000F7D10BAB089350230AF10F0ACDE906436D
:10C430002AF00F03CDE90443042303930CAB0293CA
:10C440000C233246CDE900B314A91E4B0DA8FFF70B
:10C45000B9F80028DDD15F460B9B10330B934FF0EA
:10C46000000A0B9C0F342609B24516D11F2C35D873
:10C470001C22002114A80AF0B7FB4FF0000B4FF06C
:10C48000FF3AB34531D11F2C7FF69EAEBA20FEF79E
:10C490002FFF00283FF498AE4BE008EB0A0008F0AD
:10C4A00085FC002852D00AF1010ADDE700015005A1
:10C4B00000444004090080030002C0030005100589
:10C4C000000002090002500538A20400000000200C
:10C4D0004000815101010100108404505146404642
:10C4E00009F041F80028C3D093E709EB0B124FEA9B
:10C4F0000B131992BBF1000F1ED10C9A1A92BDF8C2
:10C5000032203B44C2F3C11218920DF1500C03F1DA
:10C51000100E624618685968083303C27345944682
:10C52000F7D114A908EB0B00FEF7A4FE38B109F00F
:10C5300032F86FF0920547E6CDF868A0DFE71C21DE
:10C5400014A808F09CFB0BF1010B9AE76FF08A0529
:10C550003AE600BF10B590B01C22002101A80AF0F5
:10C5600043FBF82008F022FC08B3202200200DEB4A
:10C570000201FEF7BBFD0446F8B901A84FF4807133
:10C5800008F0ADFF0E4B0F4904930F4BCDE901139B
:10C590000E4BF821069320230DEB0302FFF7F2FD6B
:10C5A000202104460DEB010008F069FB05E0F920AD
:10C5B00008F0FCFB0028D8D10446204610B010BD7E
:10C5C0000010C00400240001014B4E80F800FF7FE2
:10C5D00073B5C5B20E46284601A9144608F0A8FF57
:10C5E00088B9BDF80630C3F3C113013BDBB2022B9F
:10C5F0008FBF6FF08600054AD25C054B9EBF134388
:10C600003360C4E9005002B070BD00BF860E050063
:10C61000004B4E802DE9FF41884601A9064614468D
:10C620001D460A9F08F084FF48B9B6F1F80348F1A7
:10C63000FF38022B78F1000804D26FF0860004B0B6
:10C64000BDE8F08108F0A7FF0028F8D1002CF4D055
:10C650009DF8041011F00F0240F0BB80BDF80630C9
:10C66000C3F3C113013BDBB2022B00F2B58060487B
:10C6700001F03001C05C5F4B102943EA00036360A6
:10C6800038D15D4B2360204602A9FEF7CBF9002884
:10C69000D5D1029BBB4200F2A88044F2121221883D
:10C6A0000198914204BF042205F8012B0B9A214600
:10C6B00013609DF804302A78C3F3011363F3010279
:10C6C0002A7003AA08BF07F1FF3708F012FF0028FD
:10C6D000B5D12B78039A6E7062F384032B70238894
:10C6E00003F44F42B2F5824F6ED139462846FFF728
:10C6F000C9FCA4E7134690469DF807103F48490837
:10C7000099B92046414608F0EAFE9DF8060000F07F
:10C710000F03023B0C2B65D8DFE803F0391220240D
:10C720006464282D646464313500CA0705D5062B7E
:10C7300055D850F8232048EA020849080133DFE7BA
:10C740004FF410532E4AE260C0F30212013A2380E4
:10C75000032A22D8DFE802F01F3133354FF410539B
:10C76000284AF0E74FF41053274AECE74FF41053F0
:10C770004FF00822E7E74FF41053244AE3E74FF461
:10C780008853234ADFE747F21213224ADBE742F2DB
:10C790000403214AD7E7802262809DF8042012F02A
:10C7A000300F7FF470AFB3F5105F03D118F0030FB3
:10C7B0003FF469AF6FF0960041E7C022ECE7FF223B
:10C7C000EAE74FF48072E7E7B3F5885F7FF437AFAD
:10C7D0008BE76FF0880032E76FF091002FE76FF082
:10C7E00083002CE76FF0920029E76FF0890026E7BD
:10C7F000860E0500004B4E800110800138A2040017
:10C800000002500500015005004440040002C0032E
:10C810000900800300000209000510052DE9F0471A
:10C8200000241D46604F0388B4B088469146DDE978
:10C830003F6203F44F41174022F00042B1F5824FAE
:10C8400022F47F0218BF2346B2F1106F4188574A85
:10C85000346047F010670AD197420AD1028822F06B
:10C86000FF02B2F5E24F0CD06FF0860006E097426F
:10C8700002D04F4B9F42F7D16FF0850034B0BDE836
:10C88000F087DFB2384602AAFDF7C0FF82460028D3
:10C890006FD1029B5C684C45E6D13846FDF7FCFF42
:10C8A0000028E9D012AB1022CDE90B34514623AB5E
:10C8B0000EA80D93CDE90348029F0A940AF094F95B
:10C8C0003C9A630001339A42CED12B78042BCBD112
:10C8D0003E9B9C424AD86B1CCDE90E43631C1D4411
:10C8E00038460EA9CDE91045FDF7E4FF0028C5D173
:10C8F0004FF00A082F4B1B680193019905A800F01F
:10C90000AFFEDDE905542CBB22463946284607AB6D
:10C9100009F04CFF0446E8B9284609F0EFFE04464A
:10C920000246079903A809F0EFFDDDE90812234646
:10C930000EA809F012FE284609F0A1FF284609F0CA
:10C9400082FE0446062C284615D100F0B3FEB8F14D
:10C950000108D2D1DDE90A1008F091F9DDE90C10E7
:10C9600008F08DF9204608F08EF887E76FF089000F
:10C9700084E7204682E709F0FDFE0746284609F0D5
:10C98000BDFE0AAB0246D7E9000109F0D6FD2846F4
:10C9900000F090FE002CDDD10A9A3D990AA809F01A
:10C9A000B3FD0A9B3360D5E70000FFF600000209E3
:10C9B00000000109C4A304002DE9F041044690469B
:10C9C0001F460D4619B10A688B681AB953B96FF042
:10C9D00021064BE033B94B6823F00802102A01D03E
:10C9E000202B46D101232046A376E56108F0BBFF4A
:10C9F000064600283AD121461F4B41F8843BA868DF
:10CA0000112382068001C0B202F0E042024342F4E8
:10CA1000804204F1200000F075FBAB687BB9636ACB
:10CA20002A681A606B68626A43F000539360226858
:10CA3000636A92685268DA60636A10336362636A99
:10CA40000E4AC3F80080636A9A602268636A92683B
:10CA50009268DA60636A2776103363620023C4E960
:10CA60000233636123612368DB6863603046BDE89D
:10CA7000F0816FF04106F9E77CA204000C00002071
:10CA8000F8B504461F460E4619B18B68096819B9F6
:10CA900053B96FF0210550E033B9736823F00801F2
:10CAA000102901D0202B4AD1FB074BD43B1F0C2B64
:10CAB00048D8D31F062B48D8C2F10F02D2B2082A99
:10CAC00003D0069BD200D34042D101232046A37657
:10CAD000E66108F048FF054600282ED121461E4B8E
:10CAE000079841F8843BB3689A0602F0E0429B0144
:10CAF0000243DBB21A4342F40052112304F1200036
:10CB000000F000FBB3687BB9636A32681A6073682F
:10CB1000626A43F0005393602268636A92685268C5
:10CB2000DA60636A103363620023C4E9023363612D
:10CB3000236123682776DB6863602846F8BD6FF0C1
:10CB40004105FAE76FF04205F7E76FF04305F4E7B8
:10CB50006FF03F05F1E700BF54A2040070B590F8F4
:10CB6000203004460D46002B5CD003685A68052A25
:10CB70000DD1016B9A69114209D0C2683AB9826835
:10CB80002AB908F0E2FE00284FD0012070BD5A6A91
:10CB9000D4E904100E18964207D2204608F0D5FEBC
:10CBA0000028F2D16FF00200F0E71B6904F1F402F3
:10CBB000984770B1E36A626AC4331360636A1C4ABF
:10CBC0009A602268636A92685269DA60636A103315
:10CBD0006362204608F0A5FEA26A237E1560A26A61
:10CBE000217E0F339160A26A23F00F0302F110013E
:10CBF000A162217E99420AD000211161217EA26AA0
:10CC00005B1A43F080439360A36A1033A36200254C
:10CC100004F12000B621656004F1840209F014F9E2
:10CC20002846B3E76FF02000B0E76FF05300ADE7A0
:10CC30001000002070B590F8203004460D46002BFF
:10CC400000F0838003685A68052A0DD1016B9A6948
:10CC5000114209D0C2683AB982682AB908F075FE53
:10CC6000002875D0012070BD5A6AD4E904100E184E
:10CC7000964207D2204608F068FE0028F2D16FF0F5
:10CC80000200F0E71B6904F1F4029847636A002888
:10CC900037D0E26AC4321A60636A2F4A9A60226807
:10CCA000636A92685269DA60636A6560103363622E
:10CCB000204608F036FED4E90A12C432237E0A6008
:10CCC000A26A217E0F339160A26A23F00F0302F162
:10CCD0001001A162217E99420AD000211161217EBA
:10CCE000A26A5B1A43F080439360A36A1033A36285
:10CCF00004F12000B62104F1840209F0A5F8002017
:10CD0000B1E722689268926902F0C002C02A02BFAD
:10CD100053F8042C42F0200243F8042C626A237E6C
:10CD200015600F33626A23F00F0343F000519160E6
:10CD30002268207E9268616A92691B1A42EA032384
:10CD4000CB60636A10336362B2E76FF020008AE75A
:10CD50006FF0530087E700BF100000202DE9F0417D
:10CD60000446174698460D4619B10A688B681AB9E9
:10CD700053B96FF021064BE033B94B6823F008023A
:10CD8000102A01D0202B46D100232046C4E900857B
:10CD9000A36008F04AFF0646002839D12146012049
:10CDA00051F8703BAA68D3F800C098F807300833F0
:10CDB0009840069B18439301DBB29206184302F099
:10CDC000E042DCF80030024304F10C0000F09AF974
:10CDD000AB687BB923692A681A606B68226943F0E3
:10CDE000005393602268236912685268DA602369ED
:10CDF0001033236167B12369084A1F6023699A6071
:10CE0000226823691268D268DA60236910332361CB
:10CE10003046BDE8F0816FF04106F9E710000020D0
:10CE200007B50022034B0092FFF798FF03B05DF8AF
:10CE300004FB00BFC0A20400012307B50022009339
:10CE4000024BFFF78BFF03B05DF804FBC0A20400A8
:10CE500038B5037B0446002B43D10368DB7A002BF3
:10CE600042D008F0E2FE0546002838D12368E26986
:10CE7000597904F10C0022EA0102E2611B6804F115
:10CE800070011B6800F03EF9636893B19A6882B93B
:10CE900022691B681360636822695B6843F0005372
:10CEA00093602268236912685268DA60236910333C
:10CEB0002361A3692269A433136023690C4A9A6031
:10CEC000226823691268D268DA602369103323610B
:10CED00023689A79E3691343E3610023A36028463A
:10CEE00038BD6FF02005FAE76FF04705F7E700BFA0
:10CEF000100000202DE9F3411D464FF48073284CAB
:10CF00008046002017460E46019300F0B9FA01ABA7
:10CF100023601123234A0121C4E9022304F11003F1
:10CF2000636040F61103E36104F120036361212390
:10CF3000089AE3621C4B46F000561A60099A45F0C5
:10CF4000005542F00052C3E901122022C4F81080BB
:10CF5000A6612762A5626162DA60BFF35F8F4FF05E
:10CF6000A3421460BFF35F8FBFF35F8F1361BFF302
:10CF70005F8FBFF35F8F03235363BFF35F8FBFF3F5
:10CF80005F8F9363BFF35F8F08F0D2FF431C0446AB
:10CF9000FAD0002000F09EFA204602B0BDE8F081F1
:10CFA000C079002004000020B07900202DE9F04174
:10CFB00098464B680446202B0E46174648D100255C
:10CFC000C161857608F0CFFC2146234B424641F8EB
:10CFD000843B04F12000142300F094F83268636A63
:10CFE00028461A60636A1D4A9A602268636A9268DA
:10CFF0005268DA60626A02F1100363624FF0807374
:10D00000C4F80431E36AD4331361636A144A9A6042
:10D010002268636A92689268DA60636A03F11002B8
:10D0200062621F61636A0F4A9A602268636A92684B
:10D03000D268DA60636A10336362069B23762368E2
:10D04000DB68C4E90355C4E901356561BDE8F081D9
:10D050006FF04100FAE700BFE0A2040020000020CA
:10D06000040000200C00002070B504460D4619B1E4
:10D070000A688B681AB953B96FF021063BE033B9DF
:10D080004B6823F00802102A01D0202B35D120460E
:10D09000256109F0A5F8064600282CD1184B04F1AB
:10D0A0007801236001236360AB6804F114009A06E1
:10D0B0009B01DBB202F0E0421A4342F480321123BA
:10D0C00000F020F8AB6893B92A68A3691A606B680E
:10D0D000A26943F0005393602268A3699269926841
:10D0E000DA60A3691033A3616368013363600022CF
:10D0F0001023C4E90223304670BD6FF04106FAE701
:10D1000024A30400026100F11402826000F1100205
:10D110004160C2600A604268034991604268D3601E
:10D12000436810334360704704000020C36870B543
:10D130007BB9C36900F128021A60C369454A9A6045
:10D140004368C269DB6843F48063D360C36910330A
:10D15000C361836A9B052FD40368C268DD6800F150
:10D16000EC04302D34BF082610261D6901366B1ED5
:10D170001340EB1AB34238BF5B191C44D50004F8C6
:10D18000015C03F1EB045209044400F1ED05A542F2
:10D190005CD1802280F8EC20426AC469C4322260EB
:10D1A000C26993604468C269E468D460C26910329D
:10D1B000C26102691A4402610269C469D31C23F086
:10D1C00003039B1A54F8042C42EA032244F8042C6B
:10D1D000C26952F8084C234443F0005342F8083C1B
:10D1E000026A0368DB6811600168026AC968033378
:10D1F0009160026A23F0030302F1100101620168E9
:10D20000C96899420BD0002111610168026AC9689E
:10D210005B1A43F080439360036A10330362836AAE
:10D2200013F4806311D102685169D26891420CD025
:10D23000026A13600268016A5369D2689B1A43F05C
:10D2400080438B60036A1033036270BD04F8012DC4
:10D25000120A9CE704000020B1F5AA7F70B50546CC
:10D260001BD303681C6814F0400419D100F11806A0
:10D27000304600F005F929460B4B30466B6051F8FB
:10D280007C2B13231268FFF73DFF084B20466B6190
:10D290000123C5E90344AB6070BD6FF02200FBE7DA
:10D2A0006FF00200F8E700BF90A304002DD1030047
:10D2B000BFF35F8F094A1368BFF35F8F43F4807138
:10D2C000BFF35F8F1160BFF35F8F23F48073BFF3F1
:10D2D0005F8F1360BFF35F8F704700BF00108051F6
:10D2E00008B5FFF7E5FFBFF35F8F064A1368BFF38A
:10D2F0005F8F43F00103BFF35F8F1360BFF35F8F56
:10D3000008BD00BF0010805170B50026C0E900665E
:10D3100005460C46FDF79AF901232B70FFF7C8FF6D
:10D32000BFF35F8F204BDB68BFF35F8F9B08013B30
:10D33000ACB3226842B19A4205D9FDF7A7F96FF064
:10D340003F002E7070BD1346D4E90115E068002936
:10D3500008BF4FF40071002808BFF1202469BFF313
:10D360005F8F114A9360BFF35F8FBFF35F8F1564C8
:10D37000BFF35F8FBFF35F8F5064BFF35F8FBFF367
:10D380005F8F5163BFF35F8F44F4802444F0010446
:10D39000BFF35F8F1460BFF35F8F0020D2E74FF4BD
:10D3A0000071F1202546DAE70010805170B503784E
:10D3B0000D461446002B53D0BFF35F8F2D4A136BDD
:10D3C000BFF35F8F5908C3F34203052B4BD011F015
:10D3D000060F02D14FF0FF3070BD4368D3B9BFF3E1
:10D3E0005F8F5368BFF35F8F032BF3D9224B234921
:10D3F000BFF35F8FD2F88060BFF35F8FBFF35F8FA3
:10D4000043F8046BBFF35F8F8B42F1D1FFF768FFE6
:10D4100001234360BFF35F8F164B9A68BFF35F8FA2
:10D420000132B4EB021F21D8BFF35F8F5A68BFF3FC
:10D430005F8FB4EB820FCDD884B1BFF35F8FD3F889
:10D440008020BFF35F8F291D05F8012B8D424FEA25
:10D45000122204F1FF34EFD0002CF5D10020BBE7FD
:10D460006FF02000B8E76FF05100B5E76FF03F00B4
:10D47000B2E700BF00108051101080512010805181
:10D4800010B50446FDF7E2F8104B186800F0F6F905
:10D490000CB101232370BFF35F8F4FF0A343002231
:10D4A000DA61BFF35F8FBFF35F8F4FF0FF321A6314
:10D4B000BFF35F8FBFF35F8F3422DA61BFF35F8FFB
:10D4C0000122034BC3F8042310BD00BFD415002074
:10D4D0000080045010B5044638B9FDF7D7F8BDE810
:10D4E0001040074B186800F0DFB903783BB1FDF737
:10D4F000CDF8034B186800F0D7F90023237010BD56
:10D50000D415002038B51A4CD4F80051C5B1BFF37A
:10D510005F8F4FF0A343996ABFF35F8FBFF35F8FB5
:10D520004FF0FF321A63BFF35F8F0023C4F800315E
:10D53000D4F800310F4B1868BDE8384009F000BB43
:10D54000D4F8083153B100F0B1F809F05FF8C4F82D
:10D550000851D4F808310121074BECE70749084886
:10D56000502201F0C8F85021044801F0BBF800BF78
:10D5700000800450DC150020D8150020A90E0500FD
:10D5800069A5040008B5074B186809F0C8FA064BEE
:10D59000186809F0C4FABDE8084000224820114686
:10D5A000DDF7E2BCDC150020D815002038B5094BAA
:10D5B0001C7864B1084B4FF0FF311D68284609F014
:10D5C000B0FA4FF0FF310446284609F0B7FA20467A
:10D5D00038BD00BF96830020DC15002038B5074B0E
:10D5E0004FF0FF311D68284609F09BFA04464FF0C2
:10D5F000FF31284609F0A2FA204638BDD815002090
:10D6000010B5064C236D3BB9214651F8503B986943
:10D6100009F049F901232365014810BDF079002084
:10D62000407A002038B500240B4D0C4BEC662B6083
:10D6300003F5C0436B60FFF7E3FF50B16B6D20460D
:10D64000B3F5007FCCBF4FF480634FF40073AB6041
:10D6500038BD0E20FCE700BFF0790020002080518B
:10D6600070B50E460E4B0F4C0546186800F006F9D3
:10D67000C4E90464FCF7EAFF04220B4BC3F804235B
:10D68000204608F0A5FF38B9204608F0A6FF18B9D3
:10D69000C5E90040284670BDFFF7A0FFF0E700BFD6
:10D6A000E0150020F0790020008004500048704709
:10D6B000F07900200422084B10B5C3F80823044673
:10D6C000FCF7E4FF00232361A364044BBDE8104092
:10D6D000186800F0E9B800BF00800450E015002091
:10D6E00000487047F079002000487047407A0020D9
:10D6F000244B0340B3F5806F2FD017DC402B2ED086
:10D7000008DC102B2DD0202B2DD0181E18BF012087
:10D7100040007047B3F5807F27D0B3F5007F26D057
:10D72000802B08BF0B2018BF02207047B3F5804F35
:10D730001FD00ADCB3F5805F1DD0B3F5005F1CD0AD
:10D74000B3F5006F08BF0620EDE7B3F5004F16D024
:10D75000B3F5803F08BF0320E5E7112070470A209A
:10D7600070470C2070470920704708207047072039
:10D7700070471420704705207047042070470F2021
:10D78000704700BFF0FF010010B50C4641F22C01BC
:10D7900008F06EFFC0F3812003280EBF0023024B68
:10D7A0001B56236110BD00BFCF0F05002DE9F043CC
:10D7B0001E4B87B081460F4601A819681646D2F85D
:10D7C0000480FFF74DFFDDE901545CBB2246314682
:10D7D000284603AB08F0EAFF044618BB4246494618
:10D7E000039808F0E7FEDDE904233146284608F0F7
:10D7F000AFFF284609F043F8284608F024FF044606
:10D8000080B9284608F0B6FF424601680646384609
:10D8100009F0C3F942467168B81809F0BEF9284604
:10D82000FFF748FF204607B0BDE8F083C4A304001B
:10D8300070B50F4E0F4C0546306800F01FF8206899
:10D8400030B980220C49FDF751FC70B920232360C8
:10D850002368094A013B2360002452F823202A60F0
:10D86000306800F021F8204670BD0224F8E700BFC0
:10D87000E4150020607A0020647A002008B54FF09B
:10D88000FF324FF0FF33F7F78FFF40B104490548EF
:10D89000172200F030FF1721014800F023FF08BDD8
:10D8A000D20F050069A5040008B5F8F733F840B1B8
:10D8B000044905481F2200F01EFF1F21014800F007
:10D8C00011FF08BDD20F050069A504002DE9FF472F
:10D8D000002705460C469246019700F10C06EFF32F
:10D8E0001189402383F31288BFF36F8F3046FAF714
:10D8F00061FA40B918491948882200F0FCFE8821D5
:10D90000154800F0EFFE3046FAF778FAAB68284683
:10D910005C4004EA0A02124903EA0A08534001AAD9
:10D92000CDE90237FAF73CF9019C3CB12046C4F836
:10D93000C0700021646EF9F79FFBF6E7DDE9023263
:10D9400023EA020330464946AB60F9F743FD4046FF
:10D9500004B0BDE8F08700BF89A6040069A50400F3
:10D96000496B04002DE9F04F85B00F46DDE90E1B31
:10D9700004461646EFF305836BB151EA0B030AD058
:10D9800039493A484FF4847200F0B5FE4FF484717F
:10D99000354800F0A7FE0291002F4CD006F001039D
:10D9A0000393F9F799FF04F10C098046EFF3118A0C
:10D9B000402383F31288BFF36F8F4846FAF7FAF9D2
:10D9C000029938B92A498822284800F094FE882113
:10D9D0002748DEE748460291FAF710FA16F0020FE0
:10D9E0001CBF0023A360A36806F00102029903EAAA
:10D9F000070592B1AF4212D1720744BFAB43A36097
:10DA00004846FAF7E5F9C0B919494FF49A72174830
:10DA100000F071FE4FF49A71DAE7002DECD151EA73
:10DA20000B0312D14846FAF7D3F90028ECD08AF359
:10DA30001188BFF36F8F002503E08AF31188BFF3CD
:10DA40006F8F284605B0BDE8F08FC8E91A762246E8
:10DA5000CDE9001B48465146F9F758FB0028EAD1AA
:10DA6000D8F86850EDE700BF1710050069A504005D
:10DA700089A6040008B5EFF3058343B106490748BA
:10DA8000382200F038FE3821034800F02BFEC0E9B0
:10DA90000233C0E9000008BD1710050069A50400A5
:10DAA00008B5054B044613B10021AFF3008000F028
:10DAB00087FB2046DDF780FD00000000F8B50E4B27
:10DAC00006461D68AB789B0712D56F6816F8014BA8
:10DAD00029462CB90A20B847002805DB204609E072
:10DAE0002046B8470028F1DAAB7843F00403AB7066
:10DAF0004FF0FF30F8BD00BF208304000CB430B5F8
:10DB000089B005460C461C22002101A809F06CF8DA
:10DB1000022305958DF806300D4B029323462CB158
:10DB2000B4F1004F28BF4FF00043013B1D440DAA44
:10DB30000C9901A80695009200F0E8F814B1059B35
:10DB400000221A7009B0BDE8304002B0704700BF33
:10DB5000216D0400242A2DE9F041044601D8012A50
:10DB60004CD1364B162209F0E3F81A5001B10C6083
:10DB700000273846BDE8F08135462E4616F8010BE1
:10DB80002028F9D0A0F109070346042FF4D92B2847
:10DB900036D02D2837D14FF0010CAE1C6B78302BCE
:10DBA00038D1307840F0200078282FD132F01000A2
:10DBB0002CD173783446102202360CF10040002735
:10DBC0000138B0FBF2FE02FB1E08392B82BF03F1C5
:10DBD000FF3343F02003263B303B9A421ED9774562
:10DBE00002DC03D1984501D24CF0020C354607FB0C
:10DBF0000237344615F8013B2E46E6E70546BCE7FA
:10DC00004FF0000CC9E74FF0000CC8E7002A08BF2E
:10DC10000822D2E7002A08BF0A22CEE701B10C6031
:10DC20001CF0010F18BF7F421CF0020FA1D0034B64
:10DC30002222074609F07CF81A509AE70C000000EF
:10DC4000242AF0B5044601D8012A40D12E4B1622D1
:10DC500009F06EF81A5001B10C600020F0BD2F469B
:10DC60003D4615F8010B2028F9D0A0F1090603461E
:10DC7000042EF4D92B282CD02D282CD10126BD1C04
:10DC80007B78302B2DD1287840F02000782824D1C3
:10DC900032F0100021D16B782C4610220235002082
:10DCA000392B82BF03F1FF3343F02003263B303B87
:10DCB0009A421AD9A0FB02040CB9C01801D346F04D
:10DCC00002062F462C4617F8013B3D46E8E707467B
:10DCD000C6E70026D3E70026D3E7002A08BF0822BC
:10DCE000DDE7002A08BF0A22D9E701B10C60F2077C
:10DCF00048BF4042B307B1D5034B222209F018F8C0
:10DD00001A504FF0FF30A9E70C0000002DE9F04F4A
:10DD100043688DB015468046029383789A0740F198
:10DD20000D8100240E78002E00F00A81252E0BD0E4
:10DD30004B1C0393013441463046029B9847002810
:10DD4000C0F2F6800399EDE74E788B1C252E0393E5
:10DD5000F0D00027B946BB46BBF11F0F38D8A6F15B
:10DD60002003102B0AD8DFE803F02A09093009093B
:10DD7000092109090928092D09091F00A6F1300305
:10DD8000092B33D92A2E37D11BF0400F55F8043B0D
:10DD900040F08280002BA7BF4BF0200B9946C3F1C7
:10DDA00000094BF0280B01E04BF0010B039B13F82B
:10DDB000016B0393002ECFD130E04BF0020B4BF000
:10DDC000040BF3E74BF0080BF0E74BF0100BEDE71B
:10DDD000BBF17F0F19D8A6F13003092BD2D81BF065
:10DDE000400F03D00A2101FB0737DFE70A214BF080
:10DDF000200B01FB0939D9E72E2E06D11BF0400F6D
:10DE000040F09E804BF0400BD0E76C2E31D02BD8E9
:10DE1000682E36D06A2E3CD04C2E3AD0002F46F0D9
:10DE20002003B8BF2BF04002A3F16501BCBF00275F
:10DE30001FFA82FB022901D9612B2FD10735072751
:10DE4000DFF8ACA225F0070508351BF0080F66D0F7
:10DE50000AEB070B56465E4563D1A4EB0A0AA9EB11
:10DE6000070906EB0A026FE1742E9FD07A2E9DD02F
:10DE7000D4E71BF0800F18BF4BF4007B4BF0800BF6
:10DE800094E71BF4807F18BF4BF4007B4BF4807B3E
:10DE90008CE74BF4207B89E71F4687E7A6F16301F7
:10DEA000122900F2F080DFE811F013004F00EE00BD
:10DEB000EE00EE00EE004F00EE00EE00EE00EE0091
:10DEC000EE00FE00E900EE00EE001B00EE00AF00E9
:10DED00055F8043B01270DF1180A8DF81830B4E706
:10DEE00055F804AB834BBAF1000F08BF9A461BF0FC
:10DEF000400F504614BF39464FF0FF3108F0AEFED8
:10DF00000746A2E741462020029B984700280FDBE6
:10DF1000013EB742F6D34C44B146A41B98E74E46A7
:10DF2000F7E7414616F8010B029B9847002892DA62
:10DF300098F8023043F0040388F802304FF0FF34C1
:10DF400020460DB0BDE8F08F1BF0800F34D01BF4DD
:10DF5000007F2CD0073525F00705AA4669685AF8D6
:10DF6000080B2BF010050029ADB237DA404245F41A
:10DF7000806561EB41010DF1180B0A235A4608F048
:10DF800079FEA0EB0B0301936B0662D5019B25F094
:10DF900001019F4289B240F3A180002E00F09980D8
:10DFA00015F0100240F09C80BB460D4623E0AA46C7
:10DFB0005AF8040BC117D4E7AA461BF4807F5AF81D
:10DFC000041B01D10846F5E71BF4007F19BF48B2D6
:10DFD00041F3C01108B241F3C031C2E750EA010376
:10DFE000C9D11BF0400FC6D0002FC4D12BF01102B5
:10DFF000BB46019795B240F2064115EA01021CBFEB
:10E000000BF1010B00222CE02BF010020A231FFA67
:10E0100082FB1BF0800C49D01BF4007115BF073543
:10E02000AA4625F007055AF8040B1EBFAA466968E0
:10E030005AF8080B50EA010545D12BF016051BF0E4
:10E04000400FADB242D0002F40D12BF01702019704
:10E0500095B215F0100248D0019B002E42D103F179
:10E06000010B29075AD4EB0706D5D9456FDDA9EB7B
:10E070000B030199CB465F185B4649E04BF0100B50
:10E0800010237826C5E7782B04D1C6F1780343F036
:10E090001003BEE741462520029B98470028FFF663
:10E0A00047AF023447E608230026B2E7AA461BF42E
:10E0B00080715AF8040BBDD01BF400711ABFC0B2B6
:10E0C000614680B2B6E72BF0060295B20DF1180B4F
:10E0D00054E725F01105BB46ADB28CE70D46B8E715
:10E0E0003B460D4603F1020BBBE7DDF804B082E7C7
:10E0F0009B10050094100500CDE904324146202014
:10E10000029B98470028FFF613AF049B059A013342
:10E110009945F1DCA4EB0B019B46CC180AB34146B0
:10E120003020029B98470028FFF602AF8EB90134D9
:10E130002744391B019B994224DC1D4655BB019A9B
:10E14000A9EB0B09554622441446914433E0019F44
:10E1500092E7023441463046029B98470028E7DAAE
:10E16000E6E640F206410D42E2D015F0020F04F15E
:10E170000104414614BF2B20202015F4806F18BFE6
:10E180002D20E9E741463020029B013498470028C2
:10E19000CFDACDE606AB013D4146585D029B98477C
:10E1A0000028CBDAC4E641462020029B0134984780
:10E1B0000028FFF6BDAEA9EB0403002BF3DCC1E59C
:10E1C00038B5074D074C641BA41024B9064B0BB19E
:10E1D000AFF3008038BD013C55F824309847F4E790
:10E1E0000000000000000000000000007047F8B5CB
:10E1F00005460E460024012707FA04F3334204D0F3
:10E200002B4202D02046D9F77DF90134042CF3D1FA
:10E21000F8BD70B5D0F8C03005460C4623B14B6050
:10E2200090F8C43001201AE0A030F9F789FF4FF4CC
:10E230007A76A0FB063206FB012147F611229818D8
:10E2400041F10001002347F61222D3F7C7F86060BE
:10E2500095F8C430002BE5D1003818BF0120637059
:10E26000207070BD1146FFF7D4BF836800EBC10179
:10E27000B3F5004F2CBF51F8220031F8120070475F
:10E2800000EBC1018068B0F5004F2CBF41F822308F
:10E2900021F812307047012208B5FFF7E6FFD040A1
:10E2A00008BD836800EBC101B3F5004F08D34B688C
:10E2B0001AB143F001034B60704723F00103FAE702
:10E2C0004B881AB143F001034B80704723F00103E0
:10E2D000FAE753000122FFF7D3BF8368B3F5004F7D
:10E2E00034BF04230823C91A081AC008704783687A
:10E2F000481CB3F5004F34BF042308230833A0EBB8
:10E30000D300B0FA80F0C0F11F0070472DE9F04152
:10E31000174603220E460446FFF7A7FF864205462E
:10E3200007F104080AD10122E368BA4023EA020394
:10E33000E360002344F82830BDE8F0813146022232
:10E340002046FFF792FF06462B4601460322204651
:10E3500044F82850FFF794FF334629462046BDE88D
:10E36000F0410222FFF78CBF70B50D468668044667
:10E37000FFF791FFB6F5004F014601D3012809D000
:10E380002046FFF7B4FF294602462046BDE870400C
:10E39000FFF7BCBF70BD2DE9F0470546FFF7A7FFAB
:10E3A00005EB800ADAF8109088460646B9F1000FAE
:10E3B0001BD00327DAF8104028462146FFF76BFFF1
:10E3C000404507D3324621462846FFF79FFF2046A7
:10E3D000BDE8F087032221462846FFF746FF013FAC
:10E3E000CAF8100001D08145E4D14FF0FF34EB684A
:10E3F0000136B4401C40EAD094FAA4F2B2FA82F298
:10E40000131D55F82340DEE72DE9F04114460E4672
:10E410000546FFF740FFA4EB0608371B07444246BA
:10E4200031462846FFF755FF3A4621462846FFF772
:10E4300050FF4346002221462846FFF721FF214690
:10E440002846FFF728FF3B46211800222846BDE852
:10E45000F041FFF715BF2DE9F041164604460F467F
:10E46000FFF719FF314605462046FFF714FF054424
:10E470002A4639462046FFF72CFF31462046FFF753
:10E480000AFF2B46311800222046BDE8F041FFF775
:10E49000F7BE2DE9F0410D4686680446FFF7FBFE06
:10E4A000B6F5004F014601D3012832D02046FFF7D0
:10E4B0001EFF04EB80010E6996B90122E3688240D9
:10E4C0001343E36002220D612B4629462046FFF7E5
:10E4D000D7FE032229462046BDE8F041FFF7D0BE13
:10E4E000022231462046FFF7C0FE07460346294672
:10E4F0002046FFF7C5FE0322334629462046FFF794
:10E50000BFFE39462B462046FFF7BAFE02223146AF
:10E51000E1E7BDE8F081F8B50C460546FFF7BBFE24
:10E520002618012231462846FFF79FFEC3070CD468
:10E5300031462846FFF718FF21462846FFF7ABFE75
:10E54000214622182846FFF786FF0022214628464A
:10E55000FFF78BFE271A012239462846FFF785FE72
:10E5600010EA020613D139462846FFF7FDFE214680
:10E5700032462846FFF779FE2246211A2846FFF741
:10E580006AFF214632462846FFF76FFE241A2146CD
:10E590002846BDE8F840FFF77CBF70B5056809B9AB
:10E5A000002070BDAB6801F00704B3F5004F2CBF2D
:10E5B0000822042207341444E40804EBD1049C42EA
:10E5C00028BF1C4628462146FFF7E5FE06460028E0
:10E5D000E6D001462846FFF75EFEA04209D9344442
:10E5E000314628462246FFF70FFF21462846FFF70F
:10E5F00050FF284601223146FFF753FEAB68B3F5C2
:10E60000004F34BF0423082303EBC6031844C8E7B4
:10E610001146FFF7C2BF2DE9F04706460D461746E3
:10E6200098462BB34FF0000A98F8004093F80190F9
:10E63000DB78A40004EB430498F802301C44444403
:10E64000CA4509D339463046AC46D8F8042008F10B
:10E650000803BDE8F047604714F8013B0AF1010ADE
:10E66000204648F82340D8F767FA01300444E7E72A
:10E670006FF01500BDE8F08770B50025024628460A
:10E68000144614F8013B0BB9184609E098B18D42C5
:10E6900007D1702B04D0A3F140023A2A0BD80020F6
:10E6A00070BDA3F140063A2E05D853780135941C6D
:10E6B000002BE9D00020252B224608BF80F0010066
:10E6C000DEE70020704700F01EBE0FB407B504A9B6
:10E6D00051F8040B019100F016FE03B05DF804EB55
:10E6E00004B07047002383F31188BFF36F8F0423B6
:10E6F000184602DF70470FB407B504A951F8040BA0
:10E700000191FFF7E0FF03B05DF804EB04B0704740
:10E7100010B50369024613F0080009D11368D468E4
:10E720009C429BBF0120526AE31AD31A0B6010BDB2
:10E7300000231846FAE713B501A90446FFF7E8FFDE
:10E7400020B1019BE268013B13440193606A019B85
:10E75000C01A013802B010BD10B504465018226925
:10E76000636AD20702D5013B184010BD984228BF0A
:10E77000C01AFAE710B504460A46C168FFF7ECFF75
:10E780002369E06023F00803236110BD38B50D460E
:10E79000026A8B00016843F00203044642F821300C
:10E7A00001682A46FFF7D8FFE3686168984208BF0E
:10E7B0002369206008BF43F008032A46204608BFAB
:10E7C0002361FFF7C9FF606038BD2DE9F74FC768C7
:10E7D000066A9B4606EB8703009316F8273004462B
:10E7E00003F00303022B884691464FF000030BD041
:10E7F0001360CBF8003023699B0713D44FF0000A55
:10E80000504603B0BDE8F08F56F827101360890812
:10E81000CBF80030EFD0FFF7ADFFE368A3604FF017
:10E82000010AEDE7E36906EB8700984716F8272011
:10E83000054612F0010AE1D012F002021FD0B8F131
:10E84000000F03D041462046FFF7A0FF61682A462B
:10E850002046FFF781FFD4E902219142606006D192
:10E860002A462046FFF778FF4FF0000AA060A26812
:10E870002260E260226942F008022261C0E701469C
:10E8800020460192FFF776FFE368A360B8F1000F1E
:10E8900004D02168236A019A43F8212005EB08027D
:10E8A000CBF8002021682046FFF756FF236920603F
:10E8B00043F00803236116F827306FF3000306F8CE
:10E8C0002730009BC9F80030A9E770B5044615460B
:10E8D000FFF742FF2368834205D12369216023F0BB
:10E8E0000803236170BD226AAB0043F0020342F8C3
:10E8F000213061682A462046FFF72EFF6060F1E76D
:10E9000038B5036904465B0706D5856AFFF713FF30
:10E9100085422CBFA562A06238BDF0B564230546D0
:10E92000042600200A2769B9F0BD9A42B2FBF3F42D
:10E930000CD2012B0AD048B903FB14220A24B3FBE2
:10E94000F4F3D2B2013EF0D12E70EDE7303405F889
:10E95000014BB2FBF3F403FB1422B3FBF7F30139D1
:10E960000130C9B2C0B2D2B2DBB2DCE7A0F13003F1
:10E97000DBB2092B02D800200B707047A0F16103B5
:10E98000052B02D85738C3B2F5E7A0F14103052B98
:10E9900001D83738F7E76FF015007047F7B505462F
:10E9A00001F0010000EB51069E424FEA510703D9E6
:10E9B0000026304603B0F0BD58B128780DF10701AC
:10E9C000FFF7D4FF0028F3DB9DF80730013502F88C
:10E9D000013B01351744BA42EBD015F8010C0DF19B
:10E9E0000701FFF7C3FF0028E2DB9DF80740240181
:10E9F000E4B2147015F8020BFFF7B8FF0028D7DB5C
:10EA00009DF807301C4402F8014BE4E7838B13F0B8
:10EA1000070305D10368002B0CBF002003207047BB
:10EA2000022B05D1C08BB0FA80F0400980007047FE
:10EA3000012B05D10368002B0CBF00200520704777
:10EA40000020704710B50C4600B111B96FF01500E9
:10EA500010BD081D00F02FF80028F9D1A368032B82
:10EA6000F6D9F3E72DE9F0410D4607461946281D72
:10EA700090461E46D9F75CFF044638B133464246FD
:10EA800029463846A446BDE8F0416047BDE8F0811C
:10EA900038B50C46054658B151B10B6843B14B68C7
:10EAA00033B12022002108F09FF800202C6138BDEE
:10EAB0006FF01500FBE7034640B1426802F0030225
:10EAC000022A06D0032A04D0012A05D06FF01500CF
:10EAD00070471A68002AF9D0002098607047704784
:10EAE00070B41E461546DDE9032381690468806B16
:10EAF00006FB0141294484682468A44670BC604731
:10EB000000224B6801334B60C069924208BF8342C8
:10EB100008BF4A60704700F079BC10B5411C04463C
:10EB20000F22FF20F2F780FC207010BD10B5437853
:10EB300004468B4209D1411C0F22FF20F2F774FCDE
:10EB400023781B1A5842584110BD0020FCE710B52D
:10EB500041780446FFF7EAFF40B14FF6FF73628841
:10EB60009A4206D16068431C5842584100F00100A7
:10EB700010BD0020FAE770B5064608460D4614465B
:10EB8000FFF7E5FF08B9002070BD20466178FFF768
:10EB9000CDFF0028F7D06388002BF4D163680133E0
:10EBA000F1D1A268B3699B1A326CB3FBF2F102FB9C
:10EBB0001133002BE7D168786378C31A5842584163
:10EBC000E2E70368012B81BFC91801F1FF315B4205
:10EBD000194008467047F6F79DBE2DE9F04F036CCB
:10EBE0009046D1E9002400265B00B2EB030B64F1F0
:10EBF000000407460D46A146C1E900B4C8E9006417
:10EC000089B00DF1100A5E4579EB040304D30023AB
:10EC1000184609B0BDE8F08F10235A46CDE900A38D
:10EC200038462346FFF75CFF03460028F0D10390E7
:10EC300097F820105046FFF779FF78B1BDF8121011
:10EC4000039B08291E4607D9F86BFFF7BAFF069BFE
:10EC500018448619C8E90069C5E900B43B6CBBEBF0
:10EC600003039B4664F10004CDE710B5016C826993
:10EC700086B0521A4FF0100102AC63F1000301910B
:10EC80000094FFF72DFF002808DB2046FFF75FFF09
:10EC900030B100209DF80920089B1A7006B010BD05
:10ECA0006FF00100FAE72DE9F3414FF01008026C14
:10ECB00085695200AD1A63F10006099B2A4600934C
:10ECC000CDF8048033460446089FFFF709FF58B982
:10ECD0002046226CCDE90878521946F1000302B0B3
:10ECE000BDE8F041FFF7FCBE02B0BDE8F08173B5AE
:10ECF000DDE90656CDE900560446FFF7D4FF20B9FA
:10ED0000324629462046FFF736FF02B070BD30B5C7
:10ED10000C46D1E900130546026C8BB0521843F142
:10ED20000003C4E90023006CA969A1EB40018A42F9
:10ED300013D1ABB9E9699A184B1E06A9C4E900239F
:10ED4000019102A928460091FFF7D1FF002805DBB9
:10ED500008D1D5E90223C4E9002300200BB030BD5F
:10ED6000013BEAE7089B2360F7E7102337B5CDE9BD
:10ED70000023D1E9002305460C46FFF7B1FE30B968
:10ED80002146284603B0BDE83040FFF7C0BF03B0BE
:10ED900030BD2DE9F04F06464FF0FF398DB0CDE97B
:10EDA00006230F46DDE916A10DF1170B039130463E
:10EDB000DDE9068508AA06A9FFF7D7FF044680BB50
:10EDC000099ABA4217D14FEAE972904208BF4D45FD
:10EDD0000AD02B4642463046CDF800B0FFF745FF3B
:10EDE000831C22D18DF817409DF8171008A8FFF753
:10EDF0009DFEF0B9A946DDE90612039B9A4208BFC1
:10EE00005145D4D1189E08AB0CAF1A4603CABA427A
:10EE100030607160134606F10806F6D1199BC3E90C
:10EE2000008520460DB0BDE8F08F0028DCD00446F8
:10EE3000F7E70124E6E72DE9F04389B00746DDE96D
:10EE400010851DB9002009B0BDE8F083816906680E
:10EE500003FB0166C36B16441C6864422C400DD052
:10EE6000806B83684246D3F8049031462346C847F6
:10EE70000028E8D12D1BE5D02644A0442A4641466F
:10EE8000684607F08AFEFC6B0DEB0500226861798D
:10EE9000521B07F0A9FEB86B23688268314654689C
:10EEA0006A46A047CFE71023F7B5CDE90013D0E9B4
:10EEB000022304460D46FFF7BEFF0646A8B9686860
:10EEC000D4E90257431C07D0D9F75CFD093004EBA5
:10EED000C00344F830505F601021E06BFFF771FE13
:10EEE0002D1A67F10007C4E90257304603B0F0BDA0
:10EEF0002DE9F0414FF0FF3200268CB004960592C8
:10EF0000ADF8122044F2012207920DF10F02009297
:10EF100032461D4604460696FFF7A7FE831CB04600
:10EF200040D18DF80F60A269216C12EB08024FEA04
:10EF3000410145F10003521A4FF01001019108A957
:10EF400063F1000320460091FFF7CAFD00282BDB88
:10EF50009DF80F309DF821105A1CD2B2914208BF83
:10EF600002338DF80F2008BF8DF80F309DF80F3059
:10EF700004A88DF81130FFF7D0FDD4E90267A3692A
:10EF8000226C13EB080345F100059B1A65F100059F
:10EF90002046C4E9023504A9FFF785FF20B9C4E97A
:10EFA000026701E00028BED00CB0BDE8F0811FB5BB
:10EFB00004461022FF21684607F016FE0023ADF834
:10EFC000023023696846029394F820308DF80130AE
:10EFD000FFF7A3FD69462046FFF765FF04B010BDAB
:10EFE00030B58BB004461022FF2102A807F0FCFDCB
:10EFF0000023A268ADF80A30236C06A89B1804937E
:10F0000094F8203010228DF80930E36B597907F01D
:10F01000EBFDD4E9021341BB226CA1695000884288
:10F0200088BF013BA1EB4202C4E9022302A8FFF71B
:10F0300074FD02A92046FFF736FF204604F10801BF
:10F04000FFF75EFD04F120030093D4E9022320467C
:10F05000FFF70BFE831C4FF0000514D184F82050FD
:10F06000E3680020C4E904530BE0D4E904028142C0
:10F0700073EB0202D0D3204606A9FFF714FF002845
:10F08000C7D00BB030BD0028EAD0FAE737B5CDE9DC
:10F0900000121546D0E904230446FFF7CCFE0028F1
:10F0A0000CDB2946E06BFFF78CFDD4E904321B181A
:10F0B0004FF0000042F10002C4E9043203B030BD59
:10F0C0002DE9F04F00F12005A9B00095D0E9022309
:10F0D0000446FFF7CAFD831C0BD1D4E90223204666
:10F0E000FFF706FF50BB00952046D4E90223FFF747
:10F0F000BCFD18BB002294F8203020460593E3683D
:10F100000AA9CDE90A23FFF7FBFC0A9BA569DDF8F4
:10F110002C90ED180693236C49F10006ED1A10AB04
:10F1200066F1000601931CAB00932A463346204645
:10F13000CDE90C56FFF7DBFD002802DA29B0BDE867
:10F14000F08F1AD1059B204684F82030FFF72FFF5F
:10F150000028F3D105464FF0FF364FF0FF3704F596
:10F16000825104F148030831994240F08C804B46AB
:10F170002046069AFFF7BCFEE0E79DF8713084F860
:10F180002030236C5B00EB1A089366F100030993AF
:10F19000129BCDE90C36DDE90CB8204614AA0CA967
:10F1A000FFF7E3FD0028C9D194F8201014A8FFF759
:10F1B000BDFC30B9DDE90832904508BF9B45EAD176
:10F1C000C0E7BDF85230002BF4D015990EAE0846BA
:10F1D000D9F7D8FB093004EBC00354F830205B6842
:10F1E000D4E90250B3F1FF3F08BFB2F1FF3F0396ED
:10F1F00018AE04BF03462A46CDE9005002962046C9
:10F20000CDE90EB8FFF7C5FD002897DBDDE90E2339
:10F21000434508BF5A45CDD1BDF85260082E25D9C7
:10F22000C2462269169F1692E26B1268524202F0A1
:10F2300020030793079D20ABB54228BF35460093B6
:10F240003A46534620460195FFF74AFC00287FF4D2
:10F2500075AF2A46204620A9FFF718FF00287FF443
:10F260006DAFEF194AF1000A761BE3D1059B14A894
:10F270008DF85130FFF751FC204614A9FFF713FE1B
:10F28000002897D05AE75A68A84208BF914501D193
:10F29000C3E90067083367E700231A46D9F72ABE97
:10F2A00037B5002500951C46D9F7D6FE002802DBAD
:10F2B000A04228BF204603B030BD002307B51A4640
:10F2C0000093D9F7C9FE03B05DF804FB03785B0730
:10F2D0005FBF03684288C3F34A2303EB12105DBF8C
:10F2E000173020F00700800800207047002070478A
:10F2F00004F0CAB90346D3E8EF0F421CC3E8E12F7C
:10F300000029F8D170471FB50023CDE902011A4644
:10F3100019461846CDE90033DAF7E8FA05B05DF88A
:10F3200004FB0120DAF70CB8002070474368DA715B
:10F3300001224368196043685A71D9F7F3BF70B569
:10F3400015460C4669B1D2E901369B1B99420AD891
:10F3500013680A460146981907F01FFCAB6823445E
:10F36000AB60204670BD6FF01B00FBE770B50E462A
:10F3700015461946044618B9BDE87040D9F7E0BFF4
:10F3800033B1C2F34A231030120D184407F005FCC4
:10F39000C4E900562046BDE87040DAF7F3B92DE91C
:10F3A000F3415F1C4FEA8708064608F1170020F07A
:10F3B000070080080C461546DAF75EF800238DF842
:10F3C0000470ADF805308DF8073068B10346019A36
:10F3D000A8F1040143F8102F2A46294452F8045B8F
:10F3E0008A4243F8045FF9D100233146A20102F4B6
:10F3F000E07242EA482222F07F4222F4700222F0B8
:10F400003F0202B0BDE8F041FFF7B0BF07B50123EE
:10F41000019201AAFFF7C3FF03B05DF804FB07B533
:10F42000CDE9002302236A46FFF7B9FF03B05DF878
:10F4300004FB1FB5CDE90123069B01AA0393032317
:10F44000FFF7ADFF05B05DF804FBF8B506460D46C5
:10F4500014461F4604B9F8BD214628463A46B0472F
:10F46000241A0544F6E710B542680446D2E90023A1
:10F4700081680068FFF7E9FF002263681A6010BD29
:10F480000A2838B504460D4602D10D20DAF7C6FA2F
:10F4900029462046DAF7C2FA002038BD2DE9F043AC
:10F4A000054687B008460E8891F800900C46D1F8C2
:10F4B00008801746DAF786FA011EC6F38216C9F3EA
:10F4C000C2091EDB4846DAF76FF90346214651F8B8
:10F4D000102B6088C2F34A22002A01EB020408BF05
:10F4E00000210022C0F30B10CDE90407CDE902147E
:10F4F0002846414601960092DAF7BAFA07B0BDE80D
:10F50000F0830023E2E7436800201B685B68996191
:10F51000704701212DE9F04143681B685A68117753
:10F520001D682F68D5E90136D3E900481CB96B681E
:10F530001C60BDE8F081214630464246B847241A97
:10F540000644F3E743681B681868DAF719BC70B51E
:10F5500043680C461D686B689869D9F7CDFE214653
:10F5600003460F222868BDE870401847704770B501
:10F570004C680368A34201D2012070BD8A6822440E
:10F58000934201D30020F8E74E69D1E90325B54243
:10F5900003D36FF00B038B61F4E71B1B42F835308C
:10F5A0004368086902EBC00253600B6901330B61C9
:10F5B000E2E737B50C46C0B201A91546DAF754FCAC
:10F5C00000280CDB019850B121462A46DAF772FC7C
:10F5D00004460198FFF7CAFF204603B030BD6FF024
:10F5E0001504F9E70020DAF7B1BC00221146DAF77A
:10F5F0007BBC034610B508460AB10021116053B127
:10F60000D0B1411E11F8010F80B113F8014BA04297
:10F6100001D13D28F6D100200EE0013313600AE04D
:10F620003D2808D0B0FA80F0400905E018782F286E
:10F63000F6D1002AF1D1012010BD10B509B1002387
:10F640000B6058B103461A781C4601332AB13D2A93
:10F6500003D02F2AF7D101B10B60201A10BD08305A
:10F66000704713460A46D0E90001FFF719BEF0B50E
:10F6700000274FF0004400F5805585B085F85C7098
:10F6800000F1080608236A4621463046FFF708FEC7
:10F69000831C21D1B4F1004F4FF000070FD1082394
:10F6A000214630460DEB0302CDE90277D9F722FC63
:10F6B000002802DB3846C5E9154705B0F0BDAB6D43
:10F6C0003046CDE902370823696D0DEB0302D9F707
:10F6D00011FC00EAE070F0E70028EEDB0099B94287
:10F6E0000ED195F85C20C4F34303934217D8009BD6
:10F6F000019827466C65AB650028DED00446C1E75B
:10F700003046FFF7C9FD0028D7DB08236A462146AB
:10F7100030460097D9F7EEFB0028E2DACDE785F80E
:10F720005C30E4E77FB500F10805044628460E4644
:10F73000FFF7B2FD002818DB284606F18041FFF7ED
:10F74000ABFD002811DB46F0010608236A4631466E
:10F750002846FFF7A5FD002807DB009939B9314697
:10F760002846FFF799FD00281ADA04B070BD082377
:10F7700028460DEB0302FFF793FD0028F5DB019A05
:10F780001AB9029904F58053996508230392284613
:10F7900000990DEB0302D9F7ADFB0028DFDAE4E7AF
:10F7A0000199D1B1082328460DEB0302FFF778FD3C
:10F7B0000028DADB009B28460293082301990DEB11
:10F7C0000302D9F797FB0028CFDB039B1BB9009BF3
:10F7D00004F58054A3650020C7E7009B04F580541E
:10F7E0006365F8E72DE9F0410D4607464A2194B0DC
:10F7F000284607F033FA01462846D7F7A9FE002627
:10F8000020F0404424F01F0407F1080866F3440484
:10F810004923404601AA44F00041FFF741FD031E81
:10F820000BDC07F5805393F85C300136B342EDDA18
:10F830000024204614B0BDE8F081002250336B4410
:10F84000284601A903F84C2CD7F764F90028F0D01A
:10F85000E7E710B5044671B1FFF7C4FF68B120F0C7
:10F86000404121F0010104F1080041F04041BDE8B0
:10F870001040FFF722BD6FF0150010BDF8B504462B
:10F8800016461D46C1B1BAB1FFF7ACFFB0B120F0CA
:10F89000404020F0010040F0404708342B463246FB
:10F8A00039462046FFF7FCFCA84207D139462046DE
:10F8B000BDE8F840FFF701BD6FF01500F8BD38B5A1
:10F8C000049C1546626818468A4228BF0A46216889
:10F8D000A847A06038BD821C0FD0431C0BDA10F182
:10F8E0003D0F0DD010F11C0F08BF6FF08D0018BF39
:10F8F0006FF0910070470028F9E76FF08B007047B8
:10F900006FF09700704770B58AB00E9E0D461C468A
:10F9100011468EB183B17AB102462B4601A8DAF7BF
:10F9200021FE58B93246214601A8DAF7DDFA0AB0BD
:10F93000BDE87040FFF7CFBF6FF086000AB070BD22
:10F9400000B50B468BB0114662B1024601A8DAF74A
:10F9500009FE48B901A8FFF748FE0BB05DF804EBBB
:10F96000FFF7B9BF6FF086000BB05DF804FB70B510
:10F9700005461C4686B083B10D430ED003AB019300
:10F980000823009304ABDAF7FFFD20B9059BC4E917
:10F990000033049BA36006B070BD6FF08600FAE7E9
:10F9A0002DE9F04FDFB01D46DDE9693883460E468C
:10F9B000689C099243B924B9B8F1000F01D00643FD
:10F9C00009D16FF0860309E0B8F1000FF9D050EAD1
:10F9D0000103F6D034B90023C8F8003018465FB0F0
:10F9E000BDE8F08F04EB050ABAF5807FE9D8202343
:10F9F0000CAA00F0E5F803460028EFD14FF492730B
:10FA00000DF154090BAF009358464B463146099A05
:10FA10000197DAF7B9FD03460028DFD14FF4807370
:10FA20001AAE0697059304963B682021143BCDE956
:10FA30000263082317AACDE900930CA80C23DAF778
:10FA400029FE034630B93A68AA420FD26FF0860306
:10FA5000C8F8000021210CA80993F9F791FA4FF496
:10FA600092714846F9F78CFA099BB7E7924588BF2F
:10FA7000541B09902246699871193C6007F08DF873
:10FA8000099BC8F80040E5E72DE9F04F98460023B0
:10FA9000DDB0099350EA010309AF06460D469146D1
:10FAA000DDF89CA169D0669B43B9B8F1000F64D121
:10FAB000BAF1010F08D96FF0850B54E0BAF1010FCC
:10FAC000F9D8B8F5807F58D8082313AC00934A467C
:10FAD0002346304629460197DAF756FD834600282B
:10FAE00045D010F18C0F3ED12023304629460AAA7A
:10FAF00000F066F8834660BB0C2115A8DAF7FCFD20
:10FB0000834630BB4FF48873C4E900A8059318AB53
:10FB1000CDE90383669B2021029308230697CDE954
:10FB2000004315AA0C230AA8DAF782FD8346212197
:10FB30000AA8F9F725FABBF1000F0FD13B684A4636
:10FB400014330093304623462946FFF7DCFE8346F4
:10FB500020B14A4630462946FFF7F2FE4FF4927133
:10FB60002046F9F70DFA58465DB0BDE8F08F2368DE
:10FB7000DB07B9D56FF0840BF5E76FF0860BF2E782
:10FB800070B550EA010305460C46164686B011D002
:10FB900003AB01930823009304ABDAF7F5FC38B903
:10FBA000049BDB0709D4324628462146FFF7C8FEEE
:10FBB00006B070BD6FF08600FAE76FF08400F7E7DB
:10FBC00030B51F2B87B015461C46CDE9040113D96B
:10FBD000F2F7C4FF18B96FF0880007B030BD0823F2
:10FBE0000022009311460220CDE9015404ABF2F744
:10FBF00059FF0028F1D0EEE76FF08600EDE706F040
:10FC0000F3BF06F0CABF01460068DAF7D1BD08B5F8
:10FC1000DAF72AFEBDE80840DAF74ABE0A460121B3
:10FC2000FFF7F4BB00210120DAF7C2BDD0F8A830FD
:10FC300083F30B8870476FF08500704761B662B63A
:10FC400080F31188BFF36F8F704772B6002383F380
:10FC50001188BFF36F8FBFF34F8F30BF62B6BFF312
:10FC60006F8F704772B6002383F31188BFF36F8FD5
:10FC7000BFF34F8F20BF80F31188BFF36F8F62B641
:10FC8000704740E800F313F4803FD8B208BF6FF02C
:10FC90001500704730B50C684B6885B00A894D89EE
:10FCA0000094013B24F01F04234402F01F0242EAA7
:10FCB000451223F01F0369468DF808200393DBF7F4
:10FCC00039FA05B030BD08B5D1E9043198470020B4
:10FCD00008BD08B5DBF778FC002008BD7047C16A95
:10FCE0008968DBF7FDBC030C020E4B70C0F30723E1
:10FCF0000A708B70C870704792B281600160C280D8
:10FD00008280704703680B6043684B6083688B6038
:10FD1000704710B50C460221DBF73CFF230A037045
:10FD2000447010BD10B50C460121DBF733FF0470A1
:10FD300010BD10B50C460321DBF72CFF230C03701C
:10FD4000C4F307234370847010BD10B5036801210C
:10FD50001C78DBF73BFF204610BD10B5036802217D
:10FD60001C88DBF733FF204610BD10B50368022165
:10FD70001C88DBF72BFF64BAA4B2204610BD10B577
:10FD8000036804211C68DBF721FF24BA204610BD5C
:10FD900002688068101A70478388C2888168D21A06
:10FDA00003685B1AD01A704738B50D4614461146E1
:10FDB000DBF740FF22462946BDE8384006F0EDBE9D
:10FDC00010B50C460121DBF735FF047010BD10B5EE
:10FDD0000C460221DBF72EFF0470240A447010BD8C
:10FDE00010B50C460221DBF725FF230A037044708F
:10FDF00010BD10B50C460321DBF71CFFC4F307232D
:10FE00000470240C4370847010BD10B50C4604219E
:10FE1000DBF710FF01462046BDE81040FFF763BF47
:10FE200070B50D4600210446FFF707FC0D2818D1D8
:10FE3000237B302B13D0312B13D1012305F8063B44
:10FE400004F10C062A462046012302210234FEF763
:10FE5000A5FDB44205F1FF35F4D1002070BD0023AB
:10FE6000ECE76FF01500F9E70020704710B50C467D
:10FE7000017822788AB08A420FD06946DCF782F98D
:10FE8000204605A9DCF77EF910220DF115010DF1D0
:10FE9000010006F0B1FE0AB010BD012A06D0022A08
:10FEA00007D072B940886388C01AF4E74068636875
:10FEB000FAE71022611C01300AB0BDE8104006F0DC
:10FEC0009BBE6FF01500E6E7042A0AD0102A0DD079
:10FED000022A4FF0000315D103700B8843800120E4
:10FEE0007047012303700B684360F8E7022300F8B2
:10FEF000013B01F1100351F8042B994240F8042B07
:10FF0000F9D1ECE718467047012310B506210446E5
:10FF100000F8013BF3F760FC18B9A37963F03F03E5
:10FF2000A37110BD0B6803608B8883808B7983710C
:10FF3000037823F00203037070470078C0F3400099
:10FF4000704738B50446807ADBF780FB6169054667
:10FF500049B1637ADB0704D4C36A20461B689B68F7
:10FF600098470023636121462846BDE8384003F0E6
:10FF700043BF438A23B9C068B0FA80F04009704794
:10FF8000002070470F2807D80D280BD8052808BF78
:10FF9000032018BF02207047132803D01A2808BF77
:10FFA0000120F6E7012070477047FFF72FBA03469C
:10FFB00010B5D3E8EF0F40EA0102C3E8E42F002CAC
:10FFC000F7D110BDFFF72BBA0023D9F7FBBBD0E860
:10FFD000EF3F0B40C0E8E23F002AF8D1704770477E
:10FFE00038B504460D46DCF789FC5F3005D129465B
:10FFF0002046BDE83840DCF701BB38BD0020704723
:020000040004F6
:1000000010B503884288934219D8052B17D9B2F549
:10001000486F14D88388B3F5FA7F10D240F676443F
:10002000C088A0F10A0189B2A14208D801339BB26D
:100030005343B3EB800F34BF0120002010BD0020DC
:10004000FCE7002070470020704770B506460D465B
:100050004FF0FF304FF0FF31DCF7B0FE044618B927
:10006000BDE87040DCF79EBA03210C30DBF7E2FDFF
:10007000068085702146BDE8704042F22100DCF721
:10008000C5BF70B506460D464FF0FF304FF0FF314B
:10009000DCF794FE044668B103210C30DBF7CAFD9F
:1000A000068085702146BDE87040002240F206407F
:1000B000DDF7C6B86FF0680070BDC368187808B186
:1000C000DCF77ABA1846DDF789BD38B54FF0FF3155
:1000D00005464FF0FF30DCF771FE044668B102219F
:1000E0000C30DBF7A7FD2B88214603800022BDE8FA
:1000F000384042F21600DDF7A3B86FF0680038BD53
:10010000F8B507460E464FF0FF304FF0FF31154669
:10011000DCF754FE044678B106210C30DBF78AFD8B
:100120003B884680038085802146BDE8F840002258
:1001300042F22200DDF784B86FF06800F8BD08B520
:1001400000200021DDF712F818B1BDE80840DCF707
:1001500057BFBDE80840DFF729BE072208B506F003
:100160004BFDB0FA80F0400908BDFFF74FB90028F9
:100170000CBF08460020704770B50D4604460028A5
:1001800045D0002943D000F11803D3E8AF2F9207E0
:1001900011D40A68C0F809208A88A0F80D2001222D
:1001A0000272D3E8EF1F41F01001C3E8E21F002AFA
:1001B000F7D1002070BD4FF0FF304FF0FF31DCF77A
:1001C000FDFD064630B307210C30DBF733FD034657
:1001D0006278314603F8012B2A68C0F80120AA880A
:1001E00042F235009A800022DDF72AF80028E1D19A
:1001F00004F109039D424FF001031EBF2A68C4F8B1
:100200000920AA88237218BFA4F80D20D1E76FF047
:100210001500CFE76FF06800CCE713B5044680B156
:1002200006216846F3F7D8FA48B99DF805306946C3
:1002300003F03F0320468DF80530FFF79DFF02B025
:1002400010BD6FF01500FAE7012070471830D0E8B4
:10025000EF3F23F02003C0E8E23F002AF7D17047C8
:1002600010B50C4631B10020DDF7DAFD08B90123E5
:10027000237010BD6FF01500FBE700207047D0E839
:10028000AF0F084100F001007047034610B5D3E8F6
:10029000EF0F00EA0102C3E8E42F002CF7D110BDF4
:1002A000012310B403FA01F1044642B1D4E8EF3F50
:1002B0000B43C4E8E23F002AF8D110BC7047C943A1
:1002C00010BCFFF7E2BF73B51D469DF81C30044615
:1002D0009DF8206063B15EB1069B6A4642F2380128
:1002E000204600950193DEF70BF868B102B070BDAF
:1002F000CDE9001220466A4642F23701DEF700F8E7
:100300000028F3D1002EE7D11834D4E8EF3F43F0B2
:100310000403C4E8E23F002AF7D10020E6E72DE914
:10032000F04180460F464FF0FF304FF0FF3186B06E
:100330001446DCF743FD064688B300F10C0537B3DD
:1003400001212846FFF73CFD01212846FFF738FD33
:10035000284698F80110FFF733FDD4B121882846CC
:10036000FFF735FDA1782846FFF72AFD304608F152
:10037000180203A908230097DCF70EFD002231467E
:1003800042F23900DCF75CFF06B0BDE8F081394687
:10039000D7E721462846FFF71AFD2146E3E76FF02D
:1003A0006800F1E72030F6F7DDBA38B50D460446AF
:1003B000D0B10846DDF7FEFEB0B104F11803082104
:1003C0001846FFF75CFF78B929782278914204D06B
:1003D0006FF020011846FFF758FF29462046BDE878
:1003E00038400022DEF72CB96FF0150038BD38B563
:1003F000044610B304F11805FFF7D4FF082128467E
:10040000FFF73DFFD8B16FF080012846FFF73DFFB1
:10041000030602D52046FFF719FF09212846FFF7FA
:100420002EFF18B100212046DDF710FF00222046E4
:10043000BDE838401146FFF772BF6FF0150038BDB8
:100440002DE9FF41DDF828800F460446F8B100F1A0
:1004500018060B213046FFF712FF05460A213046E9
:10046000FFF70DFF45B128B9B8F1000F04D06FF0C8
:10047000850009E0002AFAD1CDE90150394620462D
:10048000CDF80080FFF71FFF04B0BDE8F0816FF0EA
:100490001500F9E7D0E8AF0F7047034610B5D3E871
:1004A000EF0F00EA0102C3E8E42F002CF7D110BDE2
:1004B000D0F8B400003818BF012070472438DFF7A7
:1004C000A5B8002203680BB9184670478B4210D1BB
:1004D0000B6842B942680360914200D14360002337
:1004E00001200B60704713604368994208BF426067
:1004F000F5E71A461B68E6E7837A072B01D1DFF799
:10050000D1B8704710B50446006918B1DBF748FA56
:100510000023236110BD38B5037A04468B4215468B
:1005200015D100F170010722284606F065FB80B165
:10053000E378072243B904F17E01284606F05CFB0C
:10054000B0FA80F0400938BD04F17701F5E70020EA
:10055000F9E70120F7E78378012B0CBF703000200A
:100560007047F8B507460D464FF0FF304FF0FF31AA
:10057000DCF724FC0646D0B10E210C30DBF75AFB29
:1005800004460E22002106F02FFB3B8831462380D3
:100590002B88002263806B8842F21300A380AB8813
:1005A000E380EB882381BDE8F840DCF749BE6FF0BB
:1005B0006800F8BD704710B50446F6F757FF2346AC
:1005C00053F84C2BD2F8B41061B9E164D2F8B810EA
:1005D00061B9C2E92D33F6F79BFF2068BDE81040F2
:1005E000DFF7F6B98B42F6D00968EDE70B60C2F889
:1005F000B830F0E770472DE9F843446B002C55D034
:1006000054F8085905B1083D002701E02C461D4665
:10061000D4E900682EB3F6F729FF0022D6F8B430EB
:1006200004F14C0163B1994232D1E36C42BBD6F87C
:10063000B820C6F8B430914201D1C6F8B830E764AA
:10064000F6F766FF04F13009002200234846F5F76B
:10065000D5FA0646F8B9D8F804300BB120469847C9
:100660002760E3680BB120469847D8F820300BB1DB
:1006700020469847D5B1AB68002BC7D0083BC5E7EB
:100680001360D6F8B830994208BFC6F8B820D6E74C
:100690001A461B68C6E7B36923B16FF06D02F169B2
:1006A000206898473046DBF77BF9CDE7BDE8F88353
:1006B000F8B50F4600210546164600234FF22442A6
:1006C0000846E0F733F8044620B92846BDE8F8406C
:1006D000DFF7F8BF04210C30DBF7ACFA0570477088
:1006E00046802046F8BD406B28B1838B08388B428A
:1006F00001D08068F8E7704710B54AB989B2FFF7B2
:10070000F2FF28B143689B6913B1BDE81040184758
:1007100010BD38B50D460521FFF7E5FF002329463A
:100720001A46E0F71DF8044610B12846DBF738F901
:10073000204638BD406B28B1838908388B4201D0F0
:100740008068F8E7704770470346006828B1596829
:10075000026888421A6008BF5A607047034600204A
:1007600003B970471A8A5B681044F9E710B5D4687A
:100770000231237813B92170012010BD8B42FBD0C8
:10078000038A023B038200201061F6E7FEF73EBEBB
:1007900073B51446014605464FF49572206800F083
:1007A0000CFE207530B92946206800F095FE20B96E
:1007B00008232375002002B070BD237AB3B1A3F1E2
:1007C0001802534253419B000193638A29460093C8
:1007D000AE68238AE2682068B047002808DB238AD5
:1007E00098420CD1002301202375E4E70223EBE7B4
:1007F00010F1FF0F03D34042C0B22075DAE70E209C
:10080000FBE71FB5CDE9012300231A460093E2F769
:1008100007F905B05DF804FBF8B5936805460F4687
:100820001446166863B9506801210C30DBF702FAF0
:10083000A0602B681B78002B14BF022301230370D8
:10084000A3681B78012B03D0022B1FD000201CE0D3
:100850002B681B78002BF9D1606804210C30DBF782
:10086000E9F9E06007802A68E36852885A80616885
:10087000728D738B088A9A4294BFC0EB0200C0EB62
:100880000300042894BF00200120F8BD2B681B78CA
:10089000022BDBD1606812210C30DBF7CBF9E06072
:1008A00007802B68E268591C0232113351F8040B9F
:1008B000994242F8040BF9D16168728D738B088AF2
:1008C0009A4294BFC0EB0200C0EB03001228D9E7A4
:1008D00070B40568AA6A52B3136803B1B03BA2F1C1
:1008E000B0040022114600E0B03B844207D0668D80
:1008F000648BB14238BF3146A24238BF22461C4603
:100900002BB1D3F8B030002BEED18442EFD1438D20
:10091000408B8B4201D890420BD9824238BF0246AD
:100920009942286838BF194670BCE3F75FB8114692
:10093000EDE770BC7047D0680431037813B90170DB
:10094000012070478B42FBD0002091680B8A043B4A
:100950000B82106170472DE9F04104468868FFF76B
:10096000FDFE638D628B0D46934228BF1346834282
:100970001DD30027E165D1F808808F60F6F776FD7A
:1009800041462046E0F754F9064638B1C5F80880DC
:10099000E765F6F7BDFD3046BDE8F081618D638BFC
:1009A0002846994228BF194600F093FDF1E76FF001
:1009B0007906F0E738B504460D46E0F739F930B16D
:1009C000294604F16000BDE8384003F00ABA38BD9A
:1009D00070B504460E46002200230846F5F70EF9CE
:1009E000054658B101462046E0F722F9044618B101
:1009F0002946304603F000FA204670BD6FF001042E
:100A0000FAE72DE9F04F044685B010469046994626
:100A1000FFF7A4FE638B628D8B46934228BF13467B
:100A2000834240F29380636840460393DBF704F807
:100A30004FF0000A06464046FFF790FE628B638D3A
:100A400006F10C079A4294BFC0EB0205C0EB030508
:100A50003846FFF7A1F9854217D24046FFF77EFEE0
:100A6000628B638D9A4294BFC0EB0205C0EB030515
:100A70008DBB98F80A00DAF7E9FD00220023FFF7A2
:100A80002EF9064630B9574636E03846FFF784F966
:100A90000546EDE701464046DBF70CF84046FFF718
:100AA0005DFE628D638B06F10C079A4294BFC0EB2A
:100AB0000205C0EB03053846FFF76EF985421FD2E9
:100AC0004046FFF74BFE628D638B9A4294BFC0EBAA
:100AD0000205C0EB0305F168328ACDF80090DBF81F
:100AE00004700A4403985946ABB2B847071E0CDAA3
:100AF000BAF1000F18BF5746384605B0BDE8F08F71
:100B00003846FFF749F90546E5E70E9BB3B9394684
:100B100006F10C00DBF78EF84046FFF71FFE638DF1
:100B2000628BB944934228BF13468342BA441FFAEA
:100B300089F9A8D9AF423FF47EAFA4E739463046E1
:100B40000F9A0E9B98470028E1D19CE70027D3E736
:100B50000022036803B970478B420FD10B683AB982
:100B600042680360914200D1436000230B607047EC
:100B700013604368994208BF4260F6E71A461B6853
:100B8000E8E7D0E8EF3F43F00802C0E8E12F002992
:100B9000F7D1C3F3C00070472DE9F04106469046F7
:100BA0001F460D46B9B104220121E0F76FF9044652
:100BB00018B9BDE8F041E0F7ABB804210C30DBF721
:100BC00039F80570A0F80180C77021463046BDE8AD
:100BD000F041FFF7EFBEBDE8F08137B50C460546A2
:100BE00001F10C00FFF7B9F8228A03460192E2688E
:100BF0001221009228461322E0F798F903B030BD85
:100C000037B50C46054601F10C00FFF7A6F8228A1D
:100C100003460192E2682846009200221146E0F75E
:100C200085F903B030BD00232DE9F3411768144660
:100C3000D7F804800146137306469522404600F01B
:100C4000BCFB0546207330B93146404600F042FCFB
:100C500028B908232373002002B0BDE8F081CDE954
:100C6000005531463846A388A268FFF7CAFE00281F
:100C700007DA10F1FF0F32BF0E204042C0B22073DE
:100C8000E9E70120E8E700232DE9F341176814465E
:100C9000D7F804800146137306469522404600F0BB
:100CA0008CFB0546207330B93146404600F012FCFB
:100CB00028B908232373002002B0BDE8F081A068A2
:100CC000798D7A8B038A914294BFC3EB0103C3EB06
:100CD0000203012BEFDD02210C30DAF7ABFFCDE987
:100CE00000558046A38831463846A268FFF789FE42
:100CF000031E06DA13F1FF0F2ABF5B420E23DBB29D
:100D0000D8E70120A8F80030D6E707B5CA680C215B
:100D10001388528800920D22E0F720FC03B05DF8A2
:100D200004FB07B50022CB680A211B8800920B2226
:100D3000E0F714FC03B05DF804FB2DE9F041CB684B
:100D400005461F88BBB2162B1BD90321E0F7C8FA52
:100D50000646C0B102210C30DAF76CFF00244FF0D8
:100D60002108314680F8008044702846FFF722FEB3
:100D70002846A5F81A806F85FFF7AAFD2046BDE832
:100D8000F0810420FBE70E20F9E7F8B5054650F89E
:100D9000044C071F00F15403D3E8EF1F21F00401B6
:100DA000C3E8E21F002AF7D1FCB1AB6D83B96368D9
:100DB00073B1201DFFF7C8FC064601463846FFF711
:100DC000CAFD90B163683360A368666003B9A6602A
:100DD000384605F15C01FFF7FBFD30B1384604F100
:100DE0000C01BDE8F840FFF7F3BDF8BD2DE9F04177
:100DF000846A074634B354F8B06906B1B03E0023A4
:100E000007F104081D4601E034461646E26D92B92A
:100E100005B983B94046FFF797FC054650B1014636
:100E20002046FFF798FD68B17B682B60BB687D604A
:100E300003B9BD6023462EB1D6F8B020002AE3D016
:100E4000B03AE1E7BDE8F08138B50546D1E8AF3FFB
:100E5000DB0716D550F8040C98B1AB6D8BB9043094
:100E6000FFF772FC044660B10146281FFFF773FDCF
:100E700038B155F8043C5A6822609A685C6002B93F
:100E80009C6038BDE1F75ABD08B5E0F75FFD08B3D7
:100E9000826A02B3136803B1B03B32F8960C32F8A1
:100EA000862C904228BF104643B913E0934228BFD6
:100EB0001346984238BF1846A1F1B003D3F8B010DA
:100EC0005A8B5B8D0029F1D19A4228BF1A46904275
:100ED00038BF104608BD1046FCE70A8A0023C968DF
:100EE000E0F75EBE0120704708B5E0F72FFD78B14E
:100EF000836A6BB1B03B03F15802D2E8EF0F20F0E8
:100F00000800C2E8E10F0029F7D1D3F8B030F0E7CC
:100F100008BD08B50421FFF70DFC20B15430D0E81E
:100F2000AF0FC0F3C00008BD70B51C460E46154695
:100F3000DFF75AFE0123C0E90365C380047570BD65
:100F4000002203680BB9184670478B4210D10B681A
:100F500042B942680360914200D1436000230120FE
:100F60000B60704713604368994208BF4260F5E721
:100F70001A461B68E6E710600020704710B5029C17
:100F8000A36833B1B1F5807F28BF0E21CAB22146D4
:100F90009847A37DE268013BDBB2A37522B11BB980
:100FA0002046BDE81040104710BD10609180002021
:100FB000704700207047FEF732BAF0B50768064662
:100FC0003D78144689B0E5B97B88B3F5245F04D039
:100FD00011D8A3F52053032B13D8ADF80A10022221
:100FE00020460DF10A01E0F749FF70B16FF01502DC
:100FF000C4F8102206E003F55643FF339BB2042BDE
:101000001DD90125284609B0F0BD7B880222204663
:101010000DF10A01ADF80A30E0F730FF0028E5D104
:10102000009003AA132331467768B847021EDFDB1E
:1010300003A92046E0F722FF0028E2D0D6E7ADF86A
:101040000A10022220460DF10A01E0F717FF0028DE
:10105000CCD17B880222ADF80A300DF10A01E8E715
:10106000072208B505F0C8FDB0FA80F0400908BDB8
:1010700010B503780446934207D10130FFF7F0FF23
:10108000002814BF2046002010BD0020FCE70346C6
:1010900010B5D3E8EF0F40EA0102C3E8E42F002CBB
:1010A000F7D110BD034610B5D3E8EF0F00EA0102F7
:1010B000C3E8E42F002CF7D110BD0B6803608B88C8
:1010C00083808B7983717047D0E8AF0F7047FEF74C
:1010D0009DB9F8B599420446DDE906070D46089E1C
:1010E00001D90020F8BD914201D20120FAE760B990
:1010F0008FB933882946013B33802046099B0A9AE1
:1011000098473388002BEDD1EBE72168FEF7AEFE60
:101110000028EDD0E9E7E368BB42E6D1E9E770B526
:101120000D46064611F8010BDFF7EEF8044610B144
:101130002C89DEF70BFC6B89A34207D0EB686C812E
:1011400023B121463046BDE87040184770BD38B520
:10115000BDF810401546A2420CD84CB16BB1A21A92
:101160008A42A8BF0A4694B22246591905F015FDD5
:10117000204638BD6FF00600FBE76FF00D00F8E782
:1011800030B585B0C96814461D46E0F73BFF00B195
:1011900000890223ADF80E00009329462046BDF8D1
:1011A00020200DF10E03FFF7D2FF05B030BD1FB5B3
:1011B0000C461946E36810461C78BDF818203CB16F
:1011C00010240133069404B0BDE81040FFF7BFBF00
:1011D0005B88ADF80E30022300930DF10E03FFF78C
:1011E000B6FF04B010BD30B51D46002385B01446CF
:1011F0008DF80C30E0F7EEFE10B1037A8DF80C306C
:101200000123294600932046BDF8202003ABFFF7B9
:101210009EFF05B030BD2DE9F04114461D46BDF8D6
:101220001870DBF7E9FE0646D5F786FC80B206901B
:1012300033463A4629462046BDE8F041FFF787BFCE
:1012400030B585B014461D46FEF7FBFE0223ADF80F
:101250000E00009329462046BDF820200DF10E0314
:10126000FFF775FF05B030BD106000207047022AFF
:1012700010B508D1002300F170011A46007AE0F79A
:1012800031FF022010BDE1F74BF8FAE708B50C304A
:1012900029B10121FFF7FBFEC043084008BD6FF0F4
:1012A0000101FFF7FFFE00F00100F7E710B504466B
:1012B000FFF7ECFF38B12146BDE81040012211F8DC
:1012C000010BE0F7B3BE10BD38B504461546FFF775
:1012D00009FE48B12046E0F77DFE28B1037ADB071E
:1012E00002D50121FFF7E2FF55B9207A04F1700120
:1012F000E0F702FE20B18560BDE83840E0F7DABED5
:1013000038BD13B5044610B9002002B010BD00234B
:101310008DF8043042F60303006801A9ADF80630E9
:10132000FEF7A4FD0028EFD1E36898880028ECD1EF
:101330002046E1F735FB013080B2E6E770B5CC68B6
:101340001E46A37988B008468DF80C301546FFF785
:10135000D8FFADF80D00246823786BB96388ADF829
:101360000F300523009331462846BDF8302003ABEB
:10137000FFF7EDFE08B070BD631C0DF10F021134D4
:1013800053F8041BA34242F8041BF9D11323E9E7E5
:101390001FB5CDE9012300231A460093E1F740FB76
:1013A00005B05DF804FBE1F76DBCA0F10F0110F88A
:1013B000100CE1F7F5BEFFF767BD4B8A12F0010F85
:1013C000C3F30E0304D013F0950F10D0486870B12A
:1013D00012F0020F04D013F4957F0AD0896841B14E
:1013E000134013F4DE7F14BF052000207047022055
:1013F000704703207047F8B50F46516806464B8A80
:10140000144603F0940313BB0122E1F71FFF08B356
:10141000A2891B2130460232E0F752FB0546E0B1BB
:10142000A1890C300231DAF705FC20F8027BA28991
:10143000A16805F0B2FBD4E9041228460123FFF7A6
:1014400073FD29463046BDE8F840E0F797BC4FF001
:10145000FF30F8BD6FF01500FBE76FF00B00F8E709
:101460002DE9F04105468846E0F7B4FD0446E0B1B9
:10147000037ADB0719D500F10C073846FFF724FE85
:1014800010F0010611D1B8F1000F0FD06FF002017A
:101490003846FFF707FE10F0020F284609D0FFF785
:1014A00023FD01212046FFF701FF01263046BDE85C
:1014B000F081FFF717FD0028F8D02846FFF729FD37
:1014C0000028F3D06FF002013846FFF7EBFD284605
:1014D000E5E7704701207047012070470021F8B50B
:1014E0004FF0FF324FF0FF3305460846DFF71EF995
:1014F00000F10C07044601213846DAF79BFB05266C
:10150000012106703846DAF795FB002306701A466B
:1015100021462846DFF724F910B12046DAF740FAD1
:101520000020F8BD6FF08500704700207047436AC7
:1015300013B15B6803B118477047034610B5D3E891
:10154000EF0F40EA0102C3E8E42F002CF7D110BDF1
:1015500008B5E2F7FFFAC0F3400008BDC078431EAB
:10156000584258417047D0E8AF0F7047D0E8EF3F7E
:101570000B43C0E8E23F002AF8D1704710B504469B
:10158000E2F776FC012801D1002010BD21460F2092
:10159000E2F7DAFB0028F8D1012CF5D1EAF792FF47
:1015A000F2E7A0F57F40FC3808B5032811D8DFE842
:1015B00000F0040A0D02012008BDE2F759FC431EA9
:1015C00058425841F8E7E2F7A5FCF8E7E2F72EFDAC
:1015D000F5E70020F0E7032A0846194601D1E2F7B3
:1015E000DBBD704738B5137A14465A070D460BD445
:1015F00043F00403237223681BB11B680BB16268BC
:1016000098470DB10023236038BD0B7A5B0705D5E1
:101610000B681BB15B680BB149681847704708B588
:10162000FFF796FF18B1BDE80840EFF79FB9BDE896
:101630000840EEF7E3BC437C90F82D2003740023B0
:1016400080F82C20437480F82D30704708B50B7853
:101650004BB124300822C9680A3005F0CDFAB0FA3F
:1016600080F0400908BD0830F4E730B590F8483004
:1016700005460C4685B043B102AB0093CB686C3095
:10168000D1E9012100F085FC68B195F87030CBB14B
:1016900002AB0093E36805F19400D4E9012100F066
:1016A00078FC78B901200028D4BF002001206075A3
:1016B00001209DF808302375DDF809301BBA23613D
:1016C00005B030BD0020FBE738B502F099FC4FF4BF
:1016D0007A74A0FB040547F61222002304FB015193
:1016E000CFF77CFE38BD10B5044619B9E2F77EFB92
:1016F00020B910BDE2F784FB0128F7D1637AFF2BF4
:10170000F7D001336372FFF7DFFF6060F1E700237A
:10171000C0F81230C0F81630C0F82E30C0F83230A1
:10172000704710B514461AB1BDE81040E2F710BF7B
:10173000E2F7E4FE204610BD012901D0E3F758B9D5
:101740007047002202828285E3F752B9B0F8013077
:1017500002785BBA9BB243EA02407047FDF756BE7F
:1017600070B50D4604460146281D164600F099FA4C
:1017700038B93146206805F10802BDE87040E5F748
:101780002FBB70BD70470320EAF77ABF08B503206E
:10179000EAF776FF0420EAF773FF0720EAF770FF05
:1017A000BDE808400520EAF76BBF10B504460430D9
:1017B00000F097FC04F10C0000F093FC04F1100021
:1017C00000F08FFC04F1200000F08BFC04F11C0001
:1017D000BDE8104000F085BC0A460121FDF716BEA9
:1017E000F0B585B006460D4668461146174600F02E
:1017F0005CFC044670B928235D4305F14C00394672
:101800003044483500F064FC21466A467019E4F71C
:1018100009F90446204605B0F0BD30B501258BB06E
:101820000446BDF838008DF80C508DF80E100D0AE6
:10183000110A8DF80F108DF810208DF812301A0A49
:101840008DF81400030A0F9906A88DF80D508DF835
:1018500011208DF8133000F028FC50B904F1080372
:101860000193231D00930922234603A906A8E5F747
:10187000B3F90BB030BD10B50446043000F031FCB4
:1018800004F10800BDE8104000F02BBC0121E4F792
:10189000C3B938B50446032909D8DFE801F01302BB
:1018A0000D110123022183702046E4F79BF8208864
:1018B000BDE83840FFF7EABF022303218370F3E756
:1018C0008378ABB1002304F14805A3702846FFF7E5
:1018D0006CFF04F1700304F1980253F8041B934267
:1018E00045F8041BF9D10023042184F87030DBE7AC
:1018F00038BD62B18378012B04D1C1F10301C9B2B3
:10190000FFF7C7BF022B02D109B90321F8E77047DF
:1019100010B5044600210088E4F77EF994F84830B9
:101920001BB104F14800FFF740FF94F870301BB181
:1019300004F17000FFF739FF2088E3F735FD01213E
:101940002046E4F74FF896220021A01C05F04CF940
:101950004FF6FF73238010BD08B5E4F719F900387E
:1019600018BF012008BD38B5E4F712F90D4604464A
:1019700028B38378012B19D00FD9023B012B1CD936
:101980002A46012104F17000E4F74CF8A8B90121BE
:101990002046FFF77EFF002010E000F14C012846B2
:1019A00000F0ADFB0028EBD1062007E000F1740148
:1019B000284600F0A4FB0028EDD00B2038BD042001
:1019C000FCE708B5E4F7E4F818B1FFF7A1FF002041
:1019D00008BD0420FCE708B5E4F7DAF818B183780D
:1019E00000200B7008BD03460420FAE708B5E4F7B1
:1019F000CFF848B1C3780B7090F8420080F0010036
:101A0000034000200B7008BD03460420FAE7F0B540
:101A100085B006460D4668461146174600F045FB60
:101A2000044668B9691C6846CD0006EBC101E5F7BC
:101A300059F9044620B9281D3946304400F048FBC6
:101A4000204605B0F0BD10B5044600214088E4F7FB
:101A500053FB01212046E4F7C5FA20464FF0FF333F
:101A600040F80C3B00F03DFB04F1140000F039FBA2
:101A700004F108001022BDE81040002105F0B4B8C0
:101A800008B9E4F7C3BD70470846114608B1E4F74A
:101A9000DFBD7047030C020E4B70C0F307230A70C2
:101AA0008B70C870704738B50C460B7801460546F8
:101AB000013301F8013BA368607843EAC070FFF787
:101AC000E9FF638805F109011A0A6A71AB71A388FD
:101AD0001A0AEA712B72E068BDE83840FFF7DABFF6
:101AE00007B5CDE900120122694600F0C6FA03B03D
:101AF0005DF804FB7FB51D4601230C468DF80030D0
:101B000002F10C016B4452F8046B8A4243F8046BF7
:101B1000F9D1127869461A704FF480736A46ADF8AD
:101B20000E30E5F759FA68B96A46611E6B1E043437
:101B300011F8016F12F8015BA14285EA060503F86E
:101B4000015FF5D104B070BDF0B51C4619230646FF
:101B500089B00D468DF8003002F10C010DF1010342
:101B600052F8040B8A4243F8040BF9D11278694603
:101B70001A704FF4A063304604AAADF80E30E5F7B2
:101B80002BFA58BB04AF3A466B1E0435117813F894
:101B9000010F4140AB4202F8011BF7D104AA1146E4
:101BA0003046E5F719FAC8B901238DF8003004ABC7
:101BB000ADF80E0004AA03CB206061603046694690
:101BC000E5F70AFA50B9631E073413F8011F17F836
:101BD000012BA34282EA01021A70F6D109B0F0BDCE
:101BE0001FB5002413460A4601466846CDE9004465
:101BF000CDE90244FFF774FF04B010BD38B50D46BF
:101C00000446D4F799FF2A4601462046BDE83840ED
:101C1000FFF7E6BF70B50D461446002106468AB0B0
:101C20001C2203A8029104F0DFFF2346012269462B
:101C300002A8CDE90065E5F71FFA0AB070BD70B5DE
:101C40000646049D10461C460A462B463146FFF7C1
:101C500047FF00280ADB2046D4F76EFF2B460246DA
:101C600021462846BDE87040FFF73ABF70BD30B549
:101C700005468BB010461C46CDE90051012269464D
:101C800002ABE5F7F9F950B92046D4F755FF012228
:101C9000CDE9004069460E9B02A8E5F7EDF90BB0CF
:101CA00030BDF0B50C680D4694F9011007460029C7
:101CB000B4BF08260426012B10464FF000036278BB
:101CC00089B030D1CDF81130CDF81530CDF81930BC
:101CD00003238DF81030A3788DF81230E3788DF857
:101CE000133023798DF8143063798DF81530A3798A
:101CF0008DF816300DF11901FFF7CCFE0021AB88ED
:101D0000E21DCDE900113846CDE90226073B04A9C2
:101D100000F066F9044618B931462846D9F78AFF1B
:101D2000204609B0F0BD8DF81120A2788DF8103052
:101D30008DF81220E2788DF8132022798DF8142086
:101D400062798DF81520A2798DF817308DF816205C
:101D50008DF81830CEE7F0B50C680F4694F90110F5
:101D600005460029B4BF08260426012B10464FF073
:101D70000003627889B02CD1CDF81130CDF8153040
:101D8000CDF8193003238DF81030A3788DF8123078
:101D9000E3788DF8133023798DF8143063798DF85A
:101DA0001530A3798DF816300DF11901FFF772FE89
:101DB0000021BB88E21D9B1B9BB2BB802846CDE95E
:101DC0000011CDE90226073B04A900F02FF909B064
:101DD000F0BD8DF81120A2788DF810308DF812200A
:101DE000E2788DF8132022798DF8142062798DF82D
:101DF0001520A2798DF817308DF816208DF818303F
:101E0000D2E770B50D4688B0064604A81446FFF721
:101E10004AFE296968780B1E18BF012300280CBFF1
:101E20000420082022681B01CDE90220CDE900131F
:101E30003046A38804A900F0D3F8064638B96B7879
:101E40002046002B0CBF04210821D9F7F3FE3046B1
:101E500008B070BDF0B50D4689B0074604A8144619
:101E60001E46FFF720FE2A696878131E18BF01235B
:101E700000280CBF0420082031681B01CDE90210A6
:101E8000CDE900233846A388226804A900F0CEF8E3
:101E9000054618B93046A188D9F7CCFE284609B0C6
:101EA000F0BD002810B54FF000000CBF1024202416
:101EB0008AB0CDE90000CDE90200CDE90414CDE9F6
:101EC0000624CDE90834032268460C9B04A900F0DF
:101ED000D4F80AB010BD0346012B084602D1912167
:101EE000FFF798BE13B99121FFF77ABE6FF0150086
:101EF000704730B5044685B008461D461146089B1C
:101F000022464CB1012C11D100912021019169464A
:101F1000E5F7B2F805B030BD10220091CDE90125FA
:101F200003926946022200F0A8F8F3E76FF015006B
:101F3000F0E71FB50824CDE902340023CDE90033D2
:101F4000192300F073F804B010BD30B58BB08DF8D4
:101F5000081011680446CDF8091051681846CDF8EC
:101F60000D100DF111010E9DFFF794FD02AB0093D2
:101F70000D23012201936946204606ABE5F746F89A
:101F8000024618B906AB03CB2860696010460BB057
:101F900030BDF7B50C46089F11461D4622463B460C
:101FA0000646FFF7A7FD78B96B462246394630460C
:101FB000FFF7CAFD40B908222946684604F01CFE16
:101FC000002818BF6FF04C0003B0F0BD816070476F
:101FD00008B5F7F79FFE002818BF6FF0040008BD92
:101FE00070B58AB0119C09AEE518CDE90556109E72
:101FF0002404CDE903360F9B04F47C1401930E9B5B
:10200000029200930A4644F0A8610D23006841F44F
:10201000807102F020FB30B9099B9D4218BF6FF020
:1020200004000AB070BD6FF00400FAE770B51C46FA
:102030008AB0119B09AE1D042344CDE902230F9BF6
:10204000CDE905460193109E0E9B05F47C15009387
:102050000A46049645F0A8610D23006841F480719A
:1020600002F03DFB30B9099BA34218BF6FF004009A
:102070000AB070BD6FF00400FAE7F7B50D461646DA
:10208000014601AA02201F46E5F7EAF8044648B9CE
:102090003B463246294601A8E4F7B8FF04460198BA
:1020A000F7F7F0FA204603B0F0BD13B50C46102246
:1020B000014601AB206802F0DBF930B9019B102B1F
:1020C00018BF6FF0040002B010BD6FF00400FAE713
:1020D0000B68036003F16040052801D8E4F758BF9E
:1020E000704710B504460068F7F7CCFA20B92068AD
:1020F000BDE81040E4F736BF6FF0040010BD1FB517
:1021000004466846FFF7D1FF20B9102221466846F1
:1021100004F072FD04B010BD0246002330B5058BFB
:102120009D4201DC002030BD546904EB430034F8CB
:1021300013408C42F7D00133F2E738B54B68426860
:102140005B6812781B7805469A420C4601D0012044
:1021500038BD0989FFF7E0FF20600028F7D0002094
:102160006560F5E770B54B6842685B6812781B786C
:1021700005469A420C4601D0012070BDC6698968A7
:102180003368994202D000232360F5E721B9FFF7B5
:10219000C3FF002808BF00262660002EECD00020D8
:1021A0006560EAE7FDF732B938B501F029FF4FF471
:1021B0007A74A0FB040547F61222002304FB0151A8
:1021C000CFF70CF938BD136810B4012B03D9023BCB
:1021D00010BC1360704705D1002310BC1360090ABE
:1021E000FDF7EEBD10BCFDF7F2BDF8B5069C0D463F
:1021F000204616461F46FDF7CFFDA8420DD3A38803
:1022000021682A4619443846B047014610B1204695
:10221000D9F710FD6FF07700F8BD6FF06800FBE7AD
:1022200013460A460121FDF7FAB8136813B1013BC2
:1022300013607047FDF7C4BD0846114608B1E5F7C5
:102240000DBC704773B581680646A1B3CB6993B3E3
:102250008B8883B3E5F76AFB051E2CDD8C7C14F0BC
:10226000010411D0002302210DF10600ADF8063063
:10227000F1F7B2FA4FF4F073BDF80640B4FBF3F295
:1022800003FB12441434A4B22C4440F2E73047F666
:10229000122500214FF47A720023C4FB0501CFF709
:1022A0009DF8B668024620360B46304602B0BDE8BF
:1022B0007040F4F7E1BA02B070BD30B51D4600239E
:1022C00085B0CDE902030C460193ADF80C20FFF771
:1022D0003FF918B9E5F742F805B030BD2A46214666
:1022E000089B01A8E9F782F9F6E770B500234FF6DD
:1022F000FC76CA1C058A92B29D4201DC002070BDAA
:10230000C46834F813408C4205D0B44201D1012A8C
:1023100001D90133F0E70120F1E7F0B500230446CD
:102320004FF0280CC779D8B2874201D80020F0BD01
:102330000CFB03F5E6687019755B8D4202D1458888
:102340009542F4D00133EEE7F0B50246002328278A
:102350008679D8B2864201D8002007E007FB03F453
:102360009568013328192C5B8C42F2D1F0BD0B46E5
:1023700011461847E5F7FCBF42680820538843F030
:1023800001035380EAF77CB942680820538843F080
:1023900002035380EAF774B942680820538843F077
:1023A00004035380EAF76CB9EEF7FABFEFF71EB8F3
:1023B00038B58368044613B900F10C038360A36841
:1023C000FF2923604FF00003A38005D82046BDE815
:1023D0003840C9B2FDF7F4BCB1F5803F8DB205D2EB
:1023E00029462046BDE83840FDF7FABC2046C1F337
:1023F0000741FDF7E5FC29462046BDE83840FDF7DA
:10240000E6BC37B51346044689B98268AAB1926919
:1024100091809168116080689A8819688069FDF7D9
:10242000C3FC204603B0BDE83040E5F77DBE002385
:102430000093E5F737FE03B030BD6FF08500FAE793
:1024400038B5002304461D461946228B9A4209DC02
:10245000E369186820B1E8F74FFA0022E3691A60CF
:10246000284638BD626932F8130010B122F8131003
:1024700001350133E9E708B5FFF7E2FF012008BDA8
:10248000FCF7CDBF2DE9F041002305460C464FF681
:10249000FF7801EB4206B44206D1DBB12846BDE825
:1024A000F0411988FDF793BC224634F8027B47457A
:1024B000F1D06BB11988284641EA073189B2FDF79E
:1024C00086FC2846C7F30711FDF77AFC0023E2E7F4
:1024D0001346E0E7BDE8F081FCF798BFE1F740BBA9
:1024E00010B50446FFF7ACFF10B12046FFF74CFFD4
:1024F000636A2BB1DB681BB12046BDE8104018476A
:1025000010BD10B404682488C4F30B040C80036865
:102510000321B3F8013010BC1B091380D9F756BB57
:1025200042680346107808B1E6F75ABE4FF6FE71CE
:10253000DA6811805A68538843F01003538070475B
:102540004FF4E02230B589B003AB04460D4605A830
:1025500048F21101CDE906230593FFF729FFE1F7C2
:10256000D9FC014605A8FDF72BFC0023294620468F
:10257000009305AAE5F796FD08B1E6F73FFE0020B7
:1025800009B030BDFFF7DCBF084609B1E6F75CBE15
:102590007047F8B58B880546032B0C46164608464F
:1025A00009D8FDF7DAFB0023337001462846BDE861
:1025B000F840FFF7C9BEFDF7D0FB07462046FDF700
:1025C000CCFB01233370024639462846BDE8F8406B
:1025D000FFF7A3BE4FF4E02230B589B003AB044649
:1025E0000D4605A848F22501CDE906230593FFF71E
:1025F000DFFEE1F7AFFC014605A8FDF7E1FB002394
:1026000029462046009305AAE5F74CFD08B1E7F7F7
:102610002BFA002009B030BD4FF4E02230B589B06C
:1026200003AB04460D4605A848F21401CDE9062384
:102630000593FFF7BDFEE1F71BFC014605A8FDF77A
:10264000BFFB002329462046009305AAE5F72AFD93
:1026500008B1E7F713FA002009B030BDFFF7DCBF7F
:102660004FF4E02230B589B003AB04460D4605A80F
:1026700048F20E01CDE906230593FFF799FEE1F735
:1026800029FC014605A8FDF79BFB002329462046AF
:10269000009305AAE5F706FD08B1E7F71DFA00204B
:1026A00009B030BD4FF4E02230B589B003AB044629
:1026B0000D4605A848F20B01CDE906230593FFF767
:1026C00077FEE1F793FB014605A8FDF779FB0023B0
:1026D00029462046009305AAE5F7E4FC08B1E7F790
:1026E00005FA002009B030BD2DE9F0410446174637
:1026F0001E460D4648F23E01DDF81C80FFF758FEED
:102700009DF818102046FDF75BFB39462046FDF783
:102710005EFB31462046FDF75AFB45B104212046B9
:10272000D9F788FAD8F800300360BDE8F0810221BB
:102730002046D9F77FFAB8F800300380F5E72DE995
:10274000F8431F46836804460D4690469DF8206076
:102750009DF82890002B7DD0002E79D1DA6912B92E
:10276000B9F1000F76D12DBB9A8802B39D80A36882
:102770009A8965F30B029A81A3685A7B65F3041268
:102780005A73A3689D73A3681D74A368DD73A3685F
:102790005A7C65F307125A74A3689D60A068C369E8
:1027A00013B12030F4F7DEF82046FFF7F5FD304690
:1027B000BDE8F8833846E3F739FE08B90326F6E7A3
:1027C00039462046FFF791FD0028F7D0A26893888C
:1027D00083F40043B3F5804F02D29068E8F78CF899
:1027E000A3689D80A3689A8967F30B029A81A36806
:1027F0005A7B6FF304125A73A3689DF824209A73CE
:10280000A3689DF82C2083F81090A368DA73A3685E
:10281000C3F80880A368DB69002BC5D02046E5F724
:1028200085F8051EA068BCDD47F6122C00F12007D4
:10283000002140F2E7304FF47A720023C5FB0C010F
:10284000CEF7CCFD02460B463846F4F785F8ABE7E9
:102850000A26ACE70726AAE7F0B5044685B0084685
:102860000E46E3F7E3FD18BB032005B0F0BDE368B7
:1028700033F81520B24215D123F815702046FFF722
:102880007BFDA36873B19B89C3F30B03B34209D1EA
:10289000002320461A461946CDE90233CDE900331C
:1028A000FFF74DFF0135238A9D42E0DB0020DCE786
:1028B00000254FF6FF77F6E7009B1988FFF7CCBF9E
:1028C000F0B585B004460D46104603A90DF10E0281
:1028D000FFF717FEBDF80E60BDF80C7030463946A4
:1028E000E3F70AFD33460246294620460097E7F7FC
:1028F00079FB05B0F0BD2DE9FF41144605460E46B3
:1029000020460DF10E0203A9FFF7FBFDBDF80E7086
:10291000BDF80C80226841463846E3F7A3FC3B46ED
:10292000024631462846CDF80080E7F75BFB04B04D
:10293000BDE8F0812DE9FF41144605460E462046CC
:102940000DF10E0203A9FFF7DCFDBDF80E70BDF816
:102950000C80226841463846E3F738FC3B46024685
:1029600031462846CDF80080E7F73CFB04B0BDE8CF
:10297000F08130B504460D4685B06846E4F716F898
:102980006B46002229462046E7F762FB05B030BDC2
:1029900030B504460D4685B06846E4F77DF86A46D2
:1029A00029462046E7F7BCFB05B030BD50F8043C93
:1029B00023B15B6913B150F8080C18477047FCF756
:1029C00025BDE7F7C9BC2DE9F04143680446104630
:1029D00015465F68FDF7B9F906462846FDF7BDF9CB
:1029E0007B68024633B1DB6823B131462046BDE83F
:1029F000F04118470020BDE8F08170B543680446F7
:102A000010465D68FDF7A9F96B6801462BB19B681C
:102A10001BB12046BDE870401847002070BD30B59E
:102A20004FF4E022044689B003AB0D4605A848F2F6
:102A30003701CDE906230593FFF7BAFCA36805A883
:102A4000597C01F00F01FDF7BBF900232946204610
:102A5000009305AAE5F726FB08B1E7F707FD00207C
:102A600009B030BDFFF7DBBF38B504460D46E7F7C8
:102A7000B3FC28B929462046BDE83840FFF7CFBF50
:102A800038BD10B504461046FDF75FF901462046F3
:102A9000E7F752FE002010BD38B504460D46FFF79B
:102AA000F0FF28B929462046BDE83840E7F754BC76
:102AB00038BD70B50D46044660B103681BB10A46C7
:102AC000002108469847636823B12946BDE8704055
:102AD0000020184770BDFCF799BC2DE9F04190F833
:102AE0005030044613F0020F0CBF4FF00C084FF0AB
:102AF000080816460F46B0F84630058E08FB11331D
:102B000090F8481098451046A8BF5FFA83F8FDF783
:102B100057F994F85030C5F30C05C3F38003A909A5
:102B2000AD0041EAC311304645EAD705FDF748F943
:102B3000E9B23046FDF744F994F84A10304641EACC
:102B40004711C9B204EB8704FDF73AF94246304613
:102B50006168BDE8F041FDF727B92DE9F041002596
:102B600006460C46174680468B688D800B60F37FC7
:102B7000204613F0200F0CBF0C220822B38B58F80C
:102B8000041F05FB12339A42A8BF1A46FDF70CF941
:102B9000F37F013503F01F02AA42E8DA9B0606D450
:102BA000002F0CBF04220822A3889B1AA380BDE833
:102BB000F08138B501F024FA4FF47A74A0FB0405D3
:102BC00047F61222002304FB0151CEF707FC38BD63
:102BD000F8B5002705460E4614461761E06918B19E
:102BE00062786169FFF7B9FF688980F40043B3F543
:102BF000804F13D3A36921469A689F801A6030469C
:102C0000D4E90523FFF726F990B96B8983F40043D3
:102C1000B3F5804F0FD22369EB600CE000222169ED
:102C2000E7F78EFE20610028E4D16FF0010002E09A
:102C30002369002BD2D1F8BD38B592F850300D463B
:102C40001B0714460BD4536D4BB11B683BB1926DFF
:102C5000984794F8503043F0080384F8503094F8C3
:102C6000503043F0200384F85030FFF7A2FFC4E94E
:102C70000E0145B194F84C302BB12046BDE83840E8
:102C80000021E8F79FB838BD6038E8F74BB910B5B8
:102C90000C46FFF78EFF94F850309B0609D594F848
:102CA0004C3033B1A16B411A2046BDE81040E8F723
:102CB00089B810BD2DE9F04307468DB091460D4609
:102CC0000E2200210DF122009846159E9DF85840D5
:102CD00003F08AFF3B88ADF82090ADF81C304FF62A
:102CE000FF73ADF81E300023069307AB8DF82C80E0
:102CF0000497059344B3E5F76FF9ADF81800E1F7D1
:102D000029F92DB2002D8DF81A001ADD0021149B2F
:102D1000E4031B88320EC3F30C0344EA8304330C30
:102D20008DF80B3073BA64BA8DF80A20ADF80C3008
:102D3000CDE90011062302AA04A8ADF80840E8F77F
:102D400015FD0DB0BDE8F0832846D6E7D0E8AF0FFB
:102D5000084100F001007047034610B5D3E8EF0FBB
:102D600000EA0102C3E8E42F002CF7D110BD0346AE
:102D700010B5D3E8EF0F40EA0102C3E8E42F002CBE
:102D8000F7D110BD30B51D460023142A38BF1422D8
:102D900087B005930523D200B2FBF3F2C36A044661
:102DA00093428DF8161005D0C0E90B22082104309B
:102DB000FFF7DDFF0023CDE901330A9B2046009396
:102DC00005AA2B4604F12401E9F754F907B030BDF8
:102DD00038B5051D044600212846FFF7B7FF60B14E
:102DE00002212846FFF7B2FF28B104F11400E9F7E9
:102DF00063FB012038BD0020FCE704F11400F3F769
:102E0000EDFA0028F1D0EBE710B5044602210430BA
:102E1000FFF7ADFF04F11400BDE81040E9F74CBB2B
:102E2000012303FA01F1CA4330B5D0E8EF3F03EACA
:102E30000204C0E8E54F002DF7D1194214BF01206C
:102E4000002030BD4FF6FF70E9F74EBE10B50446C6
:102E50002046D8F75DFD00B910BDD8F7A1FDF7E712
:102E6000FCF7D4BAFCF7DBBA70B5C378044643F07C
:102E70000403C37047F612268578002140F2E7303C
:102E800033354FF47A720023C5FB0601CEF7A6FA5C
:102E900002460B4604F13800BDE87040F3F75CBD14
:102EA00070B54FF47A730C46B1F88E5047F612267F
:102EB00040F2E73000215D434FF47A720023E5FBD6
:102EC0000601CEF78BFA02460B4604F19000F3F7A9
:102ED00043FDB4F88E305B00A4F88E3070BD10B5A1
:102EE000C378044613F0100010D023691B888B426E
:102EF00019D113B2002B0ADCA38D934215D0E38DB8
:102F0000934212D0208E831A5842584110BD208817
:102F10000028FBD0824206D3237A03449A42ACBFF6
:102F200000200120F2E70020F0E70120EEE738B5AD
:102F3000D37815461A0703D4BDE83840E9F744BFF3
:102F40006FF3C30313F01004EB7004D1686F10B17A
:102F5000D8F726FD6C6738BD70B50021044647F6EA
:102F60001226456840F2E73025EAE5754FF47A729B
:102F70000023C5FB0601CEF731FA02460B4604F1E9
:102F80003800BDE87040F3F7E7BC70B504460D4665
:102F90001CB104F10C06013D00D270BD3046FCF7B7
:102FA000D4FE208A0028F6D12146D8F7A3FD044696
:102FB000EEE7F8B530F8043C0446BBB101F020F868
:102FC0004FF47A76A0FB0607002347F6122206FB91
:102FD0000171CEF703FA54F88C5C54F8083C6D008C
:102FE000C01A854203D2002324F8043CF8BDA4F1A2
:102FF0009000BDE8F840E9F7ADBE2DE9F047046860
:10300000884616463CB304F10C094846FCF7C0FE5E
:10301000052105462046B4F810A0FFF7B6FF484644
:10302000FCF7A3FE074603212046FFF7AEFF484604
:10303000FCF79BFE6369B84513FA85F5E560A4F8D3
:1030400010A006D1C0F38C00831B58425841BDE844
:10305000F0870020FBE72046F9E738B504461D4617
:1030600042B994F87000C0F11000A84294BF00204B
:10307000012038BD12886830C2F30C02FFF7BDFF93
:103080000028F6D1EDE709B1EAF702B870472DE95B
:10309000F84F0546894692460027846F0CB9BDE873
:1030A000F88F238A102B17D104F10C0B5846FCF72C
:1030B0006FFE012106462046B4F81080FFF765FF39
:1030C0005846FCF742FE10F0800FB6B207D1636994
:1030D000A4F810803344E36027462468DEE7032128
:1030E0005846D8F773FD5846FCF73FFE8245EED1AF
:1030F00002212046FFF749FF01215846D8F780FDFD
:1031000003785B06E3D15846FCF72FFED9F8003070
:10311000C0F38F0058406369C0F30C003344E36090
:10312000A4F810800028D7D1236887B9EA6FAB676D
:10313000944200D1EB6700232360D5F8803020460D
:10314000013BC5F88030BDE8F84FD8F729BC3B609B
:10315000EB6F9C4208BFEF67EDE738B504460D46BC
:103160000521D8F7FBFC29462046BDE83840FCF78E
:1031700027BE0A460121FCF749B9EBF7C5BA034659
:1031800010B5D3E8EF0F40EA0102C3E8E42F002CAA
:10319000F7D110BDFCF73AB9034610B5D3E8EF0FED
:1031A00000EA0102C3E8E42F002CF7D110BD08B5F6
:1031B000E1F78EFDBDE80840E1F74EB907B5002301
:1031C00043F2D4020421CDE9002340F0080200209C
:1031D000E1F76CF820B903B05DF804EBEBF7DCBE67
:1031E00003B05DF804FB0846114608B1ECF730B8AF
:1031F0007047ECF78BB87047ECF7C4BEECF786BDB0
:10320000704700F170010068D3F73EBF7047704708
:1032100030B54FF4E01204460D468DB005AB0121E8
:1032200002A8CDE903230293D8F798FC284694F826
:10323000382002A9FEF775FA38B9246800900346D1
:103240000121206802AAEDF7A3FD0DB030BD08B53D
:103250000B4601461846FFF7DBFF003818BF012078
:1032600008BD38B500F0CCFE4FF47A74A0FB04051D
:1032700047F61222002304FB0151CEF7AFF838BD08
:10328000FCF7CDB84FF6FF7310B502880C469A4292
:1032900005D0C378012B04D12368013323600020BB
:1032A00010BDE0F7E5FD0128F6D0E0F7EBFD0128C1
:1032B000F5D1F1E730B581B1821C134600F122044B
:1032C00033F8025F8D4208D0A342F9D1002332F8CF
:1032D000024F1CB900EB4300818030BD0133102B3D
:1032E000F5D1FAE7012380F84230ECF7D5BF002290
:1032F00080F84220ECF7D0BF022200217030E2F7C4
:103300008FB910B5C3780446012B0CD1FFF7A9FF84
:103310006368C01A4EF27863984204D92046BDE82B
:103320001040EDF7F9B910BD0846E0F791BF38B588
:103330000546002200230830F2F760FC044628B15D
:103340002868DCF77FFC0130A4EB8004204638BD00
:1033500000230B60436813B9C0E90011704719607E
:10336000416070470346006828B159680268884286
:103370001A6008BF5A607047F8B5069F0469C9B261
:10338000EFF31186402585F31288BFF36F8F0C256C
:1033900069430C44A56C05F0070CBCF1010F0BD17F
:1033A000A76486F31188BFF36F8FC4E910234368C5
:1033B0005B5898470020F8BD05F0C005AF4286F382
:1033C0001188BFF36F8F0CBF6FF077004FF0FF30A5
:1033D000F1E713B580240094FFF7CEFF02B010BDD3
:1033E0000069CBB200EB4310002110471046F2F702
:1033F0007DBC00F048BB00F047BB8022EEF76AB806
:1034000040F272607047084608B51146F6F752FA66
:10341000002818BF6FF0040008BD08B5F6F77AFC65
:10342000002818BF6FF0040008BD2DE9F047002404
:10343000836886B0884691465B6902AA01A99847CD
:10344000A2462546029BAB4202D806B0BDE8F087F3
:103450000026019F07EBC5077B6804933A680AEBD7
:103460000603B24202D89A460135EBE74946039477
:10347000059303A8C0470028E7D0049B01361C44ED
:10348000ECE770B5037B04460BB100F00FFB0026A0
:10349000A06800B970BDB0F5007F28BF4FF4007080
:1034A00005460246D4E90010EEF74CFA63682B4457
:1034B000636023680BB12B442360A3685B1BA3608C
:1034C000002BE5D0237B0136002BE1D0304600F005
:1034D000EEFA0028DCD00120DCE708460021EEF7F8
:1034E00055BA084611461A4609B1EEF74FBA6FF0C1
:1034F00015007047436800205B68DB680B6070470D
:10350000436802EA01005B6821EA0201586000207A
:1035100099607047436800205B6859607047436852
:1035200000205B689960704743685A68136821EA15
:1035300003000B405060002093607047F1F78CB996
:1035400030B543681360057A446804EBC504A342B0
:1035500002D36FF0010030BD5C798C4201D008339A
:10356000F0E70020F7E743681B68D3F83031704775
:1035700043681B68D3F88004C3F88004704742682E
:103580001368D3F84C0150B10020926A12780A7087
:10359000C3F84C01D3F84C2101229A6270474FF0D6
:1035A000FF30704713B501AA0446FFF7C9FF002892
:1035B00005DB019B226819791868EEF76DFC02B0F3
:1035C00010BD6FF08500704738B505460022012117
:1035D000C620D7F7C9FCC620D7F7A4FC6C68012128
:1035E000E068FFF7DFFF6B6819686369C1F824358D
:1035F000E28BA38BA07E1343228C1343628C134374
:10360000627E9BB20243207E02431343C1F86C35B5
:1036100069680B68D3F8002242F48022C3F80022C4
:103620000822C3F800254A6A0121C3F83C2700227A
:10363000C3F840271965D3F830110029FBD0C3F82F
:1036400000256B680021D868FFF7ACFF6D6800218A
:10365000E8682C68FFF7A6FF0823C4F800352A7A2B
:1036600052B9AB6AC4F804370123C4F80837C4F868
:103670004C21D4F84C21A362002038BD08B50220AB
:10368000EEF766F8002008BD08B5F1F777FA08BD37
:103690000A460121FBF7BABE40EA01030F2B01D80D
:1036A000EEF7DEBF6FF0150070470F21FFF7F4BF94
:1036B00010B54FF0FF304FF0FF31EFF7D5F904466A
:1036C00028B9BDF783FA044618B1EFF7D5F92046BB
:1036D00010BDEFF7D1F92046D8F728FEF7E738B547
:1036E0000B8A0D463BB101F10C00FCF72EFB0128C3
:1036F00018D0022803D06FF01504204638BD4FF0D3
:10370000FF304FF0FF31EFF7AFF904460028F4D156
:10371000E868CEF7EFF90446EFF7AEF9ACB1EFF792
:1037200099FAEAE74FF0FF304FF0FF31EFF79CF9DD
:1037300004460028E1D1E868EFF79EFC0446EFF765
:103740009BF9002CD9D1EFF785FA2846D8F728F94C
:103750000024D2E7EFF7EABB10B53122002104467E
:1037600003F042FA202323708023A3706FF03F03FD
:1037700063710423A3722823A3730223E3736FF0FE
:10378000080363760F23A3766FF00703E3767823AD
:1037900023776FF03F0384F82130012384F822302F
:1037A0006FF0770384F82330FF2384F824306323F9
:1037B00084F82530802384F82630032384F82730CA
:1037C000402384F82D30042384F82E3010BDF8B542
:1037D00004460E46154600F013FC4FF47A77A0FB22
:1037E000070C47F6122207FB01C10023CDF7F6FDB7
:1037F000D4E90227C4E902010346D4F800C068688E
:1038000084450BD1207CB04208D19A1A61EB0703A2
:1038100041F270718A4273F1000306DB0020AB882D
:103820002380EB8826746380F8BD6FF07700FBE798
:1038300000EB80007047002283689B699A809A6839
:103840001A60704738B50C46054648F20421FEF769
:10385000AFFD28462178FCF7B3FA636863B161785D
:103860002846FCF7ADFA6068EFF7EAFF0146284604
:10387000BDE83840FCF7A4BA38BD30B50D464FF46A
:10388000102189B002ABCDE906130446114605A804
:103890000593FFF7D7FF002329462046009305AA8A
:1038A000E4F700FC09B030BD73B5002504460E46B0
:1038B00043686A465868CDE9005583695B68984754
:1038C00020466A463146FFF7D8FF284602B070BD51
:1038D00037B50024054643686A465868CDE9004478
:1038E000836921465B689847AB6869469869FFF72A
:1038F000A9FF204603B030BD30B54FF41023044675
:103900000D4687B0114603A80493CDF80CD0CDF82E
:1039100014D0FFF797FF2946E06903AAFEF771FD6F
:1039200007B030BD2DE9F047984693880746022B33
:103930000E46144686B001D0042B54D14FF0000936
:103940007B6820465D68CDE90099FCF7FEF9824668
:103950002046FCF7FAF9BAF1010F014646D8324683
:1039600028460AF0010A8DF810A0FFF730FF034641
:1039700060B1AB696A46494628465B689847B8F12A
:10398000000F2AD1002006B0BDE8F087A288022AE5
:103990001AD12046FCF7D9F9EFF742FF02902046F2
:1039A000FCF7D3F9FFF744FF039002AB0593AB6933
:1039B000314628461C6804AA6B46A0476A46002187
:1039C0002846FFF799FFDAE705F18802D2E8AF4F02
:1039D00014F00100EAD10290E6E76A463146384623
:1039E000FFF74BFFCEE76FF07900CCE76FF01500E3
:1039F000C9E70023FFF796BF0123FFF793BF08B580
:103A0000EFF75EFFBDE808400320EBF731BAEFF7B0
:103A100057BF08B5F0F752F8002008BD08B5F6F713
:103A200079F948B1002383F31188BFF36F8F042322
:103A3000184602DF6FF0040008BD684620F0070159
:103A40008D4601B5CCF78AF9BDE80140854670473F
:103A5000684620F007018D4601B5CBF773FCBDE841
:103A6000014085467047684620F007018D4601B544
:103A7000CBF75AFCBDE801408546704708B5D2F740
:103A8000B1FD002008BD70470020F0F7FFB8704777
:103A9000CCF73CBC08B5CDF74FFA30B1EFF3058059
:103AA0000338032894BF0020012008BD704701207F
:103AB000704703460020184700F038B9024610B599
:103AC000116891B1B1FA81F3C3F11F000123834062
:103AD00021EA0303D2E8EF4F8C4204D1C2E8EC3F65
:103AE000BCF1000FF6D1EBD110BD6FF00B00FBE77E
:103AF00010B50368CB40DB0710D401238B4002686C
:103B000043EA0201D0E8EF4F944204D1C0E8EC1F31
:103B1000BCF1000FF6D1F2D1002010BD6FF01500FE
:103B2000FBE710B504460846F0F7D4FA04EB40046E
:103B3000A08AC0F3401010BD10B504460846F0F747
:103B4000C9FA04EB4004A08A10F01C0018BF012041
:103B500010BD10B504460846F0F7BCFA04EB40046B
:103B6000A08AC0F3400010BD10B50446FFF7F1FF76
:103B700010B12046FFF7D5FF00F0010010BD10B5D1
:103B800004460846F0F7A6FA04EB4004A08A400B6E
:103B900010BD70B5044608461646F0F79BFA08308B
:103BA00034F810300D46DA0509D5C3F3432304EB8E
:103BB000C3023146284654F8333052689847A36808
:103BC0002BB131462846E268BDE87040184770BD09
:103BD0002DE9F3411746DDE90858019001A80C468C
:103BE0001E46F0F7B9FA019B391E18BF012100EB00
:103BF0008300231E18BF0123002E43EA410314BF94
:103C00000C210021002D43EA010314BF4FF4706121
:103C10000021B8F1000F43EA010314BF4FF4403113
:103C20000021D0F880200B4322EA030304B124785A
:103C30000FB13F787F001C430EB13678B6003C438D
:103C40008DB1297809023443B8F1000F03D098F8F8
:103C500000804FEA0848214341EA0801C0F880107B
:103C600002B0BDE8F0812946EDE71FB50DF10F0365
:103C7000019300238DF80F101A4619460093FFF7A1
:103C8000A7FF05B05DF804FB2DE9F04700250446C9
:103C9000884617462E464FF00109AA46BE420CD16F
:103CA000D4F8443133B10023C4F84431D4F844315A
:103CB00045F400352846BDE8F087F0B2F0F778FA11
:103CC000A0F580739B0809FA03F318EA030F05D0E7
:103CD00022581AB144F800A022581D430136DDE7EE
:103CE00038B504460D46FFF71CFFB0B12046FFF77C
:103CF00030FF90B92046FFF742FF0123226883403E
:103D0000C2F81833236800B203EB8003D3F8102500
:103D100022F00302C3F8102538BD2846BDE838401C
:103D20000021FFF7A2BFC9B2F1F792B908B1D7F7E6
:103D3000EFBF704740B1C368587810F001001EBF54
:103D40001878B0FA80F04009704710B400F10C0404
:103D5000C0E903440024446110BCD3F791BC8169DD
:103D6000C26842EA010313F003030FD10361436900
:103D7000013B03FB0122002B01DA0020704701699F
:103D8000013B116081690261521AF4E76FF015007E
:103D9000704790F90E308B4201D0F3F75DBA0020E6
:103DA000704703460020C3E90033C3E902007047AF
:103DB00010B5044630B10268930703D0446809B1D6
:103DC00000F0FBF9204610BD0023C0E900338360FA
:103DD00000F10C03C0E9033300F11403C0E905331B
:103DE0007047012307B5009300230A461946F1F7EF
:103DF00055FE03B05DF804FB002307B50A460093A7
:103E00001946F1F74BFE03B05DF804FB0021006892
:103E1000FFF7CEBF5AB18A4209D300F11003C0E9BF
:103E20000212C0E90000C0E90433002070476FF0BF
:103E300015007047012302688B4022EA03030360E8
:103E400022FA01F000F001007047704710B503211D
:103E500004460C30FFF7EEFF30B104F11000F4F728
:103E600023F9B0FA80F0400910BD20B10022D4300F
:103E70001146F3F737BE704770B5C3680446C3F305
:103E800040069B0716D4856802210C30FFF7D2FF4D
:103E900080B1D5F8CC206AB194421DD122689EB978
:103EA000D5F8D030C5F8CC209C4201D1C5F8D0203F
:103EB00000232360E36813F01F001EBF43F00203DA
:103EC000E36040F0020070BD3260D5F8D02094422B
:103ED00008BFC5F8D060EBE716461268DBE710B5FF
:103EE000F2F7B2FA041E08DDEFF31180402383F3EA
:103EF0001288BFF36F8FF3F7A5FA204610BDEFF3DA
:103F00000580003818BF0120704788307047D0E91D
:103F1000003213605A600023C0E90033704738B59F
:103F200004460D46F2F7E2FE637B43F0020363733F
:103F3000E5B1A5602B689D4209D16B68C4E90053C7
:103F40001C606C6012E06A689A42F6D01B68002B15
:103F5000F3D094F90E2093F90E108A42F3D09142D7
:103F6000F1DD5A68C4E9003214605C6038BD01219B
:103F70001838F3F781B810B50446F3F747F804F1A1
:103F80001800BDE81040F4F78FB838B5054604684E
:103F90000020AC4200D138BD002CFCD02046FFF7F9
:103FA000EAFF2046F2F7FEFF2C680120A542F1E768
:103FB00008B5C3171F3043F10003400940EAC3604E
:103FC000C117F3F793FB400108BD08B50246F3F7AC
:103FD00063FF70B1D0E904319B1A61EBE272B3F177
:103FE000004F72F1000104DA002AACBF184600202D
:103FF00008BD6FF00040FBE708B5F4F775F908BDA0
:10400000F4F772B9B3F1FF3F08BFB2F1FF3F70B5EB
:1040100006461D46144614D01A4316D0002B08DB62
:10402000F4F762F9041941EB0501C6E90041304695
:1040300070BD6FF001031C1B4FF0FF3363EB0501F4
:10404000F3E74FF0FF342146EFE70024FBE7B3F13D
:10405000FF3F08BFB2F1FF3FF8B5074616461C46C2
:1040600010D054EA020311D0F4F73EF9B0420A46E8
:10407000A14103460AD2F31A64EB0204C7E90034F3
:104080003846F8BD4FF0FF331C46F7E70023FBE747
:104090000023C0E9081200F11802C0E90622C0E9B5
:1040A000003303634363704710B50446F3F7FCFF26
:1040B000A8B9636A0BB12046984704F11800F3F7DA
:1040C0008FF860B1F2F76EFFEFF31180402383F3B6
:1040D0001288BFF36F8FBDE81040F3F7B3B910BD7E
:1040E00070B5D0E90034984209D044B1A568EDB16B
:1040F00015F9526C12F9525CB54208D007DDC1E9DE
:1041000000042160416010E0A342F8D01B68002B3E
:10411000F5D09A6862B112F9522CAA42F4D0F3DDBC
:104120005A68C1E900321160596070BDAB7BFFDE97
:10413000937BFCE72DE9F041846805460E46D4B137
:104140006378012B22D114F8533C9A0711D5A4F1BE
:1041500060073846FFF70FFF082E0CBF6FF0030310
:104160000023236614F8533CDB0602D13846F2F7ED
:1041700019FF002323700020EB68A860C3F3863288
:10418000164366F39433EB60BDE8F081022BF0D167
:104190002378002BEDD054F8048CB8F1000FE8D050
:1041A00004F11400F3F780FF0023A4F1140739464B
:1041B0004046E362F2F748F9DBE720B1011F50F80F
:1041C000040CF1F769B9704700207047704710B5CB
:1041D000044608B1F4F7D4FE2046BDE81040F4F7D9
:1041E000BFBE00F4E040B0F5805F04D0A0F50053FE
:1041F000584258417047012070470346C068E0B1FB
:104200005888D0B11B8803F44F42B2F5824F09D1D0
:10421000DBB2272B2AD008D8172B0FD0222B34D073
:10422000122B16D06FF085007047302B2FD0413BFA
:10423000012BF7D8FF2839D100207047C028FBD0C8
:10424000E128F9D0B0F5807F0CBF00206FF0860028
:10425000704720F02003C02BEED020F08003B3F590
:10426000807FE9D040F209239842EDE7E928E3D0C6
:10427000EF28E1D040F21B139842DDD040F29913B1
:104280009842D9D040F23B23EEE7E928F1E720F04D
:104290002003C02BD0D020F04003B3F5807FCBD0DB
:1042A000B0F5C07FC8D0B0F5007FCDE7B0F5E07FB6
:1042B000CAE73AB1002918BF00232121D21A1844B5
:1042C00002F092BC704742F20703984223D029D8EB
:1042D00041F2062398421AD8B0F5905F09D241F214
:1042E000010398420CD0B0F5885F09D06FF08500CB
:1042F00070476923A0F5905080B2C340DB07F5D525
:1043000011F0070F0CBF00206FF08600704742F2DB
:1043100004039842EAD1B1F5807F0CBF00206FF012
:1043200086007047B0F5105FE0D121F04003802B8C
:10433000F1D10020704770B5446A05460E463CB97D
:104340000120F4F707FE686228B12046AE6270BD16
:104350006FF08A00FBE76FF08C00F8E7F8B50F46C6
:10436000114606461546FFF7E6FF044620B92A46E1
:104370003946706A02F011FC2046F8BDF8B50446D3
:104380000F461E461546008892B1FFF72AFF78B106
:10439000089BD10019602088FFF795FF044628B9D3
:1043A0003946304602F0F9FB079B1D602046F8BDF8
:1043B0006FF08504FAE710B50446406A10B1A16AAF
:1043C000FFF705FF0020C4E9090010BD38B5054618
:1043D000FFF7F1FF2B7F0446012B0ED0023B012B90
:1043E0000ED82B6A012B18BF6FF096042C220021E7
:1043F000284602F0F9FB204638BD2B6A002BF2E775
:104400006FF09604F2E7F8B50488154620461E467C
:10441000069FFFF7E6FEB0B944F2010324F44052D0
:104420009A4210D004F44F43B3F5824F0BD0B3F54A
:10443000884F08D0B3F58E4F05D0803C24F0FF04A0
:10444000B4F5485F0ED1BD420FD82A46304602F07F
:10445000A4FB00217A1B701902F0C6FB0020079B09
:104460001D60F8BD6FF08500FBE76FF08900F8E78D
:104470007FB50E461D461446BAB1002301222B60BB
:1044800003A9F4F769FF70B9CDE9004503983346F5
:10449000D0E90912F5F784FF04460398F5F760FEAA
:1044A000002C18BF204604B070BD6FF08900FAE7F9
:1044B000F0B50F461E46154685B00AB3002303A982
:1044C0001A463360F4F748FF044638B90398038866
:1044D0005B0406D4F5F744FE6FF08604204605B071
:1044E000F0BDCDE900563B46D0E90912F5F76CFF67
:1044F00004460398F5F734FE002C08BF0446EDE7A8
:104500006FF08904EAE710B50368044653B100F080
:10451000A5FA00232360A38823F4FF7323F001038B
:10452000A38010BD1846FCE72DE9FF419846002303
:104530000C460168054617460393A9BB4FF4017268
:10454000083002F051FBB8F1000F20463B4614BF83
:104550004FF480624FF4006203A9F4F7FDFE0446B5
:1045600020BB039E384631882A1DF4F7A1FF04467C
:10457000E0B96B79314668F300036B710097284608
:10458000D6E90923B8F1000F0BD0F5F7EBFF04468D
:1045900060B90398F5F7E4FD0446204604B0BDE891
:1045A000F081F6F703F8F2E76FF088042846FFF78A
:1045B000AAFF0398F5F7D4FDEFE70123FFF7B4BF97
:1045C00038B50468054664B112B90024204638BDE8
:1045D00000F02FFA04460028F7D02846FFF793FF93
:1045E000F4E76FF08804F1E72DE9F041174602681F
:1045F00005460E46984682B14279D2070DD502791A
:104600005AB1BA4216D800F01DFA044638B9A6B914
:104610002846BDE8F041FFF776BF6FF0880400231D
:10462000C8F800702B7146B92846FFF76CFF20468A
:10463000BDE8F0816FF08904F1E721463A46304643
:10464000D8F80030FFF735FE2846FFF75CFF002C56
:1046500008BF0446EBE72DE9F04F4FF0000A8DB09C
:104660008046DDE91B6B0846CBF800A00C461746D8
:104670001D46F4F7EDFD814668BB23464FF480727A
:1046800040460BA9F4F768FE814620BB2946204628
:10469000F4F738FE8146D8B91A9BCDE9076B06932B
:1046A000199B0B980593189B00970493179B0393F2
:1046B000169BCDE901532346D0E90912F5F7F4FE24
:1046C000814628B126B1324651461A9802F08CFA3A
:1046D0000B98F5F745FD48460DB0BDE8F08F2DE984
:1046E000F04F4FF0000A8DB08046DDE91B6B0846A5
:1046F000CBF800A00C4617461D46F4F7A9FD8146ED
:1047000068BB23464FF4007240460BA9F4F724FE21
:10471000814620BB29462046F4F7F4FD8146D8B9EE
:104720001A9BCDE9076B0693199B0B980593189B71
:1047300000970493179B0393169BCDE901532346DF
:10474000D0E90912F5F7DAFE814628B126B13246E2
:1047500051461A9802F048FA0B98F5F701FD4846C1
:104760000DB0BDE8F08F2DE9F04705469A460023CD
:1047700088B0079325F0004323F47F03B3F1106F53
:104780000846DDE910961746DDF848801CD12B4617
:104790004FF4804207A9F4F7DFFD0446B0B9CDE934
:1047A0000368CDE901A9079800972B46D0E90912C3
:1047B000F5F720FF044648B90798F5F7D1FC044601
:1047C000204608B0BDE8F0876FF0860431464846C1
:1047D000F5F770F80798C8F80060F5F7C1FCEFE747
:1047E00010B500880C461146FFF7FBFC20B12046AF
:1047F000BDE81040F5F75EB86FF0850010BD1C22D3
:10480000002102F0F1B9037F022B06D1036A5A1C82
:1048100003D001330362002070476FF096007047A9
:1048200003466FF040420846591E914207D338B103
:1048300003F1404393428CBF0020012070470120C8
:104840007047034668B1017F8A1E012A0BD80329ED
:10485000026A03D1012A01D1FFF7B8BD1AB1013AAA
:104860001A62002070476FF0960070470020704772
:10487000C0B2FF280CBF6FF08600002070471FB544
:10488000002101AAD5F7AEFE8C3018BF012005B07B
:104890005DF804FB1FB5002101AA0446D5F7A2FE6E
:1048A0008C3002D1002004B010BD00212046D5F785
:1048B000B9FE014610B16FF09800F4E7204601AA56
:1048C000D5F790FE8C30EDD0F5E72DE9F0410746A5
:1048D0001446884686B000293DD0002A3BD0B2F568
:1048E000005F3BD202F1240631460120F4F732FB8F
:1048F0000546B0B303463A4621464046F5F74EFC1E
:104900007F6900243846FFF7BAFF012820D02146EE
:1049100000942B4632463846D5F778FE044678B9DF
:104920002146384603AAD5F75DFE044620B9049B0C
:104930009E4205D06FF0980438460021D5F772FEEC
:1049400031462846FFF743FC204606B0BDE8F0811B
:104950006FF08A04F4E76FF08604F5E76FF08D04DA
:10496000F2E76FF08C04EFE7FFF731BC2DE9F04779
:10497000D0F814A086B081468846174650460021DC
:1049800003AAD5F72FFE044610BB049E0120314632
:10499000F4F7E0FA0546002837D02146504603AA2E
:1049A0000294D5F71FFE044670B902AB02462146B9
:1049B000CDE9005350463346D5F71AFE029B044614
:1049C0009E4209D06FF0980431462846FFF7FFFB5E
:1049D000204606B0BDE8F0870028F5D13B464246A8
:1049E00031462846CDF80090F5F7F6FB044600283E
:1049F000EAD1D8F800302BB13B68002B08BF6FF02C
:104A00009104E1E76FF09104DEE76FF08C04DFE7DB
:104A100010B5F5F771FE044640B9EEF79FF828B9D6
:104A2000EEF7DEF8002818BF6FF08304204610BDB3
:104A300070470368052B02D10830F6F7EFBE6FF020
:104A40008600704710B40468052C03D110BC0830F0
:104A5000F6F706BF6FF0860010BC70470368052BA1
:104A600002D1083000F08BBA002070470020F6F722
:104A700003BB0020F6F73ABB002000F095B9D2F74F
:104A8000CBBB002070470A2840DCC31C22DA10F19F
:104A9000400F47D010F13F0F2BDA10F1410F44D0F7
:104AA00010F1550F44D010F1490F08BF6FF084008A
:104AB00018BF6FF08600704709282AD8DFE800F099
:104AC0000529290816293829292F6FF098007047E1
:104AD00000207047C31C0D2B1BD8DFE803F0072F05
:104AE0001A1C1A1A1A1A1A1A1D1A1A1D6FF08500A2
:104AF000704710F1210F1ED00BDB10F1200F1DD0DD
:104B000010F1100F08BF6FF09400D1E76438092846
:104B1000D2D96FF0860070476FF0940070476FF045
:104B20008C0070476FF0840070476FF08900704709
:104B30006FF0930070476FF0880070476FF092003D
:104B4000704710B501380A44914200D110BD10F8E9
:104B5000013F11F8014B63400370F5E701448142C6
:104B600000D1704711F8013D1A440A70120AF6E7A5
:104B700030B5002503F58073013A002A0DDAFF2BCA
:104B8000DAB28CBF0021012152EA050003D0FF2BCD
:104B900094BF00200120401A30BD845C1C448B5C13
:104BA000013AE41A230AE4B2FF332543E5E72DE98D
:104BB000F8430E46174608994FF4AA7204461D465C
:104BC000DDF8248001F000FAB8B981464D4509D1DD
:104BD0004146204601F0A2FA78B92046BDE8F843E4
:104BE00001F0CABA204657F8292056F8291001F0DA
:104BF00018FA10B909F10109E8E7BDE8F8831FB513
:104C0000CDE90221069A03A9CDE90032012302AAC7
:104C1000FFF7CDFF05B05DF804FB002313B58DF859
:104C200007308B4206D19DF80700B0FA80F04009AA
:104C300002B010BDC45C9DF80720013322438DF8FB
:104C40000720EEE78B4230B50CD8002421469C4269
:104C500003D1081E18BF012030BD155D055529433D
:104C60000134F4E70020F7E710B58B4294BFC41875
:104C70004418A04200D110BD00F8012BF9E7002331
:104C80001A4682B001908B4201D102B07047019860
:104C9000C2540133F7E72DE9F0411C461746079A45
:104CA0000546A242DDF81880089E9DF8243023D3E3
:104CB00014F00F0224D1012B326006D1F8F7B0F8BE
:104CC00030B1BDE8F041FFF7DEBEF8F7B5F8F7E721
:104CD000434622463946284600F0CBFF0028F0D153
:104CE000284601F008F80028EBD1284601F082F8A8
:104CF0000028E6D13460E4E76FF08900BDE8F08178
:104D00006FF08600FAE7F0B5002485B00A9FCDE980
:104D1000024402ACCDE9007405461E46F5F738FFA3
:104D200058B9029C284603AB3A1B3119F6F754F8E0
:104D300018B9039B0B9A2344136005B0F0BD0368B8
:104D4000D90444BF43F48063036003689A0444BFFA
:104D500043F4006303607047F7B506460D46202D07
:104D60002F46A8BF202700216846F8F7CDFA044651
:104D700070B93A4631466846F8F718FB10F1520F01
:104D8000044608D0431CF4D0684601F09EFB34B1C1
:104D9000204603B0F0BD684601F097FBE3E7EC1B4B
:104DA0003E44F5D02546DAE70020704707B501A953
:104DB000F6F7B8FA003818BF012003B05DF804FB1D
:104DC00070B504460E46006811461546F6F7C2FA5D
:104DD00040B1314604F1400001F0DFFE002084F8CC
:104DE0004D5070BD6FF08500FBE770B51E4690F822
:104DF0009A300446934219D800F1A0052846F7F7E7
:104E0000ADFE18B1BDE87040FFF73DBE284600F08A
:104E1000F3FE05460028F5D194F89A304FF4EE7170
:104E200020463360FFF72BFF284670BD6FF08905E1
:104E3000FAE738B500F1A00405462046F7F7FAFE78
:104E400018B1BDE83840FFF71EBE204600F0D4FE82
:104E500004460028F5D128464FF4EE71FFF70FFF06
:104E6000204638BD2DE9F04104460D4616461F4642
:104E70009DF81880F6F78AFA90B904F1A000B8F10D
:104E8000000F07D03246294600F0B8FDBDE8F041DA
:104E9000FFF7F9BD3B463246294600F0E8FDF5E74D
:104EA000BDE8F0812DE9F0411646026D90F84D30D5
:104EB000003A18BF0122C3F10F07C3F10E0303F03C
:104EC0000703054643EA821390F89A200846023AFF
:104ED00002EBD272920002F03802134300F8013B59
:104EE0000C4695F84D2005F1400101F056FE0021D9
:104EF0000A4695F84D301FFA87FED5F8548013FA0C
:104F000087F7274472450ED3102333602B6D43B1CE
:104F1000B3F57F4F19D263741B0A237433680233CD
:104F20003360BDE8F081D300C3F1200CA3F1200071
:104F300001FA0CFC28FA03F343EA0C0321FA00F00F
:104F4000034307F801390132DCE7FF232374FE2312
:104F500063742B6D1A0A637522751A0C1B0EE274AA
:104F6000A37433680633DBE708B54FF4EE71FFF73F
:104F700086FE002008BDF6F7E7BBF6F7E5BB08B5EF
:104F80004FF40171FFF77BFE002008BD2DE9F041D1
:104F9000044680680F469042154609D3201A1C30FB
:104FA00001F0FBFDA3685B1BA3600020BDE8F0815E
:104FB00094F84C3043B904F1500001F0C5F918B130
:104FC000BDE8F041FFF75FBDA26832F0100309D0E1
:104FD000A01A39461C3001F0E0FDA3681F44ED1A09
:104FE0000023A360A3686E1E26F00F069BBB102251
:104FF00004F10C0104F1500001F015F90028DFD193
:10500000102284F84C00A2604EB13246394604F1B9
:10501000500001F008F90028D2D184F84C0004F1C6
:105020005008404601F0E5F90028C9D1404601F09A
:105030003FFA0028C4D1402104F10C00FFF71FFE05
:10504000AA1BB2D0B91904F10C0001F0A6FDA368A7
:105050005B1B3344A8E7002ED7D194F84C30002BCB
:10506000DDD02A46EEE738B543680446102B22D837
:1050700090F84C3000F150053BB9284601F064F936
:1050800018B1BDE83840FFF7FEBCA2680C34102A06
:1050900007D021462846C2F1100201F0C4F80028CA
:1050A000EFD12146284601F0F0F80028E9D1284642
:1050B00001F0FEF9E5E76FF0860038BDF0B51F4658
:1050C000002385B005469DF8280003A940F0007034
:1050D00016460393F5F76CFB044680B960230193F1
:1050E00005F5D273009332463B46039805F1500113
:1050F00000F00BF9044628B1FFF7C5FC0446204632
:1051000005B0F0BD039801F041F80123A86085F8CF
:105110004C30F4E700232DE9F74F05460078894627
:105120001646019308B140F0007001A9F5F740FB65
:105130000446F8B9019801F029F8AB688046B342FB
:105140000CD9A8EB030305F10C001844324649467C
:1051500001F023FDAB689B1BAB600BE095F84C3076
:1051600005F1500A53B9504600F032FF30B1FFF755
:105170008AFC0446204603B0BDE8F08F0023AA68ED
:1051800005F10C0B5946504685F84C30A8EB02024D
:1051900000F047FF0028EAD1AF684946F31BB3FB94
:1051A000F8F308FB037750463A4600F03AFF002830
:1051B000DDD1504600F064FF0028D8D1504600F001
:1051C000DBFF0028D3D1A6EB070A40215846C5F8DB
:1051D0000880FFF754FDBAF1000FCBD05246584675
:1051E00009EB070101F0D9FCAB689B1B3B44B3E71B
:1051F0000023F0B50446007885B0039308B140F071
:10520000007003A9F5F7D4FA18B1FFF73CFC05B01C
:10521000F0BD039800F0B8FF039800F0B7FF94F8D2
:105220004C30064604F1500523B9284600F0D0FE64
:105230000028EAD1A26804F10C0739462846B21AC0
:1052400000F0EFFE0028E0D104F5D27440233A4686
:1052500028460399009400F01FF8D6E770B514466D
:105260004FF4AA7205460E4600F0AEFE98B93046DD
:1052700000F08CFF234602462018984205D12146B3
:105280002846BDE8704000F0CCBE197881F03601A8
:1052900003F8011BF1E770BD2DE9F047044608460D
:1052A0001E460D469146DDF8208000F06DFFB042AD
:1052B000074606D9204600F084FE6FF04000BDE8A6
:1052C000F087284600F062FF08EB000A06465146C8
:1052D000204600F023FF0028F1D1204600F04CFFCB
:1052E0000028ECD143469A4509D12B464146204639
:1052F000CDF82090BA19BDE8F047FFF780BC1A78C6
:1053000082F06A0203F8012BEDE72DE9F74F1C4606
:10531000DDE90C6B05460F46924600F035FF8146ED
:10532000284600F033FFA042804618D222462B4682
:10533000514638460096FFF762FC0246D8B9A8EB02
:105340000903ABEB090106EB0900FFF78DFC3246C0
:105350002946384603B0BDE8F04FFFF77FBF22462D
:105360005146304601F019FC0022A8EB0403ABEBD8
:1053700004013019E9E703B0BDE8F08F2DE9F04FE3
:105380004FF0000B91461E46448805888BB005F40B
:105390004F4300940734B3F5824F82460F464FF0D7
:1053A0001C0259464FEAD40803A818BF5D46CDF841
:1053B00008B001F019FCC845C6F800B041D8B4F5F2
:1053C000847F41D26A4649465046F6F7CFFA0446F2
:1053D00040BBEDB22846009901AAF5F717FA04463A
:1053E00000BBA5F14103012B20D8424602A9F5F7E5
:1053F0007DFE20BB414602A8FFF70FFC38BB412DC4
:1054000005D1B8F1200F02D102A801F017FB4246E6
:10541000384602A901F0C1FB202102A8FFF72FFCAA
:10542000C6F8008020460BB0BDE8F08F4A463946EA
:10543000019801F00EFB0028EED0FFF724FB044694
:10544000F0E76FF08904EDE76FF08504EAE76FF0AD
:105450009304E7E7CA0448BF41F480618B0448BF66
:1054600041F40061816070472DE9F041458817469D
:105470000735B5F5847F04460E46984602888EB0FF
:1054800028D222F0FF01B1F5E24F13D1202206A964
:10549000FFF774FF58B9628805AB0732CDE9018385
:1054A000204633460097D20806A9F6F743FB0EB014
:1054B000BDE8F081B2F5105F06D0B2F5885F03D089
:1054C00042F204039A4205D1EA0806A90020F5F742
:1054D0000DFEDFE76FF08500E9E7F6F70BBECA04C3
:1054E00048BF41F480618B0448BF41F40061816092
:1054F0007047C0F30253042B05D8012B07D80DD0F9
:105500006FF098007047052BFAD1032306E00B8853
:1055100044F212118B420CBF0423022300F030002E
:105520002028136001D00020704702331360FAE78F
:1055300013B50C46F5F7F6FEC31C0FD0013009D0A9
:1055400004224FF0FF3321460DEB0200019301F0DE
:1055500053FB30B96FF08B0002B010BD6FF08400C8
:10556000FAE70020F8E730B589B0054618220C4666
:1055700001A8002101F038FB012344EA052401A918
:10558000BA2007940593F5F775FE002818BF6FF051
:10559000920009B030BDF7B5BA2001A9F5F7C2FEF7
:1055A000044610B1002003B0F0BD019D2F0AEDB2FA
:1055B000AC4205D1BA20F5F79BFE0028F2D008E0F6
:1055C000E6193046F5F794FE30B13046FFF7EEFBB2
:1055D00010B96FF09200E6E70134E9E708B5F8206A
:1055E000FFF7E4FB18B9F920FFF7E0FB10B16FF00B
:1055F000920008BDF820F5F76DFE0028F7D1F920DC
:10560000F5F768FE0028F4D0F1E770B504460D46C2
:1056100000F52776D0F81C0301213044FFF72FFB5B
:10562000D4F81C2331462846013200F0FCFD78B93D
:105630002846D4F8602304F5487100F0F4FD38B929
:10564000284604F559710422BDE8704000F0EBBD16
:1056500070BDB1F1082F01600BD16FF060420023E3
:10566000C0E90223402383800123C0F89832002040
:1056700070476FF08500704738B504461D462368B3
:105680000846B3F1082F11463AD1A388413B9BB29B
:10569000022B38D840F20123984206D040F206236C
:1056A00098421AD06FF0860038BDD4F81C038028C9
:1056B0000CBF0023C0F17F039D4227D800F527705F
:1056C0002A46204401F069FAD4F81C332B44C4F86C
:1056D0001C3342230020A380E6E7D4F86003C0F126
:1056E00040039D4212D800F548702A46204401F03C
:1056F00054FAD4F860332B44C4F860334323E9E709
:105700006FF08500D0E76FF08800CDE76FF08C0078
:10571000CAE72DE9F0411F4603680446B3F1082F9C
:105720001546DDF8188005D043463A46BDE8F041FD
:10573000FFF7A2BF1388B3F5105F1ED18388402BFB
:105740001ED140F2011399421AD1B8F1200F1AD894
:10575000528800F5167607323946D208304601F0F5
:105760001CFA42463146284604F51E73F5F7E2F866
:1057700008B94123A380BDE8F0816FF08500FAE706
:105780006FF08800F7E76FF08600F4E72DE9F0434B
:1057900003680446B3F1082F0E461546C1B040F029
:1057A000A3808288A2F14103032B00F2A080442A47
:1057B000836808D1D4E90232AB4272F1000130D2E1
:1057C0006FF08E0019E04422D9028280C3F3475261
:1057D00042EAC36201F47F015B090A4303F47F4399
:1057E0001343C0F8643300F51E7102A8F7F73CFCC0
:1057F00030B1FFF748F90028DCD041B0BDE8F083B4
:10580000204602A9FFF701FF0028F2D104F55A71E2
:1058100002A800F03AFD0028EBD102A800F048FEF3
:10582000E7E75B1B62F10002C4E9023204F51E7770
:1058300055B92846E1E7394602A8F7F715FC20B329
:10584000FFF721F90028D8D194F85030002BF2D07E
:10585000AB4228BF2B46984604F110091A46304641
:10586000494601F09AF994F850204644A2EB080208
:10587000D2B2A5EB080584F85020002AD8D04846BB
:1058800009EB080101F096F9D2E70422D4F8983226
:105890000DEB02011BBA02A8019300F0C4FC002822
:1058A000CED1204602A9FFF7B0FE0028C8D11022B1
:1058B00004F55A7102A800F0B6FC0028C0D104F12A
:1058C000100102A800F0E1FC0028B9D102A800F004
:1058D000EFFD0028B4D1102384F85030D4F898326A
:1058E0000133C4F89832AFE76FF0850085E76FF0B9
:1058F000880082E700207047C000C90002F1080359
:1059000003F8010D93424FEA1020F9D103F1100280
:10591000083302F8011D9A424FEA1121F9D1012002
:105920007047836883B10022836A1A608368816A42
:105930000F3323F0804323F00F0343F080438B6049
:10594000836A826010338362704738B5C269054646
:10595000146914B15069A047044605F12000F7F717
:10596000B9FD204638BD37B5837E05468BB905F1B4
:105970002000F7F785FDAB7EA3B1019800F0FFFA98
:10598000044678B12846FFF7E0FF002818BF01243D
:1059900005E001A8F7F74CFF04460028E7D02046B1
:1059A00003B030BDEA69D3680BB90024F7E750694A
:1059B000984704460028E5D1F7E7F6F7FDBF10B594
:1059C0000446F6F7F9FF20B92268236B12681343E7
:1059D000236310BD10B400240294039C1A46019B5B
:1059E000019410BCF7F74CB810B401240294039C46
:1059F0001A46019B019410BCF7F742B838B590F8ED
:105A0000204003466CB3B2F1807F04D3FFF79DFFC3
:105A100050B3012038BD046934B1FFF796FF002868
:105A2000F7D16FF04800F5E740695D6A10445861AE
:105A3000986810449860296002F10F00596A20F0BC
:105A40000F0040F000558D601D68801AAD68596ADE
:105A50002A6942EA0022CA605A6A204610325A6213
:105A6000D8E76FF02000D5E76FF03F00D2E7F8B538
:105A70001E4690F8203004460F461546002B3DD0B8
:105A8000B2F1807F07D3FFF760FF002814BF012029
:105A90006FF03F00F8BDFFF744FF0DB90020F9E7B4
:105AA000436A05F10F021F60436A22F00F0242F0C1
:105AB000005199602368406A9B68511B5B6995425D
:105AC00043EA0123C360636A03F11003636223693D
:105AD0002B44C4E90353A36A1E60A36A9D60A36AB2
:105AE00003F11000A062D9D000221A61A36A41F02C
:105AF00080419960A36A1033A362CFE76FF0200062
:105B0000C8E738B590F820300446002B43D1FFF7A2
:105B10002AFF054600283CD12368226B596922EAF6
:105B200001022263996998680A43036804F18401B9
:105B300004F12000F7F7E6FAE3699A6882B9626A2D
:105B40001B681360E369626A5B6843F0005393600B
:105B50002268636A92685268DA60636A103363622B
:105B60002368616A1A6AE36AC2F5857213440B609E
:105B70002368626A1B6A43F0005393602268636A79
:105B800092689268DA60636A103363620023C4E942
:105B90000233284638BD6FF02005FAE7F8B590F8D3
:105BA000203005462BB300F0C3F9431C044605D052
:105BB00030B12846FFF7C9FE00B101242046F8BDE8
:105BC0002B682A6B5B691340F3D169680029F0D018
:105BD0002E7E05F1F4009E4204D8002C18BF6FF011
:105BE0000F04E6E7CA5C10F8017B01337A401443E6
:105BF000F1E76FF02004E1E710B504462046FFF717
:105C0000CDFF431CFAD010BD38B54368054653B1EB
:105C10001C6914B15869A047044605F10C00F7F758
:105C200059FC204638BD1C46F7E773B5064601A867
:105C3000F7F7FEFD044680B906F10C00F7F720FCEB
:105C4000019800F09CF9044650B973682BB1DA68EA
:105C50001AB158699047054618B9204602B070BD80
:105C600005463046FFF7D0FF00280CBF2C46012424
:105C7000F3E770B5057B0446002D39D0B2F1807F83
:105C800007D3FFF7C1FF002814BF01206FF03F00CA
:105C900070BD806825691044A060296002F10F0082
:105CA000216920F00F0040F000558D6025682669BD
:105CB0002D68811A2D69824245EA0125F560256922
:105CC00005F11005256165692B6063699A60636958
:105CD00003F11005656101D10020D9E700221A61A6
:105CE000636941F080419960636910336361F3E750
:105CF0006FF02000CCE738B5027B22B301688268E0
:105D00000C7AA24204D2FFF77FFFF8B1012038BD20
:105D10004C7AB2FBF4F504FB152232B1FFF774FFA5
:105D20000028F3D16FF04500F1E7C26949791142CB
:105D30001CBF8A43C261602100F170020C3000F088
:105D400083F80020E3E76FF02000E0E76FF05300F6
:105D5000DDE738B5037B002B32D00268D37A23B954
:105D6000FFF752FF78B3012038BD8468937A9C42D4
:105D700006D2FFF749FF0028F5D16FF05300F3E793
:105D8000013B1C4006D0FFF73FFF0028EBD16FF02E
:105D90004500E9E7C369527960211343C361D0E943
:105DA0000523A4331360102243699A6043691344A6
:105DB000436100F170020C3000F046F82046D3E752
:105DC0006FF02000D0E76FF04700CDE738B5037BD8
:105DD000054663B100F0ACF8431C044605D02846E4
:105DE000FFF712FF002818BF0124204638BD6FF0CE
:105DF0002004FAE710B504462046FFF7E7FF431CEE
:105E0000FAD010BD10B5531ED41D03F8010FA342E4
:105E10004FEA1020F9D10F3203F8011F93424FEAE5
:105E20001121F9D1012010BD07B500930023F7F728
:105E3000BDF803B05DF804FB07B500930423F7F742
:105E4000B5F803B05DF804FB4368A3F1100191427B
:105E500041D8012243F80C2C53F8042C42F02002C4
:105E600043F8042C53F8082C42F0005243F8082C55
:105E7000836800F11402A3F1100191422FD801228E
:105E800043F80C2C53F8042C42F0200243F8042C65
:105E900053F8082C42F0005243F8082CC36803F171
:105EA0005402BFF35F8F4FF0A3431A60BFF35F8FBD
:105EB000C2680432BFF35F8F1A61BFF35F8FBFF315
:105EC0005F8F03225A63BFF35F8FBFF35F8F9A63C5
:105ED000BFF35F8F7047103242F80C2CB7E71032D7
:105EE00042F80C2CC9E738B5BFF35F8F4FF0A344DD
:105EF000E569BFF35F8FBFF35F8F10236363BFF369
:105F00005F8F012000F01EFEBFF35F8F00236363ED
:105F1000BFF35F8FBFF35F8FE36BBFF35F8F5B06F2
:105F2000F8D425B1BFF35F8FE561BFF35F8F38BD54
:105F300008B5F7F73BFB30B9BFF35F8F4FF0A343D2
:105F4000986ABFF35F8FBFF35F8F4FF0A342D36BAD
:105F5000BFF35F8F10F0240F03F0230304D0FFF78B
:105F6000C2FF6FF01F0008BD4FF0FF30002BFAD1C9
:105F7000BFF35F8F1063BFF35F8F1846F3E710B571
:105F80009EB0024646F611031AA901A8F7F7BAF81F
:105F90000023039A10211360039A01A89360039BC6
:105FA0001AAA10330393FFF74FFFFFF7C1FF431CFB
:105FB0000446FAD001A87421FEF761FE20461EB007
:105FC00010BD1830F7F786BA0160CB691146184743
:105FD00038B5036804460BB3027EFAB94FF4AA71D0
:105FE000DB69C5689847C0B92368E5605A69636A88
:105FF000E169C2F5967213440B602368E2695B693C
:1060000043F0005393606268E3695268DA60E369C1
:106010001033E361A3680233A36038BD6FF0200042
:10602000FBE708B5037E43B32AB38368062B05D983
:106030001830F7F74FFA6FF0440008BDB2F1807FD7
:1060400005D31830F7F746FA6FF03F00F5E7C3695C
:106050001960C3699A604168C369C968D960C36936
:106060001033C361036913440361C3681344C360FD
:106070008368013383600020DFE76FF02000DCE7F6
:1060800070B5037E0246002B45D050F8183BD1680E
:106090001C69B1FBF4F504FB151121B1F7F71AFAED
:1060A0006FF0450070BDD3E905452C44682C04D938
:1060B000F7F710FA6FF02200F4E79D68946A166A09
:1060C0006C4094625D68654095625C69556AE31C4A
:1060D000C4F59674254435601568146A6D6923F01B
:1060E0000303A560146A04F11005156215686D6953
:1060F0009D420AD021611468116A64691B1B43F038
:1061000080438B60136A10331362D8217C32FFF70F
:106110009BFE0020C6E76FF02000C3E710B5037EAA
:106120000446A3B1D0E903239A4204D00268836AEB
:1061300052685340836220466369984704F118000F
:10614000D82104F17C02FFF77FFE002010BD6FF024
:106150002000FBE738B5037E054653B1FFF7E8FEA4
:10616000431C044603D005F11800F7F7B3F92046A5
:1061700038BD6FF02004FAE710B504462046FFF75B
:10618000E9FF431CFAD010BDC06870470069704732
:1061900038B502690546146914B15069A047044630
:1061A00005F11400F7F796F9204638BD08B5826866
:1061B000034662B902681169426A114207D0FFF7CB
:1061C000E7FF002814BF01206FF0530008BD03F162
:1061D0001400702103F17802FFF736FE0020F5E786
:1061E00073B5064601A8F7F723FB044678B906F114
:1061F0001400F7F745F90198FFF7C1FE044648B9C6
:106200003269D3681BB150699847054618B92046D2
:1062100002B070BD05463046FFF7BAFF00280CBF3C
:106220002C460124F3E710B5047D03463CB3B2F1DC
:10623000807F04D3FFF7ACFF20B3012010BD44687A
:10624000062C06D9FFF7A4FF0028F6D16FF0440012
:10625000F4E70AB90020F1E78069016099698A6072
:10626000186899698069C068C86099691031996136
:10627000596801315960996811449960EAE76FF0F3
:106280002000DBE76FF03F00D8E710B4037D002B60
:1062900056D08368C3B9836900F124021A60036889
:1062A00082691B68013343F000539360046882697C
:1062B0002368A4690133E4681B0203F4F853234301
:1062C000D360836910338361036882681C68131983
:1062D00023EA040384699B1A54F8042C42EA03223B
:1062E00044F8042C826952F8084C234443F00053CC
:1062F00042F8083C03681A68C368134423EA02039F
:10630000C2691160C269C1689160C26902F110017D
:10631000C161C1688B420AD000211161C168C269A4
:106320005B1A43F080439360C3691033C361036811
:10633000DA68436A23EA0203436210BCFFF736BF00
:106340006FF0200010BC704738B5037D0446002B69
:1063500049D103685B69002B48D0FFF741FF054630
:1063600000283ED1214651F8783B626A9B6904F1CE
:1063700014001B68F6F7C6FE0123636023699A6860
:106380009AB9A2691B6813602369A2695B6843F02C
:10639000005393602268A36992699268DA60A369E6
:1063A0001033A361636801336360236AA269C43355
:1063B00013602368A2695B6943F00053936022680D
:1063C000A36992695268DA60A36922681033A361F5
:1063D0006368013363601269636A13436362002375
:1063E000A360284638BD6FF02005FAE76FF0470537
:1063F000F7E738B5027D0346002A3FD0026881687E
:1064000094688C4205D9FFF7C3FE002839D00120DB
:1064100038BD5468B1FBF4F504FB151434B1FFF733
:10642000B7FE0028F3D16FF04500F1E7416AD0686C
:1064300001435962D3E90701C43152690160186808
:10644000D96940690F328860D96922F00F0201F1E1
:106450001000D8611868406990420AD00C61186831
:10646000D9694069121A42F080428A60DA691032B2
:10647000DA611846BDE83840FFF798BE6FF020009B
:10648000C6E76FF05300C3E738B5037D054663B137
:10649000FFF74EFD431C044605D02846FFF778FE63
:1064A000002818BF0124204638BD6FF02004FAE709
:1064B00010B5037D04462BB12046FFF7E5FF431CD2
:1064C000FAD010BD6FF02000FBE710B5037804464A
:1064D0001BB1F4F7DBF800232370002010BDF8B5E2
:1064E0000668054696420C46A2EB060701DDD5F785
:1064F00037F83946204600F03FF832466968E0191F
:10650000BDE8F84000F056B8FFF7E9BFF8B5074618
:106510001646D2E900208A420C460BDB551A294662
:1065200000F02AF82246394670682844BDE8F84051
:1065300000F033BB891A3944F8E770B514460E46AB
:106540001D4621461A46FFF7E1FF2146304605F178
:106550000802BDE87040FFF7D9BF70B50546164682
:106560001C461A46FFF7BBFF2246314605F10800DC
:10657000BDE87040FFF7B3BF38B503460C46A9B17C
:10658000580706D00022013C03F8012B01D059071F
:10659000F9D124F00F052A460021184600F024FB0B
:1065A00003460021421923449A4200D138BD02F823
:1065B000011BF9E78B18991A12B110F00F0F01D1D6
:1065C00000F0EBBA0978013AC9B200F8011BF2E712
:1065D0000368D868C0F300407047036803F5805330
:1065E0005B6A13F4A02F14BF01200020704710B580
:1065F000044600F08AF920B12046BDE81040FFF7BC
:10660000ECBF2046BDE81040FFF7E2BF38B50225D9
:10661000036804469D6000F078F918B1236803F51B
:106620008053DD6138BD10B5044600F06EF920B12D
:106630002046BDE8104000F06DB92368BDE8104069
:10664000D868F7F755B810B50446204600F05DF954
:1066500008B9F6F7C3FF2046FFF7C9FF0028F4D1B9
:106660002046BDE81040FFF7DEBF03685A50704770
:106670000368585870476C30704773B5CDE90023F4
:10668000D0E90145C66800699DF80730006804EB51
:106690000514C000D2B2A6F1080114D502F03F02E1
:1066A00042F0200243F00103A01B8DF800208DF87A
:1066B0000730FFF761FF083C082269462046FFF7D4
:1066C00079FF02B070BD641B03F03F0342F001028A
:1066D00043F0200304F108008DF800208DF8073006
:1066E000FFF74AFFE8E70369DA6832B142F4202293
:1066F000002142F40062FFF7B8BF7047C0687047DE
:106700002DE9F8430B680C4613F4700F14D1D0E94F
:106710000159036908461B68D1F80880DB0048BFAF
:106720004B684FF0000744BFA9EB0303ED1800F0DE
:10673000E0F80646B74201DBBDE8F883414628464B
:106740006268FFF737FF63684D4498440137F1E70B
:1067500070B50C461E461046D1E9012505EB4205F1
:106760002946FFF727FF62683046A918BDE8704048
:10677000FFF720BF38B50169D0E901344A680968DC
:10678000C90042BFC168611A5B1800210AB91830FC
:1067900038BDD50707D50B2901D9D4F7E1FE8D1DEA
:1067A00040F82530013123445210EFE72DE9F74F2F
:1067B0000446D0E9017A0193036940690E46914687
:1067C0009D68FFF758FFD4F84CB0D0F80080BBF1BB
:1067D000000F07D02046F6F76DFF1025284603B0BE
:1067E000BDE8F08FF6F70CFF336819064CBFC3689D
:1067F00043687168994204DD2046F6F75BFF0D257A
:10680000ECE72069E160B8F1000F02D0036949EAC2
:106810000309006833680139034343EA012343EA6B
:10682000090204212046FFF720FF23691B68DA00D4
:1068300003D5E368AAEB03031F44A5B931462046FC
:10684000FFF75EFFB8F1000FC8D023691B69002B6A
:10685000C4D0D8F808304046984702460B46204638
:10686000FFF70BFFBAE7EB0748BF019B4FEA65054F
:1068700044BF43F82B700BF1010B5744DDE710B513
:106880000446FFF730FFBFF35F8F204600F03DF86E
:10689000032230B141F21C012046BDE81040FFF751
:1068A000E4BE0821F8E7C0F30B03482B4B6028BF78
:1068B000482310F4003F8B6008BF0023CB6010F426
:1068C000803308BFC1E9013300F47003B3F5700FE2
:1068D00014BF00238B6800284FF0010C4FF0080212
:1068E0008B60B8BF0023C1E905C2B8BFC1E9053359
:1068F0007047036813F4700F05D18368002B14BF31
:10690000062000207047002070470369186800F4D3
:106910000030704710B541F224010446FFF7A8FE8D
:10692000C20709D4830709D420460C21FFF7A0FE33
:10693000BDE81040F6F7DCBE082010BD0220FCE7E1
:106940002DE9F0410546F6F7CBFE0746012241F25C
:106950002801FFF78AFE002241F228013846FFF79E
:1069600084FE41F204013846FFF782FEC406F8D4E3
:1069700010F0200602D00220BDE8F08141F22C0187
:106980003846FFF775FE0122044641F208013846F9
:10699000FFF76BFE8DB901224FF480513846FFF7A7
:1069A00064FE41F204013846FFF762FE420700F040
:1069B00023033BD4002BF4D0DDE72B68C4F303683A
:1069C00003BBE10458BF6C68AB684BBF41F20C06D7
:1069D00041F21006C4F30354A8EB0404002BDAD0F0
:1069E000EB68002BD7D0A34211DC0024EB689C425B
:1069F000D1DAAB68314653F824203846FFF735FE2C
:106A00000134F3E76B68002BDBD098450ADA0D20E0
:106A1000B2E72B6841F2100153F826203846FFF701
:106A200024FE01366B689E42F3DBCAE7F6F75CFE94
:106A300001463846F6F7A8FE00209DE7037823F0CC
:106A400007030370C37F03F07F0343F04003C37762
:106A500070470B46D0E901108A42084402D31A4617
:106A600000F003B86FF0400070472DE9F04704468E
:106A7000104639B122460023164612F8015B35B99B
:106A80008B4202D16FF0530435E00133F4E78B42BF
:106A9000F8D04A1E9A4201D1022DF3D9A25CD20746
:106AA0002FD5FF2415EA040228D1E443A1EB030803
:106AB000C718FEF7D9F8E5B208EB070A424639468F
:106AC0000020F4F713FB0446E8B93B7881462B40DD
:106AD0003B703B4613F8012B534549EA0209F9D1B3
:106AE0000023424631463846FEF742F8B9F1000F1E
:106AF000E4D00028E2DA2046BDE8F0876400E4B282
:106B0000D0E76624F7E70224F5E7EEF703BF4FF07E
:106B1000FF324FF0FF33EEF747BEFDF742B9F6F70D
:106B2000A9BF07B54FF0FF334FF0FF32CDE9002387
:106B3000002200F02FF803B05DF804FB00F026B847
:106B400000F020B8FDF734BA10B54B68D0E91A420E
:106B500012F0010F03EA040301D09C4210D17BB173
:106B60008366520744BF8A681A430B6848BF8A602D
:106B700043660123086080F870301830F1F794FA0A
:106B8000002010BD4FF0FF32F6F7A0BE0A460021EC
:106B9000F6F79CBE5200F6F7E5BE0A44431E91424A
:106BA00000D1704710B511F8014B914203F8014F25
:106BB000F9D110BD884210B501EB020402D984421C
:106BC000234607D8431EA14208D011F8012B03F831
:106BD000012FF8E7024401468A4200D110BD13F8A4
:106BE000014D02F8014DF7E702440346934200D1FC
:106BF000704703F8011BF9E70139024410B59042D0
:106C000001D1002005E0037811F8014FA34201D023
:106C1000181B10BD0130F2E710B56AB101398418B4
:106C200010F8012B11F8013F9A4203D1A04201D084
:106C3000002AF5D1D01A10BD1046FCE710B5013975
:106C4000044632B111F8013F013A00F8013B002B34
:106C5000F7D10021FFF7C8FF204610BD02460144CE
:106C600010B58A42134603D01C780132002CF8D1AB
:106C7000181A10BDF0B5C3F13707044603F01F031F
:106C80001046FFB2082BE6B232D0102B3DD065087B
:106C9000A40845EAC17544EA81748A082D1942EBBB
:106CA0005102290941EA02716D1842EB1212290AB8
:106CB00041EA02616D1842EB1222290C41EA0241BD
:106CC0006D1842EB1242AD1842F10002EC0844EAA2
:106CD0004274D10804EB8402A6EB4205EDB2092D03
:106CE0000CD90134A5F10A0541F10001EDB212E021
:106CF000E40806F0070544EA4174C908303554EA4F
:106D0000010200F8015BBDD1F0BD240906F00F05BA
:106D100044EA01740909092D84BFED19EDB2EDE7CC
:106D2000D1E9043293421EBF5A1C0A6118707047A1
:106D30000148006870470000BC680020D8FDFC7F57
:106D40000100000015210300000000006DBC0100DF
:106D50000000000000000000FC6D04005954030016
:106D6000000000001D5503000000000000000000AE
:106D70003C6E0400000000001C6E040000000000D7
:106D80005C6E0400CD3A0300000000007D3A040070
:106D900000000000000000007C6E04000000000005
:106DA0009C6E040079180300000000007D3604008A
:106DB000000000005D91010000000000F1B501003D
:106DC0000000000000000000BC6E0400A171010082
:106DD00000000000615F03000000000000000000F0
:106DE000DC6E040031C1010000000000133A040011
:106DF000000000001D3A04000000000047020500EA
:106E0000508B0400B877040034160020087200206C
:106E100071150300000000000000000039030500A8
:106E2000908B0400947704003A1600207C720020B6
:106E3000D51D030000000000000000004503050010
:106E4000A48B0400947704003C1600208872002074
:106E5000D51D0300000000000000000050030500E5
:106E6000B88B0400947704003E1600209472002032
:106E7000D51D030000000000000000006E020500A8
:106E800000000000747704003616002000000000A7
:106E90001B34040000000000000000006403050033
:106EA000E48B0400D477040040160020A072002078
:106EB000C9350400C335040000000000CA060500FF
:106EC000000000008C8C040042160020E8720020B4
:106ED000352E0300000000000000000076020500CF
:106EE000000000007C77040038160020000000003D
:106EF000F118030000000000000000000000000086
:106F000025FC03000000000025FC03000000000039
:106F100025FC03000000000025FC03000000000029
:106F200025FC03000000000025FC03000000000019
:106F300025FC03000000000025FC03000000000009
:106F400025FC03000000000025FC030000000000F9
:106F500025FC03000000000025FC030000000000E9
:106F600025FC03000000000025FC030000000000D9
:106F700025FC03000000000025FC030000000000C9
:106F800025FC03000000000025FC030000000000B9
:106F900025FC03000000000025FC030000000000A9
:106FA00025FC03000000000025FC03000000000099
:106FB00025FC03000000000025FC03000000000089
:106FC00025FC03000000000025FC03000000000079
:106FD00025FC03000000000025FC03000000000069
:106FE000A53B03000000000025FC0300000000009A
:106FF00025FC03000000000025FC03000000000049
:1070000025FC03000000000025FC03000000000038
:1070100025FC03000000000025FC03000000000028
:1070200025FC03000000000025FC03000000000018
:1070300025FC03000000000025FC03000000000008
:1070400025FC03000000000025FC030000000000F8
:1070500025FC03000000000025FC030000000000E8
:1070600025FC03000000000025FC030000000000D8
:1070700025FC03000000000025FC030000000000C8
:1070800025FC03000000000025FC030000000000B8
:1070900025FC03000000000025FC030000000000A8
:1070A00025FC03000000000025FC03000000000098
:1070B00025FC03000000000025FC03000000000088
:1070C00025FC03000000000025FC03000000000078
:1070D00025FC03000000000025FC03000000000068
:1070E00025FC03000000000025FC03000000000058
:1070F00025FC03000000000025FC03000000000048
:1071000025FC03000000000025FC03000000000037
:1071100025FC03000000000025FC03000000000027
:1071200025FC03000000000025FC03000000000017
:1071300025FC03000000000025FC03000000000007
:1071400005D503000000000025FC0300000000003E
:1071500025FC03000000000025FC030000000000E7
:1071600025FC03000000000025FC030000000000D7
:1071700025FC03000000000025FC030000000000C7
:1071800025FC03000000000025FC030000000000B7
:1071900025FC03000000000025FC030000000000A7
:1071A00025FC03000000000025FC03000000000097
:1071B00025FC03000000000025FC03000000000087
:1071C00025FC03000000000025FC03000000000077
:1071D00025FC03000000000025FC03000000000067
:1071E00025FC03000000000025FC03000000000057
:1071F00025FC03000000000025FC03000000000047
:1072000025FC03000000000025FC03000000000036
:1072100025FC03000000000025FC03000000000026
:1072200025FC03000000000025FC03000000000016
:1072300025FC03000000000025FC03000000000006
:1072400025FC03000000000025FC030000000000F6
:1072500025FC03000000000025FC030000000000E6
:1072600025FC03000000000025FC030000000000D6
:1072700025FC03000000000025FC030000000000C6
:1072800025FC03000000000025FC030000000000B6
:1072900025FC03000000000025FC030000000000A6
:1072A00025FC03000000000025FC03000000000096
:1072B00025FC03000000000025FC03000000000086
:1072C00025FC03000000000025FC03000000000076
:1072D00025FC03000000000025FC03000000000066
:1072E00025FC03000000000025FC03000000000056
:1072F00025FC03000000000025FC03000000000046
:1073000025FC03000000000025FC03000000000035
:1073100025FC03000000000025FC03000000000025
:1073200025FC03000000000025FC03000000000015
:1073300025FC03000000000025FC03000000000005
:1073400025FC03000000000025FC030000000000F5
:1073500025FC03000000000025FC030000000000E5
:1073600025FC03000000000025FC030000000000D5
:1073700025FC03000000000025FC030000000000C5
:1073800025FC03000000000025FC030000000000B5
:1073900025FC03000000000025FC030000000000A5
:1073A00025FC03000000000025FC03000000000095
:1073B00025FC03000000000025FC03000000000085
:1073C00025FC03000000000025FC03000000000075
:1073D00025FC03000000000025FC03000000000065
:1073E00025FC03000000000025FC03000000000055
:1073F00025FC03000000000025FC03000000000045
:1074000025FC03000000000025FC03000000000034
:1074100025FC03000000000025FC03000000000024
:1074200025FC03000000000025FC03000000000014
:1074300025FC03000000000025FC03000000000004
:1074400025FC03000000000025FC030000000000F4
:1074500025FC03000000000025FC030000000000E4
:1074600025FC03000000000025FC030000000000D4
:1074700025FC03000000000025FC030000000000C4
:1074800025FC03000000000025FC030000000000B4
:1074900025FC03000000000025FC030000000000A4
:1074A00025FC03000000000025FC03000000000094
:1074B00025FC03000000000025FC03000000000084
:1074C00025FC03000000000025FC03000000000074
:1074D00025FC03000000000025FC03000000000064
:1074E00025FC03000000000025FC03000000000054
:1074F00025FC03000000000025FC03000000000044
:1075000025FC03000000000025FC03000000000033
:1075100025FC03000000000025FC03000000000023
:1075200025FC03000000000025FC03009C6E040005
:10753000673504000000000025FC03000000000087
:1075400025FC03000000000025FC030000000000F3
:1075500025FC03000000000025FC030000000000E3
:1075600025FC03000000000025FC030000000000D3
:1075700025FC03000000000025FC030000000000C3
:1075800025FC03000000000025FC030000000000B3
:1075900025FC03000000000025FC030000000000A3
:1075A00025FC03000000000025FC03000000000093
:1075B00025FC03000000000025FC03000000000083
:1075C00025FC03000000000025FC03000000000073
:1075D00025FC03009C1000203D3504000000000045
:1075E00025FC03000000000025FC03000000000053
:1075F00025FC03000000000025FC03000000000043
:1076000025FC03000000000025FC03000000000032
:1076100025FC03000000000025FC0300354F03009B
:10762000B33A04000000000025FC03000000000045
:1076300025FC03000000000025FC03000000000002
:1076400025FC03000000000025FC030000000000F2
:1076500025FC03000000000025FC030000000000E2
:1076600025FC03000000000025FC030000000000D2
:1076700025FC03000000000025FC030000000000C2
:1076800025FC03000000000025FC030000000000B2
:1076900025FC03000000000025FC030000000000A2
:1076A00025FC03000000000025FC03000000000092
:1076B00025FC03000000000025FC03000000000082
:1076C00025FC03000000000025FC03000000000072
:1076D00025FC03000000000025FC03000000000062
:1076E00025FC03000000000025FC03000000000052
:1076F00025FC03000000000025FC03000000000042
:1077000025FC03000000000025FC03000000000031
:1077100025FC03000000000025FC03000000000021
:1077200025FC0300913A0400B33A04000000000075
:1077300025FC03000000000025FC03000000000001
:1077400025FC03000000000025FC030000000000F1
:1077500025FC03000000000025FC030000000000E1
:1077600025FC0300241000203D350400000000002B
:1077700025FC030007340400000000001919030071
:10778000E3340400DB340400D9180300C9180300F3
:10779000E1180300DD1B0300F5340400013504008B
:1077A000153504001F35040029350400DD1A0300D7
:1077B000111A030000000000C9150300FB33040088
:1077C000D333040000000000A114030000000000F7
:1077D000000000007F3504001D2003007135040007
:1077E000050000001107020006000000D53A020063
:1077F000040000002D180200D5FD0200ADFF0200BC
:107800000000000000000000000000000000000078
:107810003D030300FD07030000000000000000001E
:10782000000000000000000058850400080000006F
:10783000F8850400070000005161020039170400B8
:10784000873004006107030069860200CEBE040091
:1078500003000000DFC704000300000076B404004A
:107860000300000099C30400030000007DB404007D
:10787000030000000BCC04000300000016BD040050
:10788000030000002ABE0400030000005CC50400E1
:10789000030000004FDE04000300000038CE0400A7
:1078A00003000000E0ED0400030000006AD60400BD
:1078B0000300000033D00400030000003DCD0400AD
:1078C00003000000E2E40400030000000FD90400FC
:1078D0000300000061D9040003000000D901050085
:1078E00003000000C1F404000300000077FF04005F
:1078F00003000000ACD704000300000048E60400C9
:1079000003000000C4CC040003000000F5060500DD
:10791000030000005EDE04000300000056D30400F4
:10792000030000002BD504000300000034FC040019
:107930000300000062FC04000300000039FD0400A5
:1079400003000000380705000300000065F904008B
:10795000030000000501050003000000FEEE040026
:107960000300000034EE04000300000046EC0400B5
:10797000030000006AE70400030000009FC0040049
:1079800003000000E706050003000000D50605001F
:1079900003000000D2B304000300000038CC040050
:1079A00003000000FF0105000300000052A60400D0
:1079B0000300000060020500030000002B0D05001D
:1079C000030000003507050003000000C90405009E
:1079D00003000000EE04050003000000F5B20400FF
:1079E000030000008F02050003000000630805008B
:1079F00003000000BAA804000300000064AC040007
:107A00000300000042AC040003000000F6A80400DC
:107A100003000000FAA8040003000000BBAA040051
:107A2000030000009007050003000000F9B0040007
:107A300003000000FFB104000300000033B20400A3
:107A400003000000F307050003000000C00A050062
:107A5000030000005BAC04000300000042B204001D
:107A6000030000006F03050003000000AC82040067
:107A7000EC0F0020AAAA040001000000040000008E
:107A80000F000000010000000800000020000000BE
:107A900074000000840000000D0000000C000000D5
:107AA0000E0000005000000088000000BC00000034
:107AB000FFFFFFFFFFFFFFFFFFFFFFFFFFFFFFFFD6
:107AC000CFB3040000000000000000002DBE010044
:107AD000BDC00100000000004ECB0400010000000A
:107AE00000000000B30F04000000000000000000D0
:107AF000FFCB04000100000000000000812702000D
:107B00000000000000000000F7CB040001000000AE
:107B100000000000A11E0200012D02000000000074
:107B20002CEE040002000000000000000000000035
:107B3000EDC50200000000005BD60400000000005C
:107B40000000000099630200000000000000000037
:107B5000E5CC04000000000000000000AD3F020082
:107B600000000000000000002FDE04000000000004
:107B7000000000000D740200000000000000000082
:107B80009ED204000000000000000000F54F02003B
:107B90000000000000000000D5D20400000000003A
:107BA00000000000094F020000000000000000007B
:107BB00078D70400000000000000000019690200EE
:107BC0000000000000000000F2EE040000000000D1
:107BD00000000000E9C702000000000000000000F3
:107BE00017D304000000000000000000714F0200E5
:107BF000000000000000000045DE0400000000005E
:107C000000000000017F02000000000000000000F2
:107C10001CD504000000000000000000F15D02001F
:107C200000000000000000005FE70400000000000A
:107C300000000000A1A702000000000000000000FA
:107C40003BDE04000000000000000000297F02006D
:107C5000000000000000000005CC0400010000004E
:107C600000000000652302009522020000000000D1
:107C700013BC040018BC04001CBC040020BC04009D
:107C800024BC040028BC04002CBC040030BC04004C
:107C900034BC040038BC04003CBC040040BC0400FC
:107CA00044BC040048BC04004CBC040050BC0400AC
:107CB00054BC0400C8190000D0010100B0E20D005E
:107CC00080A0370200A0105000820D500004055023
:107CD000050000000400000001000000010208038C
:107CE0000402002526270102040102040301020305
:107CF00003002804BE119042B400EE03500B0102B1
:107D0000040102044C018604E80B03040200010292
:107D1000030300000028000000200102FFFFFFFF16
:107D2000FF030F141E28323C506478010203030144
:107D3000010002070001020401000100000101002E
:107D40000001000100000100010000000102080F15
:107D5000141E28323C5064780203000001000B001E
:107D600002000A00050009000A00080014000700CC
:107D70001E000600320005004B00040064000300F2
:107D800096000200FA000100F40100000102030362
:107D900002030100F401FA00960064004B00320077
:107DA0001E0014000A000500020001000C08021762
:107DB0000D01010209090101060209181803010158
:107DC0000909030305030201230202240910040424
:107DD00005050B0B040B2B1B1B151A1A1C021D1679
:107DE000130501490D150508061B1B0F1D1D0A066D
:107DF0000601010000FEFEFEFEFEFEFEFEFEFEFE91
:107E0000FEFEFEFEFEFE16FEFEFEFEFEFEFEFEFE7A
:107E1000FEFE1F1FFEFE26FEFEFEFEFE30FEFEFEE6
:107E200032FEFE32FEFE35FEFE3E3EFEFEFEFE3B16
:107E30003B006000BE0290062C01CE05D012280443
:107E4000BE1190426400AE02500672050813DA4378
:107E50000001020201020400A201B003BE05EE020D
:107E60004806A209C405F40B24120E021C045A038E
:107E7000B4063006600C26FEFEFEFE2E3630FEFEF8
:107E8000FE32FEFEFEFEFE35FEFEFEFEFEFEFEFEA7
:107E9000FEFEF5010203030102030301020412FEC8
:107EA000FEFEFEFEFEFEFEFEFEFE030303030303D4
:107EB0000303030303030314FEFE16FEFEFEFEFE91
:107EC000FEFE23FEFEFEFEFEFEFEFEFEFEFE2E3645
:107ED0003039FEFE32FEFEFEFEFE35FEFEFEFEFEEA
:107EE000FEFEFEFEFEF5010203032804BE119042D1
:107EF00072050813DA432C00CE01D00204104000B2
:107F00002804BE1190422C00CE01D002B400EE0332
:107F1000500B6400AE025006B400EE03500B010299
:107F20000303010204002804BE1190422804BE117C
:107F30009042010203030001020201020400010356
:107F400002000000982500200200000BE3A3C300FC
:107F5000840000200200000BA42500200200000C79
:107F60000A2600200200000B0A2600200100000C57
:107F7000082600200100000C01000000070000009E
:107F80000000000000000000000000000406080AD5
:107F90000C0E10121416181C1E20222426282A2C1F
:107FA0002E30323436383A3C3E40424446484A4C01
:107FB0004E021A50000000002800000018000000C7
:107FC000500100005001000000000000F0230000FC
:107FD00024130000E8670000187900001C0C7805E5
:107FE000A4381437000000004006000040060000DE
:107FF0004006000040060000000098086B0358028D
:108000009C180000000000000000000000000000BC
:10801000F0230000241300003CF000003CF00000BE
:108020000000000048A3000014A0000068A60000A3
:108030003CA500000000000000000000000000005F
:1080400000000000000040060C0360093408000036
:10805000000000000000010208FF7F00200018005F
:108060000A800720029801AA800000000102030490
:1080700002030404010203040101010201010101E0
:1080800002030402E4E1D8D2C6C9B4B19C93878D3F
:108090006C6378724E4B272D1B1E363900206020F2
:1080A0004060800102040301020400010200050493
:1080B00000080800000000000000000000000101AE
:1080C000010101010101010101010202020202029A
:1080D000030304040505060607070808090A0B0C34
:1080E0000D0E0F101112131415161718191A1B0064
:1080F00010010000D200000030010000D800000094
:1081000001000000E400000002000000EA0000009E
:1081100002000000EC00000003000000EE00000080
:1081200004000000F000000005000000F200000064
:1081300006000000F400000007000000F600000048
:1081400008000000F700000009000000F80000002F
:108150000A000000F90000000B000000FA00000017
:108160000D000000FB0000000F000000FC000000FC
:1081700011000000FD00000013000000FE000000E0
:1081800015000000FF0000001800000000000000C3
:108190001B000000010000001F00000002000000A2
:1081A000230000000300000028000000040000007D
:1081B0002D00000005000000330000000600000054
:1081C00039000000070000003F0000000800000028
:1081D00000100200FA000000000100081200000078
:1081E000000000000000000000000000000000008F
:1081F00000000000505341004B45590000000000B2
:108200000338FDD8704700000000000000000000A7
:108210000338FDD87047000059000000000000003E
:1082200004000000800E002000000000000000009C
:108230000000000000000000317301002573010000
:10824000E173010065E2030000300020000100003E
:1082500023F30300CDF20300020000009DF40300AD
:10826000000000000000000000000000000000000E
:108270004CAA040054AA0400000000000000000002
:10828000000000005CAA040060AA040064AA0400C4
:1082900068AA04009C8204007C680020059E0100FE
:1082A0009C680020B17B0020010000004FF5030016
:1082B00045F5030013F50300299E010000000000AE
:1082C00007F50300000000000200000000000000AD
:1082D0000000000000D01500DC6E0400010000006A
:1082E00000D0150000800000DC6E0400400000207B
:1082F00000000000060001000200000000830400EE
:108300000000000098B1040002000000E04F1600D9
:1083100000000020A0B1040021000000E0EF0220D6
:108320001410002081B6010000000000DDFC0300F5
:1083300024830400408304000201000000000000C8
:1083400060E3002024830400548304003D00000007
:1083500000000000C8F000202483040068830400AB
:1083600002010000000000006CF7002058BC04006F
:1083700076BC040091BC0400A1BC0400AEBC0400A7
:10838000B7BC0400BEBC0400C5BC0400CCBC0400E7
:10839000D4BC0400AEBC0400DCBC0400EEBC040091
:1083A00003BD04000E030000F1DC01000F04000017
:1083B000BDDC01001A0100006DC4010005040000CD
:1083C00085C401001301000049CC01003E010000FA
:1083D00075CA010001120000A9FF03000A1E000077
:1083E000DFFF0300FF010000E1CB01003E010000C0
:1083F000C1CB010005040000D1C401001001000040
:1084000045C5010002010000E9F20100011200006F
:1084100041DC01000A1E0000BB000400030900004B
:1084200099C60100040B000045C60100060A0000C1
:10843000A9D00100070A000015C5010012050000BF
:1084400021EA0100130800004DEB010011000000BB
:10845000A5F001000D01000021F1010024830400BA
:108460006C840400030100000000000088F8002074
:1084700018C3040025C3040045C3040039C3040025
:1084800050C3040067C3040077C304001FC704007F
:108490008BC3040024830400A484040000000000B3
:1084A00000000000DCFB002024830400B8840400EA
:1084B0002A0000000000000004FC0020B5050400B4
:1084C000F5050400000000000000000000000000AE
:1084D0009D0A0200000000000000000000000000F3
:1084E00000000000020201003B0D04000404010032
:1084F000C11702000606010001170200080401006E
:10850000ED1502000A020100230D04000C04010015
:108510000B0D04000E040100C11402002004010030
:10852000251402001004010035130200120201009C
:10853000DB0B04001E000400DB0E040052020000EE
:10854000010C040024830400548504002C00000066
:108550000000000094FE002008A40400AF110400F5
:108560000000000004A404000000010000A40400B6
:108570003D13040000000000B811002000000100BD
:10858000F8A304000000000000000000000000004C
:1085900000000000F4A30400811104000D25020076
:1085A000C011002000000300F0A304003D130400EC
:1085B00000000000B011002000000100E8A304004A
:1085C000E71104002526020000000000000003005F
:1085D000E4A304003D13040000000000A8110020E3
:1085E00000000100DCA30400112C020000000000C8
:1085F000000000000000010034A40400AF110400DA
:108600000000000030A40400000001002CA40400BD
:108610003D13040000000000E811002000000100EC
:1086200024A4040017120400000000000000000051
:108630000000010020A404003D130400000000001D
:10864000E01100200000010018A404004112040001
:1086500000000000000000000000010014A404005D
:108660003D13040000000000D811002000000100AC
:108670000CA40400352202000000000000000000ED
:1086800000000100000000000000000000000000E9
:108690000000000000000000DD14040000000000E5
:1086A0000000000000000000000000003D47020044
:1086B00011460200891A0400516602000000000001
:1086C000811A04003922040085790200C4DD040007
:1086D00000000000ECDD040001000000892504001A
:1086E0006D8A020000000000000000002125040047
:1086F000000000000000000008800000FFFFFFFFF6
:10870000399F020000000000EDFFFFFF3529040043
:1087100001000000EDFFFFFFF728040000800000CB
:10872000FDFFFFFFC128040001800000FEFFFFFFE6
:10873000D99002000980000000000000A526040076
:108740000A800000FFFFFFFF619002000C80000024
:1087500000000000612604000D800000FFFFFFFF05
:10876000ED8F020012800000000000005D26040072
:1087700013800000FFFFFFFF919A0200238000009A
:1087800000000000D525040024800000FFFFFFFF4B
:10879000918F02002680000000000000318F02004F
:1087A00027800000FEFFFFFFAD8E02001880000052
:1087B0000400000079930200030000000B00000099
:1087C000399E02001A80000019000000099D020075
:1087D0001B80000006000000959902002080000028
:1087E00014000000A19702001C8000000600000099
:1087F000CD9802002180000014000000999602002C
:108800001E80000006000000D594020022800000B7
:1088100014000000A59502001D8000000400000067
:108820002594020029800000FCFFFFFF798D0200E3
:108830002B800000FAFFFFFF818C020040800000C7
:10884000EEFFFFFF358C020045800000EEFFFFFFCA
:10885000E98B020041800000FEFFFFFF9D8B0200BC
:1088600042800000000000003D8B020046800000B6
:10887000FEFFFFFFF18A020047800000FDFFFFFFBF
:10888000798A02003D80000006000000019B020082
:108890003F80000006000000399C02004B80000071
:1088A000040000006D9202004D80000006000000F0
:1088B0006D9202004980000000000000A1910200BA
:1088C0000F800000000000008525040010800000DB
:1088D000FFFFFFFF119202002D800000FEFFFFFF4F
:1088E000D989020015800000FEFFFFFF8D8902007C
:1088F00016800000FDFFFFFF258902003880000080
:10890000000000007329040039800000F7FFFFFF1A
:1089100069A202003A8000000000000091290400D2
:108920003B800000FBFFFFFFC5A10200000000002C
:108930000000000000000000000000000000000037
:1089400011A40200000000000000000031800000BF
:10895000FEFFFFFFEDA602002F800000FEFFFFFFDD
:1089600081A6020030800000FEFFFFFFFB2904000B
:1089700032800000FDFFFFFFF1A502003380000000
:10898000FDFFFFFFC7290400348000000000000045
:10899000652A040035800000FFFFFFFF692A0400FC
:1089A00036800000FFFFFFFFD9A302000480000013
:1089B00000000000C329040005800000FFFFFFFF46
:1089C000992A040006800000FFFFFFFF832A0400AD
:1089D000000000000000000000000000392C04002E
:1089E0008F2C04006DC50200000000000000000094
:1089F000452E0400BD5F02009D650200195902006A
:108A0000A958020081590200496B02008940020006
:108A10006D84020065AA0200000000000000000052
:108A2000000000009D850200851704000000000082
:108A30002F2F0400F1CD020000000000A12E040041
:108A400024830400508A04001D0000000000000080
:108A500040080120DDE20200E1E002000DE1020039
:108A60000DE30200B5E60200D1EA02007B3104000A
:108A7000B5E8020055E702000000000045EB0200E7
:108A800089E602000000000035EC020075ED0200EE
:108A9000A5E9020000000000000000000100000045
:108AA00015F10200AF310400B9F9020009F2020029
:108AB000CDFB020059F4020011F70200010300008F
:108AC0001DF2020001000000E1F5020001000000BB
:108AD00081F8020000000000E731040051F20200BA
:108AE000020000006DFD0200F93104002170010058
:108AF000F731040000000000000000000101000048
:108B000002160020030200000016002016140000C8
:108B100003160020010100001916002003020000C6
:108B200017160020160B00001D1600200101000082
:108B30001C160020030200001A1600201613000065
:108B40001D160020651403004915030000000000F5
:108B5000D91603000516030054020500F73304007C
:108B6000F33304005A0205001000000001FF00006A
:108B7000650100000010000000A0105000820D50A0
:108B8000000405507F000000FFFF0100FF07000008
:108B90001F00000000A01050241000200000000062
:108BA00000000000FFFF000000820D509C1000201C
:108BB0000000000001000000FF0700000004055055
:108BC00000000000000000000200000000A01050A3
:108BD00000820D50000405507F000000FFFF0100DF
:108BE000FF07000000600C500000000000000000C3
:108BF000108C040000C201000000D601000000003B
:108C000000000040000000007C7D00207B7D0020F3
:108C100000600C501C8C0400020000003C8C04001E
:108C2000040000002C8C04000401000024800000DB
:108C30002580000126800002278000032400000018
:108C40002600000225060001270600035C6E0400D2
:108C5000090000003C6E04000A0000005C6E040085
:108C6000070000003C6E04000E0000003C6E040093
:108C70000D0011003C6E0400090011003C6E040060
:108C8000080011001C6E040004001100212D0300D7
:108C9000B1360400DF36040064000000E803000081
:108CA00010270000C027090000000000000000009D
:108CB0009D380300373804000000000001820000E6
:108CC00000000000A9380400028200000200000039
:108CD000F93904000382000002000000F3390400A7
:108CE000000000000000000000000000857F002060
:108CF0000000000000000000000000000000000074
:108D00000000000000011900010001000000000047
:108D10002539030011390300E5380300C138030089
:108D20000000000000000000000000000000000043
:108D30000F3A04000000000000000000FF390400AA
:108D400000A0105000820D50000405507F0000006C
:108D5000FFFF0100FF070000080000000200000004
:108D60000400000001000000500A05005E0A050032
:108D7000720A0500810A05008D0A0500446D040091
:108D80004C6D0400AC6D0400B46D0400FC6D040077
:108D9000FC6D0400980B0500000100008813000022
:108DA00000388A408F409440A140A640AC4015480E
:108DB000CB40AE40A3400038003800380038CE40E9
:108DC000ED409D4149415641324137413C4141418D
:108DD000B941BE41D7410E42FA418D411B4280410B
:108DE00062426A42774274436E4366437F432E4831
:108DF00024460038003800380038AF48D548F348DA
:108E000063457D4585439D45A845BB45E345ED4507
:108E1000CF45FC4515468C466E4695468E46003835
:108E20000038003828420038003800380038003850
:108E30000038003800380038003800380038003872
:108E40001949194919491949194919491949194912
:108E500019491949003800380038003800380038FE
:108E60000038003800380038003800380038003842
:108E70000038003800380038003800380038003832
:108E80000038003800380038003800380038003822
:108E90000038003800380038003800380038003812
:108EA0008C090038FFFFFF00000000001027008140
:108EB000878A001A7B627AA678797A8D00307B6285
:108EC0007AA778797A8D003078207B6279217A22AE
:108ED0000C10865082A2808182A28287828D001A25
:108EE0000030722095407AAC797B003078247B6228
:108EF0007AA884797A8D00307224A7407B24792562
:108F00007A26856286A87284868D11A68584116270
:108F100086A7858684208621862286509A5086A63A
:108F2000867286A88685868D8462868D781086A650
:108F30007270001A00307ABB7879003000830030FC
:108F4000001C001C001C001C001B7C22001D1310B8
:108F5000D040001A001C001C001C001B7C22001DBD
:108F6000001B7C22001D1310DA40001A000C016A5D
:108F70003427001A006E1027001A7B6278247925A6
:108F80007A260C1086500E1022590E101A59848F12
:108F9000C50811B885850410295911A284871AA221
:108FA00011111120071890A2801A9020001919A2FF
:108FB00072871AA61970001B7C201AA21A8013103F
:108FC0000B410E101D590410335986A21A72868D5A
:108FD000001A0030870811B8858211A284871AA26E
:108FE00011111120031890A2801A9020001915A2C7
:108FF00081871AA215151520031890A2801A9020B7
:10900000001907418650052408250426F54086509E
:10901000042406250526F54086500C2406250B263B
:10902000F54086500B2408251A26F55000AB0C1A83
:1090300000300DA702720AAC060D0EA703720BAC2E
:10904000060E02620CA872030C8D00307DBB020379
:10905000048F05A6707003628650042072210E22D0
:109060009A500070108A0E240B250E26F3500272BF
:109070008650042072210D229A5002721027108A05
:109080000D240A250D26F35005A70D0E05200C21F1
:1090900005229A50007005BB030505A60E05003099
:1090A00002628650042072210D229A500070108AAC
:1090B0000D240A250D26F35000300DA70D0E05A630
:1090C0007070027286500C200D2105229A5000709B
:1090D00005BB030505A60E05003002620DA702724E
:1090E00003620EA7037201BB0D0E00BB02030D202D
:1090F0000E21802282AC8081812082213910A941F9
:10910000006201A80180018D012408250626B150C6
:1091100000300324062508268650F3400324052545
:109120000A268650F350026286500A2072210A22D3
:109130009A503810003906200A210B229A500BA6AB
:109140000B0C0BA80B050B8D381000390030026298
:109150000A8E0A8F0B8E0B8F072787500EA8720B73
:109160000C200E210D229A500A200E210E229A5018
:109170000062865003240D251A2608210E221A515A
:109180000262008107271A2072211A229A5000AB2E
:109190000A1A003086500DBB08060DA6040D0324E4
:1091A00006250E26F3500E2007210E229A500EA7F8
:1091B000050E0E8D0E240D250B26F34086500A2435
:1091C00008250D26F35002200D210E229A500E2460
:1091D0000C250B26F340865007200A210D229A50B9
:1091E00003240C250E26F35005A60D0E058D003028
:1091F000865001A700720AB9010006240A25042638
:10920000F55077A7047238100030011877A70401D1
:10921000381000300420042104229A5077A70472E9
:109220003810003C001977A704013910003C0030C9
:10923000A0A27210685380A2811090A29110021017
:10924000965308105B541410FB5439108134001AE3
:10925000000C865033A2041002102D440810D7448D
:1092600014105B4558522620782148522621001CB4
:109270007A20CC4258522620782148521D2079214C
:109280004A52262026211D22001E7A20CC42585206
:10929000782479257D527A20CC42112084214852AD
:1092A000112010107A590E103649012185260068C8
:1092B00086AC86012EA67070C1522E2236102C224A
:1092C00035A78682006CC80811B83581EA5026207F
:1092D0001121001C262002101254112126220718E9
:1092E000B120021015540810C75414105155802194
:1092F0000019E35226202621D0501122BC520068CA
:10930000C152006C2320361026201B220318001E99
:10931000802100192621001A001B0B102320001F9A
:10932000001A2CBA73742CBA2C2C2CA72C742DA7D1
:10933000018677A72D2C001AA122DC5202108D5332
:10934000081054541410F65480A2807290A29072A7
:10935000808D908D001A003082A2821082A28272CB
:1093600082A81082001A2C2013211622071880A22E
:10937000818280219020B22200193222DC5229A25F
:10938000322828A2323131A2292525A2293030A243
:10939000312222A2312F2FA2301F1FA2302E2EA247
:1093A0002F1C1CA22F2D2DA22E1919A22E2C2CA25F
:1093B0002D1616A22D132FA6117030A6127031A6ED
:1093C000137013A62C7011201121081802108D5350
:1093D000081054541410F654A020B121001926A6E8
:1093E0002F7027A6307028A63170001A1120842112
:1093F00048521D20822148528A0811B885831420C2
:1094000011211122001C05188024B1208421001E86
:10941000001920201D211D22001C05188024B120C8
:109420008421001E0019E352262026211922001E45
:10943000DA501122BC5219222620BC5277A228727F
:10944000F810821077A7850177108620CC4285A678
:10945000850183A6830183A6830113A272101DA632
:1094600019701EA61A701FA613702C43585278212B
:109470000810E044818F918F001A003077A7010017
:109480003810013A001A0030585204216853021073
:1094900039540810F0543810053A001A0030585268
:1094A000262078214A52001A003058521510755360
:1094B0006E53262002214A5200302DA2A1A12EA2D5
:1094C000A12D80A2812D90A2912E001A2FA205100D
:1094D0002EA280802CA280332EA22E802DA29090CE
:1094E0002EA62E2C2EA62F2E2CA72D2E2CA22C7283
:1094F0002C8D001A30A691912CA681812DA230913D
:109500001A10E24331A2A1A11810C5432EA28181F5
:1095100031A231312CA22C2D31A231332FBA2E742D
:109520002EA62F3131A62C2CD1432EA681312FA768
:1095300081312CA22C2D2EA22E2F31A62C2C2EBA0E
:109540002E742DA22D2D2FA22E2E2DA62D2D80A7CF
:109550002F3131A72C80A0A230A12FA22E3190A7AD
:109560002F2D001A2EA281812CA22C2DCD4331A6A5
:109570007092ED4331A77092ED4330A2A1A12FA2CA
:1095800031A131A230822FA22F3031A731812FA7F4
:109590002F9130A23131A0A231A12CA2813030A272
:1095A00031302EA62C2C31A22F2F2EA6302E80A7A4
:1095B000312E2CA72C802EA2913031A22F2C90A7D7
:1095C000312E001AB0A2A0A0001A2EA670921B4441
:1095D0002EA770921B442DA2A2B231A2A1A12CA24F
:1095E00081B22FA2A13131A282312DA2912D2FA2C1
:1095F0002E2F2EA2A1A22C21F543AAC3E7D3EAE382
:109600002CA6047477A72C00381477A6047078145D
:10961000001A2DA205102EA633332FA62D2D2EA213
:109620002E2E2FA62F2D2EA22E332FA22F2F30A677
:109630002F2F2EA62E2F2FA62E3077A22F72001A94
:1096400090A77090908D001A2DA2A1A180A281A157
:1096500090A2912D001A2FA205102EA280802CA27C
:1096600080332EA22E802CA22C802DA2909030A28E
:1096700080902EA62E2C2DA62D302EA62F2E2CA778
:109680002D2E001A2CA281A12DA281812EA62D9112
:109690002DA22D2DA0A22C2C2CA22C2E2EA22E2EB3
:1096A000181085442FA2A03387442FBAA0042EA6F9
:1096B0002E2C80A62E2F2CA6A02C2DA22DA02CA2C5
:1096C0002C8090A62C2D001A702398448223984455
:1096D00031A683922FA282A130A2A1A130A2313063
:1096E00031A2818132A22F2F29A6313231A63191A8
:1096F000A0A229A131A22F312EA6812F32A630326D
:109700002FA6913032A281322FA22F2E2CA2812F90
:109710002DA2299180A632312CA62C2D32A62FA065
:1097200031A22C2929A2328090A63129001A30A218
:10973000A1A12DA2A2A22CA281A22FA282A12DA220
:10974000912D30A292302EA2A1A22C21A04472C44D
:1097500094D496E4006877A772043714006C001A5A
:109760002DA272872CA22D8177A7812C39108136EA
:109770002CA22D9177A7912C39109136001A003028
:1097800077A60570001A90A68090001A80A281A189
:1097900090A291A1001A31A272102CA280802DA259
:1097A00090902EA62C2D2FA22C2D2FA2332F2FA63A
:1097B0002F312EA72E2F2E8D001A2CA6819130A28C
:1097C00081812DA291912EA2A1A12CA22C2C2EA69A
:1097D0002E2E2FA6302D2DA7302D2CA72C2F2EA7C7
:1097E0002F2E90A22D2F80A22C2EA0A22E2F001A59
:1097F0002EA670822E452EA770822E452FA2A192F2
:109800002EA2A12E30A2819131A22E2F32A6912E0E
:109810002EA7812E2CA6812F2FA6912F32A22C327B
:109820002CA22E2F2EA630312FA7303130A72C2F6F
:1098300031A7322E80A22E3090A22F31A0A230313B
:10984000001A2CA2A2812DA2A2912FA2A1922EA237
:10985000A1822C2132450DC528D52BE5001A80A701
:109860007080808D001A5852022407257D522620D0
:10987000CC52E6508750262072210A229A50381086
:10988000003906200A210B229A500BA60C0B0BA8BC
:109890000B070B8D381000390030E65087500A8EC8
:1098A0000A8F0B8E0B8F0DA8720B0C200D21352209
:1098B0009A500A202B229A50EA50585208222B2301
:1098C0000224352526262653E650008126207221C3
:1098D0002C229A5000AB0A2C0030E6502BA87206BE
:1098E0002B8DEA50585202242B257D520820CC4261
:1098F000000C006435A60A0CE65087503520722112
:1099000035229A500BA7073506200B210B229A50BF
:10991000381000390030000C006435A60A0CE650FF
:1099200087500B8F3520722135229A50EA505852B9
:1099300008220B23022435250D26265300305852C9
:1099400026200B2148521D2006214A52262026217E
:109950001D22001E1D2008214A52262026211D22DC
:10996000001E0D20CC42E65087500B200C210A220D
:109970009A5082A70882828D0030585208220C2308
:1099800078240A252626265300682620062100ABC7
:10999000818000AB91900030585206200210505444
:1099A0000810F35414105F5506240B257D521D201A
:1099B00008214A52262026211D22001E1120CC52A9
:1099C00011240A257D520D20CC42E65087500A20F2
:1099D0000D212B229A50EA50CF550BA62B700D2447
:1099E0000B257D520820CC428650000800B87979BA
:1099F00017A70173179E179E0BA2781017A21710B6
:109A00000C200E2280A60B7090A2721082A690707D
:109A100092A6707068460E227AA882927A8D0030E3
:109A20000E210C2211A6819112A7819113A211116E
:109A300014A2121215A6829216A7829215A21512CE
:109A400016A2111611A7131481A2131412A2171132
:109A500014A6151615A7151682A2141416A215150C
:109A600013A6131292A2160B91A2111312103B46C9
:109A7000001B0A1040460C210E22424606217A564F
:109A800008217C5636A2060B36A236870AA608366F
:109A90000A8D0030E650875091A2918736A27687D2
:109AA00036A2913681A2818781A6368181A28172F8
:109AB000818D91A67070001A02248F460624082119
:109AC0007A56EA501410C447F34606217A560A8F94
:109AD000EA501410C9471C4735A2811034A29110D6
:109AE00031A2353536A2343433A2041035A23136D2
:109AF00034A2721033A2333531A7363136A634334F
:109B000031A73136318D39108134001A31A29110CC
:109B100036A2041031A2313133A2721036A236318E
:109B200031A7313336A6363333A2363633A2333635
:109B300034A2333335A2343635A2353134A2313331
:109B400035A23572358D33A7007333A73374339E36
:109B5000339E339E352433253526F55035A23510F6
:109B600034A2343533A2343433A2333633A63331FE
:109B7000338D72203810052081A23480818D7D10B4
:109B800081A70081001A000C8650D00811B8080186
:109B900032A2041032A6323284210C20A5570C21A7
:109BA0002D2088571120AE57071880222D21C02064
:109BB0005D578021AE5700190C210C2088C75DD756
:109BC00068E7D050112217570A20B9570030001B00
:109BD0000C200B102D206847000C86500821B6562B
:109BE0009C5632A2041032A63232920811B80A06EC
:109BF00002210C20A5570C212D2088571120AE578B
:109C0000031880222D21C0205D578021AE570019F6
:109C100008212120A55721212D2088572120AE572A
:109C2000031880222D21C0205D578021AE570019D6
:109C30000C2121220C205D5788C75DD768E7DA50D8
:109C400011221757212217570C20B95777A6807079
:109C50003E10003900AB0B90003031A6918136A741
:109C6000918131A2318236A2369233A670B2734707
:109C700031A6918136A7918131A2319236A23682E6
:109C800033A770B2734734A2A1A233A2B13335A671
:109C9000313631A7313636A7343333A6343380A278
:109CA000313690A23533A0A23633B0A23531001A36
:109CB00031A6918136A7918134A2313133A2313658
:109CC00031A2A1B136A2A1A131A6313136A63636D4
:109CD00036A7363334A7343180A23136A0A23633CA
:109CE00090A23334B0A23134001A80A2811090A225
:109CF0009110A0A27210B0A28090001A31A691819A
:109D000090A7918180A63170A0A6A1A1B0A2B13286
:109D1000001A35A2721035A835A180A2813590A213
:109D20009135808D908D001A082558527D520A2059
:109D3000CC4258520821DB5708205F5508220623E1
:109D400002240A252626265377A626703E100B39B4
:109D500000AB0B270030918F2CA291872DA2728728
:109D60002CA22C2C2EA72C2D2CA22C332CA72C2D46
:109D70002DA22E2E2FA22E2C2DA22D2F2FA22F2F33
:109D80002FA22D2F2FA22F722F8D30A70074309E5F
:109D9000309E2F2430252F26F5502FA22F872DA25D
:109DA0002F2D2FA22D2D2FA22F2C2FA72F2E2F8D11
:109DB0003910913481A22D72818D7C1081A7008190
:109DC00077A7810037109134001A000C7B6286500F
:109DD00078231BA67D721B9E341043481B9E832450
:109DE0001B257A26F5507A207A211B229A501BA730
:109DF0001B831B8D3910003D001A0030585278200B
:109E000078211C229A501CA61C041C209A501CA6C7
:109E10001C051C8D1C23195877A67A703D10003044
:109E20007AA7007A00301DA77D721EA61D701E9EA7
:109E300083241E257A26F550381000301EA77A722A
:109E40003910003D1FA283101DB91D0020A675709A
:109E500021A2721022A6212122239E5824A6287016
:109E600025A67570A85823A72821238D39106B4883
:109E700022A622215C481DA71D721D9E1F239E58ED
:109E800026A21F2827A2262828A72721288D381098
:109E900099482AA6727029A2272728A72921288D48
:109EA0003810874829A229292AA62A727D481EA788
:109EB000202A28A6247025A61E70A8582BA6287034
:109EC00024A22B2B20A62A7026A22B2627A22724E9
:109ED00074487AA226727A8D001A003023A2837207
:109EE000238D23241D252326F55028A22310001A94
:109EF00025A725723810001A28A22828A84806107D
:109F000000385852022407257D522620CC52006882
:109F10000AA60C800AAC0A01381000392AA672067B
:109F2000E6502BA8722A2AAC2B0187500A20062162
:109F30002B229A502BA7072B2BAC2B012A202B214D
:109F40000B229A5038100039003006100038E650C5
:109F500087500A8E0A8F0B8E0B8F2AA60A0B2AAC0B
:109F60002A0138100039EA50585208222A230224C4
:109F70000B2523262653E6502AA60C232AAC2A01B9
:109F800000AB0A2A0030061000385852E6508750BD
:109F90002AAC0D0F2AA62A0F2A2007212A229A501E
:109FA0002AA6062A2AAC2A012BAC0A0F2BA62B0FB5
:109FB0002B202A212B229A502BBB2B0C2ABB2A0C9C
:109FC000EA50585208222A230A242B250D2626530C
:109FD0000030003885A9010F001A11BA010F85A7BA
:109FE0008511001A007001A67070007001A77D72C3
:109FF000001A007009A67070007009BB7D0F7D21EA
:10A0000009620081001A81620081001A0F210F2667
:10A010000068868EC15236108636006C0210505988
:10A020000310875211A6267012A6277013A6287057
:10A03000E65036A8850F368D01213626EA50874234
:10A04000900811B8868615D418E4112012541D20EA
:10A050001121001C125411211D220318C120001EC1
:10A0600012548021001926A6117027A6127028A666
:10A07000137026202621001C001C001C001B7C22C3
:10A08000001D262113106B491122BC522621E7D353
:10A09000EAE3001A00680F8E006C2CA20F1087599B
:10A0A00002108759A0A2A02C15108959001A80A26D
:10A0B000802C90A2902C001AFA1ED65F300000006F
:10A0C000C000000018000000310000000000000087
:10A0D00030000000E00000001C000000390000001B
:10A0E000000000003000000000010000200000001F
:10A0F00041000000000000003000000040010000AE
:10A1000028000000510000000000000030000000A6
:10A11000800100003000000061000000000000002D
:10A12000300000000002000040000000810000003C
:10A130000000000017000000C00000001800000030
:10A14000310000000000000017000000E1000000E6
:10A150001D0000003B000000000000001700000090
:10A16000000100002000000041000000000000008D
:10A1700012000000C00000001800000031000000C4
:10A180000100000012000000E00000001C000000C0
:10A190003900000001000000120000000001000072
:10A1A000200000004100000001000000120000003B
:10A1B00040010000280000005100000001000000E4
:10A1C000120000008001000030000000610000006B
:10A1D000010000001200000009020000420000001F
:10A1E000850000000100000041000000FF000000A9
:10A1F00020000000200000000000000041000000DE
:10A20000C00100003800000038000000000000001D
:10A2100042000000FF0000002000000020000000BD
:10A220000000000042000000C001000039000000F2
:10A2300039000000000000000001000000020000E2
:10A240000014000000280000004000000100000091
:10A25000020000000100000005000000A4A20400AC
:10A26000890E0500F55804002000000010000000D1
:10A2700010000000200000000000000001000000AD
:10A2800006000000A4A2040000000000F958040029
:10A29000200000001000000010000000200000005E
:10A2A000000000001100000011080000112800004B
:10A2B000000000004100000001000000010000005B
:10A2C000CCA20400010000001010100011000000DA
:10A2D00011080000114800001128000001000000D2
:10A2E000040000000000000008A30400990E05000F
:10A2F000055E040040000000200000004000000057
:10A3000030000000000000001400000014040000F1
:10A3100014280000142C0000440000000400000079
:10A32000040000000F0000001000000010000000FA
:10A3300020000000100000001000000040A30400F6
:10A3400011000000112800001108000001000000A9
:10A3500008060000000200000004000020000000C9
:10A3600040000000200000004800000059D2030017
:10A370000406000000020000000400001C000000B1
:10A3800040000000200000004800000059D20300F7
:10A390001300000063000000A300000003000000A1
:10A3A00000001000200000000F0F0500B0A3040003
:10A3B0002600001000000000003000000C0000002B
:10A3C00000000000C8A3040022000010000C0000E0
:10A3D000003100000C0000000000000300002A2BE8
:10A3E00000002A2B000003280000292B0000292B45
:10A3F00000000328000002290000052A0000052AA9
:10A400000000032800000118000000280000042AB2
:10A410000000042A000003280000012A0000012A8D
:10A42000000003280000002A0000002A0000032882
:10A430000000001800000028000002290000DC2AAB
:10A440000000DC2A000003280000DB2A0000DB2AD1
:10A45000000003280000271800000028000002293F
:10A460000000DE2A0000DE2A000003280000DD2AAA
:10A470000000DD2A00000328000028180000002842
:10A48000426C7565746F6F746820696E69742066BC
:10A4900061696C65642028657272202564290A0050
:10A4A000426C7565746F6F746820696E6974696158
:10A4B0006C697A65640A00496E697469616C697ACD
:10A4C000696E67204C454473206661696C65642041
:10A4D00028657272202564290A00496E69746961D1
:10A4E0006C697A696E6720627574746F6E7320662A
:10A4F00061696C65642028657272202564290A00F0
:10A50000496E697469616C697A696E67206D6573FB
:10A5100068206661696C6564202865727220256414
:10A52000290A004D65736820696E697469616C69F8
:10A530007A65640A00496E697469616C697A696E4A
:10A54000672E2E2E0A00574553545F544F504449EE
:10A55000522F7A65706879722F6C69622F68656115
:10A56000702F686561702E63004153534552544902
:10A570004F4E204641494C20402025733A25640A1D
:10A5800000574553545F544F504449522F7A6570D9
:10A590006879722F6C69622F6F732F6362707269B2
:10A5A0006E74665F7061636B616765642E6300281B
:10A5B000756E7369676E6564292063686172202A0D
:10A5C000207573656420666F722025257020617286
:10A5D00067756D656E742E204974277320726563EC
:10A5E0006F6D6D656E64656420746F206361737454
:10A5F00020697420746F20766F6964202A20626558
:10A600006361757365206974206D6179206361757C
:10A610007365206D69736265686176696F72206920
:10A620006E206365727461696E20636F6E66696720
:10A6300075726174696F6E732E20537472696E67E0
:10A640003A2225732220617267756D656E743A2512
:10A65000640063627072696E74665F7061636B61DF
:10A66000676500574553545F544F504449522F7A01
:10A6700065706879722F6C69622F6F732F6D7073BC
:10A68000635F706275662E6300574553545F544F85
:10A69000504449522F7A65706879722F696E636CE5
:10A6A0007564652F7A65706879722F7370696E6C46
:10A6B0006F636B2E6800574553545F544F504449A5
:10A6C000522F7A65706879722F6C69622F75746980
:10A6D0006C732F6F6E6F66662E6300574553545F21
:10A6E000544F504449522F7A65706879722F6C69C3
:10A6F000622F7574696C732F6E6F746966792E633F
:10A7000000496E76616C6964206673007A6D73200F
:10A710006E6F7420696E697469616C697A65640032
:10A72000436F756C64206E6F74206F627461696E24
:10A7300020666C61736820706172616D657465720A
:10A740007300556E737570706F72746564207772E4
:10A7500069746520626C6F636B2073697A65004968
:10A760006E76616C696420736563746F72207369BF
:10A770007A652C2073686F756C6420626520617443
:10A78000206C6561737420257A7500436F6E66696D
:10A790006775726174696F6E206572726F72202DB9
:10A7A00020736563746F7220636F756E74206265C9
:10A7B0006C6F77206D696E696D756D20726571754E
:10A7C0006972656D656E7420283229005A4D5320D8
:10A7D00056657273696F6E206973206E6F74207393
:10A7E0007570706F727465640025752053656374AD
:10A7F0006F7273206F66202575206279746573000F
:10A80000616C6C6F63207772613A20256C6C752CDB
:10A8100020256C6C780064617461207772613A2045
:10A82000256C6C752C20256C6C7800474320446F98
:10A830006E65206D61726B657220666F756E640067
:10A840004E6F20474320446F6E65206D61726B65CB
:10A850007220666F756E643A2072657374617274EB
:10A86000696E67206763004661696C656420746F78
:10A8700020636C6F73652074686520736563746F03
:10A88000722C2072657475726E6564203D2025649B
:10A89000004761726261676520636F6C6C65637409
:10A8A000696F6E206661696C65642C2072657475D1
:10A8B000726E6564203D2025640066735F7A6D7357
:10A8C000006C6F6767696E6700574553545F544F5C
:10A8D000504449522F7A65706879722F737562738C
:10A8E00079732F6C6F6767696E672F6C6F675F6333
:10A8F0006F72652E63006C6F67006C6F675F6D67CA
:10A900006D74004D6573736167652028222573227D
:10A91000292064726F70706564206265636175736D
:10A920006520697420657863656564732073697A4E
:10A9300065206C696D69746174696F6E2028257576
:10A940002900574553545F544F504449522F7A655C
:10A95000706879722F7375627379732F6C6F676784
:10A96000696E672F6C6F675F6D73672E63004D654F
:10A9700073736167652064726F70706564206265CF
:10A9800063617573652069742065786365656473B8
:10A990002073697A65206C696D69746174696F6E82
:10A9A0002028257529000D0A00574553545F544F40
:10A9B000504449522F7A65706879722F73756273AB
:10A9C00079732F6C6F6767696E672F6C6F675F6F46
:10A9D00075747075742E63001B5B306D00257320D9
:10A9E000005B2530386C755D20005B253032753A90
:10A9F000253032753A253032752E253033752C25A9
:10AA00003033755D200025732F003C25733E2000F8
:10AA100025733A2000253032782000202020007C49
:10AA200000256300206D6573736167657320647230
:10AA30006F70706564202D2D2D0D0A1B5B306D002D
:10AA40001B5B313B33316D2D2D2D20001B5B313BCA
:10AA500033316D001B5B313B33336D006572720027
:10AA600077726E00696E66006462670057455354E2
:10AA70005F544F504449522F7A65706879722F7332
:10AA800075627379732F6C6F6767696E672F626188
:10AA9000636B656E64732F6C6F675F6261636B6578
:10AAA0006E645F756172742E63006C6F675F6261C4
:10AAB000636B656E645F75617274006C6F675F7560
:10AAC00061727400574553545F544F504449522F9C
:10AAD0007A65706879722F7375627379732F7365F5
:10AAE0007474696E67732F7372632F7365747469FE
:10AAF0006E67732E63007365742D76616C756520C7
:10AB00006661696C7572652E206B65793A202573D4
:10AB1000206572726F722825642900574553545F6F
:10AB2000544F504449522F7A65706879722F73756B
:10AB3000627379732F73657474696E67732F7372A0
:10AB4000632F73657474696E67735F7A6D732E63B8
:10AB5000004D6178696D756D206861736820636F61
:10AB60006C6C6973696F6E7320726561636865648C
:10AB7000004C696E6B6564206C69737420666F723B
:10AB8000206861736865732069732062726F6B65FA
:10AB90006E2C20547279696E6720746F2072656321
:10ABA0006F766572002A2A2A20426F6F74696E6779
:10ABB000204D657368204C696768742076332E32A7
:10ABC0002E312D6438383837663666333264662065
:10ABD0002A2A2A0A002A2A2A205573696E67206EBB
:10ABE000524620436F6E6E6563742053444B20764B
:10ABF000332E322E312D643838383766366633328C
:10AC00006466202A2A2A0A002A2A2A205573696E95
:10AC100067205A6570687972204F532076342E323F
:10AC20002E39392D65633738313034663135363950
:10AC3000202A2A2A0A0025732F2530387825303813
:10AC40007800696E7465726E616C5F74727573748E
:10AC500065645F73746F726167655F73657474694F
:10AC60006E677300696E7465726E616C5F74727585
:10AC7000737465645F616561640072302F61313A9D
:10AC80002020307825303878202072312F61323AF8
:10AC90002020307825303878202072322F61333AE6
:10ACA00020203078253038780072332F61343A20F4
:10ACB00020307825303878207231322F69703A2070
:10ACC00020307825303878207231342F6C723A2059
:10ACD000203078253038780020787073723A202040
:10ACE000307825303878004661756C74696E67205D
:10ACF000696E737472756374696F6E2061646472D7
:10AD000065737320287231352F7063293A203078AB
:10AD10002530387800556E68616E646C6564204932
:10AD200052516E3A202564002A2A2A2A2A204D50A0
:10AD300055204641554C54202A2A2A2A2A002020F0
:10AD4000537461636B696E67206572726F7220283D
:10AD5000636F6E746578742061726561206D6967D8
:10AD60006874206265206E6F742076616C69642956
:10AD7000002020556E737461636B696E6720657285
:10AD8000726F7200202044617461204163636573B7
:10AD9000732056696F6C6174696F6E0020204D4D91
:10ADA00046415220416464726573733A20307825BD
:10ADB00078002020496E737472756374696F6E2019
:10ADC0004163636573732056696F6C6174696F6E5C
:10ADD000002020466C6F6174696E672D706F696E1C
:10ADE00074206C617A792073746174652070726567
:10ADF000736572766174696F6E206572726F72002E
:10AE0000574553545F544F504449522F7A657068E8
:10AE100079722F617263682F61726D2F636F726533
:10AE20002F636F727465785F6D2F6661756C742E19
:10AE300063002A2A2A2A2A205553414745204641A1
:10AE4000554C54202A2A2A2A2A002020446976694F
:10AE500073696F6E206279207A65726F00202055C9
:10AE60006E616C69676E6564206D656D6F727920C7
:10AE7000616363657373002020537461636B206F9B
:10AE8000766572666C6F772028636F6E7465787470
:10AE90002061726561206E6F742076616C6964292F
:10AEA0000020204E6F20636F70726F636573736F45
:10AEB0007220696E737472756374696F6E730020AB
:10AEC00020496C6C6567616C206C6F6164206F66F3
:10AED000204558435F52455455524E20696E746F59
:10AEE000205043002020496C6C6567616C207573AD
:10AEF00065206F66207468652045505352002020FD
:10AF0000417474656D707420746F20657865637525
:10AF1000746520756E646566696E656420696E731C
:10AF20007472756374696F6E002A2A2A2A2A204275
:10AF30005553204641554C54202A2A2A2A2A0020BB
:10AF400020537461636B696E67206572726F720063
:10AF500020205072656369736520646174612062AA
:10AF60007573206572726F72002020424641522034
:10AF7000416464726573733A20307825780020202C
:10AF8000496D7072656369736520646174612062E4
:10AF90007573206572726F72002020496E7374722F
:10AFA000756374696F6E20627573206572726F725B
:10AFB00000526573657276656420457863657074C8
:10AFC000696F6E20280053707572696F7573206900
:10AFD0006E74657272757074202849525120005346
:10AFE0005053454C20696E20746872656164206D11
:10AFF0006F646520646F6573206E6F7420696E6482
:10B00000696361746520505350002A2A2A2A2A2035
:10B0100048415244204641554C54202A2A2A2A2A83
:10B02000002020427573206661756C74206F6E205D
:10B03000766563746F72207461626C6520726561FD
:10B04000640020204465627567206576656E740033
:10B0500020204661756C7420657363616C6174694E
:10B060006F6E20287365652062656C6F77290041DB
:10B070005243485F455843455054207769746820CF
:10B08000726561736F6E2025780A002A2A2A2A2A9F
:10B09000204465627567206D6F6E69746F722065FC
:10B0A0007863657074696F6E202A2A2A2A2A002A1A
:10B0B0002A2A2A2A20257320256429202A2A2A2A96
:10B0C0002A00574553545F544F504449522F7A65D4
:10B0D000706879722F617263682F61726D2F636F70
:10B0E00072652F636F727465785F6D2F6972715F1F
:10B0F0006D616E6167652E63006D707500466169F4
:10B100006C656420746F20616C6C6F636174652082
:10B110006E6577204D505520726567696F6E2025EA
:10B12000750A00506172746974696F6E2025753AF2
:10B130002073616E69747920636865636B20666152
:10B14000696C65642E00496E76616C696420756E69
:10B150006465726C79696E6720726567696F6E20CD
:10B16000696E64657820257500574553545F544FC8
:10B17000504449522F7A65706879722F6172636802
:10B180002F61726D2F636F72652F6D70752F6172F5
:10B190006D5F6D70752E6300464C4153485F300003
:10B1A0005352414D5F3000574553545F544F504404
:10B1B00049522F7A65706879722F6C69622F6C69B9
:10B1C00062632F7069636F6C6962632F617373656B
:10B1D00072742E63006578697400574553545F5448
:10B1E0004F504449522F7A65706879722F6C6962AA
:10B1F0002F6E65745F6275662F6275662E63006ED2
:10B2000065745F62756600574553545F544F5044F0
:10B2100049522F7A65706879722F6C69622F6E655A
:10B22000745F6275662F6275665F73696D706C65B9
:10B230002E63006E65745F6275665F73696D706C16
:10B240006500736F630000FFFFFFFFFFFF0000005A
:10B2500000000000FFFFFFFFFFFF000000000000F4
:10B260007075626C69630072616E646F6D007075F9
:10B27000626C69632D69640072616E646F6D2D6923
:10B280006400253032583A253032583A2530325849
:10B290003A253032583A253032583A253032582043
:10B2A0002825732900303132333435363738396147
:10B2B000626364656600496E737566666963696595
:10B2C0006E74206E756D626572206F6620617267A4
:10B2D000756D656E74730049676E6F72696E672075
:10B2E0006964656E7469746965732073746F7265DF
:10B2F0006420696E20666C61736800496E76616CCB
:10B300006964206C656E67746820494420616464D8
:10B310007265737320696E2073746F726167650064
:10B3200062742F25732F25303278253032782530FE
:10B3300032782530327825303278253032782575CC
:10B340002F25730062742F25732F25303278253016
:10B3500032782530327825303278253032782530F1
:10B36000327825750073657474696E67735F7375E1
:10B37000627379735F696E6974206661696C656474
:10B380002028657272202564290062742F257300BD
:10B390004661696C656420746F207361766520492D
:10B3A0004420286572722025642900556E61626C04
:10B3B0006520746F20736574757020616E206964F8
:10B3C000656E746974792061646472657373006278
:10B3D000740062745F73657474696E6773004254BD
:10B3E000204C5720575100253038782D253034789F
:10B3F0002D253034782D253034782D25303878259A
:10B400003034780002FB349B5F8000008000100025
:10B410000000000000574553545F544F50444952B8
:10B420002F7A65706879722F7375627379732F62E2
:10B430006C7565746F6F74682F686F73742F6275A5
:10B44000662E6300574553545F544F504449522F62
:10B450007A65706879722F696E636C7564652F7A8E
:10B4600065706879722F626C7565746F6F74682F80
:10B470006275662E680062745F6275660062745F52
:10B48000646174610044617461206275666665720E
:10B49000206F766572666C6F7720286C696E6B2002
:10B4A00074797065203078253032782900556E61C6
:10B4B000626C6520746F206C6F6F6B2075702063F9
:10B4C0006F6E6E20776974682068616E646C6520A9
:10B4D000257500556E61626C6520746F206C6F6F0E
:10B4E0006B757020636F6E6E20666F722068616E80
:10B4F000646C65202575004861726477617265200F
:10B500006572726F722C2068617264776172652057
:10B51000636F64653A20256400436F756C64206E28
:10B520006F74207375626D69742072785F776F72C3
:10B530006B3A20256400556E61626C6520746F2043
:10B54000616C6C6F6361746520627566666572001C
:10B55000556E657870656374656420737461747585
:10B56000732030782530327820257300556E68615D
:10B570006E646C6564206576656E74203078253065
:10B580003278206C656E2025753A20257300696E2F
:10B5900074657276616C2065786365656473207488
:10B5A00068652076616C69642072616E676520252C
:10B5B00075207573006C6174656E637920657863BE
:10B5C00065656473207468652076616C69642072B7
:10B5D000616E676520307825303478007375707639
:10B5E0005F74696D656F75742065786365656473F4
:10B5F000207468652076616C69642072616E67658D
:10B6000020307825303478004E6F20636F6D6D6187
:10B610006E642073656E7420666F7220636D6420A3
:10B62000636F6D706C6574652030782530347800F8
:10B630004F70436F64652030782530347820636F15
:10B640006D706C6574656420696E737465616420E7
:10B650006F66206578706563746564203078253086
:10B66000347800574553545F544F504449522F7A11
:10B6700065706879722F7375627379732F626C7558
:10B6800065746F6F74682F686F73742F6863695F78
:10B69000636F72652E6300546F6F20736D616C6C05
:10B6A0002028257520627974657329206576656E7A
:10B6B000742030782530327800496E76616C696488
:10B6C00020484349206576656E742073697A652049
:10B6D0002825752900496E76616C6964204C4520E7
:10B6E0006D657461206576656E742073697A652076
:10B6F0002825752900496E76616C6964206275663B
:10B70000207479706520257500496E76616C6964D6
:10B71000204843492041434C207061636B6574208D
:10B7200073697A6520282575290041434C2064619E
:10B730007461206C656E677468206D69736D6174E7
:10B7400063682028257520213D2025752900556E28
:10B7500061626C6520746F2066696E6420636F6E31
:10B760006E20666F722068616E646C6520257500BE
:10B77000556E6B6E6F776E2062756620747970659A
:10B7800020257500556E68616E646C656420766571
:10B790006E646F722D737065636966696320657688
:10B7A000656E7420307825303278206C656E2025E7
:10B7B000753A20257300657674206E756D5F68613B
:10B7C0006E646C657320283D25752920746F6F2089
:10B7D0006C617267652028257A75203E20257529C1
:10B7E000004E6F20636F6E6E656374696F6E2066C6
:10B7F0006F722068616E646C6520257500706163EE
:10B800006B65747320636F756E74206D69736D6101
:10B8100074636800756E6B6E6F776E005B305D00F1
:10B82000484349207472616E73706F72743A2025B8
:10B830007300534443004964656E746974792573D9
:10B840003A202573004964656E746974795B2564D8
:10B850005D3A202573004843493A20766572736942
:10B860006F6E202573202830782530327829207299
:10B8700065766973696F6E203078253034782C20B6
:10B880006D616E75666163747572657220307825BE
:10B89000303478004C4D503A2076657273696F6E83
:10B8A000202573202830782530327829207375625E
:10B8B00076657220307825303478004E6F20494408
:10B8C00020616464726573732E20417070206D7501
:10B8D00073742063616C6C2073657474696E677334
:10B8E0005F6C6F61642829004D657368204C69673F
:10B8F000687400556E61626C6520746F2073656EAC
:10B900006420746F20647269766572202865727293
:10B910002025642900556E636C6561726564207032
:10B92000656E64696E672073656E745F636D640035
:10B930006F70636F646520307825303478207374BD
:10B940006174757320307825303278202573004675
:10B9500061696C656420746F207265616420444C79
:10B9600045206D61782064617461206C656E00749F
:10B97000785F6F637465747320657863656564735D
:10B98000207468652076616C69642072616E6765F9
:10B990002025750074785F74696D6520657863652E
:10B9A000656473207468652076616C6964207261D7
:10B9B0006E6765202575004E6F6E2D4C45206361C6
:10B9C0007061626C6520636F6E74726F6C6C65720F
:10B9D00020646574656374656421004E756D206F25
:10B9E0006620436F6E74726F6C6C657227732041B2
:10B9F000434C207061636B65747320213D2041438B
:10BA00004C2062745F636F6E6E5F747820636F6E3C
:10BA100074657874732028257520213D20257529AB
:10BA200000436F6E74726F6C6C657220646F657327
:10BA3000206E6F7420737570706F727420274C4580
:10BA40005F524541445F4D41585F4144565F444118
:10BA500054415F4C454E272E20417373756D696EBE
:10BA600067206D6178696D756D206C656E677468AF
:10BA70002069732033312062797465732E0041434D
:10BA80004C2042522F45445220627566666572739F
:10BA9000206E6F7420696E697469616C697A65647F
:10BAA0000056656E646F722048434920657874655E
:10BAB0006E73696F6E73206E6F7420617661696C4E
:10BAC00061626C6500485720506C6174666F726DDE
:10BAD0003A202573202830782530347829004857BB
:10BAE0002056617269616E743A202573202830787F
:10BAF0002530347829004669726D776172653A2085
:10BB000025732028307825303278292056657273C5
:10BB1000696F6E2025752E2575204275696C64202D
:10BB20002575004661696C656420746F20726561DB
:10BB30006420737570706F727465642076656E64CE
:10BB40006F7220636F6D6D616E6473004661696C26
:10BB5000656420746F207265616420737570706F06
:10BB6000727465642076656E646F722066656174B8
:10BB70007572657300484349206472697665722066
:10BB80006973206E6F74207265616479004254207D
:10BB900052582057510048434920647269766572B3
:10BBA000206F70656E206661696C6564202825646D
:10BBB00029004E6F2070656E64696E6720636F6E3A
:10BBC0006E20666F72207065657220257300556E59
:10BBD000657870656374656420484F53545F4E55B3
:10BBE0004D5F434F4D504C455445445F5041434B8E
:10BBF0004554532C2073746174757320307825304C
:10BC000032782025730091FBFBF3F4FBFBFBFBEA8E
:10BC1000010204312E306200312E3100312E32000B
:10BC2000322E3000322E3100332E3000342E3000D0
:10BC3000342E3100342E3200352E3000352E3100B6
:10BC4000352E3200352E3300352E3400362E30009E
:10BC5000362E3100362E32005374616E6461726488
:10BC600020426C7565746F6F746820636F6E7472B8
:10BC70006F6C6C65720056656E646F7220737065D0
:10BC8000636966696320636F6E74726F6C6C657252
:10BC9000004669726D77617265206C6F61646572D0
:10BCA0000052657363756520696D61676500726533
:10BCB000736572766564006E5246353178006E5257
:10BCC00046353278006E5246353378006E5246352E
:10BCD000344878006E524635344C7800496E7465AD
:10BCE0006C20436F72706F726174696F6E004E6F7B
:10BCF000726469632053656D69636F6E6475637404
:10BD00006F72004E58502053656D69636F6E647595
:10BD100063746F72730062745F6863695F636F72EC
:10BD20006500636D6420646973616C6C6F77656432
:10BD3000004F6E6C792072616E646F6D2073746158
:10BD4000746963206964656E7469747920616464E0
:10BD50007265737320737570706F727465640049D7
:10BD60006E76616C696420696E70757420706172A2
:10BD7000616D6574657273004661696C65642074F9
:10BD80006F2072656164207075626C696320616404
:10BD900064726573730052656164205374617469E1
:10BDA000632041646472657373657320636F6D6DA6
:10BDB000616E64206E6F7420617661696C61626C83
:10BDC00065004661696C656420746F20726561640A
:10BDD0002073746174696320616464726573736550
:10BDE00073004E6F207374617469632061646472C0
:10BDF00065737365732073746F72656420696E2058
:10BE0000636F6E74726F6C6C65720043616E277441
:10BE10002073657420626F7468204944454E54490C
:10BE200054592026204E5250410062745F696400CC
:10BE3000616476206F72207363616E20727370206C
:10BE40006461746120746F6F206C61726765202873
:10BE5000257A75203E206D61782025752900546F64
:10BE60006F20626967206164766572746973696EB8
:10BE700067206461746100574553545F544F5044C8
:10BE800049522F7A65706879722F7375627379736E
:10BE90002F626C7565746F6F74682F686F73742F81
:10BEA0006164762E63004661696C656420746F205E
:10BEB00073746172742061647665727469736572FB
:10BEC000004E6F2076616C69642061647600627454
:10BED0005F61647600436F756C64206E6F742073CD
:10BEE000746F7020746865206578706C696369741C
:10BEF000207363616E6E6572202825642900556E7B
:10BF0000657870656374656420656E64206F662073
:10BF100062756666657200416476207265706F7244
:10BF20007420636F72727570746564202877616E17
:10BF30007473202575206F7574206F662025752910
:10BF400000526563656976656420616E20696E6381
:10BF50006F6D706C65746520616476657274697369
:10BF6000696E67207265706F7274207768696C659E
:10BF7000207265617373656D626C696E67206164C0
:10BF8000766572746973696E67207265706F72741A
:10BF9000732066726F6D20612064696666657265E4
:10BFA0006E7420616476657274697365722E2054B4
:10BFB0006865206164766572746973696E67207262
:10BFC00065706F7274206973206469736361726451
:10BFD000656420616E642066757475726520736394
:10BFE000616E20726573756C7473206D6179206267
:10BFF0006520696E636F6D706C6574652E20496E87
:10C000007465726C656176696E67206F6620667212
:10C0100061676D656E7465642061647665727469CC
:10C0200073696E67207265706F7274732066726FC9
:10C030006D20646966666572656E742061647665FC
:10C0400072746973657273206973206E6F742079DE
:10C05000657420737570706F727465642E00574537
:10C0600053545F544F504449522F7A657068797227
:10C070002F7375627379732F626C7565746F6F744B
:10C08000682F686F73742F7363616E2E63000305EE
:10C0900002000501050505050404030502000A6206
:10C0A000745F7363616E00574553545F544F50443F
:10C0B00049522F7A65706879722F7375627379733C
:10C0C0002F626C7565746F6F74682F686F73742F4F
:10C0D000636F6E6E2E63004661696C6564207265E5
:10C0E00061642072656D6F74652066656174757238
:10C0F00065732028256429004661696C6564207495
:10C100006F207365742064617461206C656E2028F3
:10C1100025642900556E65787065637465642066D2
:10C1200069727374204C32434150206672616D65B0
:10C1300000556E6578706563746564204C324341C8
:10C140005020636F6E74696E756174696F6E004E16
:10C150006F7420656E6F75676820627566666572BC
:10C1600020737061636520666F72204C32434150CA
:10C17000206461746100556E6578706563746564F0
:10C180002041434C20666C6167732028307825304D
:10C190003278290041434C206C656E206D69736DC7
:10C1A0006174636820282575203E202575290028A4
:10C1B000756E6B6E6F776E29006E6F207472616E94
:10C1C000736974696F6E20257300496E76616C69BE
:10C1D000642028257529206F6C6420737461746550
:10C1E00000636F6E6E202570206661696C65642047
:10C1F000746F2065737461626C6973682E20524697
:10C20000206E6F6973653F006E6F2076616C6964A4
:10C210002028257529207374617465207761732047
:10C2200073657400696E636F6D70617469626C65CB
:10C230002068616E646C652025750054696D656FBA
:10C240007574206469736361726465642E204E6F37
:10C2500020626C6F636B696E6720696E20737973FF
:10C2600077712E00466174616C206572726F722066
:10C27000282564292E20446973636F6E6E6563748C
:10C28000696E6720257000466F756E642076616C5C
:10C29000696420636F6E6E656374696F6E20282514
:10C2A00070292077697468206164647265737320F3
:10C2B000257320696E2025732073746174652000D6
:10C2C00053656E64204C4520706172616D207570FD
:10C2D00064617465206661696C65642028657272AA
:10C2E000202564290053656E64206175746F204CAD
:10C2F0004520706172616D2075706461746520669F
:10C3000061696C65642028657272202564290000CB
:10C310000001010101010203646973636F6E6E65C0
:10C320006374656400646973636F6E6E6563742D16
:10C33000636F6D706C657465007363616E2D62650B
:10C34000666F72652D696E6974696174696E6700E4
:10C35000696E6974696174696E672D66696C74656C
:10C36000722D6C697374006164762D636F6E6E65F7
:10C37000637461626C65006164762D6469722D631B
:10C380006F6E6E65637461626C6500646973636F80
:10C390006E6E656374696E670062745F636F6E6E64
:10C3A00000574553545F544F504449522F7A65709B
:10C3B0006879722F7375627379732F626C75657407
:10C3C0006F6F74682F686F73742F6C326361702E97
:10C3D0006300556E61626C6520746F20616C6C6FD8
:10C3E000636174652062756666657220666F72208F
:10C3F0006F7020307825303278004E6F2061766182
:10C40000696C61626C65204C3243415020636F6EF1
:10C410007465787420666F7220636F6E6E2025706D
:10C4200000457870656374696E6720757020746F5D
:10C4300020256420726566732C20676F7420256444
:10C4400000616C7265616479206861766520766947
:10C450006577206F6E202570004C32434150206C70
:10C46000656E677468206D69736D617463682028F8
:10C47000257520213D2025752900496E76616C695E
:10C4800064206964656E742076616C756520696EE0
:10C49000204C324341502050445500496E76616C27
:10C4A0006964204C4520636F6E6E20706172616D0F
:10C4B000207273702073697A652028257520213DCC
:10C4C00020257A75290052656A656374696E672054
:10C4D000756E6B6E6F776E204C3243415020504426
:10C4E0005520636F64652030782530327800546FB2
:10C4F0006F20736D616C6C204C3243415020736926
:10C50000676E616C696E672050445500546F6F20F0
:10C51000736D616C6C204C32434150205044552067
:10C5200072656365697665640049676E6F72696EEE
:10C5300067206461746120666F7220756E6B6E6F28
:10C54000776E206368616E6E656C20494420307898
:10C550002530347800636F6E6669670062745F6CC3
:10C560003263617000574553545F544F50444952F1
:10C570002F7A65706879722F7375627379732F6281
:10C580006C7565746F6F74682F686F73742F617446
:10C59000742E6300415454206368616E6E656C2094
:10C5A0006E6F7420636F6E6E6563746564004572B0
:10C5B000726F72207369676E696E6720646174615F
:10C5C0000052616E206F7574206F6620545820628F
:10C5D000756666657273206F7220636F6E7465781E
:10C5E00074732E00556E61626C6520746F206372E7
:10C5F00065617465206572722072737020504455B5
:10C6000000415454204D5455206578636565646538
:10C61000642C206D61782025752C2077616E7465FF
:10C620006420257A7500556E61626C6520746F20F8
:10C6300063726561746520727370205044550054B4
:10C640006F6F20736D616C6C2041545420504455C1
:10C6500020726563656976656400556E68616E6415
:10C660006C65642041545420636F646520307825E4
:10C6700030327800496E76616C6964206C656E209A
:10C68000257520666F7220636F64652030782530D1
:10C69000327800556E61626C6520746F206372653C
:10C6A00061746520555549443A2073697A6520259F
:10C6B0007500556E61626C6520746F2063726561F0
:10C6C000746520555549443A2073697A652025647C
:10C6D000004E6F20617661696C61626C6520415427
:10C6E0005420636F6E7465787420666F7220636F78
:10C6F0006E6E202570004E6F20617661696C6162FC
:10C700006C6520415454206368616E6E656C2066D0
:10C710006F7220636F6E6E202570004E6F74206301
:10C720006F6E6E656374656400556E61626C652042
:10C73000746F2066696E6420415454206368616E92
:10C740006E656C00476F74206572722025642C2022
:10C750006E6F742063616C6C696E67204154542065
:10C760006362004E6F20415454206368616E6E65B1
:10C770006C20666F72204D545520257A75004E6FDF
:10C780002070656E64696E67204154542072657133
:10C790007565737400446973636F6E6E6563746965
:10C7A0006E67206661696C65642028657272202559
:10C7B0006429004154542054696D656F7574206676
:10C7C0006F72206465766963652025732E20446945
:10C7D00073636F6E6E656374696E672E2E2E0062D2
:10C7E000745F61747400434D4143207570646174DB
:10C7F00065206661696C6564202564004661696C2A
:10C80000656420746F206465636F64652076616C75
:10C810007565202865727220257A64290046616951
:10C820006C656420746F2073617665204461746167
:10C8300062617365204861736820286572722025E3
:10C84000642900574553545F544F504449522F7A3E
:10C8500065706879722F7375627379732F626C7566
:10C8600065746F6F74682F686F73742F6761747469
:10C870002E63006661696C656420746F2073746F49
:10C880007265205343202865727220256429007543
:10C890006E61626C6520746F20736176652053430E
:10C8A0003A206E6F20636667206C65667400546F73
:10C8B0006F206D616E7920436C69656E74204368EA
:10C8C00061726163746572697374696320436F6E2A
:10C8D00066696775726174696F6E2E205365652095
:10C8E000434F4E4649475F42545F53455454494E67
:10C8F00047535F4343435F53544F52455F4D415845
:10C900000A00496E76616C6964206B657900666126
:10C91000696C656420746F2064656C657465205370
:10C9200043202865727220256429004661696C6580
:10C930006420746F20636C6561722053432025640A
:10C9400000556E61626C6520746F206465636F646E
:10C9500065206164647265737320257300496E7687
:10C96000616C6964206C6F63616C206964656E74CE
:10C9700069747920256C7500556E61626C65207450
:10C980006F20726573746F72652053433A206E6F27
:10C9900020636667206C656674004E6F207370615B
:10C9A000636520746F2073746F7265204343432066
:10C9B000636667004E6F20737061636520746F203B
:10C9C00073746F726520436C69656E742053757063
:10C9D000706F72746564204665617475726573006A
:10C9E000556E61626C6520746F20726573746F722E
:10C9F000652043463A206E6F20636667206C65664B
:10CA000074004368616E67652D617761726520739C
:10CA10007461747573206E6F7420666F756E642018
:10CA2000696E2073657474696E67732C2064656623
:10CA300061756C74696E67207065657220737461CE
:10CA400074757320746F206368616E67652D756EF1
:10CA500061776172650052656164206261636B2079
:10CA6000626164206368616E67652D6177617265DC
:10CA70002076616C75653A20307825782C206465C5
:10CA80006661756C74696E67207065657220737479
:10CA90006174757320746F206368616E67652D75AE
:10CAA0006E6177617265004661696C656420746FC0
:10CAB0002073746F726520436C69656E74204665DF
:10CAC000617475726573202865727220256429006F
:10CAD000556E61626C6520746F20696D706F727441
:10CAE00020746865206B657920666F72204145531C
:10CAF00020434D414320256400434D4143206F7046
:10CB000065726174696F6E20696E6974206661690F
:10CB10006C656420256400434D41432066696E695D
:10CB20007368206661696C656420256400556E61D8
:10CB3000626C6520746F207265676973746572201A
:10CB400068616E646C6520307825303478006274DA
:10CB50002F636363004661696C656420746F2073A2
:10CB6000746F7265204343437320286572722025D9
:10CB700064290052656164206D6574686F64206E7D
:10CB80006F7420736574004661696C656420746F0E
:10CB900020726561642061747472696275746520C5
:10CBA0002570202865727220257A642900496E76E6
:10CBB000616C69642072656164206C656E6774687D
:10CBC0003A20257A6400434343202570206E6F7419
:10CBD000207772697461626C6500534320726573DB
:10CBE000746F726520696E6469636174696F6E2029
:10CBF0006661696C65640062742F686173680062C5
:10CC0000742F63660062742F73630062745F6761E0
:10CC10007474004E6F20617661696C61626C65208E
:10CC2000534D5020636F6E7465787420666F722068
:10CC3000636F6E6E2025700062745F736D700046C6
:10CC400061696C656420656E61626C696E67206104
:10CC5000647665727469736572005072696D617291
:10CC60007920456C656D656E743A203078253034D6
:10CC700078004661696C656420746F20696D706F1F
:10CC8000727420646576696365206B65790046611E
:10CC9000696C656420746F20696D706F7274206EAA
:10CCA0006574776F726B206B6579004661696C659E
:10CCB0006420746F20637265617465206E6574779B
:10CCC0006F726B0062745F6D6573685F6D61696E32
:10CCD000004661696C656420746F20736574202759
:10CCE000636667270062742F6D6573682F436667FC
:10CCF000004661696C656420746F2073746F72659F
:10CD000020636F6E66696775726174696F6E2076F5
:10CD1000616C7565004661696C656420746F2063A1
:10CD20006C65617220636F6E6669677572617469A4
:10CD30006F6E20286572723A202564290062745F44
:10CD40006D6573685F636667005265667573696ECB
:10CD50006720746F20616C6C6F636174652062750D
:10CD600066666572207768696C6520737573706597
:10CD70006E646564004144206D616C666F726D6520
:10CD80006400574553545F544F504449522F7A65BD
:10CD9000706879722F7375627379732F626C756521
:10CDA000746F6F74682F6D6573682F6164762E637E
:10CDB00000556E6578706563746564206B5F706F95
:10CDC0006C6C206576656E742073746174652025C3
:10CDD000750053656E64696E672061647665727470
:10CDE0006973656D656E74207768696C652073750D
:10CDF0007370656E646564007374617274696E67E4
:10CE0000207363616E206661696C656420286572B9
:10CE100072202564290073746F7070696E672073C7
:10CE200063616E206661696C65642028657272209A
:10CE300025642900292A2B2462745F6D6573685F5D
:10CE40006164760043616E277420656E6372797049
:10CE500074207072697661746520626561636F6EBB
:10CE600000496E76616C6964206175746820766132
:10CE70006C75652E20526563656976656420617501
:10CE800074683A2025730043616C63756C61746546
:10CE90006420617574683A202573004661696C6589
:10CEA0006420746F2073656E6420626561636F6EC9
:10CEB0003A2065727220256400556E61626C6520AF
:10CEC000746F20616C6C6F6361746520626561636F
:10CED0006F6E20616476004661696C656420746FD2
:10CEE00020616476657274697365207375626E651E
:10CEF000742025643A2065727220256400556E61A5
:10CF0000626C6520746F20616C6C6F636174652066
:10CF10005552492061647600546F6F206C6F6E67C4
:10CF20002055524920746F206669742061647665CB
:10CF300072746973696E6720646174610049676E19
:10CF40006F72696E672050686173652032204B52A2
:10CF50002055706461746520736563757265642023
:10CF60007573696E67206F6C64206B657900496723
:10CF70006E6F72696E672073656375726520626596
:10CF800061636F6E206F6E206E6F6E2D7072696DB3
:10CF9000617279207375626E657400546F6F2073CF
:10CFA000686F727420626561636F6E00496E7661AE
:10CFB0006C696420756E70726F766973696F6E65E7
:10CFC0006420626561636F6E206C656E67746820B3
:10CFD0002825752900546F6F2073686F7274207351
:10CFE000656375726520626561636F6E20286C658C
:10CFF0006E2025752900546F6F2073686F7274203E
:10D000007072697661746520626561636F6E202855
:10D010006C656E2025752900556E6B6E6F776E20DE
:10D02000626561636F6E2074797065203078253099
:10D0300032780062745F6D6573685F626561636F0B
:10D040006E004661696C656420746F20736574209E
:10D05000276E657427004661696C656420746F20D3
:10D06000736574202773657127004661696C656478
:10D0700020746F20736574202769762700466169E4
:10D080006C6564206372656174696E672073756294
:10D090006E657400495620496E646578206F75741A
:10D0A000206F662073796E633A20307825303878A7
:10D0B00020213D2030782530387800495620496EAF
:10D0C000646578205265636F766572792062656663
:10D0D0006F7265206D696E696D756D2064656C6138
:10D0E0007900506572666F726D696E6720495620CF
:10D0F000496E646578205265636F76657279004980
:10D100005620557064617465206265666F72652093
:10D110006D696E696D756D206475726174696F6E8D
:10D1200000495620557064617465206465666572B7
:10D130007265642062656361757365206F66207037
:10D14000656E64696E67207472616E7366657200E5
:10D15000496E73756666696369656E74204D4943EF
:10D1600020737061636520666F722043544C2050B9
:10D17000445500496E73756666696369656E74200F
:10D180004D494320737061636520666F722050447F
:10D190005500556E61626C6520746F20616C6C6F18
:10D1A00063617465206C6F6F706261636B004472C1
:10D1B0006F7070696E6720746F6F2073686F727420
:10D1C000206D657368207061636B657420286C65E1
:10D1D0006E202575290044726F7070696E67207427
:10D1E0006F6F206C6F6E67206D6573682070616370
:10D1F0006B657420286C656E202575290044657365
:10D2000074696E6174696F6E2061646472657373B2
:10D2100020697320756E61737369676E65643B2066
:10D2200064726F7070696E67207061636B65740003
:10D2300050726F78792069732064697361626C65DC
:10D24000643B2069676E6F72696E67206D657373EA
:10D250006167650052656D6F76696E672072656AF9
:10D260006563746564206D657373616765206672BC
:10D270006F6D204E6574776F726B204D65737361AF
:10D2800067652043616368650052652D656E637252
:10D29000797074696E67206661696C656400627498
:10D2A0002F6D6573682F4956004661696C6564206F
:10D2B000746F2073746F72652049562076616C75A7
:10D2C00065004661696C656420746F20636C6561FC
:10D2D000722049560062742F6D6573682F4E657415
:10D2E000004661696C656420746F2073746F7265A9
:10D2F000204E6574776F726B2076616C75650046A1
:10D3000061696C656420746F20636C656172204E86
:10D310006574776F726B0062742F6D6573682F533D
:10D320006571004661696C656420746F2073746F69
:10D3300072205365712076616C7565004661696C79
:10D34000656420746F20636C656172205365712081
:10D3500076616C75650062745F6D6573685F6E659C
:10D360007400574553545F544F504449522F7A65C7
:10D37000706879722F7375627379732F626C75653B
:10D38000746F6F74682F6D6573682F7375626E6547
:10D39000742E6300556E61626C6520746F20676542
:10D3A0006E6572617465204E49442C20456E634B56
:10D3B0006579202620507269766163794B65790022
:10D3C000556E61626C6520746F20696D706F727448
:10D3D000206E6574776F726B206B657900556E6196
:10D3E000626C6520746F2067656E6572617465207C
:10D3F0004E6574204944006E6B696B00556E616226
:10D400006C6520746F2067656E6572617465204974
:10D4100064656E746974794B6579006E6B626B003C
:10D42000556E61626C6520746F2067656E65726110
:10D43000746520626561636F6E206B6579006E6B49
:10D44000706B00556E61626C6520746F2067656E4D
:10D4500065726174652070726976617465206265B9
:10D4600061636F6E206B6579004661696C6564204D
:10D47000746F20636C656172204E65744B657949E9
:10D480006E646578203078253033780062742F6DB3
:10D490006573682F4E65744B65792F2578004E654E
:10D4A000744B6579496E646578203078253033781F
:10D4B000206E6F7420666F756E64004661696C65DE
:10D4C0006420746F2073746F7265204E65744B65B1
:10D4D000792076616C756500496E76616C696420AF
:10D4E0004B52207472616E736974696F6E3A2030AA
:10D4F0007825303278202D3E203078253032780063
:10D50000080C08004661696C656420746F207365BF
:10D510007420276E65742D6B6579270062742F6DFA
:10D520006573682F4E65744B65790062745F6D6535
:10D5300073685F6E65745F6B65797300574553540C
:10D540005F544F504449522F7A65706879722F7337
:10D5500075627379732F626C7565746F6F74682F61
:10D560006D6573682F6170705F6B6579732E6300F2
:10D5700062742F6D6573682F4170704B65792F252C
:10D58000780041704B6579496E6465782030782564
:10D59000303378206E6F7420666F756E640046615C
:10D5A000696C656420746F2073746F7265204170BC
:10D5B000704B65792025732076616C756500466136
:10D5C000696C656420746F20636C656172204170C2
:10D5D000704B6579496E64657820307825303378F2
:10D5E00000556E61626C6520746F20696D706F729A
:10D5F00074206170706C69636174696F6E206B6513
:10D6000079004661696C656420746F2073657420CD
:10D61000276170702D6B65792700556E6B6E6F7783
:10D620006E204E65744B6579203078253033780054
:10D630004E6F204465764B657920666F7220307896
:10D640002530347800556E6B6E6F776E20417070A8
:10D650004B6579203078253033780062742F6D6502
:10D6600073682F4170704B65790062745F6D6573EC
:10D67000685F6170705F6B65797300574553545FE5
:10D68000544F504449522F7A65706879722F7375E0
:10D69000627379732F626C7565746F6F74682F6D28
:10D6A0006573682F6865617274626561742E6300CA
:10D6B0004E6F206D61746368696E67207375626E6A
:10D6C000657420666F722069647820307825303266
:10D6D0007800546F6F2073686F7274206865617290
:10D6E0007462656174206D65737361676500556E62
:10D6F0006B6E6F776E204E65744B657920307825A0
:10D70000303478004661696C656420746F207365FD
:10D7100074202768625F76616C270050726F6869B9
:10D72000626974656420736F7572636520616464F7
:10D73000726573730050726F686962697465642002
:10D7400064657374696E6174696F6E20616464727C
:10D750006573730050726F686962697465642073E1
:10D760007562736372697074696F6E207065726937
:10D770006F6420257520730062742F6D6573682FA8
:10D780004842507562004661696C656420746F2080
:10D7900073746F726520486561727462656174208C
:10D7A0005075626C69636174696F6E0062745F6D5D
:10D7B0006573685F686200736D6B3200736D6B3305
:10D7C00000696436340100736D6B34006964313272
:10D7D0003801007072736E007072736B0070726447
:10D7E0006B0076746164007072636B323536007062
:10D7F00072636B00456E6320626561636F6E3A20F1
:10D800003078253032782C20307825303878000078
:10D8100091E3720796E4750E9FED7C0998EA7B1CF4
:10D820008DFF6E1B8AF8691283F1601584F66738E4
:10D83000A9DB4A3FAEDC4D36A7D54431A0D2432404
:10D84000B5C75623B2C0512ABBC9582DBCCE5F7094
:10D85000E1930277E694057EEF9D0C79E89A0B6CD4
:10D86000FD8F1E6BFA881962F3811065F4861748E4
:10D87000D9AB3A4FDEAC3D46D7A53441D0A23354A4
:10D88000C5B72653C2B0215ACBB9285DCCBE2FE014
:10D89000710392E7760495EE7F0D9CE9780A9BFC74
:10D8A0006D1F8EFB6A1889F2631180F5641687D8A4
:10D8B000493BAADF4E3CADD64735A4D14032A3C484
:10D8C0005527B6C35220B1CA5B29B8CD5C2EBF9094
:10D8D0000173E2970674E59E0F7DEC99087AEB8C54
:10D8E0001D6FFE8B1A68F9821361F0851466F7A824
:10D8F000394BDAAF3E4CDDA63745D4A13042D3B424
:10D900002557C6B32250C1BA2B59C8BD2C5ECF6271
:10D91000745F6D6573685F63727970746F004B65D7
:10D92000792077697468204944203078253478203C
:10D93000616C7265616479206578697374732028FD
:10D94000646573796E63206265747765656E206DBA
:10D9500065736820616E64205053412049545329F7
:10D960000062745F6D6573685F63727970746F5F76
:10D97000707361004C6F63616C206E6F6465206929
:10D9800073206E6F74207965742070726F7669737E
:10D99000696F6E656400556E61626C6520746F20FE
:10D9A00064656C6179207075626C69636174696F1C
:10D9B0006E2028657272202564290062742F6D65BF
:10D9C00073682F762F25782F25730062742F6D656D
:10D9D00073682F732F25782F257300496E76616C3D
:10D9E00069642076656E646F72206D6F64656C2863
:10D9F000636F6D70616E793A3078253034782069C4
:10DA0000643A30782530347829206D657373616706
:10DA100065206F70636F646520307825303878003A
:10DA200062696E64004661696C656420746F20737E
:10DA3000746F72652025732076616C75650073754F
:10DA40006200737562760070756200546F6F206CAF
:10DA5000617267652064657669636520636F6D70C8
:10DA60006F736974696F6E0052657472616E736D65
:10DA7000697373696F6E20696E74657276616C206C
:10DA8000697320746F6F2073686F727400507562D1
:10DA90006C69636174696F6E20706572696F642070
:10DAA000697320746F6F2073686F727420666F7271
:10DAB0002072657472616E736D697373696F6E73D2
:10DAC000005075626C69636174696F6E2073656E76
:10DAD00064696E6720746F6F6B206C6F6E67657220
:10DAE000207468616E2074686520706572696F6467
:10DAF000005075626C69636174696F6E2070657245
:10DB0000696F6420697320746F6F2073686F72741B
:10DB100020746F2062652064656C617961626C6558
:10DB2000004661696C656420746F207075626C6971
:10DB300073683A20657272202564004661696C65DD
:10DB40006420746F207075626C6973682028657238
:10DB5000722025642900496E76616C696420656CC9
:10DB6000656D656E7420696E646578202575004961
:10DB70006E76616C69642076656E646F72206D6F7D
:10DB800064656C20696E64657820257500496E7641
:10DB9000616C696420534947206D6F64656C20692E
:10DBA0006E646578202575004661696C6564207433
:10DBB0006F20676574206D6F64656C20666F7220DE
:10DBC000656C656D5F696478202575206D6F645F95
:10DBD000696478202575004661696C656420746FFE
:10DBE00020726561642076616C75652028657272AB
:10DBF00020257A6429004D6F64656C20686173206C
:10DC00006E6F207075626C69636174696F6E2063FA
:10DC10006F6E7465787421004661696C6564207468
:10DC20006F2073657420276D6F64656C2D7075624D
:10DC30002700556E6B6E6F776E206D6F64756C6527
:10DC4000206B6579202573004D6F64656C206E6FC5
:10DC50007420626F756E6420746F204170704B6524
:10DC60007920307825303478004E6F207075626CE2
:10DC700069636174696F6E206D65737361676500B8
:10DC80004D65737361676520646F6573206E6F7493
:10DC900020666974206D6178696D756D20534455F7
:10DCA0002073697A6500436C656172696E672070E4
:10DCB00075626C6973682072657472616E736D69E8
:10DCC000742074696D657200546F6F2073686F7291
:10DCD00074206D65737361676520666F72204F7085
:10DCE000436F64652030782530387800496E76615E
:10DCF0006C6964206D6573736167652073697A650B
:10DD000020666F72204F70436F6465203078253035
:10DD100038780049676E6F72696E672052465520E9
:10DD20004F70436F646500546F6F2073686F727437
:10DD3000207061796C6F616420666F7220322D6F84
:10DD400063746574204F70436F646500546F6F2077
:10DD500073686F7274207061796C6F616420666F94
:10DD60007220332D6F63746574204F70436F646548
:10DD700000556E61626C6520746F206465636F642A
:10DD800065204F70436F646500496E76616C69640D
:10DD900020616464726573732030782530327800B6
:10DDA0004661696C65642072656164696E672063B1
:10DDB0006F6D706F736974696F6E20646174613A1E
:10DDC0002025640062742F6D6573682F636D702F5A
:10DDD00030004661696C656420746F20636C656116
:10DDE000722043445025643A2025640062742F6DEC
:10DDF0006573682F636D702F310062742F6D6573CA
:10DE0000682F6D65746164617461004661696C6559
:10DE10006420746F20636C656172206D6F64656C43
:10DE200073206D657461646174613A2025640062D9
:10DE3000742F6D6573682F636D700062742F6D654C
:10DE400073682F760062742F6D6573682F7300629C
:10DE5000745F6D6573685F6163636573730062749B
:10DE60005F6D6573685F6D736700556E61626C65A9
:10DE700020746F2073656E64204B6579205265664F
:10DE8000726573682053746174652053746174758E
:10DE90007300556E61626C6520746F2073656E64EB
:10DEA000204E6F6465204964656E746974792053EF
:10DEB000746174757300556E61626C6520746F20B7
:10DEC00073656E64204E65744B657920537461747C
:10DED000757300556E61626C6520746F2073656E9A
:10DEE00064204D6F64656C20537562736372697052
:10DEF00074696F6E2053746174757300556E61623E
:10DF00006C6520746F2073656E64204D6F64656C62
:10DF1000205075626C69636174696F6E205374611F
:10DF200074757300496E76616C6964204E65744B3C
:10DF30006579496E646578203078253034780049F9
:10DF40006E76616C6964206B722070686173652005
:10DF50007472616E736974696F6E20307825303227
:10DF60007800496E76616C6964204C504E4164645F
:10DF7000726573733B2069676E6F72696E67206D9F
:10DF8000736700556E61626C6520746F2073656EF7
:10DF900064204C504E20506F6C6C54696D656F75E9
:10DFA000742053746174757300496E76616C696492
:10DFB000204E6F64652049442076616C7565203081
:10DFC000782530327800556E61626C6520746F2060
:10DFD00073656E64204E65744B6579204C6973746B
:10DFE0000050726F6869626974656420656C656D64
:10DFF000656E74206164647265737300556E61624E
:10E000006C6520746F2073656E642056656E646F56
:10E0100072204D6F64656C20537562736372697012
:10E0200074696F6E204C69737400556E61626C6523
:10E0300020746F2073656E64204D6F64656C20538F
:10E040007562736372697074696F6E204C69737462
:10E05000004E6F20726F6F6D20666F7220616C6C66
:10E060002067726F75707300496E76616C69642009
:10E0700052656C61792076616C7565203078253049
:10E08000327800556E61626C6520746F2073656E26
:10E09000642052656C6179205374617475732072C9
:10E0A0006573706F6E736500556E61626C65207488
:10E0B0006F2073656E6420436F6E666967205265DA
:10E0C0006C61792053746174757320726573706F1D
:10E0D0006E736500556E61626C6520746F207365A8
:10E0E0006E64204E6574776F726B205472616E732C
:10E0F0006D6974205374617475730050726F686930
:10E1000062697465642044656661756C742054545A
:10E110004C2076616C75652030782530327800555A
:10E120006E61626C6520746F2073656E6420446557
:10E130006661756C742054544C205374617475730B
:10E1400020726573706F6E736500496E76616C69DD
:10E150006420436F6E66696720426561636F6E205D
:10E1600076616C75652030782530327800556E61A7
:10E17000626C6520746F2073656E6420436F6E66F9
:10E18000696720426561636F6E20537461747573B3
:10E1900020726573706F6E736500556E61626C6599
:10E1A00020746F2073656E64204170704B65792018
:10E1B0004C69737400556E61626C6520746F2073D6
:10E1C000656E64204E6F64652052657365742053DC
:10E1D000746174757300436F6E66696775726174FC
:10E1E000696F6E20536572766572206F6E6C792050
:10E1F000616C6C6F77656420696E207072696D6107
:10E20000727920656C656D656E7400556E61626C27
:10E210006520746F2073656E6420467269656E6454
:10E220002053746174757300496E76616C69642063
:10E23000467269656E642076616C7565203078255C
:10E240003032780053656E64696E67204E6F646586
:10E250002052657365742053746174757320666110
:10E26000696C6564202865727220256429005468F1
:10E2700065206D6573736167652073697A652066D3
:10E280006F7220746865206170706C696361746975
:10E290006F6E206F70636F646520697320696E63B1
:10E2A0006F72726563742E00556E61626C652074C6
:10E2B0006F2073656E64204D6F64656C20417070D3
:10E2C0006C69636174696F6E204C697374206D654D
:10E2D000737361676500556E61626C6520746F20B1
:10E2E00073656E6420436F6E666967204E65747750
:10E2F0006F726B205472616E736D69742053746118
:10E3000074757300556E61626C6520746F2073655F
:10E310006E6420474154542050726F7879205374B2
:10E320006174757300496E76616C6964204741546D
:10E33000542050726F78792076616C756520307842
:10E340002530327800436C69656E7420747269659B
:10E350006420746F2062696E64204170704B65792F
:10E3600020746F204465764B657920626173656423
:10E37000206D6F64656C00556E61626C6520746F12
:10E380002073656E64204D6F64656C204170702051
:10E3900042696E6420537461747573207265737082
:10E3A0006F6E736500556E61626C6520746F2073CB
:10E3B000656E64204D6F64656C2041707020556EF1
:10E3C00062696E6420537461747573207265737032
:10E3D0006F6E736500496E76616C69642054544CAD
:10E3E0002076616C75652030782530327800466182
:10E3F000696C656420746F20676574204344502500
:10E40000642C206572723A256400556E61626C65F9
:10E4100020746F2073656E6420446576696365209F
:10E42000436F6D706F736974696F6E20537461749C
:10E43000757320726573706F6E736500556E6162DF
:10E440006C6520746F2073656E6420417070204B82
:10E4500065792053746174757320726573706F6E83
:10E46000736500556E61626C6520746F2073656E14
:10E470006420486561727462656174205075626CD5
:10E4800069636174696F6E205374617475730055AC
:10E490006E61626C6520746F2073656E64204865E0
:10E4A000617274626561742053756273637269701E
:10E4B00074696F6E205374617475730050726F6865
:10E4C00069626974656420737562736372697074DC
:10E4D000696F6E20706572696F6420307825303204
:10E4E000780062745F6D6573685F6366675F7372FF
:10E4F0007600556E61626C6520746F2073656E6482
:10E5000020417474656E74696F6E20537461747504
:10E51000730050726F686962697465642070657217
:10E52000696F642076616C7565202575004E6F20DB
:10E530004865616C74682053657276657220636FFC
:10E540006E746578742070726F76696465640048D3
:10E5500065616C74682053657276657220686173BA
:10E56000206E6F207075626C69636174696F6E20D4
:10E57000737570706F727400556E61626C65207493
:10E580006F2073656E64204865616C746820506507
:10E5900072696F6420537461747573004661696CAD
:10E5A000656420746F20676574206661756C747390
:10E5B000202865727220256429004E6F2063616CEB
:10E5C0006C6261636B20666F722067657474696E3C
:10E5D00067206661756C74730052756E6E696E6744
:10E5E000206661756C742074657374206661696C53
:10E5F000656420776974682065727220256400550F
:10E600006E61626C6520746F2073656E642048656E
:10E61000616C74682043757272656E742053746106
:10E6200074757320726573706F6E7365004E6F2022
:10E630004865616C746820536572766572206176F6
:10E6400061696C61626C650062745F6D6573685FBF
:10E650006865616C74685F737276004D65736820DD
:10E660005669727475616C204164647265737320BD
:10E670006C656E677468203D2030004661696C658A
:10E680006420746F207365742027766972747561D5
:10E690006C2061646472657373270049676E6F72E2
:10E6A00065204D657368205669727475616C2041F0
:10E6B00064647265737320726566203D2030004F7C
:10E6C0007574206F66206C6162656C73206275667C
:10E6D0006665727300574553545F544F5044495216
:10E6E0002F7A65706879722F7375627379732F62F0
:10E6F0006C7565746F6F74682F6D6573682F7661C4
:10E700002E63004E6F206D61746368696E67204CE4
:10E710006162656C205555494420666F72203078DF
:10E72000253034780064656C6574650073746F72AD
:10E73000650062742F6D6573682F56612F25780010
:10E740004661696C656420746F20257320257320F1
:10E7500076616C75652028657272202564290062D7
:10E76000742F6D6573682F56610062745F6D6573F9
:10E77000685F7661004F7574206F66206E657477F0
:10E780006F726B2061647673004E6F7420656E6FDC
:10E7900075676820737061636520696E20467269D1
:10E7A000656E64205175657565004E6F20737061EC
:10E7B000636520696E20467269656E6420517565D7
:10E7C000756500436C656172696E6720696E636F81
:10E7D0006D706C657465206275666665727320661F
:10E7E000726F6D20467269656E642071756575651E
:10E7F0000053415220446973636172642074696DEF
:10E80000656F757420657870697265640052616E19
:10E81000206F7574206F662072657472616E736DFF
:10E82000697420776974686F75742070726F67728D
:10E8300065737320617474656D7074730052616EDA
:10E84000206F7574206F662072657472616E736DCF
:10E85000697420617474656D707473004E6F206DFF
:10E86000756C74692D7365676D656E74206D657365
:10E870007361676520636F6E746578747320617669
:10E8800061696C61626C65004E6F7420656E6F75B6
:10E89000676820737061636520696E2046726965E0
:10E8A0006E6420517565756520666F722025752030
:10E8B0007365676D656E7473004F7574206F6620A5
:10E8C0007365676D656E7420627566666572730048
:10E8D000546F6F2073686F72742061636B206D6575
:10E8E000737361676500526563656976656420616D
:10E8F000636B20666F722067726F75702073656737
:10E90000005344552063616E63656C656400546F09
:10E910006F206C61726765207365676D656E74202A
:10E920006E756D62657220696E2061636B00556E55
:10E9300068616E646C6564205472616E734F7043DD
:10E940006F646520307825303278005A65726F2DFB
:10E950006C656E67746820534455206E6F74206137
:10E960006C6C6F776564004D6573736167652074C7
:10E970006F6F206269673A20257500496E7375666E
:10E9800066696369656E74207461696C726F6F6D1E
:10E9900020666F72205472616E73706F7274204DB6
:10E9A00049430054544C20746F6F206C617267654A
:10E9B00020286D6178203132372900496E76616CEC
:10E9C00069642064657374696E6174696F6E206137
:10E9D00064647265737300546F6F2073686F727430
:10E9E000207365676D656E746564206D6573736112
:10E9F000676520286C656E20257529005265706C4E
:10EA000061793A207372632030782530347820643D
:10EA10007374203078253034782073657120307815
:10EA200025303678005365674F20677265617465DD
:10EA300072207468616E205365674E20282575200A
:10EA40003E20257529004475706C696361746520EA
:10EA50005344552066726F6D2073726320307825A1
:10EA60003034780049676E6F72696E67206F6C642E
:10EA7000205365714175746800496E76616C6964F4
:10EA8000207365676D656E7420666F72206F6E67A8
:10EA90006F696E672073657373696F6E00496E7678
:10EAA000616C696420736F75726365206F72206496
:10EAB000657374696E6174696F6E20666F7220731E
:10EAC00065676D656E7400496E636F6E736973740C
:10EAD000656E742043544C20696E207365676D65C4
:10EAE0006E7400476F74207365676D656E74206681
:10EAF0006F722063616E63656C65642053445500DA
:10EB0000546F6F2062696720696E636F6D696E670D
:10EB100020534455206C656E677468004E6F2073F7
:10EB20007061636520696E20467269656E6420516C
:10EB30007565756520666F72202575207365676D34
:10EB4000656E74730049676E6F72696E67206F6CD3
:10EB500064205365714175746820307825303678AB
:10EB6000004E6F7420656E6F756768207365676D02
:10EB7000656E747320666F7220696E636F6D696E67
:10EB800067206D657373616765004E6F20667265FF
:10EB90006520736C6F747320666F72206E657720CA
:10EBA000696E636F6D696E67207365676D656E74FE
:10EBB0006564206D6573736167657300546F6F20C2
:10EBC0006C6172676520534455206C656E00496E18
:10EBD000636F7272656374207365676D656E742010
:10EBE00073697A6520666F72206D657373616765FE
:10EBF000207479706500556E61626C6520616C6C83
:10EC00006F636174652062756666657220666F72F7
:10EC10002053656720257500546F6F2073686F72ED
:10EC20007420534455202B204D494300546F6F20CE
:10EC3000736D616C6C20756E7365676D656E746560
:10EC400064205044550062745F6D6573685F747230
:10EC5000616E73706F727400556E65787065637461
:10EC600065642061647620696E7374616E6365000B
:10EC70004D6573682061647665727469736572208E
:10EC80006E6F7420656E61626C65640041647665C8
:10EC900072746973657220697320627573790046B6
:10ECA00061696C6564207570646174696E67206168
:10ECB000647620706172616D733A2025640046614C
:10ECC000696C65642073657474696E67206164762D
:10ECD00020646174613A2025640041647665727431
:10ECE0006973696E67206661696C65643A20657254
:10ECF00072202564004661696C656420746F20731E
:10ED0000746F702070726F787920616476657274A8
:10ED10006973696E673A2025640041647665727490
:10ED20006973696E672025702063616E63656C6529
:10ED3000642064756520746F2070726F787920612B
:10ED40006476206661696C656420746F2073746FEB
:10ED500070004254204D4553482057510046616988
:10ED60006C656420746F20736574206163636570E3
:10ED7000745F6578745F6164765F7061636B6574FE
:10ED8000733A20256400436F756C64206E6F7420A5
:10ED9000616C6C6F6361746520636F6D6D616E642F
:10EDA00020627566666572004661696C65642074F0
:10EDB0006F20736574207A65726F2072616E646F64
:10EDC0006D6E6573733A202564004661696C6564F5
:10EDD00020746F2073746F70206164762025640046
:10EDE00062745F6D6573685F6164765F65787400F7
:10EDF000556E65787065637465642076616C7565C1
:10EE0000206C656E6774682028257A6420213D2077
:10EE1000257A7529004254204D6573682073657406
:10EE200074696E677320776F726B710062742F6DF7
:10EE30006573680062745F6D6573685F7365747491
:10EE4000696E677300556E61626C6520746F206631
:10EE5000696E642052504C20656E74727920666F22
:10EE6000722030782530347800556E61626C6520F0
:10EE7000746F20616C6C6F636174652052504C201C
:10EE8000656E74727920666F722030782530347820
:10EE9000004661696C656420746F2073657420603E
:10EEA0006E6574600062742F6D6573682F52504CEC
:10EEB0002F2578004661696C656420746F20636C4F
:10EEC0006561722052504C0052504C20697320668C
:10EED000756C6C21004661696C656420746F2073E9
:10EEE000746F72652052504C2025732076616C75CA
:10EEF000650062742F6D6573682F52504C00627408
:10EF00005F6D6573685F72706C00574553545F5452
:10EF10004F504449522F7A65706879722F73756229
:10EF20007379732F626C7565746F6F74682F6D657C
:10EF300073682F667269656E642E63004174746530
:10EF40006D7074206F662073656E64696E672074DF
:10EF50006F2072656D6F76656420667269656E6498
:10EF600000556E61626C6520746F20656E636F641E
:10EF70006520467269656E64205570646174650031
:10EF8000416E6F7468657220726571756573742067
:10EF90006265666F72652070726576696F75732041
:10EFA000636F6D706C657465642073656E64696E03
:10EFB0006700556E61626C6520746F2066726565CE
:10EFC00020757020656E6F7567682062756666656E
:10EFD0007273004E6F206672656520667269656E99
:10EFE00064207365676D656E7420525820636F6E80
:10EFF000746578747320666F7220307825303478A9
:10F00000004661696C6564207570646174696E673F
:10F0100020667269656E64206372656420666F7233
:10F0200020307825303478004465637279707469D3
:10F030006F6E206661696C656421202564005265ED
:10F040002D656E6372797074696F6E206661696C8C
:10F0500065642120256400456E6372797074696E61
:10F0600067206661696C6564004F626675736361F1
:10F0700074696E67206661696C656400556E6162D3
:10F080006C6520746F20656E636F646520537562D4
:10F09000736372697074696F6E204C697374204376
:10F0A0006F6E6669726D6174696F6E004672696534
:10F0B0006E6473686970206C6F737420776974680C
:10F0C0002030782530347800467269656E64736844
:10F0D0006970206E6F742065737461626C69736807
:10F0E000656420776974682030782530347800555D
:10F0F0006E61626C6520746F20616C6C6F6361740B
:10F100006520667269656E642061647600546F6F75
:10F110002073686F727420467269656E6420436C58
:10F12000656172004E6F206D61746368696E67205F
:10F130004C504E2061646472203078253034780061
:10F140004C504E20436F756E746572206F7574203D
:10F150006F662072616E676520286F6C642025756C
:10F16000206E65772025752900546F6F2073686FB6
:10F17000727420467269656E64205375627363729F
:10F18000697074696F6E20416464005072657669BD
:10F190006F757320627566666572206E6F74207974
:10F1A00065742073656E7421004E6F207370616307
:10F1B0006520696E20667269656E6420737562737E
:10F1C0006372697074696F6E206C69737400546F38
:10F1D0006F2073686F727420467269656E64205385
:10F1E0007562736372697074696F6E2052656D6FBA
:10F1F000766500546F6F2073686F72742046726971
:10F20000656E6420506F6C6C0050726F6869626943
:10F2100074656420286E6F6E2D7A65726F29207078
:10F22000616464696E672062697473005072657608
:10F23000696F757320627566666572206E6F7420E3
:10F240007965742073656E7400546F6F2073686FF6
:10F25000727420467269656E6420436C6561722029
:10F26000436F6E6669726D004E6F2070656E6469E3
:10F270006E6720636C6561722070726F6365647580
:10F28000726520666F7220307825303278004C50DD
:10F290004E2061646472657373206D69736D61746F
:10F2A0006368202830782530347820213D2030785C
:10F2B0002530347829004C504E20636F756E74658C
:10F2C00072206D69736D6174636820283078253011
:10F2D000347820213D203078253034782900546F4F
:10F2E0006F2073686F727420467269656E64205275
:10F2F0006571756573740050726F686962697465D1
:10F3000064205265636569766544656C617920287F
:10F31000307825303278290050726F6869626974DC
:10F32000656420506F6C6C54696D656F757420282E
:10F33000307825303678290050726F6869626974B8
:10F340006564204E756D456C656D656E74732076D1
:10F35000616C756520283078303029004C504E2083
:10F36000656C656D656E7473207374726574636823
:10F37000206F757473696465206F6620756E6963AC
:10F380006173742072616E67650050726F686962A4
:10F3900069746564204D696E696D756D2051756580
:10F3A00075652053697A6520696E20467269656EBD
:10F3B00064205265717565737400576520686176C5
:10F3C00065206120746F6F20736D616C6C204672D4
:10F3D00069656E642051756575652073697A65206D
:10F3E000282575203C20257529004E6F2066726502
:10F3F0006520467269656E6420636F6E746578740B
:10F400007320666F72206E6577204C504E004578F1
:10F41000697374696E67204C504E2072652D726559
:10F420007175657374696E6720467269656E647381
:10F43000686970004661696C656420746F2063724E
:10F440006561746520667269656E642063726564C7
:10F45000656E7469616C7300556E61626C652074D1
:10F460006F20656E636F646520467269656E642007
:10F470004F66666572004661696C656420746F2032
:10F48000656E636F646520467269656E642062759F
:10F490006666657200436C656172696E6720696EAD
:10F4A000636F6D706C657465207365676D656E74F0
:10F4B0007320666F7220307825303478000A0F147C
:10F4C0001962745F6D6573685F667269656E64006A
:10F4D000574553545F544F504449522F7A657068D2
:10F4E00079722F696E636C7564652F7A65706879BF
:10F4F000722F7379732F627974656F726465722EDF
:10F500006800556E6B6E6F776E2070726F766973E0
:10F51000696F6E696E67205044552074797065205C
:10F5200030782530327800556E6578706563746583
:10F5300064206D73672030782530327820213D209B
:10F5400030782530327800496E76616C6964206CC1
:10F55000656E67746820257520666F7220747970F7
:10F560006520307825303278004661696C6564200A
:10F57000746F2067656E6572617465207075626C6A
:10F580006963206B65792028256429004E6F2070FF
:10F59000726F766973696F6E696E6720636F6E74E0
:10F5A0006578742070726F76696465640001020486
:10F5B000080102040810010B054000202021000171
:10F5C0003031323334353637383941424344454699
:10F5D0004748494A4B4C4D4E4F5051525354555643
:10F5E0005758595A4661696C656420746F20736579
:10F5F0006E642050726F766973696F6E696E6720F2
:10F600004661696C6564206D65737361676500466A
:10F6100061696C656420746F2073656E642063613A
:10F62000706162696C6974696573004661696C65D3
:10F630006420746F2073656E642050726F766973F6
:10F64000696F6E696E6720496E70757420436F6DC7
:10F65000706C657465004661696C656420746F2028
:10F6600067656E65726174652044484B6579004E2C
:10F670006F207075626C6963206B657920617661BB
:10F68000696C61626C65004661696C656420746FC9
:10F690002073656E64205075626C6963204B6579D8
:10F6A00000556E61626C6520746F2067656E6572CF
:10F6B0006174652073657373696F6E206B65790083
:10F6C000556E61626C6520746F2067656E6572614E
:10F6D00074652073657373696F6E206E6F6E6365FA
:10F6E00000556E61626C6520746F20646563727989
:10F6F00070742070726F766973696F6E696E6720BF
:10F700006461746100556E61626C6520746F20677E
:10F71000656E657261746520646576696365206BEA
:10F720006579004661696C656420746F2073656E4D
:10F73000642050726F766973696F6E696E672043DB
:10F740006F6D706C657465004661696C65642074EA
:10F750006F2070726F766973696F6E2028657272A0
:10F760002025642900556E6B6E6F776E20616C6783
:10F770006F726974686D2030782530327800496E78
:10F7800076616C6964207075626C6963206B657961
:10F7900020747970653A2030782530327800496ECF
:10F7A00076616C69642061757468656E7469636103
:10F7B00074696F6E206D6574686F643A20307825C7
:10F7C0003032783B20616374696F6E3A203078255F
:10F7D0003032783B2073697A653A203078253032B0
:10F7E0007800556E61626C6520746F2067656E6588
:10F7F0007261746520636F6E6669726D6174696FA2
:10F800006E2073616C7400556E61626C6520746F5C
:10F810002067656E657261746520636F6E666972DC
:10F820006D6174696F6E206B657900556E61626CF5
:10F830006520746F2067656E657261746520726102
:10F840006E646F6D206E756D62657200556E6162DB
:10F850006C6520746F2067656E65726174652063E6
:10F860006F6E6669726D6174696F6E2076616C751A
:10F8700065004661696C656420746F2073656E6411
:10F880002050726F766973696F6E696E6720436F7F
:10F890006E6669726D0052616E646F6D2076616C88
:10F8A0007565206973206964656E746963616C2095
:10F8B000746F206F7572732C2072656A656374694A
:10F8C0006E672E00556E61626C6520746F206361F7
:10F8D0006C63756C61746520636F6E6669726D61CF
:10F8E00074696F6E20766572696669636174696FA9
:10F8F0006E00496E76616C696420636F6E66697232
:10F900006D6174696F6E2076616C75650046616922
:10F910006C656420746F2067656E65726174652024
:10F9200070726F766973696F6E696E672073616C50
:10F9300074004661696C656420746F2073656E6441
:10F940002050726F766973696F6E696E67205261BD
:10F950006E646F6D00446576696365205555494452
:10F960003A2025730062745F6D6573685F70726F13
:10F97000766973696F6E6565004F7574206F6620D8
:10F9800070726F766973696F6E696E6720616476F5
:10F9900073004E6F206D656D6F727920746F2073E8
:10F9A000656E6420756E61636B6564205044553AE2
:10F9B00020257300476976696E6720757020747220
:10F9C000616E73616374696F6E004C696E6B206E5B
:10F9D0006F742061637469766500556E6578706533
:10F9E00063746564206D7367203078253032782029
:10F9F0006F6E20696E76616C696461746564206CF9
:10FA0000696E6B00496E636F727265637420464362
:10FA100053004461746120666F7220756E6B6E6F67
:10FA2000776E207472616E73616374696F6E2028E3
:10FA30003078257820213D20307825782900496EBE
:10FA400076616C6964207365676D656E7420696E9C
:10FA50006465782025750052782062756666657247
:10FA6000206F766572666C6F772E204D616C666FC5
:10FA7000726D65642067656E657269632070726F70
:10FA800076206672616D653F00496E636F727265C4
:10FA90006374206C61737420736567206C656E3AC3
:10FAA00020257520213D20257500556E65787065EF
:10FAB00063746564207861637420307825782C2025
:10FAC00065787065637465642030782578004967CF
:10FAD0006E6F72696E67207A65726F2D6C656E67E6
:10FAE00074682070726F766973696F6E696E6720D3
:10FAF00050445500546F6F206C61726765207072BE
:10FB00006F766973696F6E696E672050445520285F
:10FB100025752062797465732900496E76616C6978
:10FB200064206465636C617265642070726F7669CD
:10FB300073696F6E696720504455206C656E6774F9
:10FB40006820282575203E2025752900546F6F20D8
:10FB5000736D616C6C20746F74616C206C656E6782
:10FB6000746820666F72206D756C74692D7365679B
:10FB70006D656E742050445500496E76616C696401
:10FB8000205365674E202825752C2063616C6375B2
:10FB90006C617465642025752900546F6F2073684B
:10FBA0006F727420626561726572206F70656E207D
:10FBB0006D65737361676520286C656E20257529F6
:10FBC00000556E6B6E6F776E206265617265722094
:10FBD0006F70636F64653A20307825303278005456
:10FBE0006F6F20626967206D65737361676500548C
:10FBF0006F6F2073686F72742070726F76697369AB
:10FC00006F6E696E67207061636B657420286C6528
:10FC10006E2025752900546F6F2073686F727420F1
:10FC2000475043206D657373616765207479706513
:10FC30002025750062745F6D6573685F70625F6137
:10FC40006476004461746120666F7220756E657819
:10FC500070656374656420636F6E6E656374696F4D
:10FC60006E0062745F6D6573685F70625F67617478
:10FC700074004E6F2050422D4741545420436C690C
:10FC8000656E7420666F756E6400436C69656E7492
:10FC90002077726F74652030782530347820696E53
:10FCA000737465616420656E61626C696E67206E55
:10FCB0006F7469667900556E68616E646C65642066
:10FCC0004D657373616765205479706520307825C0
:10FCD00030327800546F6F20736D616C6C205072FD
:10FCE0006F7879205044550050726F7879205044D5
:10FCF00055207479706520646F65736E2774206D6C
:10FD00006174636820474154542073657276696357
:10FD10006500546F6F206C6F6E67205552492074D8
:10FD20006F20666974206164766572746973696EA8
:10FD300067207061636B65740062745F6D657368E2
:10FD40005F70625F676174745F73727600456E63A3
:10FD50006F64696E672050726F78792063666720E0
:10FD60006D657373616765206661696C65642028E1
:10FD700065727220256429004661696C656420748F
:10FD80006F2073656E642070726F78792063666788
:10FD9000206D657373616765202865727220256424
:10FDA0002900574553545F544F504449522F7A65A8
:10FDB000706879722F7375627379732F626C7565D1
:10FDC000746F6F74682F6D6573682F70726F7879B8
:10FDD0005F7372762E63004661696C656420746F90
:10FDE00020616476657274697365207573696E67E6
:10FDF000207479706520307825303278202865723B
:10FE00007220256429004661696C656420746F2046
:10FE10006465636F64652050726F787920436F6EFC
:10FE200066696775726174696F6E202865727220E9
:10FE300025642900546F6F2073686F72742070728C
:10FE40006F787920636F6E66696775726174696F28
:10FE50006E2050445500546F6F2073686F72742089
:10FE600046696C74657220536574206D65737361A7
:10FE700067650050726F68696269746564204669DD
:10FE80006C74657220547970652030782530327832
:10FE900000556E68616E646C656420636F6E6669A0
:10FEA0006775726174696F6E204F70436F6465206F
:10FEB00030782530327800556E61626C6520746F41
:10FEC000207265676973746572204D657368205090
:10FED000726F787920536572766963652028657240
:10FEE000722025642900436F756C64206E6F742046
:10FEF00066696E64207375626E657420746F20612C
:10FF00006476657274697365004661696C65642026
:10FF1000746F2061647665727469736520757369A6
:10FF20006E67204E6574776F726B20494420286598
:10FF300072722025642900556E657870656374655A
:10FF4000642070726F787920616476206576743AE7
:10FF5000202564004164766572746973696E672058
:10FF600070726F7879206661696C656420286572AB
:10FF7000723A202564290062745F6D6573685F675B
:10FF80006174740050726F78792053415220746903
:10FF90006D656F757400574553545F544F50444915
:10FFA000522F7A65706879722F7375627379732F27
:10FFB000626C7565746F6F74682F6D6573682F70F0
:10FFC000726F78795F6D73672E630050726F787906
:10FFD00020726F6C6520627566666572206F76654B
:10FFE00072666C6F7700436F6D706C65746520503E
:10FFF0004455207768696C6520612070656E64697E
:020000040005F5
:100000006E6720696E636F6D706C657465206F6ECE
:100010006500466972737420504455207768696C96
:100020006520612070656E64696E6720696E636F1C
:100030006D706C657465206F6E6500436F6E7469DA
:100040006E756174696F6E2077697468206E6F20B9
:100050007072696F72206461746100556E657870AA
:100060006563746564206D65737361676520747979
:10007000706520696E20636F6E74696E7561746956
:100080006F6E004C617374205341522050445520D0
:1000900077697468206E6F207072696F7220646176
:1000A000746100556E6578706563746564206D6574
:1000B0007373616765207479706520696E206C6167
:1000C0007374205341522050445500496E76616C40
:1000D000696420415454204D54553A20256400460B
:1000E00061696C656420746F2073656E6420707242
:1000F0006F7879206D65737361676520286572720A
:10010000202564290062745F6D6573685F70726F8B
:100110007879005265667573696E6720746F206127
:100120006C6C6F63617465206D65737361676520C6
:10013000636F6E74657874207768696C6520737579
:100140007370656E646564005075726765207065D4
:100150006E64696E672064656C617961626C6520AC
:100160006D6573736167652E004E6F2061766169FE
:100170006C61626C6520667265652064656C61798E
:1001800061626C65206D65737361676520636F6E76
:10019000746578742E00556E61626C6520616C6CBC
:1001A0006F63617465202575206368756E6B732CB1
:1001B00020616C6C6F6361746564202575004E6FFF
:1001C00020617661696C61626C65206368756E6B35
:1001D000206D656D6F72792E0062745F6D65736856
:1001E0005F64656C617961626C655F6D7367000067
:1001F000070E091C1B1215383F363124232A2D63A4
:10020000616368655F6E72667800574553545F544A
:100210004F504449522F7A65706879722F64726921
:10022000766572732F636C6F636B5F636F6E74724E
:100230006F6C2F636C6F636B5F636F6E74726F6C48
:100240005F6E72662E6300636C6F636B4031306566
:10025000303030006866636C6B006C66636C6B00FA
:10026000636C6F636B5F636F6E74726F6C0070733F
:10027000612D726E67007272616D2D636F6E7472A4
:100280006F6C6C65724035303034623030300066EF
:100290006C6173685F6E72665F7272616D00574564
:1002A00053545F544F504449522F7A6570687972A5
:1002B0002F696E636C7564652F7A65706879722F2B
:1002C000647269766572732F6770696F2F677069E2
:1002D0006F5F7574696C732E6800574553545F5493
:1002E0004F504449522F6D6F64756C65732F686170
:1002F0006C2F6E6F726469632F6E7266782F6861FF
:100300006C2F6E72665F6770696F2E680057455379
:10031000545F544F504449522F7A65706879722F58
:10032000647269766572732F6770696F2F67706981
:100330006F5F6E7266782E63006770696F40313050
:1003400061303030006770696F406438323030009F
:100350006770696F403530343030000001040502A9
:100360000608090F756172744063363030300075CD
:100370006172745F6E7266785F7561727465005742
:100380004553545F544F504449522F7A65706879F1
:10039000722F696E636C7564652F7A657068797207
:1003A0002F647269766572732F6770696F2E6800AB
:1003B0004750494F2049525120636F6E666967204C
:1003C0006661696C65642C206572723A2025640050
:1003D0004C454420696E646578206F7574206F66A3
:1003E000207468652072616E6765004661696C659E
:1003F000642064697361626C696E6720696E7465FC
:100400007272757074730043616E6E6F74207265E2
:100410006164206770696F2070696E0043616E6E61
:100420006F74207772697465204C45442067706949
:100430006F0043616E6E6F742064697361626C65F6
:100440002063616C6C6261636B730043616E6E6FFD
:100450007420656E61626C652063616C6C626163BF
:100460006B730043616E6E6F7420636F6E666967B5
:10047000757265204C4544206770696F0043616E5A
:100480006E6F7420636F6E66696775726520627542
:1004900074746F6E206770696F0043616E6E6F7465
:1004A0002064697361626C652063616C6C62616376
:1004B0006B7328290043616E6E6F74206164642041
:1004C00063616C6C6261636B00646B5F6275747412
:1004D0006F6E735F616E645F6C6564730052657309
:1004E000657474696E672073797374656D006661F5
:1004F00074616C5F6572726F7200574553545F543C
:100500004F504449522F7A65706879722F696E6333
:100510006C7564652F7A65706879722F647269767C
:100520006572732F656E74726F70792E680057450F
:1005300053545F544F504449522F6E72662F737557
:10054000627379732F626C7565746F6F74682F6353
:100550006F6E74726F6C6C65722F6863695F647222
:10056000697665722E6300574553545F544F50446B
:1005700049522F6E72662F696E636C7564652F6DBC
:1005800070736C2F6D70736C5F776F726B2E680079
:10059000536F667444657669636520436F6E747249
:1005A0006F6C6C6572204153534552543A20257349
:1005B0002C20256400536F6674446576696365205A
:1005C000436F6E74726F6C6C6572206275696C64D7
:1005D000207265766973696F6E3A2000456E747299
:1005E0006F707920736F75726365206465766963D7
:1005F00065206E6F74207265616479004661696C74
:10060000656420746F207265676973746572207207
:10061000616E6420736F75726365202825642900FC
:10062000416C6C6F6361746564206D656D6F727988
:1006300020746F6F206C6F773A20257A75203C20EC
:100640002575004576656E74206275666665722054
:10065000746F6F20736D616C6C2E20257A75203E4F
:1006600020257500556E6578706563746564206D2E
:1006700073675F747970653A2025752E2054686918
:10068000732069662D656C7365206E6565647320E3
:1006900061206E6577206272616E636800556E6BD3
:1006A0006E6F776E206572726F72207768656E204C
:1006B00070726F63657373696E6720686369206D1C
:1006C0006573736167652025640062745F686369A0
:1006D0005F7364630062745F7364635F6863695F20
:1006E0006472697665720062745F7364635F6372DB
:1006F0007970746F0062745F6D6573685F6D6F64AD
:10070000004F4F4220537472696E673A2025730A76
:100710000057726F6E67204F4F422073697A653AB7
:100720002025750A004F4F42204E756D6265723A62
:100730002025750A00646B5F62745F6D6573685F86
:1007400070726F7600574553545F544F504449526E
:100750002F6E72662F7375627379732F6D70736C61
:100760002F696E69742F6D70736C5F696E69742E7A
:1007700063004D50534C204153534552543A202569
:10078000732C202564004D50534C20576F726B0022
:100790006D70736C5F696E697400556E73757070FF
:1007A0006F72746564204846434C4B206576656ED5
:1007B000743A20256400574553545F544F504449C0
:1007C000522F6E72662F647269766572732F6D7028
:1007D000736C2F636C6F636B5F636F6E74726F6C9F
:1007E0002F6E7266785F636C6F636B5F6D70736C96
:1007F0002E63006E7266785F636C6F636B5F6D7003
:10080000736C00574553545F544F504449522F6EF8
:1008100072662F647269766572732F6D70736C2FB8
:10082000666C6173685F73796E632F666C61736861
:100830005F73796E635F6D70736C2E63006D7073A0
:100840006C5F74696D65736C6F745F7365737369E6
:100850006F6E5F6F70656E206661696C65643A20CB
:10086000256400666C6173685F73796E635F6D7099
:10087000736C00574553545F544F504449522F6D89
:100880006F64756C65732F68616C2F6E6F7264692D
:10089000632F6E7266782F68616C2F6E72665F6769
:1008A00070696F74652E6800574553545F544F50FC
:1008B0004449522F6D6F64756C65732F68616C2F9E
:1008C0006E6F726469632F6E7266782F64726976D8
:1008D0006572732F7372632F6E7266785F677069CB
:1008E0006F74652E6300000718232323232323231B
:1008F000232323232323000102574553545F544FDE
:10090000504449522F6D6F64756C65732F68616C2C
:100910002F6E6F726469632F6E7266782F68616CD8
:100920002F6E72665F677274632E6800574553546A
:100930005F544F504449522F6D6F64756C65732F2F
:1009400068616C2F6E6F726469632F6E7266782FA8
:10095000647269766572732F7372632F6E72667834
:100960005F677274632E6300574553545F544F5052
:100970004449522F6D6F64756C65732F68616C2FDD
:100980006E6F726469632F6E7266782F68616C2F68
:100990006E72665F7272616D632E680057455354C4
:1009A0005F544F504449522F7A65706879722F6BAB
:1009B00065726E656C2F6465766963652E6300559C
:1009C0006E6B6E6F776E206572726F72003E3E3E88
:1009D000205A455048595220464154414C204552D6
:1009E000524F522025643A202573206F6E204350C9
:1009F00055202564004661756C7420647572696EBB
:100A00006720696E746572727570742068616E64B7
:100A10006C696E670A0043757272656E7420746843
:100A2000726561643A202570202825732900574596
:100A300053545F544F504449522F7A65706879720D
:100A40002F6B65726E656C2F666174616C2E63002E
:100A500043505520657863657074696F6E00556EFC
:100A600068616E646C656420696E7465727275701D
:100A70007400537461636B206F766572666C6F7778
:100A8000004B65726E656C206F6F7073004B657202
:100A90006E656C2070616E696300574553545F54F6
:100AA0004F504449522F7A65706879722F6B657286
:100AB0006E656C2F696E69742E630069646C6500E5
:100AC0006F7300574553545F544F504449522F7A27
:100AD00065706879722F6B65726E656C2F6B6865D7
:100AE00061702E6300574553545F544F5044495230
:100AF0002F7A65706879722F6B65726E656C2F6DD9
:100B0000656D5F736C61622E6300574553545F548B
:100B10004F504449522F7A65706879722F6B657215
:100B20006E656C2F696E636C7564652F6B7363689B
:100B300065642E6800574553545F544F50444952E2
:100B40002F7A65706879722F6B65726E656C2F698C
:100B5000646C652E6300574553545F544F504449AD
:100B6000522F7A65706879722F6B65726E656C2F83
:100B70006D757465782E6300574553545F544F501C
:100B80004449522F7A65706879722F6B65726E6571
:100B90006C2F73656D2E6300737973776F726B7151
:100BA00000574553545F544F504449522F7A657053
:100BB0006879722F6B65726E656C2F776F726B2E12
:100BC0006300574553545F544F504449522F7A6540
:100BD000706879722F6B65726E656C2F74687265C0
:100BE00061642E6300574553545F544F504449523B
:100BF0002F7A65706879722F6B65726E656C2F73D2
:100C0000636865642E6300574553545F544F5044E6
:100C100049522F7A65706879722F6B65726E656CB8
:100C20002F696E636C7564652F6B7468726561649F
:100C30002E6800574553545F544F504449522F7A01
:100C400065706879722F6B65726E656C2F696E6363
:100C50006C7564652F6B737761702E680057455310
:100C6000545F544F504449522F7A65706879722FFF
:100C70006B65726E656C2F74696D65736C69636901
:100C80006E672E6300574553545F544F504449528A
:100C90002F7A65706879722F6B65726E656C2F7430
:100CA00068726561645F6D6F6E69746F722E630048
:100CB000574553545F544F504449522F7A657068DA
:100CC00079722F6B65726E656C2F74696D656F75C7
:100CD000742E6300574553545F544F504449522F6C
:100CE0007A65706879722F6B65726E656C2F706FA4
:100CF0006C6C2E6300574553545F544F5044495217
:100D00002F7A65706879722F6B65726E656C2F6DC6
:100D1000656D706F6F6C2E6300141400001C203022
:100D2000401C2000001C203040004063726163655D
:100D30006E00574553545F544F504449522F6E72C2
:100D4000662F7375627379732F6E72665F73656356
:100D500075726974792F7372632F64726976657224
:100D6000732F63726163656E2F63726163656E706A
:100D700073612F7372632F6369706865722E6300ED
:100D8000574553545F544F504449522F6E72662F4B
:100D90007375627379732F6E72665F7365637572B4
:100DA0006974792F7372632F647269766572732F19
:100DB00063726163656E2F63726163656E707361E8
:100DC0002F7372632F6C69625F6B6D752E630057B2
:100DD0004553545F544F504449522F6E72662F73DF
:100DE00075627379732F6E72665F7365637572696E
:100DF00074792F7372632F647269766572732F63CF
:100E0000726163656E2F63726163656E7073612FCB
:100E10007372632F6D61632E6300141400001C2035
:100E200030401C2000001C203040004057455354E7
:100E30005F544F504449522F6E72662F7375627320
:100E400079732F6E72665F73656375726974792F3B
:100E50007372632F647269766572732F6372616354
:100E6000656E2F63726163656E7073612F73726359
:100E70002F6B65795F6D616E6167656D656E742E50
:100E800063004B4D5500010302000000000000000C
:100E90000000000000000000000000000000000052
:100EA000000000000000000000574553545F544FFD
:100EB000504449522F6E72662F7375627379732F87
:100EC0006E72665F73656375726974792F7372638E
:100ED0002F647269766572732F63726163656E2F1A
:100EE000737873796D63727970742F7372632F7076
:100EF0006C6174666F726D2F626172656D6574618D
:100F00006C2F696E74657272757074732E6300FF56
:100F1000FFFFFF00000001000000000000000000D3
:100F2000000000FFFFFFFFFFFFFFFFFFFFFFFFFFCE
:100F3000FFFFFF00000000FFFFFFFFFFFFFFFFBC00
:100F4000E6FAADA7179E84F3B9CAC2FC6325516BBC
:100F500017D1F2E12C4247F8BCE6E563A440F277F2
:100F6000037D812DEB33A0F4A13945D898C2964F6B
:100F7000E342E2FE1A7F9B8EE7EB4A7C0F9E162B24
:100F8000CE33576B315ECECBB6406837BF51F5FFDD
:100F9000FFFFFF0000000100000000000000000053
:100FA000000000FFFFFFFFFFFFFFFFFFFFFFFC5AF6
:100FB000C635D8AA3A93E7B3EBBD55769886BC659B
:100FC0001D06B0CC53B0F63BCE3C3E27D2604B2042
:100FD0003042574553545F544F504449522F6E721C
:100FE000662F7375627379732F6E72665F736563B4
:100FF00075726974792F7372632F7574696C732FAE
:101000006E72665F73656375726974795F6D75740E
:10101000657865732E6300574553545F544F5044B1
:1010200049522F7A65706879722F6B65726E656CA4
:101030002F6576656E74732E63009B8FACC31D4263
:10104000AE44FACD1FC348A0B42FCF29EE3D00FF18
:10105000FFFFFF1F00FFC1FBE84C90728BE7B3510D
:101060008963AB232300647261676F6F6E2F6C69B5
:1010700062732F73636865642F7372632F73636881
:1010800065645F68616C5F74696D65725F677274D7
:10109000632E6300286E756C6C29002A666C6F6184
:1010A000742A0000FFFFFFFFFF1F00001F00000069
:1010B000000000007FFE0000E40700001D4000006B
:1010C000000000000000000000000000FFFFFFFF24
:1010D0001FFF1B00BAABBABA10101010A0354D009C
:1010E000FF000000C4090000010000000000000033
:1010F0000050085000000000000000000C0000003C
:1011000000FF7F0000000000AAAAAAAA5555555565
:1011100000000000000000000000000000000000CF
:1011200000000000000000006D280000512B0000AE
:10113000E52A000015260100D1240000DF2401006B
:10114000192C0000DF2401008D2501007B25010002
:101150006D2501000D290000612C0000DF24010035
:101160000D240000E1280000BD3D0000B52900006D
:10117000DF2401001937000001370000DF240100DF
:10118000DF24010085390000DF240100B52A0000BA
:10119000DF240100A534000035260000D72501001A
:1011A000D1250100FD270000BF250100B125010068
:1011B000A3250100A3250100A93700003137000055
:1011C000D4000020E4000020FC00002030010020BA
:1011D00044010020000000000000000000000000AA
:1011E00000000000000000000000000000000000FF
:1011F00000000000000000000000000000000000EF
:10120000000000006161000000000000D540010006
:1012100000000000C1610000000000002141010049
:10122000000000001D41010000000000C740010057
:1012300000000000B74001000000000000000000B6
:10124000000000000000000000000000000000009E
:10125000000000000000000000000000000000008E
:10126000000000000000000000000000000000007E
:10127000000000000000000000000000000000006E
:10128000000000000000000000000000000000005E
:10129000000000000000000000000000000000004E
:1012A000000000000000000000000000000000003E
:1012B000000000000000000000000000000000002E
:1012C000000000000000000000000000000000001E
:1012D000000000000000000000000000000000000E
:1012E00000000000000000000000000000000000FE
:1012F00000000000000000000000000000000000EE
:1013000000000000000000000000000000000000DD
:1013100000000000000000000000000000000000CD
:1013200000000000000000000000000000000000BD
:1013300000000000000000000000000000000000AD
:10134000000000000000000000000000000000009D
:10135000000000000000000000000000000000008D
:10136000000000000000000000000000000000007D
:10137000000000000000000000000000000000006D
:10138000000000000000000000000000000000005D
:10139000000000000000000000000000000000004D
:1013A000000000000000000000000000000000003D
:1013B000000000000000000000000000000000002D
:1013C000000000000000000000000000000000001D
:1013D000000000000000000000000000000000000D
:1013E00000000000000000000000000000000000FD
:1013F00000000000000000000000000000000000ED
:1014000000000000000000000000000000000000DC
:1014100000000000000000000000000000000000CC
:1014200000000000000000000000000000000000BC
:1014300000000000000000000000000000000000AC
:10144000000000000000000000000000000000009C
:10145000000000000000000000000000000000008C
:10146000000000000000000000000000000000007C
:10147000000000000000000000000000000000006C
:10148000000000000000000000000000000000005C
:10149000000000000000000000000000000000004C
:1014A000000000000000000000000000000000003C
:1014B000000000000000000000000000000000002C
:1014C000000000000000000000000000000000001C
:1014D000000000000000000000000000000000000C
:1014E00000000000000000000000000000000000FC
:1014F00000000000000000000000000000000000EC
:1015000000000000000000000000000000000000DB
:1015100000000000000000000000000000000000CB
:1015200000000000000000000000000000000000BB
:1015300000000000000000000000000000000000AB
:10154000000000000000000000000000000000009B
:10155000000000000000000000000000000000008B
:10156000000000000000000000000000000000007B
:10157000000000000000000000000000000000006B
:101580002005002013660100196601001B6601009A
:10159000416601001F6601004B66010025660100DF
:1015A000556601002B660100616601003766010087
:1015B0003B6601002D6601003366010051660100A3
:1015C0005B6601006805002001FF0000F56A01006C
:1015D000016B0100056B01000D6B0100116B010037
:1015E0000101010300001E001E02000000000000B7
:1015F000000002007C007E00E0010300000000000B
:1016000000000000000000000000000000000000DA
:10161000000000000000000000000000D80F0020C3
:1016200000000000000000000000000000000000BA
:1016300000000000000000000000000000000000AA
:10164000000000000000000000000000000000009A
:1016500000000000000000002882040000000000DC
:10166000000000000000000000000000000000007A
:10167000000000000000000000000000000000006A
:10168000000000000000000000000000000000005A
:10169000000000000000000000000000000000004A
:1016A0000000000040820400000000000000000074
:1016B000000000000000000000000000000000002A
:1016C000000000000000000000000000000000001A
:1016D000000000000000000000000000000000000A
:1016E00000000000000000000000000000000000FA
:1016F00000000000000000000000000000000000EA
:1017000000000000000000000000000000000000D9
:1017100000000000000000000000000000000000C9
:1017200000000000000000000000000000000000B9
:1017300000000000000000000000000000000000A9
:101740000000000000000000000000000000000099
:101750000000000000000000000000000000000089
:1017600000000000000000000000000040820400B3
:101770000000000000000000000000000000000069
:101780000000000000000000000000000000000059
:101790000000000000000000000000000000000049
:1017A0000000000000000000000000000000000039
:1017B0000000000000000000000000000000000029
:1017C0000000000000000000000000000000000019
:1017D0000000000000000000000000000000000009
:1017E00000000000000000000000000000000000F9
:1017F00000000000000000000000000000000000E9
:1018000000000000000000000000000000000000D8
:1018100000000000000000000000000000000000C8
:1018200000000000000000000000000000000000B8
:1018300000000000408204000000000000000000E2
:101840000000000000000000000000000000000098
:101850000000000000000000000000000000000088
:101860000000000000000000000000000000000078
:101870000000000000000000000000000000000068
:101880000000000000000000000000000000000058
:101890000000000000000000000000000000000048
:1018A0000000000000000000000000000000000038
:1018B0000000000000000000000000000000000028
:1018C0000000000000000000000000000000000018
:1018D0000000000000000000000000000000000008
:1018E00000000000000000000000000000000000F8
:1018F0000000000000000000000000004082040022
:1019000000000000000000000000000000000000D7
:1019100000000000000000000000000000000000C7
:1019200000000000000000000000000000000000B7
:1019300000000000000000000000000000000000A7
:101940000000000000000000000000000000000097
:101950000000000000000000000000000000000087
:101960000000000000000000000000000000000077
:101970000000000000000000000000000000000067
:101980000000000000000000000000000000000057
:101990000000000000000000000000000000000047
:1019A0000000000000000000000000000000000037
:1019B0000000000000000000000000000000000027
:1019C0000000000000000000000000000000000017
:1019D0000000000000000000000000000000000007
:1019E00000000000000000000000000000000000F7
:1019F00000000000000000000000000000000000E7
:101A000000000000000000000000000000000000D6
:101A100000000000000000000000000000000000C6
:101A200000000000000000000000000000000000B6
:101A300000000000000000000000000000000000A6
:101A4000000000000000000035D901000000000087
:101A50000000000000000000000000000000000086
:101A60000000000000000000000000000000000076
:101A70000000000000000000000000000000000066
:101A80000000000000000000000000000000000056
:101A90000000000000000000000000000000000046
:101AA0000000000000000000000000000000000036
:101AB0000000000000000000000000000000000026
:101AC0000000000000000000000000000000000016
:101AD0000000000000000000000000000000000006
:101AE00000000000000000000000000000000000F6
:101AF00000000000BC6E04000000000000000000B8
:101B000000000000000000000000000000000000D5
:101B100000000000000000000000000000000000C5
:101B200000000000000000000000000000000000B5
:101B300000000000000000000000000000000000A5
:101B40000000000000000000000000000000000095
:101B50000000000000000000000000000000000085
:101B60000000000000000000000000000000000075
:101B70000000000000000000000000000000000065
:101B80000000000000000000000000000000000055
:101B90000000000000000000000000000000000045
:101BA0000000000000000000000000000000000035
:101BB0000000000000000000000000000000000025
:101BC0000000000000000000000000000000000015
:101BD0000000000000000000000000000000000005
:101BE00000000000000000000000000000000000F5
:101BF00000000000000000000000000000000000E5
:101C000000000000000000000000000000000000D4
:101C100000000000000000000000000000000000C4
:101C200000000000000000000000000000000000B4
:101C300000000000000000000000000000000000A4
:101C40000000000000000000000000000000000094
:101C50000000000000000000000000000000000084
:101C60000000000000000000000000000000000074
:101C70000000000000000000000000000000000064
:101C80000000000000000000000000000000000054
:101C90000000000000000000000000000000000044
:101CA00000000000000000003C00000000000000F8
:101CB0000000000000000000000000000000000024
:101CC0000000000000000000000000000000000014
:101CD0000000000000000000000000000000000004
:101CE00005020207010209030101050000000000CE
:101CF000FDEF0200000000000001000000000000F5
:101D000000000000000000000000000000000000D3
:101D100000000000000000000000000000000000C3
:101D200000000000000000000000000000000000B3
:101D3000F013002000000000000000000000000080
:101D40000000000000000000000000000000000093
:101D50000000000000000000000000000000000083
:101D60000000000000000000000000000000000073
:101D70000000000000000000000000000000000063
:101D80000000000000000000000000000000000053
:101D90000000000000000000000000000000000043
:101DA0000000000000000000000000000000000033
:101DB0000000000000000000000000000000000023
:101DC0000000000000000000000000000000000013
:101DD0000000000000000000000000000000000003
:101DE00000000000000000000000000000000000F3
:101DF0000000000000000000DD11030000000000F2
:101E000000010000000000000000000000000000D1
:101E100000000000000000000000000000000000C2
:101E200000000000000000007171010000000000CF
:101E300000010000000000000000000000000000A1
:101E40000000000000000000000000000000000092
:101E5000000000000000000067000000000000001B
:101E60000000000000000000000000000000000072
:101E70000000000000000000000000000000000062
:101E80000000000000000000000000000000000052
:101E90000000000000000000000000000000000042
:101EA0000000000000000000000000000000000032
:101EB0000000000000000000000000000000000022
:101EC0000000000000000000000000000000000012
:101ED0000000000000000000000000000000000002
:101EE00000000000F47A002001000300500F0020E1
:101EF00028820400EE7A002002000100200F00205A
:101F000028820400EA7A002003000100F00E00207D
:101F100028820400E67A002004000100C00E0020A0
:101F20002882040000100000E80E0020A008002015
:101F3000F415002001000000E47A002001000000F8
:101F40003C680020BC8C0400A88C04000000000049
:101F50008008002000100000180F0020D807002083
:101F6000F615002001000000E87A002001000000C2
:101F700040680020BC8C0400A88C04000000000015
:101F8000B807002000100000480F002010070020B4
:101F9000F815002001000000EC7A0020010000008C
:101FA00044680020BC8C0400A88C040000000000E1
:101FB000F00600200000000054680020000000002F
:101FC000FE15002001000000F47A0020000000004F
:101FD00050680020F8860400E48604000200000037
:101FE000D00F0020A0050020FC15002001000000FB
:101FF000F27A0020010000004C6800204C890400A7
:102000003889040000100000C80F00204806002096
:10201000FA15002001000000F07A00200100000005
:1020200048680020BC8C0400A88C0400000000005C
:102030002806002000000000F0050020D40F012039
:1020400000000400D40F0120C3E60300EDF20300FA
:1020500094820400000000000DA401007DF803003C
:1020600053F80300000000005DA201000000000022
:102070005FF60300CC82040000000000D3FC0300E4
:10208000000000000000000000C010500000000030
:102090000000000000000000000000000000000040
:1020A0000000000000000000000000000000000030
:1020B0000000000000000000000000000000000020
:1020C0000000000000000000000000000000000010
:1020D0000000000000000000000000000000000000
:1020E00000000000000000000000000000000000F0
:1020F00000000000000000000000000000010000DF
:1021000000A00D50000000000000000000000000D2
:1021100000000000000000000000000000000000BF
:1021200000000000000000000000000000000000AF
:10213000000000000000000000000000000000009F
:10214000000000000000000000000000000000008F
:10215000000000000000000000000000000000007F
:10216000000000000000000000000000000000006F
:10217000000000000000000000000000A1BF0100FE
:102180000000000000000000000000003F0104000B
:1021900000000000000000000000000095CA0100DF
:1021A00000000000000000008F7C00200000E5001F
:1021B0008F7C002000000000E9FB0100000000000F
:1021C000000000000000000099F501000000000080
:1021D00000000000701100207011002000000000BD
:1021E00000000000250D0200251C02000000000078
:1021F0000000000000000000B91002008B0D040078
:10220000490E0400DD0B020000000000E0A3040002
:1022100000000200ECA3040000000A00FCA304007C
:10222000000020000000000000000000000000008E
:10223000000000006F1204000000000010A4040061
:10224000000002001CA404000000020028A40400F6
:1022500000000200FFFF000000000000000000007E
:10226000000000000000000000000000000000006E
:10227000000000000000000000000000000000005E
:10228000000000000000000000000000000000004E
:10229000000000000000000000000000000000003E
:1022A000000000000000000000000000000000002E
:1022B000000000000000000000000000000000001E
:1022C000000000000000000000000000000000000E
:1022D00000000000000000000000000000000000FE
:1022E000000000000000000000000000FFFFFFFFF2
:1022F00000000000000000000000000000000000DE
:102300000000000000000000DD24040000000000C8
:1023100000000000FC0F012000000B00FC0F01205A
:10232000D80F012000002400D80F01201100000068
:10233000000000000000000000000000000000009D
:1023400000000000B1C10200000000000000000019
:10235000000000000000000000000000000000007D
:10236000000000000200000000000000000000006B
:10237000000000000000000000000000B1C10200E9
:10238000000000000000000000000000000000004D
:10239000000000000000000000000000020000003B
:1023A000000000000000000000000000000000002D
:1023B00000000000B1C102000000000000000000A9
:1023C000000000000000000000000000000000000D
:1023D00000000000080000000000000000000000F5
:1023E000000000000000000000000000B1C1020079
:1023F00000000000000000000000000000000000DD
:1024000000000000000000000000000004000000C8
:1024100000000000000000000000000000000000BC
:1024200000000000B1C10200000000000000000038
:10243000000000000000000000000000000000009C
:102440000000000000000000E1E8020000000000C1
:1024500000000000071001200000410007100120CB
:1024600008140020060000000000000058A404002A
:10247000AF1104000000000054A40400000001009B
:1024800050A404003D130400000000008814002044
:102490000000010048A4040000000000D5FE020076
:1024A000000000000000020044A404003D130400EA
:1024B0000000000080140020000001003CA4040083
:1024C000000000000000000000000000000000000C
:1024D00038A40400811104000D250200901400208E
:1024E0000000030040A40400000010004CA40400FD
:1024F00000000400000000000000000000000000D8
:102500000132040079FE020000000000B414002033
:1025100006000000000000007CA40400AF110400CD
:102520000000000078A404000000010074A404006E
:102530003D130400000000003415002000000100DD
:102540006CA4040000000000C106030000000000AD
:102550000000020068A404003D1304000000000015
:102560002C1500200000010060A404000000000001
:102570000000000000000000000000005CA4040057
:10258000811104000D2502003C150020000003000D
:1025900064A404000000100070A404000000040003
:1025A0000000000000000000000000000D320400E8
:1025B0000103030000000000000000000000000014
:1025C000000000000000000000000000000000000B
:1025D00000000000000000000000000000000000FB
:1025E000000000002D0103000000000000000000BA
:1025F00000000000D120030000000000FF000000E8
:102600000090D003FF0000000F00000071020000E6
:10261000AC150020AC150020B4150020B415002026
:10262000CD410400C9410400E96B04006774200037
:102630008C170020DC170020B4170020941800200D
:1026400084180020A0170020C81700200B6B04007E
:102650000F6B04001B6B0400FFFFFFFFFFFFFFFF7A
:10266000FFFFFFFF271806271800000000000000EA
:1026700000000000000000000000002818062818D4
:102680000628180000000000000000000000000004
:102690000000000001000000000000000000000039
:1026A000000000000000000000000000000000002A
:1026B000000000000000000000000000000000001A
:1026C000000000000000000000000000000000000A
:1026D00000000000000000000000000000000000FA
:1026E00000000000000000000000000000000000EA
:1026F0008C1600208C16002000000000E4FF002053
:102700000000000001000000300000000000000098
:10271000AC160020AC16002000000000F0A700203E
:102720000000000001000000B800000000000000F0
:10273000CC160020CC160020000000005400012020
:102740000000000002000000400000000000000047
:10275000EC160020EC1600200000000054030120BD
:102760000000000006000000400000000000000023
:102770000C1700200C17002000000000D4040120DA
:102780000000000003000000240000000000000022
:102790002C1700202C17002000000000D40001207E
:1027A000000000000A0000004000000000000000DF
:1027B0004C1700204C1700200000000014000120DE
:1027C00000000000040000001000000000000000F5
:1027D0006C1700206C17002000000000400501204D
:1027E00000000000400000000C000000000000009D
:1027F0008C1700208C170020000000000000000053
:102800000E000000A0170020A0170020000000000C
:10281000000000000E000000B4170020B4170020D4
:1028200000000000000000000E000000C81700209B
:10283000C817002000000000000000000E0000008B
:10284000DC170020DC170020000000000000000062
:102850000E000000F0170020F0170020000000001C
:10286000000000000E0000000418002004180020E2
:1028700000000000000000000E00000018180020FA
:102880001818002000000000000000000E000000EA
:102890002C1800202C180020000000000000000070
:1028A0000E0000004018002040180020000000002A
:1028B000000000000E0000005418002054180020F2
:1028C00000000000010000006418002064180020CF
:1028D0006C1800206C18002000000000FFFFFFFFB4
:1028E0007C1800207C180020841800208418002008
:1028F0000000000000000000941800209418002040
:1029000000000000000000000000000000000000C7
:1029100000000000B0180020B0180020B8180020F7
:10292000B8180020000000000000000000000000B7
:10293000CC180020CC180020D4180020D418002077
:10294000000000000000000000000000E818002067
:10295000E8180020F0180020F01800200000000007
:1029600000000000000000000419002004190020ED
:102970000C1900200C1900200000000000000000CD
:102980000000000020190020201900202819002034
:1029900028190020000000000800080010000000B6
:1029A00000000000A884040054FD00200000000086
:1029B00000000000000000005419002054190020FD
:1029C0005C1900205C1900200000000004000400D5
:1029D00010000000991902004485040044FF002003
:1029E0000000000000000000000000008819002026
:1029F0008819002090190020901900200000000084
:102A000014001400000000000000000044830400D3
:102A10008CF5002000000000000000000000000015
:102A2000BC190020BC190020C4190020C4190020C2
:102A300000000000010001001000000091F40100FE
:102A400094840400DCFB0020000000000000000073
:102A500000000000F0190020F0190020F8190020F3
:102A6000F8190020000000002200220004000000ED
:102A700000000000408A04001C0C0120000000003F
:102A80000000000000000000241A0020241A00208A
:102A90002C1A00202C1A0020000000000300030064
:102AA00000000000000000005C84040094FB002093
:102AB000000000000000000000000000581A002084
:102AC000581A0020601A0020601A00200000000040
:102AD0000C000C00040000006DC2010030830400F3
:102AE00078EF00200000000000000000000000005F
:102AF0008C1A00208C1A0020941A0020941A0020AE
:102B000000000000010001000000000000000000C3
:0C2B10005883040070F8002015E015E068
:00000001FF
