:020000040000FA
:1000000008D40020DDAD0100C3FE0300C9AD01002E
:10001000C9AD0100C9AD0100C9AD0100C9AD010004
:1000200000000000000000000000000049AF0100D7
:10003000C9AD010000000000E1AE0100C9AD010042
:10004000E9B00100E9B00100E9B00100E9B0010048
:10005000E9B00100E9B00100E9B00100E9B0010038
:10006000E9B00100E9B00100E9B00100E9B0010028
:10007000E9B00100E9B00100E9B00100E9B0010018
:10008000E9B00100E9B00100E9B00100E9B0010008
:10009000E9B00100E9B00100E9B00100E9B00100F8
:1000A000E9B00100E9B00100E9B00100E9B00100E8
:1000B000E9B00100E9B00100E9B00100E9B00100D8
:1000C000E9B00100E9B00100E9B00100E9B00100C8
:1000D000E9B00100E9B00100E9B00100E9B00100B8
:1000E000E9B00100E9B00100E9B00100E9B00100A8
:1000F000E9B00100E9B00100E9B00100E9B0010098
:10010000E9B00100E9B00100E9B00100E9B0010087
:10011000E9B00100E9B00100E9B00100E9B0010077
:10012000E9B00100E9B00100E9B00100E9B0010067
:10013000E9B00100E9B00100E9B00100E9B0010057
:10014000E9B00100E9B00100E9B00100E9B0010047
:10015000E9B00100E9B00100E9B00100E9B0010037
:10016000E9B00100E9B00100E9B00100E9B0010027
:10017000E9B00100E9B00100E9B00100E9B0010017
:10018000E9B00100E9B00100E9B00100E9B0010007
:10019000E9B00100E9B00100E9B00100E9B00100F7
:1001A000E9B00100E9B00100E9B00100E9B00100E7
:1001B000E9B00100E9B00100E9B00100E9B00100D7
:1001C000E9B00100E9B00100E9B00100E9B00100C7
:1001D000E9B00100E9B00100E9B00100E9B00100B7
:1001E000E9B00100E9B00100E9B00100E9B00100A7
:1001F000E9B00100E9B00100E9B00100E9B0010097
:10020000E9B00100E9B00100E9B00100E9B0010086
:10021000E9B00100E9B00100E9B00100E9B0010076
:10022000E9B00100E9B00100E9B00100E9B0010066
:10023000E9B00100E9B00100E9B00100E9B0010056
:10024000E9B00100E9B00100E9B00100E9B0010046
:10025000E9B00100273D0400E9B00100E9B0010068
:10026000E9B00100E9B00100113D0400E9B001006E
:10027000E9B00100E9B00100E9B00100E9B0010016
:10028000E9B00100E9B00100E9B00100E9B0010006
:10029000E9B00100E9B00100E9B00100E9B00100F6
:1002A000E9B00100E9B00100E9B00100E9B00100E6
:1002B000E9B00100E9B00100E9B00100E9B00100D6
:1002C000E9B00100E9B00100E9B00100E9B00100C6
:1002D000E9B00100E9B00100E9B00100E9B00100B6
:1002E000E9B00100E9B00100E9B00100E9B00100A6
:1002F000E9B00100E9B00100E9B00100E9B0010096
:10030000E9B00100E9B00100E9B00100E9B0010085
:10031000E9B00100E9B00100E9B00100E9B0010075
:10032000E9B00100E9B00100E9B00100E9B0010065
:10033000E9B00100E9B00100E9B00100E9B0010055
:10034000E9B00100E9B00100E9B00100E9B0010045
:10035000E9B00100E9B00100E9B00100E9B0010035
:10036000E9B00100E9B00100E9B00100E9B0010025
:10037000E9B00100E9B00100E9B00100E9B0010015
:10038000E9B00100E9B00100E9B00100E9B0010005
:10039000E9B00100E9B00100E9B00100E9B00100F5
:1003A000E9B00100E9B00100E9B00100E9B00100E5
:1003B000E9B00100E9B00100E9B00100E9B00100D5
:1003C000E9B00100E9B00100E9B00100E9B00100C5
:1003D000E9B00100FB3C0400E9B00100E9B0010014
:1003E000E9B00100E9B00100E9B00100E9B00100A5
:1003F000E9B00100E9B00100E9B00100E9B0010095
:10040000E9B00100E9B00100E9B00100E9B0010084
:10041000E9B00100E9B00100E9B00100E9B0010074
:10042000E9B00100E9B00100E9B00100E9B0010064
:10043000E9B00100E9B00100E9B00100E9B0010054
:10044000E9B00100E9B00100E9B00100E9B0010044
:10045000E9B00100E9B00100E9B00100E9B0010034
:10046000E9B00100E9B00100E9B00100E9B0010024
:10047000E9B00100E9B00100E9B00100E9B0010014
:10048000E9B00100E9B00100E9B00100E9B0010004
:10049000E9B00100E9B00100E9B00100E9B00100F4
:1004A000E9B00100E9B00100E9B00100E9B00100E4
:1004B000E9B00100E9B00100E9B00100E9B00100D4
:1004C000E9B00100E9B00100054B00221B78826011
:1004D00001330260034A4260C371FF230372704715
:1004E000301B002028010800064A074B02604FF429
:1004F0003672DB7882800822C37100238271037216
:10050000704700BF8D630100301B0020064A074B77
:1005100002604FF4B472DB7A82800822C371FF2339
:1005200082710372704700BFC55E0100301B00205E
:100530002DE9F341C41D0028064624F007040CBF32
:100540000020204600F016FD071E04DA6FF00B00B5
:1005500002B0BDE8F081374DE988A88803316B7A95
:1005600003302A7A89B280B211F033FE0028EDDB25
:100570003C44A978EB78002E04F10304194424F0DC
:10058000030400FB01F10CBF0020204600F082FEB6
:1005900020440EB90028D9DBEA7A0446B2B1EB7BDD
:1005A000697C13441944FF29D0D80330002EAA894E
:1005B000C9B220F003040CBF0020204600F0DCFE8E
:1005C0000028C3DB04440EB9002CBFDB012000F07F
:1005D000C7FCB0B1A97BA1B195F82B3033B3402350
:1005E0004FF481720734002E24F007040CBF002062
:1005F000204603F05BFE0028A8DB04440EB9002C63
:10060000A4DBAB7AFBB1EB7AB3B10734002EA97A45
:1006100024F007040CBF0020204607F093FD0028BB
:1006200094DB04447EB9002C0DDA8FE725232822C1
:10063000D8E700BF301B0020012000F091FC10B172
:10064000AB7B002BE1D1734B1B6893B1A97D81B1CA
:100650000334002EEA7D24F003040CBF0020204662
:1006600098470028FFF672AF044416B9002CFFF635
:100670006DAF694B1B688BB1297C79B10334002EB7
:1006800024F003040CBF0020204698470028FFF602
:100690005DAF044416B9002CFFF658AF5F4B1F68DE
:1006A000B7B1697CA1B10334002E2B7D24F0030483
:1006B00008BF0020009318BF2046EB7CAA7CB847F7
:1006C0000028FFF643AF044416B9002CFFF63EAFF6
:1006D000072000F045FC98B1A97D89B10334002EB4
:1006E0002A7E24F003040CBF0020204600F032FFD5
:1006F0000028FFF62BAF044416B9002CFFF626AFF6
:10070000B6FA86F795F823007F09A0B103346B7F12
:10071000A97E24F0070419443B4644F00404C9B2FE
:10072000224600F057FF0028FFF610AF044416B928
:10073000002CFFF60BAF95F8241000294CD004F1E3
:100740000708002EEA8C28F007080CBF002040465E
:1007500011F053FD041EFFF6F9AE4444002E3ED1C5
:10076000002CFFF6F3AEA97F002945D095F8223082
:10077000002B41D02A8C0734002E02F1240224F0F1
:1007800007080CBF0020404692B211F036FD002849
:10079000FFF6DCAE404416B90028FFF6D7AE0330B2
:1007A0002B7FA97E20F0070019443B4640F004044B
:1007B00095F82200C9B2224600F0FEFE0028FFF69E
:1007C000C5AE044486B9002CFFF6C0AEEB6AF3B1A7
:1007D000C6B1EC620020BBE6002EC4D08846E98C8E
:1007E00040460DF08FFCBEE72A8C4046A97F0832B8
:1007F00092B20DF08DFCE9E7002EE7D00022114601
:100800001046F6E728343FF5A1AE2046A0E6002EBC
:10081000E0D1FAE7AC000020B0000020B4000020D6
:100820001FB572B6194B1C6BECB9BFF34F8F18494B
:10083000184BCA6802F4E0621343CB60BFF34F8FDA
:1008400000BFFDE7B2FBF6F22B465D1C002AF9D192
:10085000DBB203F110056D4405F80C2C0A2233B904
:1008600001A8A047E1E7024600230A26EDE7013B85
:10087000DBB203F110050DEB0506B0FBF2F502FB50
:100880001500303006F80C0C2846E8E7301B002035
:1008900000ED00E00400FA0513B5124C6846238908
:1008A000ADF80030E388ADF80430A388ADF802302D
:1008B00005F002FC18B1FC219C20FFF7B1FF207D60
:1008C00005F056FC08B1FF21F6E7E07C05F04AFC94
:1008D00010B14FF48071EFE794F829000BF0A8FFF6
:1008E00002B010BD301B002070B5054600285BD05B
:1008F00010F046FB18B94FF0FF34204670BD0FF0E2
:1009000099FFB0F5FA7FF6D8294C012629482563CE
:10091000002500F0A1FA284684F83450257084F8A8
:100920002B50E56284F82A500DF08EFB1A222946DE
:1009300004F10F0016F0E1F81B2308210322A38025
:100940002846E3800223A1721F216372E375F72317
:1009500022722384FB23A2734922E3840A23A18108
:100960002946E27484F82930A670E670E672A6740F
:10097000267604F063FB2A463146304604F012FB2B
:10098000044620B140F2AD319C20FFF749FF0246FA
:10099000014604F035FBEFF3108572B600F040FE1F
:1009A000002DAAD162B6A8E76FF01504A5E700BF35
:1009B000301B00209908000038B51446002840F08C
:1009C000EE80784D95F83430032B00F0E58019B3B4
:1009D00012B96FF0150038BD0139172900F2DF8018
:1009E000DFE811F0180029002C0042006C007500AF
:1009F0009400480078007B008E004E005400620096
:100A000067009A009D00AC00AF00B200A300B500E3
:100A1000B900D2001378AB700020FFF789FD0028E1
:100A2000B7BF012302236FF00B0085F83430A8BF55
:100A300085F83430CFE71378EB70EDE71379002BAE
:100A4000C7D05379002BC4D01288FB2AC1D8638841
:100A50001B3B9BB2E02BBCD81A2ABAD92368A288C8
:100A60006B60514B9A80D7E71378EA7B9342B0D3FF
:100A7000EB72D1E71378EA7A9342AAD8EB73CBE70B
:100A80001378EA7A9342A4D86B74C5E71378002BE5
:100A90009FD05378013BDBB2F82B9AD81388927819
:100AA0006B82424B9A70B7E7107868750BF0BAFE0C
:100AB000B2E71378002B8CD02B76ADE7012000F045
:100AC0004FFA237808B1012B83D9AB73A4E71388BD
:100AD000AB81A1E71378AB759EE7072000F040FAE1
:100AE00018B92378012B7FF674AF072000F038FA8D
:100AF00018B12378002B3FF46CAF2378EB758BE7AC
:100B00001378082B3FF665AF2B7485E71388FF2B0E
:100B10003FF65FAFAB727FE713786B767CE71378B5
:100B20000E2B3FF656AFAB7676E72368204AC5F822
:100B30001E3063685360238913816DE71378EB7669
:100B40006AE713786B7767E713782B7764E7137896
:100B500085F8283060E704F01FFA98B1007900F0BA
:100B600001026178207804F01DFA00287FF433AF89
:100B70006378012B7FF650AF0DF06CFA00287FF4FC
:100B80004BAF26E70246ECE713785A1E092A3FF6D8
:100B900020AF85F829303FE74FF0FF301BE76FF0BB
:100BA0002C0018E7301B0020341B0020421B0020C3
:100BB0004E1B0020F8B50D46064630B329B311F0A0
:100BC000070422D1124F97F83430012B02D16FF075
:100BD0000B00F8BD032B02D14FF0FF30F9E700F016
:100BE00073F80028F8D02846FFF7A2FC0028EEDBB7
:100BF00015F0ACFC3046F96A05F06EFBFFF74CFED1
:100C00000323204687F83430E3E76FF01500E0E770
:100C1000301B002010B5074C94F83430032B03D15F
:100C200005F076FB06F028FB11F033FC002084F879
:100C3000340010BD301B002050B1074B03F11402EB
:100C400053F8041B934240F8041BF9D1002070476D
:100C50006FF01500704700BFD0FD040008B505F027
:100C6000E5FA03490320BDE8084000F071B900BF70
:100C70000D05000008B505F0F3FA03490220BDE8B0
:100C8000084000F065B900BFE904000008B505F0B0
:100C900009FB0449012000F05BF9034B012283F8B2
:100CA0002B2008BDC9040000301B00200268002072
:100CB000014B1A60704700BF681B0020014B1B6886
:100CC000184700BF681B0020024B1868003818BF87
:100CD00001207047681B0020F7B504462D4E071D04
:100CE0002C48376006F0E0FA0228054606D129496B
:100CF000204610F0E5FB284603B0F0BD042842D1A1
:100D00003378092B0AD0262B1ED03146204610F00E
:100D100051FCB0F5817F2DD3722112E005213E20D8
:100D200010F0A0FB0028F0D1F37801A932796846D1
:100D300043EA0223ADF8003011F01BF80028CFD0B1
:100D400053210820FFF76CFD1A213E2010F08AFB8A
:100D50000028DAD17368694601A8C3F30F23ADF800
:100D6000043011238DF8063011F02DF80028B7D08B
:100D70006521E6E70028B3D0A178207810F072FB57
:100D80000028B8D1ACE70828B5D10249204610F0B8
:100D9000CFFBB0E76C1B0020074B4FF0FF3141F653
:100DA000FF72C3E9001205490022C1E900221F2198
:100DB000C3E90212704700BF40000020701C0020F1
:100DC0003F280CD801380B4BC0F3421200F01F0033
:100DD00053F8223023FA00F000F001007047FF289A
:100DE00006D04038044BC0F3421200F01F00EFE77A
:100DF0000120704740000020701C0020074B014676
:100E0000006849681A4603C240F48C221A6041F017
:100E1000107242F4FF625A60704700BF4000002029
:100E20000246024B0068516803C370474800002027
:100E3000431EF428DBB201D104F0F8B85909054A81
:100E400003F01F0302EB81029068D84000F001001C
:100E5000704700BF40000020014B1860704700BF82
:100E6000781C002010B5FFF797FF12F0BDFB034B75
:100E700004461B6803B19847204610BD781C00202B
:100E80000A8870B595B2C67CC2F30E020488023699
:100E900002F118033444C35AA4B233442344013B3F
:100EA000B3FBF4F303FB0422438892B29342044B56
:100EB0008BBF2B40AB4313439BB20B8070BD00BF75
:100EC0000080FFFF4A1E062A08B50346084604D8DC
:100ED0004FF4D1711520FFF7A3FC094A914202D9C2
:100EE00040F2A311F6E711B903B1196008BD2BB1A7
:100EF0001B680022C3E901211A1D1A600430F5E7BE
:100F0000FAFFFF7F10B5114B00EB41041A7863899B
:100F1000B3FBF2F303FB0223013A1A44B2F5706FFC
:100F20000279807828BF00231A440B18B2FBF0F135
:100F300000FB11215B1AB3FBF0F100FB11331344EA
:100F40006FEA43436FEA5343638110BD7C1C00206A
:100F5000024B03EB80035960704700BF7C1C0020EC
:100F6000034B03EB80035868003818BF012070471B
:100F70007C1C00202DE9F04F10F0070A85B00546D3
:100F800004D040F261111720FFF74AFC534F04468A
:100F90004FF0010B07F15406B146B04657F8043B39
:100FA0008DF80BA03BB101A898479DF80A30082B9B
:100FB00001D9E821E7E79DF80B1041BB05B131608D
:100FC0004F4506F10406E9D1002D6ED00022DFF86E
:100FD00010911427964689F8002058F827A0013F61
:100FE000BAF1000F54D09AF804609AF802C0FF2EAC
:100FF0005FD039460023481C37D19C44BCF1FF0F19
:101000003ED90AB189F800E040F22711BBE79DF80C
:101010000AC04B1D60465A0004EB4303022838BF48
:101020000220441E40422344BDF808406444CCF1F1
:10103000000C0340013C04EA0C04B4F5803F01D3EA
:10104000F821A0E775B19A1A32609170148082F885
:1010500003B09DF80C00107101984FEA104C1081FC
:10106000A2F806C004FB0134AAE758F8210028B111
:1010700090F804B0B34504BF80781B180139BAE773
:10108000DBB2E6458AF804303CBF5FFA8CFE0122F1
:101090007B1CA2D10AB189F800E0142640F6FF6A51
:1010A00058F82670B7B9013EFAD2601B05B0BDE80A
:1010B000F08F0023E5E707EB410309F1010938460A
:1010C000A3F80AA0FFF71EFF5FFA89F1BB788B42F5
:1010D000F1D8E8E74FF00009F6E700BF801C0020D8
:1010E0007C1C0020034B03EB8003986D00B18078DB
:1010F000704700BF7C1C002038B54FF6FF730246D6
:101100000380184B03EB8103986DA8B184780379B1
:10111000B3FBF4F104FB1133DBB2194600EB4105DC
:10112000B5F90A50002D0EDB0131B1FBF4F504FBDB
:101130001511C9B28B42F1D1002038BD6381BDE8E1
:10114000384011F022B800EB41046389C3F30E0369
:101150001380C278002AF1D14FF4D5711720FFF720
:101160005FFB00BF7C1C00201C4B03EB810370B5B0
:101170009C6D054644B3030404D54FF4DC7117207D
:10118000FFF74EFB0146204610F0E2FFFF28014624
:1011900004D02046BDE8704010F0F7BFA078B5FB42
:1011A000F0F300FB1353DBB219460A1D04EB4206B1
:1011B000B6F90260002E09DB0131B1FBF0F200FB51
:1011C0001211C9B28B42F0D1002070BD8B4201D008
:1011D0000023E37004EB42025580DAE77C1C002018
:1011E000094B03EB8103014610B59C6D204610F0BE
:1011F000AFFFFF28014604D02046BDE8104010F0A4
:10120000C4BF002010BD00BF7C1C0020F8B5104BEF
:10121000074603EB810301469C6D204610F098FFC2
:10122000FF28054611D0E288238953EA024606D0FA
:101230000146204610F0A9FF01463846B047204637
:101240002946FFF75FFE0020F8BD0520FCE700BF40
:101250007C1C002038B50E4B0446827903EB8203D8
:10126000986D08B9052038BD8278E1799142F9D2AC
:101270004B1CE37100EB41035D89B3F90A30002B8D
:10128000F3DBA58010F081FF20600020EBE700BFBA
:101290007C1C002070B5044610F003000E4603D0FD
:1012A0004E211820FFF7BCFAFFF70CFE054624B1CB
:1012B000034831460460FFF705FE284670BD00BFB5
:1012C000281D00202DE9F14FDFF870B01E460746BB
:1012D0000D46DBF8003090469DF828A09DF82C9034
:1012E0001BB960211820FFF79BFA5246092140469E
:1012F00010F0AEFD4A4684B20921304610F0A8FD38
:1013000081B2DBF80000214410F0F6FE386018B915
:10131000286001B0BDE8F08F0444534641460922DD
:101320002C60386810F057FD4B460922314628687A
:1013300001B0BDE8F04F10F04EBD00BF281D0020E9
:1013400070B50E46044610F096FD0546304610F086
:1013500092FD044B2A1821461868BDE8704010F031
:10136000F0BE00BF281D0020024B186808B110F025
:10137000B7BE7047281D00201F2AF8B50446134643
:101380000ED89200033222F00303B3F5803F2DD232
:10139000184DACB1A00710D05F210920FFF740FA2B
:1013A000FF2B4FEA420204D9FF339A42A8BF1A46E4
:1013B000E8E77C2AB8BF7C22E4E729706C602B81C7
:1013C00022F0030228230127120403FB01F06B68BB
:1013D0000025120CEEB2B14200D8F8BD14B12618A7
:1013E0001F705E60104401352833F3E74FF0FF3083
:1013F000F3E700BF2C1D0020154A002170B553688B
:101400001578C8B2854203D8AB210920FFF708FA46
:101410001C461846013114F8286B0EB92346F0E734
:101420000021997001241289996103F126055C70ED
:101430009208D96103F11E04596824F8022FA542CD
:1014400043F8041F1144F8D100234361037070BDB9
:101450002C1D00200A4B1B89B3F5FF7F4FEA930038
:1014600006D25A089B1A9BB2984238BF184670475A
:10147000B3F5EE6F01D8FF22F4E740F27263F3E7B1
:101480002C1D00204B782DE9F04106460C4602F059
:10149000040702F0FB05E3B1A5BBFF23A3707B08A3
:1014A00004EB57073A7D032A02D1022D18BF0133FE
:1014B000E2180121117503F10C01002204EB8303F2
:1014C00024F811205B68A27030463360B280BDE81A
:1014D000F081002DE1D1012301F11E028D61204632
:1014E0004B7004F1260C1A4BCD611B8949689B088F
:1014F00022F8023F944540F8041F1944F8D1002314
:101500006361CAE7D1F8048014220021A018617039
:1015100015F0F3FA0E4B1B89B3F5FF7F0FD25A0873
:101520009B1A9BB208EB0301C4F804802384A160DA
:101530006284C4F80C80A3842161E284ADE7B3F532
:10154000EE6F4FF0FF02EBD940F27263EAE700BFA3
:101550002C1D00202DE9F84305460C46F7200521F7
:10156000914610F075FC061E21DB1DB906FB04F048
:10157000BDE8F88315F0030703D098211920FFF781
:101580004FF9DFF83080C8F81050A8F81460BBB2EB
:101590009C42EBD9B8F814504B46D8F810000522FD
:1015A000F72107FB0500013710F015FCEFE74FF0BE
:1015B000FF30DDE7401D002007B5CDE900230B46D5
:1015C00003490246081D10F03EFF03B05DF804FB1E
:1015D000581D002013B5064CCDE900230B460246EA
:1015E00004F1080104F10C0010F02DFF02B010BD51
:1015F000581D002008B54B1E032B03D92321902032
:10160000FFF70EF90028054A0CBF05230C2303EB56
:101610008103053323F00103137008BD681D00200A
:101620001F4B4FF0FF3000211A6801235360C2F8AE
:101630000803C2F80015C2F804351A4A126853604C
:10164000C2F80803C2F8001540F6FE71164A1748A2
:10165000C2F80815B0F90020002A0CDB510902F08D
:101660001F02934001F12002114941F82230BFF3DB
:101670004F8FBFF36F8FB0F90030002B09DB5A0991
:10168000012103F01F03994002F16003084A42F868
:101690002310054B40F6FE72C3F80825704700BFC3
:1016A0001829002014290020002008502C2900208F
:1016B00000E100E00A4606483D2302F8033BC36808
:1016C000C1F803300369536043699360704700BFFA
:1016D000701D0020024B5A8C02435A845B6A1847E3
:1016E000701D0020014B00215B6A1847701D00200F
:1016F00010B5154C0CF09EF80BF002FB208DFFF797
:10170000F1FF237E63B12246104904F1190052F81B
:101710000C3BE36063685360A368936013F0EDFBD8
:101720000B4B228D93E8030006F03CFD236B1888D9
:1017300006F0BEFCA36B94F8341094F8350098477B
:10174000002384F83C3010BD701D0020B516000049
:101750009C1D0020034B93F83C300BB1FFF7C8BF32
:10176000704700BF701D002070B5254C0646256BE4
:10177000636C95F89420236494F8483095F87510BC
:1017800003EB82002EB9FF2803D195F874308B4209
:1017900001D00BF0CBFE95F8943053B3E06C0CF015
:1017A0002BF994F82C30E16C003B206C18BF01231E
:1017B00084F87030D5E93C23C4E918230BF024FAEF
:1017C0005EB995F87530033B012B2B8F8CBF002041
:1017D0002820184480B20CF06FF9A88E0BF018FE88
:1017E00095F8741000200CF0C7F9022384F83C30FF
:1017F00070BD206C0CF000F90BF082FAE0E700BF3E
:10180000701D00200138C0B2032808B504D940F289
:101810009D410620FFF704F8014B185C08BD00BF8E
:10182000537D040008B5094B93F83C20022A04D0EC
:1018300040F24F212720FEF7F3FFDA7A42F001024F
:10184000DA72BDE80840FFF753BF00BF701D0020EB
:1018500003280B4B10B5044605D19A6FD278022AA3
:1018600001D1002010BDD86F10F084FB0028F9D101
:10187000032CF6D004F074FF80F00100C0B2F1E751
:10188000701D002038B52F4C054694F82C307BB1E4
:1018900001280DD1638C18070AD5A26F137803F0C5
:1018A0000303032B04D1D378022B01D1012038BDCF
:1018B0000129FBD8D4F88030284698470028F5D075
:1018C00094F834000028F1D194F82C301BB9012D84
:1018D00003D01846EBE7002DE9D194F8845025B1E8
:1018E00094F88500FFF7B4FF0546606C13F059FAD1
:1018F000D4F88830ABB9B4F88C30B3FA83F35B0911
:1019000094F82C10628C71B191070CD5A26F1378EA
:1019100003F00303032BC9D1D078023818BF01208C
:10192000C5E70123ECE7002AC0D1012814BF00233A
:1019300003F0010343EA050080F0010000F001001C
:10194000B5E700BF701D00202DE9F043334C85B092
:101950000746884694F83C30012BDEB204D040F2B2
:1019600004512720FEF75CFF256B02A8A16F10F041
:1019700092FD95F884309DF8089053B10021042021
:1019800085F88410FFF7A6FE94F82C300BB185F88B
:101990008660B9F1030F29D0BDF80C30002B18BFB9
:1019A000022695F8943085F88A60CBB194F82C30F3
:1019B000216B003B94F8486091F8750018BF012333
:1019C00084F87030D5E93C23C4E91823FFF71AFFE7
:1019D0000022034612490092022032460BF042F8E0
:1019E0006FB105B0BDE8F043FFF782BE95F88A30CD
:1019F0001BB9A16F0220FFF76DFE0326D1E7B8F1F6
:101A0000000FEED039463846FFF73CFF0028E8D1FA
:101A100005B0BDE8F043FFF7A7BE00BF701D002072
:101A2000C01D002010B5094CD4F8883023B940F20D
:101A3000F6412720FEF7F4FEB4F88C201846216CFE
:101A400003320FF045FC206410BD00BF701D002064
:101A50002DE9F341714C0023256B8DF8053095F885
:101A6000741058B995F8942094F8483003EB820329
:101A7000FF2B03D195F875308B4202D0FF200BF07D
:101A800055FD95F88A30032B00F2BB80DFE803F0A8
:101A9000023598AB94F88E306148ADF80630A5F861
:101AA000643004F033FE58B10121A36F85F885102E
:101AB000DB781B2B1DD105F110000BF083FD18E026
:101AC0000DF105020DF10601E06F10F0FBF9A067C2
:101AD00098B195F8CF3083B99DF805302BB90380C4
:101AE00001218370A06F13F04CF9A36FBDF806209D
:101AF0005A70012384F88F3001E04A4BA367A76F27
:101B000095F88B203B78D20003F0030603F0F30333
:101B100002F008023046134395F88C20920002F040
:101B2000040213433B70FFF793FE3B7823F010034E
:101B300043EA00133B70A06F90F8018013F035F971
:101B400095F89330071E18BF0127002B5CD0B8F121
:101B5000000F59D0E06C0BF04FFF94F82C30E16C83
:101B6000B3FA83F3A06F5B0984F87030D5E93A23A8
:101B7000C4E918233A460CF097F918B9A16FE06C44
:101B80000AF0D6FF304610F0B3FCE88E0BF040FCB4
:101B900095F87510012001250BF0EEFFA06F84F879
:101BA000935013F0FEF8A36F84F884001B7884F838
:101BB0003C5003F0030384F8853002B0BDE8F081A7
:101BC000B5F864300DF105020DF10601E06FADF8D6
:101BD000063010F077F9A06700288AD140F2F12191
:101BE0002720FEF71DFE0E4804F090FD10B940F2CC
:101BF000FB21F5E7A36FDB781B2B7FF47AAF012184
:101C000059E740F20931EBE7A06F0BF0F5FE0BF05E
:101C100077F83946A06F14F0D3FCB3E7701D0020AD
:101C2000E81D0020001E0020064B10B593F83C2054
:101C300002F0FF0422B91C7606F0ACFA204610BD73
:101C40000C24FBE7701D00200A4B0B4A70B50646BA
:101C50000D461A60FFF7E8FF18B1F4212720FEF7C0
:101C6000DFFD064C012104F1900013F08AF8666450
:101C7000E56470BDB800002008240000701D00203D
:101C8000024B012283F89420704700BF701D002092
:101C9000F0B585B09A4C02AE0A9F86E8030094F82E
:101CA0003C1001F0FF0511B90AB103B127B940F2A8
:101CB00083112720FEF7B4FD96E8030004F12C0CF5
:101CC00084F8945084F8345084F8955084F8355052
:101CD00084F8935084F88F50658425856262C4F837
:101CE0008030A7638CE80300256B0BF08DFC0BF0B4
:101CF00007F895F97C000BF0EDFCAE6A286A0BF052
:101D0000EFFC30460BF05CFE95F8A4000BF0F2FC03
:101D100094F82C60002E40F0A78013F0BDFD95F8DC
:101D20007420784B4FF47A7153F8223003F5FA732C
:101D3000B3FBF1F35433191830460BF067FD724BC7
:101D4000724E05F5847718680BF040FE6B69E36707
:101D5000AB69C4F8983005F1F8031868083353F8F4
:101D6000041C3246BB4203C21646F6D15968684A83
:101D7000D5F8080103C2226B92F88E3092F8746095
:101D8000A3F12601012903D992F88F10262976D1D3
:101D900094F82C30002B6FD192F80A12304610F0D4
:101DA00097FB064605F13C073146384613F07CF9AF
:101DB000314612F041FCB5F8483095F87510834271
:101DC00028BF0346384684F88E3013F01BF995F887
:101DD000751095F894700429B5F8506008BF032178
:101DE00012F02AFC0FB9043080B2864228BF0646A2
:101DF000F6B284F89C6005F033FB28B105F036FBA1
:101E0000B04238BF3046C6B294F82C7084F84860AF
:101E1000002F5AD195F893308BB1012395F87400B7
:101E200084F87030D5E93A23C4E91823FFF7EAFCB7
:101E3000FB2203463549042000970AF013FE0120D7
:101E4000FFF706FE002323606360A360B5F88830C7
:101E500063802B88238095F8A4302371AB6F0BB17E
:101E600001221A6005B0F0BD13F016FD95F875203B
:101E700000F17601012060E792F8A2128EE7213B83
:101E8000012B11D8242911D094F82C30CBB192F821
:101E90002E315A0713D413F001017FF47FAFC3F33F
:101EA00040035B00D9B279E724290AD194F82C3099
:101EB0003BB192F82E3192F86D201340E9E70421EE
:101EC0006CE7032E08BF04266CE795F8943093B1B5
:101ED000012395F8750084F87030D5E93C23C4E9F6
:101EE0001823FFF78FFC00220346084900920220C6
:101EF00032460AF0B7FD0120FFF736FCA2E700BF2B
:101F0000701D002094800400B8000020C01D002037
:101F1000D81D002008B5114B93F83C201AB9BDE834
:101F20000840FFF7E5BB93F82C2042B993F83C300A
:101F3000012B12D040F22D212720FEF771FC93F8DF
:101F40003C20022A02D040F23121F5E71B6BD3F886
:101F5000D801BDE808400BF083BD08BD701D00200E
:101F6000014B1876704700BF701D0020014B93F89D
:101F700093007047701D0020044B93F88F0018B930
:101F800093F82900C0F30010704700BF701D0020B7
:101F9000024B93F82900C0F3C0007047701D002069
:101FA000014B93F895007047701D00202DE9F04318
:101FB000314D85B004460F4602A8296C2E6B10F0F7
:101FC0006AFA14F00109BDF80C8004F0020428D06C
:101FD000002385F89D3094B1FFF724FD0DF1020236
:101FE00001A9D5F8980010F071F8019810F054F894
:101FF000012238604146D5F898000FF0FCFFB9F196
:10200000000F0BD0D6E93C32013342F10002C6E9A1
:102010003C3296F88C30013386F88C3005B0BDE840
:10202000F08395F89D30032B20D801A252F823F0BD
:10203000D71F0000412000005B2000005B20000053
:10204000002CEBD0FFF7EEFC00224146D5F89800BB
:1020500005B0BDE8F0430FF0CEBF002CDED0D5F8C0
:10206000980005B0BDE8F04310F02CB840F2A24152
:102070002720FEF7D5FB00BF701D00202DE9F04F93
:102080000023B74C87B080468A46276BCDE90233E0
:1020900094F83C30022B04D040F28B512720FEF7FD
:1020A000BFFB216C04A810F0F6F9BDF8146097F896
:1020B0009430B8F1000F00F059819DF810909DF810
:1020C00011B0002B3AD00AF029FEB8BB6EB197F8D8
:1020D0008C3003F001035B450BD1012384F83530CC
:1020E000FFF706FB07B0BDE8F08FA4F88C60002076
:1020F00006E0A4F88C603146D4F898000FF05BFF3E
:10210000238D9DF8122043F40073C4F888002385C2
:1021100097F88B3003F001039A4200F0C880256BDA
:1021200095F88A30002B3FD0022B13D102A9E06F23
:102130000FF0EAFE38B940F23B41AFE7A4F88C60FB
:10214000002ED4D0D7E7D5E93A32013342F100026C
:10215000C5E93A32002194F82C3085F88A103BB159
:1021600095F8863023B1102085F88610FFF7B2FA73
:1021700095F885309BB1002185F8851004F0D8FAD8
:10218000002110B940F2524188E70820FFF7A2FA77
:10219000D5E93A32013342F10002C5E93A3295F805
:1021A0008B30013385F88B30238D002543F4006399
:1021B000238597F88C3003F001035B4579D0002626
:1021C00048464FF0000910F093F997F89330B3B1F7
:1021D00094F82C3097F87400B3FA83F35B0984F811
:1021E0007030D7E93A23C4E91823FFF70BFB00222C
:1021F00003465C4900920420FB220AF033FCBAF14A
:10220000000F00F0DE800BF0EDFC002E40F0F180BE
:102210004FF00109238D5A0606D44020FFF762FAD9
:10222000238D43F04003238585B194F82C3043B1CE
:10223000B4F80720B4F805301343B7F888201343E7
:1022400004D0B4F809300133A4F80930B8F1000F14
:1022500000F0D480B4F805300133A4F80530002331
:1022600084F89530404805F011FF029830B10FF026
:1022700013FF216B0022027205F05AF8039B33B161
:10228000216B00221A720C22039805F01FF8B9F195
:10229000000F7FF425AF238D1B063FF523AF802071
:1022A000FFF720FA238D43F0800323851AE7454684
:1022B0007FE7B9F1020FD4F830B012D8B9F1000FAE
:1022C0001DD19BF88C3001338BF88C30002E3FF4FD
:1022D00076AFDBE93C32013342F10002CBE93C321C
:1022E0006DE7B9F1030FECD1238D0120216C43F48C
:1022F00080538BF884002385FFF7ECF9E1E7002E8B
:10230000DFD0238D9BF894B043F4805323850BF0EA
:102310008DF8042894F89C3007D1BBF1000F0CBF56
:102320001F221B22934228BF13469E420BD8D4F88B
:102330008830002B3FF443AF94F894306BB12020E9
:10234000FFF7D0F93BE794F83430012043F0100355
:1023500084F834300DF094FA31E7464630E700BF98
:10236000701D0020C01D00209C1D00200BB10AF034
:10237000E9FC94F89530013384F89530238D43F4CB
:102380008063238597F87530033B012B11D801201A
:102390000DF076FA0BF04AF8011FD1F1000949EB74
:1023A00001091B2E4FF0000698BF4FF0000935467B
:1023B0000BE705F055F881460028E8D106460546AA
:1023C00003E794F895100120FFF75CFA00287FF4EA
:1023D0001AAF1EB103A90120FFF7E8FD0020FFF7A7
:1023E00037FB002E3FF416AF03A90220FFF7DEFDF6
:1023F00010E703A90320FFF7D9FD09E7B4F8073078
:102400000133A4F807302DE7251800007D200000D7
:1024100049190000551700000D4B0321186830B50D
:102420000D4690F8A52090F84B400132B2FBF5F331
:1024300003EB4303D31ADAB244FA03F3DB0703D402
:10244000013911F0FF01F0D180F8A52030BD00BFA7
:10245000101E0020014B186810F0A4B8101E0020B8
:1024600008B504F09DFC014B187008BD5000002019
:10247000054B10B41C68827C836804F1420194F817
:10248000410010BC11F0EFBF101E00202DE9F041FB
:10249000054617461E460C4619B1AB6853BB0120D2
:1024A0001FE0DFF86080D8F8000000F15B0390F8CF
:1024B0005A2000F1780190F87E0011F0D4FFD8F88E
:1024C00004305A79D8F80030082A04D093F84E40E6
:1024D000A21A5442544193F85630012BDDD023B157
:1024E000002000F00100BDE8F0810028D5D1002CCB
:1024F000D3D1F5E7002FD2D1002EF1D02846FFF737
:10250000B7FFEEE7101E0020024B18686C3001F098
:1025100035BF00BF101E002038B50F4CFFF7F4FF89
:10252000656801F0E5FE63682860186820B940F22C
:10253000EC413220FEF774F910F065F910B940F261
:10254000EE41F6E70BF058FA00200BF0B5FA63689D
:1025500004221A7138BD00BF101E002038B5194D75
:1025600004466B681B79022B04D940F6F90132202E
:10257000FEF756F92B68027C83F8A4201A44C16840
:10258000996692F8242183F820214268C3F88820B4
:10259000037A022B0ED00BF037F80BF0D3FA0AF0C7
:1025A000C5F909480BF012FA08480BF009FA084877
:1025B0000BF096F8637C23B12B685B6E0BB10122A4
:1025C0001A6038BD101E0020C4000020555555006B
:1025D000D6BE898E38B505460C4603F001FF42078A
:1025E00004D4A37803F0E003402B30D003F0F8FECE
:1025F000830704D4A37803F0E003202B27D02378AB
:1026000003F03F03242B22D80AF016FF94F9003080
:10261000A278002B637802F01F02B4BF4FF49671CA
:102620001E2143EA02234B431A1AB2F5877F0ED3C9
:1026300098420CD8074B294618682388A0F8213106
:10264000A37880F82331BDE8384010F0D6BB0020D5
:1026500038BD00BF101E002008B5074B93F90020BD
:102660007F2A04D140F292313220FEF7D9F802706D
:102670007F221A7008BD00BF5000002010B50478FA
:102680008EB004F00F0404A9224610F0FBF8FFF707
:10269000E7FE042C33D11B4C059A2368107893F87D
:1026A000781088422BD1507893F87910884226D13F
:1026B000907893F87A10884221D1D07893F87B10E3
:1026C00088421CD1107993F87C10884217D1517937
:1026D00093F87D20914212D19DF8212093F87E300D
:1026E0009A420CD10DF10F00FFF7B6FF9DF90F30A4
:1026F00004A90093237B227A606810F096F80320E7
:102700000EB010BD101E00202DE9F04387B0194C0B
:1027100006460F460DF11700FFF79EFF65682B79FF
:10272000032B20D02B79062B14BF4FF001094FF05B
:102730000309236803F142080AF078FE9DF9173077
:102740003A46CDF80C9031460293237ACDE9000346
:102750004346284601F092FE40B1606807B0BDE8EC
:10276000F04301F027BE4FF00009E2E707B0BDE8F3
:10277000F08300BF101E00202DE9F043304D87B0DC
:1027800004460F466E68B3798BB3D5F8008098F88D
:10279000953033B90378002B14BF0223012388F846
:1027A00095303379062BDAB225D0072A0CBF4FF0CB
:1027B00002094FF001090DF11700FFF74DFF0AF074
:1027C00035FE9DF91730CDF80C903A46029321461C
:1027D0002B7ACDE9000308F14203304601F04EFEAA
:1027E00028B16378DB0609D4686801F0E3FD0020B6
:1027F00007B0BDE8F0834FF00309DCE7A1690220D0
:10280000FFF7E8FEB8B100222B6883F896206269D2
:102810006AB15178C1F3031183F897101178527897
:1028200002F00F0241EA0222A3F89820E0E7FF221B
:1028300083F89720DCE7686801F0ECFDD7E700BF7C
:10284000101E002010B504468AB0FFF709FE237859
:1028500003F00F03072B02D001200AB010BD694618
:10286000204610F0A2F8684610F047F99DF80030B5
:10287000002BF1D19DF80130DB07EDD50C4C01990F
:1028800022689DF8110002F1780392F87E2011F081
:10289000EAFD0028E0D020680121A03011F070FC92
:1028A000FF216846FFF768FF0130C0B2D5E700BFDF
:1028B000101E00200D4A536810B51979022904D85A
:1028C00041F2A6413220FDF7ABFF1979082902D960
:1028D00041F2A741F6E71B79126903F18043926840
:1028E000033BBDE8104052F823301847101E00206B
:1028F00010B5054C637A2BB10BF024F90AF016F8E9
:102900000023637210BD00BF101E002010B5054CDF
:1029100023792BB10BF016F90AF008F80023237184
:1029200010BD00BF6825002010B5094CFFF7E0FF7F
:10293000012263681A7100232268A2F8213182F80B
:102940002331FFF7E1FD2068BDE8104010F022BC04
:10295000101E002008B5044B586801F05BFDBDE86F
:1029600008400FF027BE00BF101E0020062938B512
:102970001D469DF8104019D908291BD802B18CB109
:1029800043689BB912B94378DB0615D40B4B5B68DF
:1029900018680FF059FF00B134B92DB904F038F8B8
:1029A00000F00104204638BD0120F9E79DF81440ED
:1029B0002C43F7E70024F5E70124F3E7101E00207D
:1029C00038B50D1E04460CBF05200320104404F04A
:1029D0008FF8094B587270B15DB9033C012C8CBF64
:1029E0005024552409F076FF2046BDE838400BF00E
:1029F0009DB84024F6E738BD101E0020F8B53D4CC8
:102A0000FFF782FD656801F073FC63682860186851
:102A100020B940F249413220FDF702FF0FF0F3FEEA
:102A2000054610B940F24B41F5E7236893F8A6300C
:102A30006BB123681A6D93F8A710C3F8102193F8AF
:102A400054200A4383F85420002283F8A6202068EB
:102A500090F8A430034493F82471636880F82071DF
:102A60001A7952B11B79012B07D0002110F0C5F95A
:102A700018B9BDE8F840FFF757BF23681E4A93F81E
:102A8000A530D05C0AF036FE236893F8A4201344E6
:102A900093F82461022E2BD004D8012E05D040F2E9
:102AA000F971B8E7F31E012BF9D801F01BFC314690
:102AB0000AF03CFD28460AF09FFF314601200AF04B
:102AC00043FE7B1E2A46384659425941FFF778FF9C
:102AD000626808210023517121722168D38013722A
:102AE000E37281F89530A372237303231371F8BD49
:102AF0000D20DCE7101E0020577D040010B50A4CA5
:102B00000521206810F079F918B9BDE81040FFF7E9
:102B10000BBF2368012093F820110BF02DF8636898
:102B20000B221A7110BD00BF101E0020124A10B5F2
:102B3000536800B931B9184601F06CFCBDE810408B
:102B4000FFF7F2BE1979082904D841F27641322004
:102B5000FDF766FE19790C2902D941F27741F6E7B3
:102B60001B79126903F180435268093BBDE81040AC
:102B700052F82330184700BF101E0020054B1A687A
:102B800092F85420920703D05B68186801F0DABB12
:102B900058697047101E002070B5304D06466B68AE
:102BA0001A79032A0BD01A79042A08D0FFF7E6FF16
:102BB000044640B941F2AE313220FDF731FE1868CB
:102BC0000FF021FEF4E72B6893F8543013B941F26B
:102BD000B431F1E776B112F09FF830B16B681A7931
:102BE000022A0ED841F23431E6E7204612F0AFF85F
:102BF0000028F3D16B681A79022A17D841F2943170
:102C0000DAE71A79082A02D941F23531D4E71B797B
:102C100020462A6903F180431269033B52F82330AE
:102C200098470C2812D941F2C731C5E71A79082A0A
:102C300002D941F29531BFE71B792A6903F180433C
:102C40005269033B52F823309847EAE72B69DB6867
:102C5000BDE8704053F82030184700BF101E002018
:102C600038B5FFF78BFF044620B940F213513220EC
:102C7000FDF7D6FD0B4DFF202B6893F820110AF0CD
:102C800055FC20460AF0B8FE2B6893F82031033B30
:102C9000012B94BF282000200AF00EFF6B6807224A
:102CA0001A7138BD101E002010B5074C606801F085
:102CB00081FBFFF7D5FB20680021A03011F060FAFE
:102CC000BDE81040FFF730BE101E002007292DE997
:102CD000F043064687B00F4690464568634C23D1C3
:102CE0001DBB002A49D1D4E9001091F8543013F0EB
:102CF000030218BF012213F00403827103D033785A
:102D00005A1E53425341C37191F894304BB123681A
:102D1000D3F89000503012F0ABFD10B96368012277
:102D20001A7207B0BDE8F0833DB32946707C0FF0FE
:102D3000EEFB072F814661D1637A63B158B1B8F1D8
:102D4000000F52D0656811F0C3FB636868715B794E
:102D500023720123A37263685879082855D17168DA
:102D6000707C12F07BFD6268054671680532707CEC
:102D700003F054FE6368002859D0236893F8540088
:102D800010F003000AD093F84C30394601953046D4
:102D90006268927900924246FFF7E8FD6268236814
:102DA000907193F8540010F0040009D093F84D305E
:102DB000394601953046D27900924246FFF7D6FD5A
:102DC0002B4B65681B68E8711BB14146304698473C
:102DD000287272686AB3717C236883F87E10116868
:102DE00099679288A3F87C2023E0236893F8201148
:102DF0000129A7D1284603F04DFE6072637A002BAB
:102E0000A9D0B9F1000FA6D09CE704AA0DF10F01DB
:102E100003F028FE20B940F6A6313220FDF700FD70
:102E200004A99DF80F0012F019FD0546A5E7D8800A
:102E300018726268137AB3B9D388003B18BF0123B4
:102E4000B06800283FF46DAF072F7FF46AAF517967
:102E500008293FF466AF002B3FF463AF03F038FE60
:102E60000123E3725DE70123EAE700BF101E0020A3
:102E7000C00000202DE9F84FDFF8C0A091460446BD
:102E80008846DAF800201F468168807C0FF03FFBFF
:102E900092F848609AF80930054686F00106002B42
:102EA0003AD092F854305B071DD592F84D30D3B12B
:102EB00092F84EB0BBF1080F23D0584603F08CFDBA
:102EC0003043C6B245B39AF80B303BB311F00AFB5E
:102ED000002304468AF80B3089F8004088F8005037
:102EE0003E70BDE8F88F636823B1DAF8043093F8D8
:102EF00005B0DFE7DAF8043018680FF0A5FC002809
:102F0000F3D1CDB19AF80A1031B9A06803F0C2FD2F
:102F100004468AF8090038B90024DDE7A16858465C
:102F200003F090FE0446D7E711F0D2FA0828F3D058
:102F3000DAF804305871CFE72C46CDE7101E002098
:102F40002DE9F043874D87B004462E6896F8573038
:102F5000002B47D06F68BB7923B9FA7912B93A7A56
:102F6000002A3FD094F80080B8F1010F72D0B8F178
:102F7000020F00F0D380B8F1000F33D196F854203F
:102F800091072FD00BB93B7A63B3637813F0100F1E
:102F9000C3F300170CBF012208229A4322D100225A
:102FA000A3688DF814208DF81520002B47D00DF163
:102FB000160305AA0DF115012046FFF75BFF2B68EC
:102FC00093F841609DF8143083B92046FFF750FA1A
:102FD00070B92B6893F85530023B012B02D89DF84D
:102FE000153083BB032007B0BDE8F08346F002062E
:102FF0005FB30DF117004FF00008FFF72DFBD5E987
:10300000003903F142070AF011FA9DF917303246F0
:10301000CDF80C80214602932B7ACDE900033B4684
:10302000484601F02BFA0028DCD0A1690120FFF707
:10303000D1FA0028D6D02B6883F896803BE0FF2693
:103040008DF81630D4E7FE26D2E731462046FFF74A
:103050005BFBC7E796F820216378022A3DD103F095
:103060001903192BBED196F854305A0739D40DF1F3
:103070001700FFF7F1FAD5E9003703F142060AF02D
:10308000D5F90023FF22214603939DF917300293BF
:103090002B7ACDE900033346384601F0EFF90028DA
:1030A000A0D0A1690120FFF795FA00289AD02B68DB
:1030B000012283F896206269002A4ED05178C1F32C
:1030C000031183F897101178527802F00F0241EA49
:1030D0000222A3F89820022085E703F01803182B9A
:1030E000C0E7616800232046B1FA81F11A46490918
:1030F000FFF7CCF900283FF475AFA3692A689B78E5
:103100001F2B04D892F84930002BB0D16AE703F0A6
:10311000E003402BABD192F84A30F5E796F85430F3
:103120009B073FF45FAF637803F01803182B7FF41D
:1031300059AF0DF11700FFF78FFA0AF077F9002366
:10314000FF22214603939DF9173002932B7ACDE994
:10315000000306F14203384663E7FF2283F8972015
:10316000B9E700BF101E0020014B586801F052B9AA
:10317000101E00202DE9F04F044689B0062900F208
:10318000C580DFE811F06000E7000700C300C3005E
:10319000C30026006E4D0AF04DFB2F6897F854309F
:1031A000980714D06E68B3798BB10DF11F00FFF74B
:1031B00053FA9DF91F3002222146029330462B7AA2
:1031C0000193FF23009307F142030FF01EFB03203E
:1031D0001FE05F4D6E68B379002B00F097802F6879
:1031E00097F85420910717D50DF11F00FFF734FA17
:1031F0009DF91F3030460622029321462B7A019317
:10320000FF23009307F142030FF0FFFA0023092088
:103210002B7309B0BDE8F08FD30777D5570701D5D9
:103220000AF008FB0DF11F00FFF716FA9DF91F20A9
:103230002B6802922A7A42330192FF2200920622E0
:1032400021466868C1E7424D2B6893F85420560721
:1032500037D56968CA79002A33D0426893F85B0091
:103260001678864255D1567893F85C00864250D144
:10327000967893F85D0086424BD1D67893F85E003D
:10328000864246D1167993F85F00864241D1507943
:1032900093F8602090423CD1627C93F85A00101A57
:1032A0004242424193F8560001284ED0002A4CD1A8
:1032B00093F84E30082B02D04A799A4245D00AF052
:1032C000B9FA6E68B379002B3DD02F6897F8542077
:1032D000930720D50DF11F00FFF7BEF99DF91F30B0
:1032E00030460022029321462B7A0193FF2300935C
:1032F00007F142030FF089FA012309202B736B6851
:10330000DA79002A85D19B79002B82D10AF092FAD2
:103310005DE70022C6E7D60715D5500701D50AF0AC
:1033200089FA0DF11F00FFF797F99DF91F202B680F
:10333000214602922A7A42330192FF220092002211
:1033400068680FF062FA0320D9E70A20D7E700BFC8
:10335000101E0020644D81682A68807C0FF0D7F829
:1033600092F854306E68074692F84890590796F8DC
:1033700006A096F807B089F0010940F18E8092F816
:103380004D30002B00F0898092F84E60082E00F03E
:103390008680304603F020FB49EA00005FFA80F99E
:1033A000002F7ED03046A16803F04CFC06462B6807
:1033B00093F8542093F84180520749D5626893F8F6
:1033C0005B10107888426ED1507893F85C10884278
:1033D00069D1907893F85D10884264D1D07893F8E1
:1033E0005E1088425FD1107993F85F1088425AD1FD
:1033F000517993F86020914255D1627C93F85A102C
:10340000501A424242416968497908294DD093F8DF
:103410004E30591A4B424B41002E48D1B9F1000FA2
:1034200047D02046CDE90423FFF722F8DDE9042345
:10343000BBF1000F0AD0296891F8561001294ED02F
:1034400021B9002A4BD108B1002B4AD10AF0F2F978
:103450002B6893F854309B073FF4B9AE0AF0EAF9B1
:10346000BAF1000F3FF4B3AE2046FFF701F8D5F8EC
:10347000009000B9FEB10DF11F0048EA4608FFF7C1
:10348000EBF89DF91F3002932B7A01935FFA88F3D2
:103490000093012209F14203D2E6767976E700260D
:1034A00085E73E4683E70022ADE70023B4E701202D
:1034B000BEE73046BCE799F85530023B012B3FF69A
:1034C00086AE002F3FF483AE0DF11F00FFF7C4F866
:1034D0009DF91F3002932B7A0193FE23D8E7002831
:1034E000B4D00A2095E600BF101E002030B5054676
:1034F0008BB0FEF7B5FF2C7828466946294D04F0BD
:103500000F040FF052FA2B68072C16D193F82011F4
:1035100068460FF053FA002221466846FFF7D6FBB3
:103520002B6893F82031022B32D017D8012B1AD0F8
:1035300041F22F213220FDF773F993F8542012F055
:10354000060FE8D093F8A420134493F82421012A0D
:10355000E1D19621002013F027F8DCE7033B012B93
:10356000E6D8072C19E0062C02D00BD8022C0BD879
:1035700021466846FFF7FEFD0446FFF7B9F92046ED
:103580000BB030BD072C09D00AF054F90324F4E73E
:10359000072CFBD19DF80030012BF7D16846FFF7CF
:1035A000CFFCE9E7101E002038B5154D2C6894F8C3
:1035B0004830F3B16FF00043D4E920129A4208BFBB
:1035C000B1F1FF3F15D00BF055FFD4E92023904215
:1035D00099410ED32B6893F848305BB92D6803F0FE
:1035E0003BFA04460BF046FF064BE4FB0301C5E93A
:1035F000200138BD012003F0F1FA0028F9D0EDE7F1
:10360000101E002040420F0070B51E4D06462A686D
:1036100092F8233192F821015F2B4FEA531100F009
:103620003F0097BF184B00245B18DC780AF062F863
:103630002B6893F958000AF04DF8FEB12B6822462A
:10364000996E01200AF0E2F82B68214693F8963033
:10365000022B14BFFF20402009F068FFFFF78EFA0D
:103660002B68064693F8951019B902462046FFF7D5
:10367000A7F93046BDE870400AF0BEB92246AA213B
:10368000DFE700BF101E0020577D0400F7B52C4C6B
:103690000746226892F823315F2B4FEA531197BFF8
:1036A000284B00255B18DD78936E13B10120FFF7DE
:1036B000ABFF2368D3F888000AF0D2F9236893F8A7
:1036C0005420910703D593F89610022905D052078C
:1036D0000ED593F89620012A0AD1042D26D193F80D
:1036E0005930012B0CBF0321042100200AF044FAB9
:1036F000D4E9006318689A36D7B90FF0A5F8636863
:10370000074618680FF0A6F821680246304691F87F
:10371000963091F82011009139460FF0A2F92368F4
:1037200083F820510023A37203B0F0BD2946DCE7E3
:103730000FF09CF8014630460FF088F9EFE700BF24
:10374000101E0020577D040008B50120FFF79EFFE2
:10375000024B06225B681A7108BD00BF101E0020D4
:1037600008B50020FFF792FF024B05225B681A7133
:1037700008BD00BF101E002010B50446FEF7EEFE87
:10378000237A032B0AD1194B1B68986E20B140F69F
:103790003E113220FDF744F8FFF736FF237A012B64
:1037A00006D003D9023B012B12D910BDFEF734FE1F
:1037B0000E4C236893F9580009F08CFF236800220F
:1037C00083F89520FFF71AF9BDE81040FFF7ECBE2B
:1037D000064B1B6893F895301BB9BDE81040FFF706
:1037E000BFBFBDE81040FFF7AFBF00BF101E0020F5
:1037F00008B5044B586800F0DDFDFEF731FE0120EE
:1038000008BD00BF101E00202DE9F8436D4F0023B6
:10381000064689467869D7F80080037043700AF03D
:1038200007F9054630B90025032003F06FFD28464F
:10383000BDE8F8837C69032E237834D123F00F038D
:1038400043F0030323700C236370D8F87830786951
:10385000C0F80930B8F87C30A0F80D3098F87E1028
:1038600011F056F80021786912F0AAFE3B6893F82F
:10387000482003F1420993F84180002A7FD14C4649
:10388000236841467869C0F80330A388A0F8073060
:1038900011F031F84C4BD3F80C32002B00F084803F
:1038A00009F0C8FFBFE723F02F032222396843EA5B
:1038B0004913627043F0050323700B6D1B6AC4F853
:1038C0000F300A6D936A180AE3741B0C2075637538
:1038D00092F87E00138E00284BD04FF0640CB3FB9F
:1038E000FCF3A375D36A002846D06420B3FBF0F341
:1038F000E375C3F3072341F270702376D369A3F510
:103900007A7C844595BF4FF47A7040F2E240B3FB75
:10391000F0F3B3FBF0F398BF03F550639BB263760B
:103920001B0AA376938CE3761B0A2377D38C6377E9
:103930001B0AA377D2F89730C4F81F3092F89B3057
:1039400094F8242084F823300B6D22F01F0293F8A2
:10395000A23003F01F03134384F8243002F066FD05
:1039600094F8243003F01F0343EA401384F8243012
:103970006BE740F2E24CB2E740F2E240B6E793F880
:10398000542052070DD593F84D2052B193F84E00B4
:1039900003F092F9044600283FF471AF4FF001089C
:1039A0006EE77B685879F3E7052E7FF440AF3B68FC
:1039B00021681A6DC2F80A10A188D1811B6D83F8A5
:1039C000098034E7101E002000A0085010B5002127
:1039D0000320FFF719FF18B9BDE81040FEF7A4BF98
:1039E000074C032120680FF008FA0028F4D00121C9
:1039F00008460AF0C1F8636809221A7110BD00BFB9
:103A0000101E00202DE9F041044690B00D46FEF74F
:103A100027FD237803F00F03072B06D00124FFF7BF
:103A2000A3FB204610B0BDE8F0812046A44C06A9B7
:103A30000EF0BBFF206806A99A300FF030F823681B
:103A40009DF8181093F89620914248D1032D03D188
:103A500093F89720FF2A13D09DF8192012073ED51E
:103A60000B9993F897004A78B0EB121F37D1097879
:103A700002F00F02B3F8983041EA02229A422ED1A6
:103A80002A46072106A8FFF721F96368DA880AB9F0
:103A90001B7A23B30023089E8DF814308DF815305F
:103AA0008DF81630F6B10DF1160305AA0DF11501CA
:103AB00006A8FFF7DFF923689DF8146093F84150DA
:103AC00045EA4605EDB29DF818209DF81580012ABB
:103AD0009DF8163008D0022A7AD0002A4BD0FFF782
:103AE00043FB14E0FF25EEE79DF81900226800F083
:103AF000090792F89A10092F02D041B1070706D59D
:103B000092F85420500704D463689B799BB9012430
:103B100059E06268D279002AF6D0324606A8FEF74C
:103B2000B5FC0028F0D02068A03010F04BFB002836
:103B3000EAD00C2447E0236893F854309A07E6D083
:103B40009DF819309B0700F1C280FF2106A8FEF7FF
:103B5000DBFDDCE706A8FEF78BFC002840F0BA800E
:103B6000236893F85530023B012BD0D8B8F1000FF1
:103B7000CDD0FE21EAE7236893F854309F07C6D0E2
:103B80009DF81930980721D56EB906A8FEF770FC8C
:103B900048B9236893F85530023B012BB7D8B8F1E8
:103BA000000FB4D0FE2563681B7A33B1454B1B6808
:103BB0001BB10D9808B10F999847294606A8FEF742
:103BC000DBFD441CE4B2FEF793FE2AE7FF25EAE79B
:103BD000226892F85420910799D061688979002968
:103BE00095D09DF8197007F0090109298FD1920726
:103BF00007F0020768D5002F34D05EB30DF117002F
:103C0000FEF72AFD00210320FFF7FEFD0646D4E95A
:103C1000003803F1420709F009FC01232A4606A9EE
:103C200003939DF917300293237ACDE900033B46B5
:103C3000404600F023FC002E3FF469AF00283FF41B
:103C400066AF2068A03010F0BDFA00283FF45FAFE7
:103C50000B24B8E7002B83D006A8FEF709FC002848
:103C6000CCD17DE70DF11700FEF7F6FC39460320B5
:103C7000FFF7CAFD0646D4E9003803F1420709F010
:103C8000D5FB01232A4606A903939DF91730029319
:103C9000237ACDE900033B46404600F0EFFB002EBF
:103CA0003FF435AF00283FF432AF2068A03010F069
:103CB00089FA0028CCD1606800F07CFB27E700BFC0
:103CC000101E0020BC000020002F3FF43EAF002E4D
:103CD0003FF440AF294639E7F8B5184F0E460121A9
:103CE00078610020FDF740FA054620B940F68201D0
:103CF0003220FCF795FD4FF49472002112F0FDFE86
:103D000001210846FDF730FA044620B14FF49472C1
:103D1000002112F0F2FE3B6913B940F68C01E7E78F
:103D200030460EF085FC28460FF0D5F824B1204629
:103D3000BDE8F8400FF0CFB8F8BD00BF101E00205E
:103D4000014B024A1A617047101E002058010020E2
:103D5000036810B523B940F66D113220FCF760FD01
:103D6000044A13606C3353601369BDE810401B684C
:103D7000184700BF101E002008B5044B586800F01B
:103D800049FBBDE80840FEF7CFBD00BF101E002074
:103D900038B5044690F8400000F0FD0004F14201FF
:103DA000003818BF012084F8410002F001FD94F8AA
:103DB0004030023BDBB2012B94BF0123002384F887
:103DC000483015D802F048FE05460BF053FB094B6E
:103DD000E5FB030194F84830C4E9200143B1002019
:103DE00002F0FCFE20B940F615213220FCF718FD48
:103DF00038BD00BF40420F000149363011F077B89E
:103E00003325010010B5084C0222636820681A713E
:103E100000F0D2FC38B920680EF0BFFC2068BDE885
:103E200010400FF0B7B910BD101E0020013808B5C2
:103E3000C0B20A4B41B1032801D8185C08BD40F25A
:103E4000B9113320FCF7ECFC032802D8034418799D
:103E5000F4E74FF461710620F4E700BF5D7D0400D4
:103E600008B50EF002FA054AD2E84F3F0133DBB243
:103E7000C2E8413F0029F7D108BD00BF281E00203D
:103E8000024BA0F108015868FFF7EABF281E002086
:103E90002DE9F84F1E463C4B0D46934600211A78FB
:103EA00004689DF828709DF82C809DF930909DF84D
:103EB00034A0016032B9A4F108015868BDE8F84F98
:103EC000FFF7CEBF1A2204F1090012F016FE0123FB
:103ED000A372BBF1060F4FD8DFE80BF00433394E65
:103EE000434E3D00E37A23F0130343F01303E372E0
:103EF000012304F10E0241462846237547F6FF735D
:103F000084F81890E38204F10D030EF050FCE37A7C
:103F10005B0736D5BA1E04F11C03012A8BBFAA68C1
:103F200032681168E2618ABFE161B28892889A8042
:103F3000E7760023237215492046BDE8F84F10F0BC
:103F4000D6BFE37A23F0150343F01503CFE7E37AF6
:103F500043F01003CBE7E37A23F0120343F012039C
:103F6000C5E7E27A4AF01A0A22F01B020AF01B0A9D
:103F700042EA0A02E272BBE740F22B413320FCF72F
:103F80004FFCFF23E376D4E7281E0020913F00007A
:103F90002DE9F04F05468DB00C4600200121FDF7BC
:103FA0001FF9064620B940F2C7113320FCF738FC50
:103FB000A8300EF015FF18B196F85430042B2ED10E
:103FC00030460EF02FFB50BBB64C04F1080604F14E
:103FD0000C07AB6A93B92846FFF752FF4FF4007302
:103FE000ADF804309DF80430002063F307009DF81D
:103FF000053063F30F200DB0BDE8F08FA96A0B68A0
:10400000B142AB624FF000030B704B708B70CB7002
:10401000DFD0B942DDD06068FFF722FFD9E7AF6A91
:1040200037B3A14B9F4226D0043B9F4223D007F1D8
:104030003B0A4FF0000802F08FF98146B8F1000FFB
:1040400040F0008102A950460EF0AFFCB9F1000F1C
:1040500016D004F10D00EE7A16F0100613D09DF87C
:104060001860059932460DF033F94FF0010828E049
:1040700005F1330ADDE74FF001084FF0000ADAE7F7
:1040800004F11C00E7E7002FEFD09DF80830022B69
:10409000EBD0014695F83230E522504610F0C0FDD5
:1040A00095F8323006460344504685F8323010F019
:1040B000AFFD95F83280A8EB0000D0F1000848EB86
:1040C0000008B9F1000F00F0C180EB7AD90604D4E2
:1040D0005B216AE7C8460026F7E713F0040FAA7AC7
:1040E00095F80DE004F1060005F10E0C30D0E97EE4
:1040F000FE292DD11123E27084F805E0237013010D
:104100000233637001232371D5F80E30C4F80630F2
:10411000BCF8043083802173EB69C4F80D302B8C1C
:10412000A4F811302B7EE3745E4E06F1080A574561
:104130003BD12379022205F1280062F34613237153
:104140000EF051FB02272846FFF79AFE04263FE0B7
:1041500006F10A030321E27053432170023384F80D
:1041600005E06370D5F80E30C4F80630BCF80430B2
:104170008380267326442B7E7373EA7A12F008003C
:1041800002D004232371CFE702F00303032B01D1F4
:104190002071C9E7520701D50123F3E7022BF1D0C3
:1041A0000BB92171C0E7A221FFE606F10C094F45CA
:1041B00015D105F128000EF016FB6A7D6AB9237946
:1041C000042662F34613237102272846FFF758FEA0
:1041D0008DF804608DF8057004E70026F4E747B316
:1041E000B8F1000F20D005F1280840460EF0FBFA88
:1041F00039467068FFF734FEAB6A0022534585F8F4
:10420000322096D04B4505D12379404662F34613C0
:10421000237195E79DF80830022B05D1237923F00F
:1042200068030127237191E72379012262F3461382
:10423000F7E7EE7A16F01006CAD0237967F3461333
:1042400023717FE700287FF445AF0646042305F17C
:104250002301237006F11803AA7A5343E270221D4A
:104260000233637005F10B0353F8040B8B4242F8E1
:10427000040BF9D195F814A095F815B002F0AAF83E
:10428000C1F3402950464946FFF7D0FD6073BBF1AA
:10429000000F04D049465846FFF7C8FDA073E676E4
:1042A00042E700BF281E0020341E0020343270B5C3
:1042B000054692B20C461E460DF09FFF25B1034AFB
:1042C000556014745674147070BD00BF281E002011
:1042D00010B5034C60680DF0B2FF237C237010BD55
:1042E000281E0020014B587C704700BF281E00206C
:1042F00038B5134D68680DF0A8FF044620B940F2A8
:1043000047113320FCF78CFAD5E84F3F013BDBB275
:10431000C5E8413F0029F7D104F1080334221846CB
:1043200012F0EBFB47F6FF720121E462E283FF2209
:10433000627584F82320E27C61F34612E27438BD92
:10434000281E002038B5436A044693B90A4D6868B0
:104350000DF07BFF606220B94FF4B0713320FCF7A1
:104360005FFAD5E84F3F013BDBB2C5E8423F002A88
:10437000F7D1606A3B3038BD281E0020036810B5B5
:1043800004465BB1596A49B101F10802934204BF86
:1043900000230360064B5868FFF762FD216831B1C6
:1043A000034B08395868FFF75BFD0023236010BDFD
:1043B000281E002038B5046805469CB113492046E4
:1043C00010F09EFD124B00221A735A739A73DA731F
:1043D000EFF3108272B6A16A0C3399B9A362E3625B
:1043E00002B962B62C68616A49B101F108039C42C6
:1043F00003D0074B5868FFF733FD002363620023A7
:104400002B6038BDE16A0B60E9E700BF913F000017
:10441000281E002070B50668044656B3716A154D13
:1044200041B101F108039E4202D06868FFF718FD10
:104430000023736221684E7DB6B100232B726B722C
:10444000AB72EB72EFF3108272B6886A0A4B40B916
:104450008B62CB6202B962B62046BDE87040FFF7BE
:10446000A9BFC86A0360F4E708396868FFF7F8FC79
:10447000266070BD281E0020301E00202DE9F04768
:104480000468914606460D469A469DF820209DF800
:104490002C8024B94FF448713320FCF7C1F9664FE2
:1044A0003B78B3B9B8F1020F0DD009D9B8F1030FB9
:1044B0000CD03368002B00F08A8040F23D31EBE7EE
:1044C000FFF75CFFF5E7FFF775FFF2E7FFF7A2FFE5
:1044D000EFE7636A0BB94021DEE783F81180CB6810
:1044E0007BB1097C238E0B4440F272618B4207DD65
:1044F000FFF790FF3368002B69D040F25A31CBE7C9
:1045000023860123A3729DF928302376B8F1000F8A
:1045100060D122756B691BB15B78C3F30313A3757C
:10452000EB6913B15B88A4F819302A78511E4B420D
:104530004B41E17A63F30001C1F34003022A08BF53
:1045400043F0010363F34101C1F34003002A14BFA8
:10455000002303F0010363F3C301AB68E1721BB1F5
:10456000CBB243F00403E3722B6A13B193F900302A
:10457000E3756B6843B104F10D0304F10E029DF87D
:10458000241028460EF013F9AB688BB1A9F1020193
:1045900004F11C02012995BFDAF800301968E361C3
:1045A000E16194BFBAF804309B88938084F81B9033
:1045B000A969B8F1000F0FD179B38B784A7803F06D
:1045C0001F0352EA032228D13046FFF7D7FE00200E
:1045D000BDE8F08762759DE70022636A1A705A7021
:1045E0009A70DA70A26AEAB9A362E36289B14A7882
:1045F000897801F01F0152EA01220AD1A16A3A72B8
:104600007A72BA72FA720D4A79B9A2620023E26232
:1046100033600B49204610F073FC636A3BB940F2EB
:10462000971139E7E26A1360DFE71A60EEE70023CB
:1046300001206362CCE700BF281E0020301E00204E
:10464000913F000010B590F854308A1E012BD2B271
:1046500005D1022A2CD8184B33F8120010BD0329BB
:104660001DD002291FD14FF4E1700024124B03EB3F
:104670004403DB8803390344012903F196038CBF0B
:1046800000202820022A4FEA400094BF0B4940F640
:104690004802184498BF31F812201044DEE740F277
:1046A00064600124E2E740F2E6204FF4B073E1E7F2
:1046B00040F64800D2E700BF667D0400667D040036
:1046C000014610B504460E480AF0FCFE202884F886
:1046D000170111D021460A480AF0F4FE202884F878
:1046E0001E010BD194F817010AF0DCFE20B940F24C
:1046F0008F212120FCF794F8002010BD0120FCE759
:10470000032F0100014B1870704700BF51000020BB
:104710007FB590F8143103F0FF0223B140F2B721C6
:104720002120FCF77DF80C78039214F0010318BFE8
:104730008D68CDE9012218BF0195A60707D504AD04
:10474000CE6805EB83050133DBB245F80C6C6507D9
:104750002BD504AD0E6905EB83050133DBB245F8BB
:104760000C6C013B134D80F81D314B68C0F8C8300C
:10477000C0F8F83040F27123A0F8FC30002315F89F
:10478000011B0C420BD004A900EB820601EB820155
:10479000013251F80C1CD2B22B39C6F8CC100133BF
:1047A000DBB2032BEBD104B070BD002BD9D14FF499
:1047B0003471B5E7727D040090F823315F2B4FEA26
:1047C00053112DE9F04F044689B000F2A5808F4ABD
:1047D0000A4492F80F90B9F1040F04D100224FF06F
:1047E000030980F81F2194F9212103F01F0394F895
:1047F0002271002A47EA032794F82131B4BF4FF40D
:1048000096721E22DB0902FB07F70CBF4FF01E0B4E
:104810004FF4967B08F010FE3D1A08F04FFE94F816
:104820002131804605EB0B0A13F0400FB8440CBF52
:104830004FF4FA7632260FF0D4FC754B0644B5F5EA
:10484000977F0AFB06F606F5742606F23F26B6FBAE
:10485000F3F66AD394F8153103F0FF0A002B5ED10A
:10486000484609F011FB6B4B4FF47A7253F82970EC
:1048700007F52243B133B3FBF2F5E2355D4405EBB6
:1048800046050544484609F0FFFA0190484609F0FC
:1048900003FB494683462046FFF7D4FE00F18C0314
:1048A000019AA7EB0B072B448DF808A08DF811A0F7
:1048B0009B1A4FF47A72B7FBF2F7DF1BD4E92C3264
:1048C0000397BB3B42F1FF3213EB080342F10002B6
:1048D0009B1B62F10002CDE906324F4B1878FE288F
:1048E00003D094F854305A0701D40AF031FF8DF800
:1048F000100002A994F81701C4F8D870C4F8185130
:10490000DDE90623C4E92E230AF05AFE38B940F245
:1049100004712120FBF784FF4FF0000963E708F0E2
:10492000E5FF0AF0AAFD01205EE048464FF47A7ADE
:1049300009F0AAFA374B53F8295005F2E737B7FBCD
:10494000FAF720375F44474437440744484609F0A4
:104950009BFA0190484609F09FFA83464946204653
:10496000FFF770FEA5EB0B0500F18C03019AD4F85C
:10497000D8903B44B5FBFAF59B1A5D1BA94514D3AF
:1049800094F81C31A8F1100802A802948DF8183090
:104990000223A8EB060603978DF810300023059636
:1049A0008DF81930FFF7D4F9BDE71B4B93F800A041
:1049B000BAF1FE0F03D094F854305B0702D40AF02A
:1049C000C7FE824650460AF0CDFEA5EB09035146CC
:1049D000192B38BF1923834228BF034618461D46AA
:1049E0000AF055FE18B1002009B0BDE8F08FD4F8E8
:1049F000D8302B44A3F18200C4F8D830C4F8E000CA
:104A00000AF02AFF0028BBD1EDE700BF667D040055
:104A100040420F00808004005100002008B50B4B7D
:104A200030B101280DD040F665012120FBF7F8FEDA
:104A300018601A6841F669039A4206D940F66E0179
:104A4000F3E740F6C4121A60F3E708BD3C1E0020ED
:104A50002DE9F04F04468FB01E468B460392BDF8F9
:104A600060800AF007FD8146204604910EF0B2F8FE
:104A7000D4F8CCA00546002E00F02482002800F0D7
:104A8000428220460EF031FA039B80F00106F6B216
:104A9000002B00F0188119F5FA630593049B43F18C
:104AA0000003069303F06AFC03F022FC074604F1BE
:104AB000E8003946079003F0F3FBD4F8101111B168
:104AC00007980EF0E1F91FB1B7F92420A4F80C21E2
:104AD000B5B1D4F8F050B7B1B868059BD7E900215B
:104AE00000938018069B2A4641F10001019310F0C3
:104AF000E1FE854208D240F267312120FBF790FEAB
:104B0000D4F8C850E7E73846079003F03DFC059B12
:104B10000798D4F8C8C0C518069B43F10007B8F140
:104B2000000F00F0CB801FFA88F842F2107329467C
:104B30003A46E8FB03120CF2CF730344B3FBFCF3D9
:104B40000CFB03F3EB1A67F10000C4E93A300123D0
:104B5000C4E92A124FF0000804EB0802204606932D
:104B600092F824110DF0F9FF0590069BD4E92A2153
:104B7000521B61EB0701012A71F100004FF00000A8
:104B8000C0F290819245884100DB924604EB880890
:104B9000D8F8CC20524594BFC4F8DC20C4F8DCA07F
:104BA00026BB1BB35900B4F90C0189B210F0FBFA13
:104BB000B4F80C21D4F810314FEAE07C121A12B28A
:104BC000A4F80C2143B1A3F8EC21D3E97221121807
:104BD0004CEB0101C3E97221D4E93A322D184CEBB8
:104BE00007071B184CEB0202C4E93A32039B2BB1B6
:104BF000D4E93A23C4E92C57C4E93023059B4FF08C
:104C000000082A462046C4F8D8303B46C4E92E574F
:104C10008BF809800DF0F4FF059B8BF80800CBF8AA
:104C20000430002E00F04981012304998BF80030F4
:104C3000D4E92A32B3EB090362EB0102012B72F1D2
:104C40000001C0F23181B34F9F4278EB020200DBDA
:104C50001F46D4F81031D4F8C880002B40F02981C9
:104C600007262046A8FB06560DF0B4FF002800F0EA
:104C70001D81D4E92C32ED1846EB0206A945049BB0
:104C8000B3410FD2B5EB0905049B66EB03066FF049
:104C90000103AB424FF00003B34102D3AF4228BF40
:104CA0002F46B846CBF81080D4F8DC00059B98421C
:104CB00034BF002001200FB0BDE8F08F4FF0FF316E
:104CC0006FF0004237E7002E38D06FF00043D4E990
:104CD0002A129A4208BFB1F1FF3F2AD094F81C3142
:104CE0002046234493F824110DF037FF039B19F15C
:104CF000AB0205468DF82030049B099008A843F1CB
:104D00000003CDE90C230223ADF828300AF092FC11
:104D100010B94FF49661F0E6D4E92A320C995B1A87
:104D20000D9962EB01025B1B62F10003002BC0F2E4
:104D3000B2804D46049F012600230BE7D4E93A37A1
:104D4000D4F8C8500026A9EB03025919B2FBF5F2BA
:104D500005FB02F247F100075218A2EB090147F1E7
:104D60000007AA290DD8D4F8B810C91AB1FBF5F17B
:104D700005FB0133D31AB3FBF5F3AD1847F1000778
:104D8000E8E694F8241120460DF0E7FED4F8B820A8
:104D9000D4F8C850099020468DF820608DF829601D
:104DA000D4E93A13521AB2FBF5F26A43521843F1AE
:104DB0000003CDE90C230DF023FF29468DF82800D0
:104DC00008A80FF009FC0346DDE90C57C2E651F8CC
:104DD000042F013302F12B0CBC459FBF821A08F14E
:104DE0000108BF185FFA88F8DAB29645EFD804EBED
:104DF0000803204693F824110DF0AFFE384404EB6D
:104E00008803D3F8CC30834209D3A3EB070ABAF165
:104E1000000F24DA4FF48D616FE62F466AE094F8B4
:104E20001D11D4F8C820414511D908F10108954257
:104E30005FFA88F808D204EB8803D3F8CC3003F18A
:104E40002B029A461546E2E740F2424155E695426A
:104E5000F7D352009542F4D340F25F414DE6AD19CD
:104E6000059B20464FF0000643F10007D4E92C23B0
:104E70000DF04BFED4F8C8305843D4E93A321B1831
:104E8000204642F10002C4E93A323B462A460DF080
:104E90003CFE034660E6039B4D46049F01269A466E
:104EA000984659E6824671E64746D2E6D4E9303262
:104EB000E1E64FF0FF352E46E0E68BF80060CBE9E7
:104EC0000457F1E6039B002B7FF4E5ADD4F8C870DE
:104ED00009F1AB05D4E93A23A9EB0206B6FBF7F6D4
:104EE0007E43B618A5EB060543F10003AF420593D8
:104EF00093D8EF1B002394F81DE104F1C8016FF073
:104F00002A00984670E7039B002B3FF417AF2E460C
:104F1000C1E500BF0040420F0138C0B2032808B508
:104F200004D94FF461710620FBF77AFC014B185C41
:104F300008BD00BF827D04000138C0B2032808B557
:104F400004D94FF461710620FBF76AFC014B185C31
:104F500008BD00BF9F7D04000138C0B2032808B51A
:104F600004D94FF461710620FBF75AFC014B185C21
:104F700008BD00BF007E04000138C0B2032808B598
:104F800004D94FF461710620FBF74AFC014B185C11
:104F900008BD00BF0B7F0400014B1868704700BFBD
:104FA000141F002008B5034610465A1E032A10D8C5
:104FB0004A1E032A0DD8084A012951700CBF00214E
:104FC0000A211071937091721946FCF713FB0020AF
:104FD00008BD6FF01500FBE77C050020074B5A8ADF
:104FE00038B142F01002987A5A82DA8A9A83987716
:104FF000704722F0100298835A82F8E77C0500205F
:1050000010B4094C637A58B143F004030029637269
:1050100010460CBF00230723637110BCFFF7DEBFEF
:1050200003F0FB03F2E700BF7C050020024B987CF5
:10503000C0F30010704700BF7C05002040EA41002B
:10504000014BD870704700BF7C050020F8B50D46B5
:10505000074640F67A4CBDF81860A81FBDF81C1032
:1050600080B2604515D8941FA4B264458CBF00205F
:10507000012087B9194C247984B188B96FF450673D
:10508000EC19062C04D86FF450641419062C07D9B7
:10509000F8BD0020EDE797F87D40EDE70028F7D058
:1050A000954218D803FB0111B1F5FA7F13DCA6F184
:1050B0000A0340F676409BB283420CD810460EF0AD
:1050C000A9F842F2107341435E43B6EB410F8CBF27
:1050D00001200020DCE70020DAE700BF201F0020CD
:1050E000304BF0B5B0F868700C4611461A88B0F82D
:1050F000666085B097425D8828BF1746964228BFF4
:1051000016461B2E2ED0B5F5A47F2DD040F64803B1
:1051100001AA9D4228BF1D460EF0ACF8BDF80A302A
:10512000BB4228BF3B46E380BDF80C30AB4228BFF2
:105130002B462381BDF80630B34228BF3346638037
:10514000BDF80830AB4228BF2B46A380FF23237055
:10515000E3881B3B9BB2E02B08D940F2F561392074
:10516000FBF75EFB1B2FCED105B0F0BD63881B3B68
:105170009BB2E02B02D940F2F761F0E7238940F6B9
:105180004812A3F5A4739BB2934202D940F2F9618D
:10519000E5E7A388A3F5A4739BB29342E4D940F258
:1051A000FB61DCE7201F0020F7B5002304460E4614
:1051B0001746CDE900336846FCF74CF808B10020EB
:1051C00016E0009DA542F6D03046EB1C0EF01CF810
:1051D0003946AA780FF047F90028ECD005F10A0308
:1051E0006A7A04F10A01607A0FF03DF90028E2D0F2
:1051F00003B0F0BD054A134692F8202053F8211B56
:1052000011F8030BC0F380100FF02DB9A824002073
:1052100001281ED8022B0DD1A2F57A700F4B9842AF
:1052200019D8A1F57A70984215D88A428CBF1220FD
:10523000002070470A4882420DD8012B0CBF40F273
:10524000527340F6C3139A4205D9A1F6C410054B18
:10525000E9E7122070473020704700BFA7F97002BD
:105260008FFD7002CBF3700210B504460A480DF0B2
:1052700063FA0A492046FFF74BFA20460DF0F0F991
:1052800038B12046FEF784FD20460DF052FA00208A
:1052900010BD1220FCE700BF3C1F0020441F00206F
:1052A0002DE9FF4106788046012E40F09A80314674
:1052B0000020FBF795FF054620B940F633713920F1
:1052C000FBF7AEFAB8F80430002B40F082800DF006
:1052D000A9F900287FD195F81431002B7DD12846FB
:1052E000FFF7C2FF0446002879D1594F31463046B6
:1052F000FBF776FF97F83810064619B110B940F65B
:105300004F71DCE73A7F0023CDE9023312F001034D
:105310001CBFF86A0290520741BF04AA02EB830344
:105320007A6B43F8082C002945D096F81431002BED
:1053300041D0B8F80230002B3DD13B7F304600937E
:1053400002ABBA6AB97F0DF09EF9A0B330460DF0FA
:105350004DFD06F14003804605F14002683653F8E2
:10536000041BB34242F8041BF9D12846FFF77CFF27
:10537000024610B140F67671A1E7B8F10C0F07D1E3
:10538000014628460DF0F9FEF8B940F67A7196E725
:10539000B8F1000F02D040F67F7190E77B7F28467E
:1053A000296D43F0040385F854300DF0C2FE60B956
:1053B00040F6817183E7B8F804202846B8F8021057
:1053C0000DF0DBFE002808BF0724204604B0BDE82E
:1053D000F0811124F9E73A24F7E70C24F5E71224C9
:1053E000F3E701210020FBF7FBFE054610B940F66C
:1053F000947164E70DF089FC04460028E5D195F826
:10540000543095F8A62022B195F8A720134385F8CB
:10541000A600053B012BD8D82B6D13B940F6A4711B
:105420004DE701210846FBF7DBFE29464FF4947255
:1054300006460BF04DFF0423316D304686F854309C
:105440000DF077FE0028C0D140F6A97137E700BF04
:10545000201F002010B503210020FBF7C1FE0446E9
:1054600070B90321FBF780FE044620B940F2933166
:105470003920FBF7D5F9034B93F9641010F0E6FCE3
:10548000204610BD201F00202DE9F04F87B00746B1
:105490008846008804A90FF027F8064600287CD12A
:1054A000059D95F87531002B6DD0B8F1020918BF34
:1054B0004FF0010995F88F30232B95F8E13043EA3E
:1054C000D3030CBF89F0010A4FF0000AD90702D4B8
:1054D000BAF1000F63D0B8789DF8104008B900F019
:1054E0007FFF8DF80B00F87808B900F079FF2E4B9C
:1054F0008DF80C00D3F800B0BBF1000F0BD00AF010
:10550000010320460DF10B022946009303ABD84757
:10551000044600283AD19DF80B20B2B39DF80C3018
:105520009BB3164695F87D2032B1B20703F0020313
:1055300037D5B3B302231E46FF2285F82D21B9F1DA
:10554000000F28D195F82C2102F0FF041ABB85F832
:105550002C8103A985F82E61284685F82F31BB8858
:10556000A5F83031BA78ADF80E308DF80C20FA7805
:105570008DF80D200FF081F8002385F82D3120469D
:1055800007B0BDE8F08F814694E70924BAF1000F17
:10559000F5D00023C6E73A24EEE70446EFE71A24E5
:1055A000EDE70924EBE700BF9401002038B50EF0C9
:1055B00059FF002501F01CFA234C00F01FFF0FF0EB
:1055C00074FC02F0D1FD01F047FC01F011FC012058
:1055D00000F0BCFE1D4B1E4A29461D601D4BA4F861
:1055E00054501A601B22DD839A80F9221D8483F8AF
:1055F00022501D77184B22835868184A1B89226055
:105600001422E06104F124002384A576A580A57509
:1056100011F073FA012342F2107204F13A0084F897
:10562000575084F8243084F83930C4E90A2210F045
:1056300059FF04F1440010F07AFF0022002384F89F
:105640007050C4E91A2338BD201F002070010020CB
:1056500003021B00E42300209F7D04001B0048017F
:10566000064B41F64C521B215A611974C3E90222C0
:1056700041F288329A61FFF799BF00BFE42300200E
:1056800073B5344D0446AB68C363334B1B79003BA1
:1056900018BF012380F87D30304BC36110F0D2F980
:1056A000064600F097FE8306297C53BF1B236B88B8
:1056B000AA881A46A4F86630294BA4F868201B680B
:1056C00084F84410A4F846601BB194F97C1020883B
:1056D0009847244B1B6813B12349208898472349D6
:1056E00020460EF0CAFF01236386214B1B6813B1CD
:1056F0000021208898471F4B1B6813B10021208888
:1057000098471D4B1B680BB1208898471B4B1B68A3
:105710000BB120889847AB8804F114006A88697837
:105720000333033201919BB2297892B2009104F1C4
:105730001801FBF7C7FD636923B940F2CC6139203A
:10574000FBF76EF8A36913B940F2CD61F7E70020CB
:1057500002B070BDE4230020201F002000093D009E
:105760008401002078010020281F0020022400204E
:1057700098010020880100208C0100209001002069
:105780002DE9F34104460E4610F0A1FB002800F07D
:10579000B080204610F028FC30B1B6F80130013B53
:1057A0007F2B01D9122004E0204610F021FC18B90B
:1057B0000C2002B0BDE8F081204610F0D5F9002899
:1057C000F6D1204610F02CFB07460028F0D12046E9
:1057D00005F050F90028E5D042F21073B6F80180C8
:1057E000F178204603FB08F810F0E9FB042130783B
:1057F000FBF7F6FC054606213078FBF7F1FC2DB1EE
:1058000040B141F683413920FBF70AF808B3054659
:1058100090F8BD70384E3368DBB14035284610F043
:1058200033F8B0B1284610F023F890B93FB1334BAC
:1058300028461B68984760B141F69741E3E7304935
:105840003A46336828464969984710B141F69C4169
:10585000D9E7204610F0C0FB014640B94246204639
:1058600003F022FA002842D041F6A541CBE72046BA
:1058700010F0BAFB40B902210DF10600FBF73CFC29
:10588000054658B90D2094E7204610F0C0FB0028CB
:10589000F1D11C4B1B79002BEDD183E700210EF0D9
:1058A00039FEBDF80630204629462B8010F0CDFB8E
:1058B000204610F0ACFB88B9216A204610F0B1FBFD
:1058C00001462846FFF7DCFE42462946204603F003
:1058D000EBF9024620B141F6C84194E70121F0E717
:1058E000084B1B6E1BB105F59171284698470020A7
:1058F0005FE742205DE700BF740100207C010020CB
:10590000E4230020201F0020024B1B6803B118472E
:105910000C20704770010020014B93F96400704720
:10592000201F0020B0F9002011B292B2F8B502F5A4
:10593000A0639BB2B3F5206F37D8B0F902301DB227
:105940009BB203F5A06080B2B0F5206F2DD802F2B3
:10595000F64040F2BE5480B2A04228D803F2F6408E
:1059600080B2A04223D800294FF00A04C4BF0932F4
:1059700011B2002DC8BF093391FBF4F4C8BF1DB2AA
:1059800001F03EFA0A2367B2064695FBF3F138466A
:1059900049B201F027FA074B1B6813B1A01B40B2B4
:1059A00008B90020F8BD9847FBE73020FAE711203E
:1059B000F8E700BF80010020034B5A8802801B7863
:1059C00083700020704700BFE42300207FB58378F8
:1059D00006461A2B08D8042B04D9334A22FA03F3BB
:1059E000DB0705D412251AE0292B01D03B2BF9D176
:1059F0003088B0F5706FF5D269460EF075FD88B944
:105A0000019B93F8202102F0FF05C2B9B27883F818
:105A10002121FF2283F8202168460FF01FFA284633
:105A200004B070BD09213088FBF7DAFB044600287A
:105A300037D002A9B0F8AC010EF056FD08B10C2524
:105A4000EDE70821B4F8AE01FBF7CAFB20B940F638
:105A500035213920FAF7E4FE03781BB994F8C831F0
:105A6000032BECD1039B93F83621002AE7D194F85D
:105A7000F02102F0FF05002AE1D1B4F8B021A3F82B
:105A8000382194F8B82183F83A21027D83F83B212C
:105A9000B27883F83C2184F8F021FF2283F8362184
:105AA000BDE70225BBE700BF200038040188A1F153
:105AB0001B039BB2E02B0CD8428844F24810A2F59D
:105AC000A4739BB2834204D8034B002019805A80F0
:105AD00070471220704700BF201F0020034B1A8818
:105AE0005B88028043800020704700BF201F002099
:105AF00013B5008869460EF0F7FC18B10224204661
:105B000002B010BD68460DF09FFC0028F6D0019849
:105B100090F832310BB13A24F1E790F8DA3003F023
:105B2000FF04002BF7D190F8D1309B0706D1FF235B
:105B300080F8323168460FF091F9E0E70249D2303F
:105B40000FF0DBF9DBE700BFCD5701002DE9F84F7F
:105B500003780446032B03D912252846BDE8F88FA5
:105B60004378032BF8D8437E8578002B50D1012D44
:105B7000F2D100F035FC854340F09D8094F802900E
:105B800019F0010506D001232269A168E078FFF72A
:105B90003FFB054619F0020F07D002232269A168D6
:105BA000E078FFF735FB2843C5B219F0040F00F089
:105BB000868094F803B00423D4F808A022695846DC
:105BC0005146FFF725FB284310F0FF05C5D1B9F179
:105BD000050F0ED194F804900423E16862694846E9
:105BE000FFF716FB05460028B7D1CB4563D18A45A0
:105BF00061D1237E013B062BAED801210020FBF7AB
:105C0000EFFA054690B940F634613920FAF708FEFC
:105C1000072DA1D8A90706D5022D9DD1294B5B7967
:105C2000002BA6D198E7002D96D0A2E7A8300DF062
:105C3000D7F818B195F854309A073ED1657EE278CE
:105C4000003DA178A06818BF0125012AB4F800E042
:105C500014BFB2FA82F2022294F818C018BF520997
:105C6000CB071FD54B0726690BD56769F3199842F7
:105C700007D243089E4228BF1E46831B9F4228BF6F
:105C80001F46104B83F82150002519775A77A3F847
:105C90001EE083F820C083F82410C3E90A06C3E994
:105CA0000C875AE7022902D1D4F81080E9E74B07A4
:105CB00048BF2769E5E711254FE70C254DE7002D83
:105CC00097D04AE7201F00202DE9F041054688B013
:105CD000002000F03BFB2B78AC788DF804306B781B
:105CE00004F001068DF806408DF80530630748BFC3
:105CF000013600F075FB844349D10DF1060102AA7B
:105D000005F1030840F2712E10468C46E3B29E4224
:105D100019D8214B93F8200093F839308DF81C00E6
:105D2000A8788DF81D3030F0050332D110F0050F42
:105D30002FD01A4CD8B2864217D801A8FFF706FF19
:105D400008B0BDE8F08104EB8403013418F8037057
:105D50002B440CF8017F9F88DB880EFB07F70EFBB6
:105D600003F340F8047F8360D0E711F8010F0128A6
:105D70000FD8D068A0F6C410A04206D852F8040F7D
:105D80000133A0F6C410A042D4D93020D8E71120A6
:105D9000D6E71220D4E700BF201F0020CBF370020B
:105DA00000B589B0437940F271218DF804308379D0
:105DB0008DF8053001238DF8063003788DF8073013
:105DC000B0F801304B430393B0F803204A430D4928
:105DD00091F820100592A2F6C4128DF81C10002133
:105DE0008DF81D1008498A4209D8A3F6C4138B42C6
:105DF00005D801A8FFF7AAFE09B05DF804FB302022
:105E0000FAE700BF201F00203C369C00F7B506785B
:105E100004460F46EF2E03D91226304603B0F0BDDC
:105E200090F901204378002AF6DB82789207F3D1BB
:105E300013F0100048D19D0603F0030241D5002A5B
:105E4000EAD119074FD503F06702012AE4D1627A3B
:105E5000013A062AE0D8A27A032ADDD813F0040119
:105E600002D1023A012A03D8E27A012AD4D811B920
:105E7000A27C032AD0D8227D002847D0012ACBD18A
:105E8000237E012BC8D8002850D06378D90703D5CA
:105E900000F002FA002850D06378227D03F0180346
:105EA000082B5AD1022A48D103213046FBF798F932
:105EB0000546002857D00FF057FE00285FD00C266B
:105EC000ABE7032ABDD1A7E713F0600FA4D103F01D
:105ED0000702052A05D003F00F010D22CA40D207A0
:105EE0009AD51D07B3D42179E278E57942EA0122F7
:105EF000617942EA0142A17941EA0521257A41EA24
:105F000005418A4288D81F2AA1D885E7022A04D1F0
:105F100003F06F03092B7FF47FAFA37D013B022BBE
:105F20003FF67AAFE37D0F2BAAD975E700F058FA58
:105F3000820707D4237D022B01D111266DE7A37DB3
:105F4000022BFAD000F04CFA43079ED4237D032B9A
:105F5000F3D0A37D032B98D1EFE7022AA4D0237FAF
:105F6000002BA1D0E9E703213046FBF7FDF80546F9
:105F7000002843D0224B93F964100FF067FF0021F3
:105F8000304610F085FA28BB284610F022F821464A
:105F90003870E074284604F0C7FDE37E0646002B07
:105FA0003FF43BAF00287FF438AF0246E96C684607
:105FB000FBF768FA3246E86C01210CF092F9E96CC3
:105FC00068460422FBF75EFA32463146E86C0CF074
:105FD00088F922E740300FF057FC0028D4D06378CE
:105FE00013F0330F7FF418AFA67D2846296A10F00E
:105FF00018F8FEF7A1FF8642C6D060E707260CE737
:10600000201F002030B502798BB00346042A4FD8F8
:106010004088B0F5804F4BD8264900241144ADF894
:1060200000408DF808408A7C4D7B42F010028DF8CC
:10603000244042EA4502CD7D097F42EA850242EAD8
:10604000C102694602F01F028DF80020BDF8002051
:10605000ADF809201A888DF80E00000A8DF80B2083
:10606000120A8DF80D408DF80C208DF80F008DF878
:1060700010405A7BD3F807008DF811205A7905900B
:1060800002A88DF812209A798DF81320B3F80B200E
:106090009B7BADF818208DF81A307F238DF81B30CC
:1060A0004FF00113CDE90734FFF7B0FE0BB030BD60
:1060B0001220FBE79F7D04000278034672B142780C
:1060C00062B142881A2A09D982881A2A06D9006838
:1060D000034A106000209B8893807047122070470D
:1060E000E423002002680020014B9A60704700BF43
:1060F000E42300200378A3F10A02112A9BBF024A7D
:106100000020122013747047E42300200378FF2B33
:1061100015D14378FF2B12D18378FF2B0FD1C37891
:10612000FF2B0CD1037923F0E0021F2A07D11F2B8C
:1061300005D05B09034A002082F820307047122006
:10614000704700BF201F00200378012B9DBF03F084
:106150000103034A0020122098BF82F839307047AB
:10616000201F0020014B187600207047201F0020C0
:10617000014B587600207047201F0020024B1B68FF
:1061800003B11847112070479C01002008B5052075
:1061900000F0E8F806F0E8FA014B024A1A6608BD7A
:1061A000201F0020E150000008B504F049FB02F078
:1061B00079FE0248BDE8084004F02CBB941F002083
:1061C00008B502F033F806F01FFBFFF7A5FB014608
:1061D0000248BDE80840FDF77FBD00BF941F0020C6
:1061E00008B50EF03DF9074B184603F58471FBF72F
:1061F0002BFD02200BF0D1FF0020BDE808400BF082
:10620000CCBF00BF941F002008B50122064B83F8C5
:106210000A2204F01DFB05F02FFCFFF7E1FFBDE8AB
:10622000084001F039B800BF941F002010B50C20C1
:10623000084C00F097F8282000F094F804F503705B
:1062400005490DF043FF04F504700449BDE8104012
:106250000DF03CBF941F0020A0010020A8010020E9
:1062600010B5094C094904F503700DF02FFF04F532
:10627000047007490DF02AFF04F505700549BDE8D3
:1062800010400DF023BF00BF941F0020B00100207C
:10629000B8010020C0010020014B93F80A027047AA
:1062A000941F002010B50720084C00F05BF80C206C
:1062B00000F058F804F5037005490DF007FF04F5E8
:1062C00004700449BDE810400DF000BF941F002089
:1062D000C8010020D001002038B5094C0D4600F05F
:1062E000B7FFD4F80C02C4F804510DF0E7FEFFF735
:1062F000B7F901F0F1F8012384F8183238BD00BF76
:10630000941F0020014B93F818027047941F00203F
:1063100010B50D4CD4F810020DF0D0FED4F81402D4
:106320000DF0CCFEFFF742F9202000F02FF82F20CF
:1063300000F02CF8262000F029F8292000F026F89B
:10634000002384F8183210BD941F0020014B83F8FD
:1063500019027047941F0020014B93F819027047EF
:10636000941F0020C208074900F007000123834062
:10637000885C03438B5404490B78934238BF13461F
:106380000B70704758000020AE2100200F4B0121F8
:1063900010B503EBD002C40800F0070001FA00F0CA
:1063A000195D21EA0001195509490B78A34205D16D
:1063B000002012F8014914B100B10B7010BD002B80
:1063C000FAD0013B0120DBB2F3E700BF5800002008
:1063D000AE210020014BD3E9000170475800002096
:1063E000054B1868C0F3C022C0F30020400040EA0B
:1063F000820040F0010070475800002008B50AF004
:1064000019FA0023074A32F82310814205D302EB20
:1064100083029378044A137008BD01330C2BF2D128
:106420000023F7E7D07D0400AF210020024B18784D
:10643000072828BF07207047AF21002010B5446807
:10644000238884F88311A4F8843194F87400FEF74B
:1064500083FD84F8860194F87500FEF77DFD0549FB
:1064600084F8870104F5BD700EF047FD002384F821
:106470002C3110BDE7410100406807490388A0F8AE
:10648000763190F86C3080F8783190F86D3000F209
:106490006D1003730EF02BBDFD4101002DE9F0439B
:1064A00089460979456885B099F8058001F00701AA
:1064B000044695F88E7008F007084B1E08F1FF326D
:1064C0000B4002EA0802134395F88F20242A3DD19D
:1064D00005F18F060BBB40460DF0D1FE002840D0E1
:1064E00095F8743098423CD095F82E2118EA020FA6
:1064F00013D0222F35D095F86D2018EA020F30D135
:106500000138013B574AC0B2DBB21044032B00797B
:1065100022D81A441379834223D995F82C31012BC0
:1065200060D11E212046FFF789FF222F5ED16368CC
:10653000182283F811210A2283F88E2093F8CA309A
:10654000002B4BD14FF43171AE2008E0222F40F0E8
:10655000868005F18E06BDE74FF40F710620FAF72D
:106560005FF908460DF08BFE38B195F8753083421F
:1065700003D095F82F311942CFD0B9F8067003AB8C
:106580002846424600933B460DF086FE656800288B
:106590003FD195F82C31012B38D1B5F8883005F56D
:1065A000287295F87410B5F830010DF0D4FE074646
:1065B00040BB01462046FFF741FF3770636803F197
:1065C0008F02964202D1002283F88F20636803F184
:1065D0008F0296423FD120460EF01AFE002005B0F1
:1065E000BDE8F083002385F82C319EE70023204688
:1065F00033700EF00DFE1821204605B0BDE8F043C3
:106600000EF032BE282385F88E30D7E785F82C01AE
:10661000D4E7B5F88830A5F8A072013FFF1A47F615
:10662000FD73BFB29F4206D92823204685F8B130BA
:1066300001F0C8FACAE795F88F300E2B02D00B3B59
:10664000012B01D82A23F0E7BDF80C30A5F8A232BF
:1066500026233370BAE7002283F8CA20BEE702205F
:10666000BDE700BF007E0400064B002283F85020E7
:106670004FF6FF72A3F85220A3F85420A3F8562037
:10668000704700BFB2210020064BB3F8522082426F
:1066900001BF002283F850204FF6FF72A3F852206A
:1066A000704700BFB2210020014BA3F8540070478F
:1066B000B2210020084B4FF6FF72B3F852109142FE
:1066C00006D193F85020012A04D0036001207047BE
:1066D0000023036000207047B2210020074B93F88D
:1066E0005020012A1BBF0120B3F85420002083F85A
:1066F000500018BFA3F85220704700BFB2210020FD
:10670000014BA3F856007047B2210020074B024608
:10671000B3F85610B3F85200884205D193F85000F0
:1067200018B101201360704700207047B22100208B
:106730000A4BB3F85210B3F85620914201D0002012
:1067400070474FF6FF72A3F8522093F85020002AAA
:10675000F5D00022012083F850207047B22100209C
:10676000064BB3F85210B3F85620914203BF93F88A
:106770005000B0FA80F0400901207047B22100209B
:1067800050B90A4A0120134603F8010B0868C2F801
:1067900001008A889A807047012805D1034B0A6856
:1067A000D8719A608A889A81704700BF0A220020B7
:1067B00050B90B4B187888B1D3F80120B3F80530E5
:1067C0000A6001208B807047012806D1044BD879DC
:1067D00020B19A689B890A60F3E70020704700BFE8
:1067E0000A22002010B9044B18787047012806BF10
:1067F000014BD879002070470A220020F7B58A881B
:1068000000238DF80600ADF8042008680B4A8DF8C7
:1068100007300146147802F5A872019DD8B284426F
:1068200001D8082007E052F8087F01335668AE42CD
:1068300008BF8F42F2D103B0F0BD00BF1822002084
:10684000084B0146002230B55C7803F20113D0B248
:10685000844201D8082004E013F8015F01328D4220
:10686000F5D130BD18220020F0B5254D89B095F83E
:10687000984105F29911684622460AF029FD214601
:1068800068460DF00EFE0446B8B300EB400102A8C6
:10689000C9B2FAF713FA631E95F8A1610124DBB2BD
:1068A00095F8981105E0721CB2FBF1F001FB102283
:1068B000D6B206F120020DEB020010F8202C002ABF
:1068C000F1D103EB430100F8204C06EB46022031E6
:1068D0002A44694411F8187C82F8A27111F8177CD7
:1068E00011F8161C82F8A37182F8A411013BAA19B1
:1068F000DBB282F89941FF2BD2D109B0F0BD00BFC5
:106900001822002070B5064688B00C46002A4ED0EA
:10691000294A92F8A131D01890F8991119B9FF219C
:106920002820F9F77DFF03EB43010133114491F86F
:10693000A251E57091F8A35191F8A41125716171EC
:10694000002180F8991192F89811B3FBF1F001FB46
:10695000103382F8A13192F8C23123B9174902F5F8
:10696000DD700EF0C7FA65790D220021684605F04A
:106970003F0545F04005657110F0BFF8E37804AAC3
:1069800069468DF80F30304623798DF80D508DF81B
:106990000E30042310F00FF89DF81F3023709DF87F
:1069A0001E3063709DF81D30A37008B070BD0321C8
:1069B0006018FAF783F9D6E718220020696800000A
:1069C000044B5A78824286BF1B1893F84A01002074
:1069D000704700BF18220020044B5A78824286BFBD
:1069E0001B1893F842010020704700BF18220020B6
:1069F000064B00224FF461711A8083F8C32183F89B
:106A0000C421A3F8C61183F8C221704718220020C0
:106A1000014B93F8C40170471822002010B51446AA
:106A2000FFF7ECFE082813D0FFF70AFF094B5A784E
:106A300082420DD904B12070184490F83A3190F890
:106A40004A01012B08BF40F0010000F0010010BD19
:106A50000120FAE718220020014BB3F8C601704765
:106A6000182200200A4B30B55C7884420ED91844B5
:106A700090F802012B3003EBC004A5790D7053F898
:106A8000300010600120A388938030BD0020FCE717
:106A90001822002070B506460D4607F053F805F0A1
:106AA00045FF0A4890F8C34164B1417861B100F1F3
:106AB000820302303246002D08BF184605F0D8FE8A
:106AC00005F06AFF204670BD0C46FBE71822002047
:106AD00008B5064B024603EB0113012103F18200C6
:106AE00005F0C6FEBDE8084005F056BF182200209C
:106AF0000246074810B590F8C34124B1417821B14E
:106B0000023005F0B5FE204610BD0C46FBE700BF85
:106B1000182200202DE9F74F2F4C9A4680468946CF
:106B20006378834256D9231893F8425185F00105C2
:106B3000F9B193F84A31E3B945F002070135BAF1EA
:106B4000000F18D1FA070AD5062104EB08105246A7
:106B500001FB0841823001F58571FFF7D3FEBB07C9
:106B600034D504EB0810524649460230FFF7CAFEFE
:106B70002CE02F46E3E794F8A1614FF0010B002DC4
:106B8000E0D0A31993F89911019399B90092DAB161
:106B900000F072FC019B06EB4601009A4FEA102CB4
:106BA00083F899B1214481F8A201000C81F8A3C1B6
:106BB00081F8A401013694F89831013DB6FBF3F158
:106BC00003FB1166F6B2DAE747F00407384603B074
:106BD000BDE8F08F0027F9E718220020F8B5064637
:106BE000174C48B3617804F5A1700DF05AFC94F885
:106BF0009851074604F2991029460DF052FC2D1ABF
:106C0000EDB2AF421AD800256278EBB29A4201D8B1
:106C10000120F8BDE21892F842215AB90621324605
:106C200001FB034104EB031301F5857103F18200BD
:106C3000FFF768FE0135E7E70546E5E70020E8E7EE
:106C400018220020F0B51B4E89B007460D46737818
:106C500083422CD9331893F8424144BB0D2221467C
:106C600068460FF04AFFEB7806EB071004AA8DF890
:106C70000F3069462B7982308DF80E306B798DF8A4
:106C80000D3004230FF097FE2A789DF81F309A42AA
:106C90000AD16A789DF81E309A4205D1AC789DF8E9
:106CA0001D30E31A5C425C41204609B0F0BD002073
:106CB000FBE700BF18220020074B5A78824209D90F
:106CC0001A1892F842212AB9062202FB003000F578
:106CD000857070470020704718220020064B5A78B4
:106CE000824281BF1B1893F83A01B0FA80F0400944
:106CF00098BF0020704700BF1822002030B5002444
:106D000042F21075A0F84040B0F844404C43B4FB48
:106D1000F2F4A0F84440541E05FB0343B3FBF2F326
:106D2000A0F84230084BB3FBF2F30133A0F848302F
:106D3000838F05FB0344436B5943B4FBF2F4B1FB6F
:106D4000F2F18463416330BD005A6202034B80F864
:106D50007C101B680BB1008818477047D8010020D1
:106D60000B2808B504D940F2C7112920F9F758FDBE
:106D7000014B33F8100008BD087E0400074B93F95F
:106D800000301844142804DC10F17F0F03DB40B2FC
:106D90007047142070476FF07E007047E02300209A
:106DA0007F2307B50DF107008DF8073006F0D8FEF8
:106DB00003469DF9070053B1094B5B785B425BB218
:106DC0001844142806DC10F17F0F05DB40B203B035
:106DD0005DF804FB1420FAE76FF07E00F7E700BFD0
:106DE000E0230020014B187059707047E023002009
:106DF000024B00221A705A70704700BFE023002037
:106E0000014B93F900007047E0230020014B93F9F8
:106E100001007047E0230020054B1B7833B9054B78
:106E20001A681B79026003710120704700207047C7
:106E3000E223002068000020054BFF221A70054A5B
:106E4000016811600179117100221A70704700BF4A
:106E5000E22300206800002007B5064A1068127976
:106E6000009068468DF80420FFF7E6FF03B05DF858
:106E700004FB00BFE5FD04000346407898B1DB78D1
:106E80003F2B05D8084AD35C1B1A5842584170471B
:106E900003F10C02D2B2042A04D8034A134413F8B3
:106EA000B43CF1E701207047207E04003F2908B57B
:106EB000C17003D80B4B5B5C437008BD01F10C0340
:106EC000DBB2042B04D8074B0B4413F8B43CF3E7B4
:106ED000FF2904D040F23A412A20F9F7A1FC01230E
:106EE000EAE700BF207E04002DE9F34789466946A2
:106EF000154698460DF0F8FA044620B9019E35B9BA
:106F0000012386F89530012002B0BDE8F08777694B
:106F1000294638460AF080FF01460028F4D0174B76
:106F20005B88AB4227D338460BF0B2F896F8953021
:106F300082460480002B84700CBF494602210DF06C
:106F400020FF41462A460AF103000AF0C1F929460A
:106F500038460AF09CFF18B97E212B20F9F760FC17
:106F60009DF800302BB168460DF078FF019BA3F827
:106F7000CA410023C5E72046C6E700BFE42300203E
:106F8000034B93F82200C04300F00100704700BF9C
:106F9000E4230020044B93F82200C0F3400080F06B
:106FA000010000F001007047E423002083230B70F0
:106FB000014B1B78CB707047082400202DE9F84F57
:106FC000D0F804800D46D8F8186030460BF052F81F
:106FD000044618B9FF211020F9F722FC014630467B
:106FE0000BF056F8B4F800B082461FFA8BF9B9F1ED
:106FF000000F02D140F20311EDE71E4BC71C1B68C6
:107000008BB9B8F80030A5F806B0AB8000236B72DE
:107010009AF8003003F00303012B0FD0022B0DD0A0
:1070200040F21D11D7E74A463946B8F800009847A4
:1070300004460028E5D12046BDE8F88F30462B7283
:107040000BF02CF8044610B94FF49371C3E7B9F173
:10705000FB0F02D940F23511BDE7286810B94FF493
:107060009B71B8E74A4639460AF032F930460AF0D1
:1070700070FFE0E7DC0100202DE9F34705468A4672
:107080000527DFF86C81DFF86C91DAF8103053B126
:107090001B7A1BB980211020F9F7C2FBDAF81040E7
:1070A000B4B900207EE0DAF80440237A012BF8D04E
:1070B000EFF3108372B6DAF804201268CAF80420DD
:1070C00003B962B6CAF81040237A0BB9A621E2E7E9
:1070D000267AF6B22772731E0B2B78D8DFE803F0FE
:1070E00074061E36713F4E3F3F3F3F65636813B9DC
:1070F0004FF4D771CFE72046294698470420EFF395
:10710000108272B6237A052BD9B24FF0000368D1F2
:107110002372CAF81030B2B962B614E0636813B9CA
:1071200040F2B711B7E72946204698470346ADF825
:107130000400C0B2C3F30723012B4BD0022BDED1D6
:107140000023CAF8103000289FD02BE0636813B9E1
:1071500040F2BF119FE7204698470020CFE7D9F8BB
:107160000030002BF9D03246606829469847A6F1D6
:107170000A020420534253415B00DFE763680BB906
:10718000B52188E70D2200242A7001221988586948
:10719000AA70A5F803106A71AC710AF0DAFE042037
:1071A000CAF8104002B0BDE8F087D8F80030294690
:1071B00020469847034668B100230220CAF81030E1
:1071C000F0E74FF4FB7166E740F2F91163E74FF423
:1071D000FE7160E726720028E4D1002B7FF455AFE2
:1071E0005FE711B940F21D2155E7184693E700BF4C
:1071F000E4010020E001002038B5134C14220021E6
:10720000201D0FF07AFC0125257404F108031422D7
:10721000002104F11800C4E901330FF06EFC84F87A
:10722000245004F11C03094AC4E906330023E36235
:10723000236384F83430C4F83530C4F8393084F826
:107240003D30136038BD00BF08240020DC01002061
:1072500010B5084C2378FF2B04D04FF4A0711020F8
:10726000F9F7DEFA09F068FF2070BDE81040FFF77B
:10727000C3BF00BF6D00002010B5034C207809F09B
:1072800075FFFF23237010BD6D000020014B18789F
:1072900009F07CBF6D000020014B024A1A60704764
:1072A000E4010020BD6F000010B506490446FFF759
:1072B000E3FE28B920460449BDE81040FFF7DCBED4
:1072C00010BD00BF202400200C240020134610B560
:1072D000027A22B140F299211020F9F7A1FA0A4668
:1072E00001460248BDE810400DF0E1BD0C2400202D
:1072F000044890F834301BB903492C300DF0F4BD2C
:10730000704700BF08240020A14E01000346064834
:1073100090F83E203AB190F83D2022B9034900F898
:10732000353B0DF0E1BD704708240020AD6F000033
:107330000A4610B5037A23B140F2A1211020F9F7D3
:107340006FFA014607230248BDE810400DF0AFBDBB
:10735000202400201346027A0AB1037270470A46BD
:10736000014601480DF0A3BD0C2400200346084649
:10737000F0B4B3F86020B3F8544093F875509442D9
:10738000B3F85810A5F10305B3F84A7028BF1446A6
:10739000B3F86220EDB2B3F84E608A42A3F84A40D7
:1073A00028BF0A46012DB3F8501087BFB3F852C06A
:1073B00015464FF4296C4FF42965A142A3F84E50AD
:1073C00038BF2146624538BF6246A742A3F8501035
:1073D000A3F8522026D1741B18BF0124B3F85C20F7
:1073E000B3F85610B3F848609142B3F84C5028BF38
:1073F000114693F87420033A012A15D9B3F85A209C
:10740000B3F85E70BA4228BF3A468E42A3F84810DD
:10741000A3F84C2002D1954200D144B10549F0BCFB
:107420000DF06BBD0124D9E74FF42962EDE7F0BC04
:10743000704700BF074F01000B8BA2F809001046F0
:10744000A2F80B304B8BA2F80D308B8BA2F80F30CB
:10745000CB8B0249A2F811300DF049BD694F0100F4
:10746000014B1878704700BF47240020014B187863
:10747000704700BF6E000020094AD2E90003434074
:1074800083EAB01181EA43214FEAF343116053606C
:10749000044B58434FEAF06000EB8000704700BF98
:1074A00048240020BB79379E094AD2E900034340B3
:1074B00083EAB01181EA43214FEAF343116053603C
:1074C000044B58434FEAF06000EB8000704700BF68
:1074D00070000020BB79379E10B50A4C082109487E
:1074E000F9F7ECFBD4E900321343F7D0064CFFF771
:1074F000DBFF2060FFF7D8FF236860601843F6D0F9
:1075000010BD00BF7000002048240020174B184A0F
:107510009A60184A5A60184A1A60184A9A62184AB9
:10752000DA62184ADA60184A9A61184A1A63184AE5
:107530001A62184ADA64184A9A64184A5A62184B4E
:10754000184A9A60184A5A62184ADA62184A1A6146
:10755000184A5A61184A9A61184A1A63184A9A6472
:10756000184ADA64184A9A63704700BFE80100209D
:10757000AF520100DF52010015540100CF55010048
:1075800041560100ED7C000057560100D57F0000F8
:10759000417E0000155701003D570100A17E00000B
:1075A000FC020020CB520100D556010079560100A3
:1075B0001D5601009D560100917D0000EB57010012
:1075C0008B57010075570100BB560100044B054A5B
:1075D0005A65054B054A1A65054A5A65704700BF4A
:1075E000E801002049550100FC0200202F55010050
:1075F00077550100054B064A9A65064A1A66064BFE
:10760000064A9A65064ADA65704700BFE80100201D
:107610008F4301009D640000FC02002065420100D0
:10762000414401003F2A2DE9F34105460C4643D869
:107630003F2A4AD8DFE812F04E009F00B900C4008C
:10764000DB0099009900E700E900EF00990099003C
:10765000F400FF00E9004900490003019900990086
:10766000160116012C012C01330149004900720159
:10767000870194019A01A001AB01AD01AF01B101F5
:10768000BC01C401F701F90149004900CC01010224
:10769000FF01E501DB01DD01DF01E101E701EB01B4
:1076A000E901EF0199004900ED01E301F101030255
:1076B00005024900FB01FD01F52A00F0B081FF2A17
:1076C00000F0C181F42A00F0AC814FF4A161512097
:1076D000F9F7A6F8456841F27073D5F81412B5F8B9
:1076E0000E22A1F57A7098420BD84FF47A73B1FB51
:1076F000F3F303F550639BB264200126B2FBF0F272
:107700000CE040F2E2406FF45066B1FBF0F39BB244
:107710009E19062EF0D90026B2FBF0F2E3711B0A87
:1077200022712372B5F8183263721B0AA372B5F87E
:107730001A32E3721B0A237395F8173133B905F532
:10774000037305F5047228460DF0EFFDB5F80C3211
:1077500063731B0AA373D5F810324EB16422B3FBD6
:10776000F2F36371C3F30723A37102B0BDE8F081A4
:1077700040F2E242F3E74668D6F80032D3F801203F
:107780004A605B790B72406890F817313BB90DF095
:107790007EFD6B68B3F888301844A6F80602B6F888
:1077A000063263721B0AA372DFE70378012B43687A
:1077B00002D193F8183101E093F821312371D4E715
:1077C0004368D3F848224A60D3F84C228A60B3F861
:1077D00050228A81D3F82822C1F80E20D3F82C2217
:1077E000C1F81220D3F80831C1F81630BDE742685D
:1077F000D2F8E6314B60D2F8EA318B604368D3F8B7
:107800000C31CB60B1E74368D3E7084602B0BDE86E
:10781000F04100F099BB02B0BDE8F04100F0A4BB1C
:1078200010230B7159234B7100238B712023CB71D3
:1078300030230B7299E7436893F81231BEE7027860
:1078400043684AB993F8182132B193F815210A71A7
:1078500093F81431637188E793F81321227193F838
:107860001231F7E74368B3F860200A71120A4A71CF
:10787000B3F81A218A71120ACA71B3F85C200A722D
:10788000120A4A72B3F818318B721B0ACB726CE77A
:10789000436893F82E210A7193F82F31DAE747688D
:1078A00097F80A82A8F10303012B31D897F87430B6
:1078B000DA1E012A2CD8B8EB030818BF4FF00108D4
:1078C00097F80B020CF058FD0646B8F1000F22D1D4
:1078D00097F80A020CF050FD8046686890F817315E
:1078E0006BB946EA080313F0FF0306D00DF0CFFC96
:1078F0006B68B3F8883003449BB2A7F80832B7F836
:1079000008326671A3711B0A84F80480E3712CE7C6
:107910004FF00008D4E74FF00008DEE72378416815
:10792000204643F0200323700A7C4B7C01A9032AE4
:1079300003F01F0308BF002243EA82138DF80430CE
:107940000DF037FA11E7436811211888F9F748FC60
:1079500000F15B01204602B0BDE8F0410DF066BACF
:10796000084602B0BDE8F0410EF0ACBD084602B0DA
:10797000BDE8F0410EF0AEBD384B1B68002B3FF464
:10798000F4AE2946204602B0BDE8F0411847344B1A
:10799000F3E7344BF1E7344BEFE7344B1B68002B34
:1079A0003FF4E3AE0246232002B0BDE8F0411847A1
:1079B0002E4B1B68002B3FF4D8AE02462420F3E781
:1079C0002A4B1B68002B3FF4D0AE02462520EBE784
:1079D000436811211888F9F703FC00F17D0200F1DA
:1079E0005B01204602B0BDE8F0410DF02BBA204B00
:1079F000C3E7204BC1E7204BBFE7204BBDE7204B3F
:107A0000BBE7204BB9E7204BB7E7204BB5E7204B4E
:107A1000B3E7204BB1E7204BAFE7204BADE7204B5E
:107A2000ABE7204BA9E7204BA7E7204BA5E7204B6E
:107A3000A3E7204BA1E7204B9FE7204B9DE7204B7E
:107A40009BE7204B99E74368204693F89722D3F8A9
:107A5000981202B0BDE8F0410DF0AEB9100400205C
:107A600018040020140400201C040020200400201E
:107A7000240400202C0400203404002038040020BA
:107A80003C04002040040020440400204C0400205A
:107A90004804002050040020540400205804002012
:107AA0002804002030040020640400206804002022
:107AB0006C040020700400205C040020600400209E
:107AC00074040020780400203F2803D8064B53F8A4
:107AD0002000704700F10C03DBB2042B01D8B4384E
:107AE000F4E70020704700BFE80100203F2803D8DA
:107AF000064B53F82000704700F10C03DBB2042B57
:107B000001D8B438F4E70020704700BFFC02002021
:107B100030F8023CF7B505460E4630F8A84C73B174
:107B200001226846ADF801408DF80020ADF8033021
:107B3000FDF7EAFE18B195216320F8F771FE1D4BA1
:107B40001B6813B1A5F1280098471B4B1B680BB1AC
:107B500020469847194B1B680BB1204698470A23CB
:107B60000027A6F803403370B7706B7A55F8900C75
:107B700073710AF0F8F908B9BA21DDE72046FEF77B
:107B800083FD39462046F9F741FB02212046F9F7EB
:107B90003DFB18B90A4B1B6803B198474FF40173BA
:107BA000002003F004021B0A62F3070063F30F20B6
:107BB00003B0F0BD7C040020800400208804002075
:107BC00084040020F7B5456804464FF6FF776E69D8
:107BD0000DF102010DF101023046ADF802700AF01C
:107BE00071F901A930460AF08FF940B101980AF005
:107BF00053FA616800220272FFF79AFBE8E7044932
:107C000005F1A80003B0BDE8F0400DF070B900BF69
:107C1000117B0000F0B5044685B00D46FF2600F844
:107C2000C96C10F8CA3CF3B1184F3B781BB148211E
:107C30001F20F8F7F5FD0C21381DF9F73FF83E70CD
:107C4000002304F8C93C09232A4602F8033BD4F870
:107C50000930C5F80330D4F80D305360D4F8113032
:107C6000936005B0F0BD01A80C21F9F727F8A4F541
:107C70002E73039AC3F80C2101AB03CB44F8D20C4A
:107C800044F8CE1C04F8CA6CDAE700BF5024002088
:107C900010B5054C23782BB90C21201DF9F70EF8EF
:107CA000FF23237010BD00BF50240020024690F82F
:107CB000EE31BBB990F8EF3103F0FF010BB10020BA
:107CC0007047094B18780028F9D01970D968043327
:107CD000C2F80C1103CBC2F8E601C2F8EA11FF2387
:107CE00082F8EE310120704750240020426838B5F8
:107CF00092F88F3004460D463BB1142B05D0123B51
:107D00000B2B8CBF0120082038BDD2F81C317BBB67
:107D100092F8D03013B920460DF069FA6268D5F8B0
:107D20000E30C2F8DE31D5F81230C2F8E2316368A5
:107D3000D5F81620C3F808211A88A3F8C1226A686A
:107D4000C3F8C322AA68C3F8C7226368AA89A3F844
:107D5000CB226368002283F8EE2160680B4900F5AE
:107D60002E700DF0C1F86368162283F88F200BE0A7
:107D70000C22204603210DF05EFA63683222204671
:107D800083F88F200DF033FA0020BDE7157C00004A
:107D900038B54368044693F88F201D2A04D04FF469
:107DA000DE711F20F8F73CFD002293F8D0101D88EB
:107DB00003F5D77083F8CF2069B10B4983F8D02041
:107DC000A3F8B85183F8B7210DF08EF8636800224C
:107DD00083F88F2038BD012283F8B711A3F8B8517A
:107DE000024983F8BA21EFE7BB550100AD55010008
:107DF0000B46072210B503F8032B0446D0F80920E0
:107E0000C1F80320D0F80D205A60B0F811201A8173
:107E1000C27C9A7210F8483C7BB1084B1B681BB9B6
:107E20003D211C20F8F7FCFCA0F5C472A0F584717C
:107E300068389847002304F8483C10BD8C040020A3
:107E400038B50578446825B994F88F302BB10120F6
:107E50001AE0D4F88030DB07F9D44A680E4B896801
:107E600013400E4AC4F8E030C3F307630A4043F0FE
:107E70000803C4F8E42084F8E3300DF0B8F925B91C
:107E8000042384F88F30002038BDD4F8803043F0CC
:107E90000103C4F88030F6E72FC904F76FDB0080D8
:107EA000436810B593F88E20042A2ED14A680078D2
:107EB0008C68C3F8E020C2F30762C3F8E44042F0E4
:107EC000080283F8E320002283F8CA2083F88E207A
:107ED00008B983F8330193F83421A2B993F89021BB
:107EE00002F0FF007AB91A8883F8910103F5C47093
:107EF000A3F892214A68C3F894218A680449C3F818
:107F000098210CF0F1FF002010BD0120FCE700BF1C
:107F1000F17D0000436893F8342112B1084B1B68CF
:107F2000184793F8902152B91A8803F5C47005498F
:107F3000A3F892211A2283F891210CF0D5BF704743
:107F400090040020F17D000010B50446FEF742FACF
:107F5000034A044B02400B406260A36010BD00BFA7
:107F60002FC904F76FDB008037B50C464568FEF774
:107F700031FA084B084A03400A4095F8E010009394
:107F80000B4001928DF800306B4603CB6060A1601E
:107F900003B030BD2FC904F76FDB008038B5DB04B8
:107FA000154604D5037D13B10023436338BD446BEC
:107FB000013444630DF0FAFB836B9C42F6D300233B
:107FC000034943632846BDE838400CF096BF00BF24
:107FD0000757010070B544680546067894F88E305E
:107FE000012B09D026B994F88F302BB101203FE046
:107FF000D4F880309807F9D494F8D1309A0715D482
:108000000A79D80784F8DB20B1F80520A4F8DC2031
:10801000B1F80720A4F8DE2043F0020284F8D12052
:1080200010D5194904F1D2000CF067FF94F8D13053
:10803000D90712D4EEB994F88F3043B150214020C3
:10804000F8F7EEFB94F83231002BEAD1EEE701238A
:1080500084F88F3028460DF0CAF894F88E3000204E
:10806000012B4FF0000304BF84F88E3084F8CA302F
:1080700070BDD4F880309A0701D55521DFE743F071
:108080000203C4F88030E5E7CD57010070B54568BC
:108090000446FEF785FE054B014685F88D001B68FA
:1080A0001BB12046BDE87040184770BD9804002001
:1080B000024B1B6803B11847704700BF94040020AF
:1080C000F0B51F4D00242B7814709BB1013B6D68F7
:1080D000DBB21E1B012E0FDC05EBC40655F8347015
:1080E00076688E4208BF874227D0B84271EB0606F9
:1080F00012D214700020F0BD1E197710C6F3470687
:1081000055F837C005EBC70E8445DEF804708F4183
:108110002CBF33463446DCE705EBC30455F8335037
:1081200064688C4208BF854206D0A84271EB040403
:1081300028BF01331370DDE71C4601201470DAE715
:108140007024002010F0070208B503D063214820F6
:10815000F8F766FB18B1034B197258601A70C80023
:1081600008BD00BF70240020014B00221A70704728
:10817000702400200A460648822302F8033B036865
:10818000C1F803304368536083689360704700BF51
:10819000792400201622002101480EF0AEBC00BF59
:1081A00079240020F7B51E4C02AB03E90300637D80
:1081B000A3B39DF800300D462BBBD1E972760DF0CC
:1081C0006BFB95F87420174B543053F822304FF462
:1081D0007A7203F2E733B3FBF2F3DB192A8846F134
:1081E00000061B18228046F100066360A660B5F801
:1081F000883002220C4904F10C00638003B0BDE812
:10820000F040FFF7A7B8530608D50B882380D1F8B4
:1082100048326360D1F84C32A360E8E703B0F0BDA8
:10822000792400209480040075810000024B002214
:10823000C3E90022704700BF9424002008B5044B16
:10824000186810B9FFF7F2FF08BD0C20FCE700BF6B
:1082500094240020024B187A003818BF0120704780
:108260009424002030B50D4AFF231372D0E9065341
:1082700073B1D0E902149D610C44D9682144D960DE
:10828000816939B1CB610023C0E90633137230BD77
:108290001560F5E7002BF6D0D960F4E794240020B0
:1082A00010B5124AFF231372C16189B91368836143
:1082B00003B1D86110600023C169C36099B1CB6874
:1082C0007BB18468A3420AD230213720F8F7A8FA9C
:1082D0008B6988618361002BEDD0D861EBE71B1BB4
:1082E000C3600023CB600023137210BD94240020D0
:1082F000034B00201B6803B9704718469B69FAE7D7
:10830000942400200B4B002230B51B6804464FF02C
:10831000FF35104623B911B9002808BF104630BDFB
:10832000DA68A24203D3AA423CBF154618461A4651
:108330009B69EFE79424002070B50F4CFF23237254
:10834000036A1BB181689D68A94203D2E5213720E9
:10835000F8F766FAC2698669DA619E6152B1936183
:108360009A691AB1D361C26811444A1BDA600023CA
:10837000237270BD2360F3E794240020014B012297
:108380001A71704794240020014B00221A71704723
:1083900094240020014B1879704700BF94240020DA
:1083A000094B53F8203003F5224370B5B13316461C
:1083B0004FF47A720C46B3FBF2F5344405F064FDD9
:1083C0002C44204470BD00BF808004002DE9F04F94
:1083D00099468BB00023044688461746069390F8CA
:1083E00075B00BF0FEFE054694F87F00FEF7B8FC72
:1083F00005440DF051FA94F88F3000F14D06ADB2FE
:10840000442B3BD00E2B39D094F88EA0AAF1440215
:10841000D2F1000A4AEB020A002F5FD194F804322D
:10842000032B5BD1BAF1000F58D0B4F8A03243450A
:1084300054D1D4F80C322046B4F8DC21C4F8F83119
:10844000E369C4F8FC31B4F85A321344C4F800327A
:1084500004F008F941F64B53D4F8A82294F8B4126A
:108460009A428CBF0023012359B9E1698A421ED088
:10847000208804930EF043F8049B18E04FF0010AA3
:10848000CAE720880EF038F820B940F29371302006
:10849000F8F7C6F9B4F8B0326386B4F8B232838123
:1084A000B4F8A032C7814381013B03823B4694F874
:1084B0007E20002A36D1002B35D1D4F8A42284F8AE
:1084C0007E300223E262B4F8A22284F804322286CB
:1084D000D4F8A822E261D4F8AC22626204F50A73EF
:1084E000B4F888C00493A8EB0C0CB4F858320FFA17
:1084F0008CFCA8EB03031BB2002B1FDAD4E99023FA
:10850000C4E994230023012284F81F32634694F8BF
:108510000412032900F2BC81DFE811F012002301EC
:108520006B0044012BB14FF04D1262630022228791
:10853000C3E74FF0961223876263BEE74A46E6E739
:1085400094F8751094F8D6010CF0ACF88346E06A04
:108550002946584408F022F92946C4F80802E0697F
:1085600008F01CF994F87E3007A95B00DBB20344E5
:1085700008A8C4F80C3205F045FB079B0093DDE921
:108580000823D4E9940107F07CF9054620460DF054
:10859000C3F9D4F85C32E26A94F875000693049249
:1085A00005F07AFC069B00F52240049A203BD4F8A3
:1085B0000812B13013444FF47A725B1A30319B1BAE
:1085C000B0FBF2F05B4432465B1B1B1A94F875005B
:1085D0000693238E03EB4101FFF7E2FED4F85C2201
:1085E000069BC4F810029B1ACC2B5DD840F2FC41CC
:1085F0004DE7E36A2946D4F8FC01184408F0CEF8A8
:108600002946C4F80802E06908F0C8F894F87E30FA
:108610005B00DBB203442046C4F80C320DF07CF959
:10862000E36AD4F8FC511D44B4F8DC31002B40F06F
:108630009480B9F1000F00F0908094F8750005F077
:108640002BFCD4F80812D4F8483200F522406D1AF9
:1086500094F87520B130203D1D44A74B53F82220DB
:108660004FF47A7302F2E732D4E990BCB2FBF3F232
:10867000A5EB0B05B0FBF3F01544AD1B2D1AD4F898
:10868000F831D4F8002294F8750002FB0311238E10
:1086900032460695303103EB4101FFF781FE01239D
:1086A000C4F8100284F80432E56904F13C00D4F8FF
:1086B0000C32A93D0699ED1AD4F81032AD1B9D423B
:1086C00028BF1D46002384F82832C4F8D851D4E9C5
:1086D00094325B1842F10002C4E98E320CF090FC37
:1086E0002844A4F85882C4F82C02D4E98E23C4E9A3
:1086F000942303F0CFF920B1D4F82C321E33C4F800
:108700002C32B4F8C831A3EB08031BB2002BD4BF42
:1087100000220122520084F83022BAF1000F40F00A
:10872000BA80B9F1000F40F0B98094F80432002B00
:1087300000F0D080E16904F50A70D4F80C32C91A4F
:108740000BF04AFF80B2002800F0C480149B03B1F4
:10875000188001200BB0BDE8F08FD4F808126D1A14
:108760008DE7D4F80C02E269D4F80012121AD4F89A
:10877000F8515A43D4F8083206923033B4F8DC2169
:1087800005FB01336244521A218E013A00FB023389
:10879000324694F8750001EB4301FFF701FEC4F87F
:1087A000100281E7E16959430691B9F1000F2DD01C
:1087B000B4F8DC0150BB84F81F02D4F80C0200FBB3
:1087C000131E94F88E300490262BCDF818E003D0B9
:1087D00094F88F30262B0AD1B4F8A032A8EB03030B
:1087E0001B0404D494F8A332002B18BF9B46B4F8A2
:1087F000DC017AB370BBD4E99251D4E99023AA4248
:1088000073EB010108D34FF4AA6140E694F81F020C
:1088100000287FF449AFD0E794F87520203D364B0F
:1088200053F82230D4E99012CDE9021203F2E73274
:108830004FF47A7103F52243B2FBF1F2B1330592A2
:10884000029AB3FBF1F3AD1A059A1544ED1AAD1B6C
:108850007544069500EB0C05049B324658465D4373
:1088600030356D002946FFF79BFD41F64B53C4F8A8
:108870001002E06998423FF617AF06AB3246294630
:10888000009304F504730BF02AFF84F81F020BE732
:108890004FF4AD61FBE5B9F1000F1BD0B4F8F00166
:1088A00010B3B4F8F21194F8F4214D1CA4F8F211AD
:1088B00001FB022290420DDD002B0BDD0023A4F80A
:1088C000F25184F83032FEF7D7FD00F00700013096
:1088D00084F8F40104F50A7194F8200206F070FEA1
:1088E00020B940F2B151D2E50146DCE787F001073B
:1088F00084F81C7200202DE780800400F0B5044647
:1089000085B018B9AA213020F7F78AFF072900F2AD
:10891000F980DFE811F00800EB003E003E0039006E
:10892000F700E300F50090F81C32B0F8882013B38C
:10893000B0F81A32934208BFB0F8CC319A1AA0F8B6
:10894000CE21A4F888302046D4E98E23C4E99023B0
:1089500003F0B0FD94F8D331002B00F0BD800DF092
:108960004AFD694B1B68002B00F0B680204605B01D
:10897000BDE8F0401847B0F818329B1AA0F8CE3185
:10898000B0F818329BB2DCE705B0BDE8F04005F066
:1089900045B906F06FFDD4E99023801A61EB03011D
:1089A000012871F1000302DA40F23C61ABE76FF09D
:1089B000010383424FF000038B4102DA40F23D6134
:1089C000A1E7E3690BB1B0FBF3F394F88F00B4F8BF
:1089D0001A22442810D094F88E10433901290BD95B
:1089E0000E2809D0B4F888100B449BB2D11A0D049C
:1089F00044D501339BB243E00132A4F81A22B4F803
:108A00005A3202AEB4F888500133404FA4F85A32BB
:108A1000B4F8C2301D44B4F8C030013DED1AADB217
:108A20003B685BB1B4F81A1200222046013989B2C2
:108A30009847B4F81A321844A4F81A02B4F81A1273
:108A40006B1A18042CD40023204600961A46FFF710
:108A5000BDFC012840D1B4F81A22B4F8C811BDF801
:108A600008301344521A12049BB204D5EA1A12F4C5
:108A7000004F18BF0B46A4F81A32D1E7013293B267
:108A8000A4F81A3294F81D32002BB8D1B4F8CC31C6
:108A9000B4F81A22934204BF0133A4F81A32AEE7A5
:108AA00094F8923030460394002B14BF08233E23E1
:108AB00084F8B13001238DF80830FFF783F82046A1
:108AC0000DF09BFC002394F8200284F8043206F099
:108AD000E9FC202384F8203205B0F0BD012006F027
:108AE000CFFE05B0BDE8F04009F00FBD90F80432AC
:108AF000042B01D0D02106E7002380F80432EBE7F5
:108B0000D62100E7DA21FEE69C040020A404002020
:108B1000F7B5044618B9E2213020F7F781FE07299E
:108B200000F2BC80DFE801F00484464641BA33B766
:108B300006F03CFEC4E95201204602F089FAD4F85E
:108B40003C01A43806F088FE10B940F27B21E3E72F
:108B500020460DF049FA0546F8B9014620460DF0C9
:108B6000BBF900F1AE06D4F83C01B04209D2301A8C
:108B70000321192838BF192006F089FD051E18BFEA
:108B80000125C4F83C6120460DF06BFA3DB120464A
:108B900003B0BDE8F0400DF065BA0025F3E7D4E975
:108BA0005223C4E94C2303B0F0BD03B0BDE8F0404C
:108BB00005F034B80DF0DFF9002307460E4684F8BF
:108BC000413106F057FC0722A7FB023502FB065590
:108BD000D4F834210192D4F830219B18019A45EB46
:108BE0000205D4F8142132B157EA060203D09842A4
:108BF00071EB050216D2022284F84021D4F85021EC
:108C0000D4F854C1121A6CEB010C94F860E1BEF177
:108C1000000F09D1012A7CF1000E11DA204602F082
:108C20001FFA05E00122E7E7012A7CF1000CF5DBE1
:108C300094F8100106F036FC002384F85831B2E7AE
:108C4000984271EB050E0ED23E430CD01B1A65EB19
:108C500001019A427CEB010005DB012B71F1000060
:108C6000A4BF1A468C460F49012394F81001914283
:108C700084F859314FF0000384F8383173EB0C035A
:108C8000B8BF0A4604F59C7106F006FE00288AD19A
:108C900040F2EF6140E74FF480713DE74FF482719D
:108CA0003AE700BF0040420F2DE9F04104460E466E
:108CB000154690F8583103F0FF071BB10C273846D2
:108CC000BDE8F08101464E4806F0FCFB20288046B6
:108CD000F4D05722394604F211100DF00EFF84F83B
:108CE0001081C4F81461FF2384F8583136B1FEF7BF
:108CF000DBFB00F00700013086F8F40102234FF09F
:108D00000008A4F8403184F8388107F09DFD00F197
:108D1000490620460DF068F90146B6B2002846D053
:108D20000BF05FFA00F5CD61284689B207F036FDF9
:108D30002844C4F83C0106F09DFB30184FF00106B2
:108D4000A4F8268041F1000184F81861C4E95201B9
:108D500020460DF060F928B3A5F2AA453146204619
:108D60000DF0BAF82D1AC4F81C514FF0FF356FF012
:108D7000004194F81001D4E95223C4E9545100256C
:108D800004F59C71C4E94A23C4E94C2384F8595181
:108D900042F2107206F080FD60BB40F2EB11302011
:108DA000F7F73EFD3046AE3D0DF02FFADAE72046EC
:108DB000DFF850800DF090F8AE30C4F83C01B8F800
:108DC000000048B1E08C38B1FEF76EFBB8F8003017
:108DD000B0FBF3F202FB1300064406F04BFB36181F
:108DE00041F10001C4E95261002DBED0AD1941F13D
:108DF0000001BEE7294620460DF036F95FE700BFC7
:108E0000118B0000A0240020F0B5002385B0CDE92F
:108E1000003303238DF806306846F8F71BFA88B153
:108E20001F4E01230027B3700223CDE902778DF88E
:108E30000E3002A8F8F70EFA0546C8B10023B37049
:108E400005B0F0BD00980CF0C6FDE5E790F82002F3
:108E500006F0E8FB94F8200206F08EFC94F820025D
:108E600084F8045206F01EFB202384F82032DBE74E
:108E7000029B002BDDD093F82022202AD9D018881D
:108E80004FF6FF739842D9D00221F8F7A9F90446AA
:108E90000028DBD140F237113020F7F7C1FC00BFCA
:108EA000A0240020044B0022DA709A7042F2107263
:108EB0001A80FFF7A9BF00BFA0240020014BD87083
:108EC000704700BFA024002008B504F0D3FA044B7B
:108ED0005A6882422ABF9878002080F0010008BDBD
:108EE000A0240020F0B5044685B090F8D33103F0FB
:108EF000FF05002B6AD190F80432032B66D106F0EF
:108F0000B9FAD4E99023801A61EB0301012871F1C9
:108F100000035BDB6FF00103834275EB010104DAB0
:108F200040F2E5513020F7F77BFCE269B4F8883075
:108F30000AB1B0FBF2F2013313449BB2A4F8183229
:108F4000B4F8CC31B4F818229B1A1BB2002B3DDDCB
:108F500094F8200206F066FB002837D0FF2384F83F
:108F60001D32B4F8C2300DF10E07B4F88850184E17
:108F70001D44B4F8C030013DED1AADB2336863B1A1
:108F8000B4F8181200222046013989B29847B4F883
:108F90001832184480B2A4F81802B4F81832EB1A48
:108FA0001B0413D4B4F8181200230122204689B2FE
:108FB0000097FFF70BFA012808D1B4F81832BDF872
:108FC0000E2013449BB2A4F81832D7E705B0F0BDC9
:108FD000A40400202DE9F3410446062900F2A580EF
:108FE000DFE801F0042714242B309E00504B9B78BF
:108FF00003F0FF0253B900920123B0F8CC11FFF740
:10900000E5F930B140F21E71302031E0042384F8DC
:10901000043204F06BFC06F030FA0023B4F8882028
:10902000A4F85A32A4F81A2284F81D3202B0BDE81E
:10903000F081032380F80432F8E70DF0A4FAC4E9C4
:109040009201F3E73B4B1B681BB10246D0E992014A
:10905000984713212088F8F7C3F800285ED094F8C9
:109060007530022B58D005D8012B08D0D621B4205A
:10907000F7F7D6FB033B012BF8D81E3000E00A308F
:10908000858894F87500DFF8A880C31E012B8CBF7B
:10909000002628260CF029FC7730D4F80C2206F59F
:1090A0008076A84234BF2B1A0023E56999188D42B7
:1090B0008ABFAD1A0025ED1A98F803301BB9E36B8F
:1090C0009D4228BF1D46D4F8D87104F13C000BF036
:1090D00097FF0744022006F045FB0221ED1B25EA1D
:1090E000E575854228BF0546284606F0D0FA00B946
:1090F0002F4401233246394620460CF02CF8D4F890
:10910000D831C8F80400E069184406F0A5FB00282F
:109110008CD140F2A33177E71430B1E79625B0E760
:1091200002B0BDE8F0410CF0F7BB40F2ED716BE727
:10913000A0240020A0040020012A70B505460C469A
:10914000164617D0022A1AD03ABB0246144994F8A0
:10915000100106F0D9F920B940F2FD713020F7F77F
:109160005FFB04F087F9324601462046BDE87040B7
:109170000CF007BC04F07EF9C5F85C0270BD024635
:10918000074994F8100106F0BFF910B94FF40161D6
:10919000E4E70122D5F85C12E7E740F61801DDE7C5
:1091A000FD880000014B1880704700BFA0240020FC
:1091B0000C4B4FF47A7253F82130023903F2E73343
:1091C000C9B2B3FBF2F3022900F1FF3210B54FEA46
:1091D000C21296BF044CF02134F81110134400FB66
:1091E000013010BD94800400A67E0400D928F0B59B
:1091F000054628BFD925BDF814600446303501F571
:10920000A57006F00207ADB2FF2D28BFFF2516F0AE
:10921000010621D10FBB002B00F0C580911EC9B201
:10922000022996BF7B4D40F6480135F811100844DD
:10923000D92C7FD9D93C951EF721A4B2EDB2002BD1
:1092400000F0CF80F634022DB4FBF1F400F2C680BA
:10925000714B33F815306BE0EFB1911EC9B20229A2
:1092600097BF6E4D4FF4147105EB4101C98801445D
:10927000D01E012837D801F614409830002E3BD07C
:10928000023AD2B2022A97BF644BC02303EB4203D7
:109290005B8A18444EE053B1911EC9B2022997BFB0
:1092A0005E4D40F6480105EB41018989DFE7042A5C
:1092B00005D1691D89B2890101F5C871D7E7032A73
:1092C00005D1691D89B2090101F5BF71CFE7022AF5
:1092D0000BBF05F10B0105F10A0189B289B20CBF80
:1092E0008900C900C3E7022A01F19C0114BF4FF4B1
:1092F000B070B4200844C0E7EBB1911EC9B2022996
:1093000096BF474D40F6480135F81110D92C084456
:1093100010D9D93C951EF721A4B2EDB24BB3F63467
:10932000022DB4FBF1F459D83C4B03EB45031B8BE6
:1093300003FB0400F0BDF12C214628BFF121042AD3
:1093400005D1133189B2890101F5C871DEE7032A1D
:1093500005D1133189B2090101F5BF71D6E7022A9F
:109360000BBF1931183189B289B20CBF8900C9000D
:10937000CCE7B4FBF1F3022DDBB239D8294931F83F
:10938000151001FB0300C3EB4311C3EBC103E41A47
:10939000A3B2002BCED00833042A9BB22BD19B0161
:1093A00003F21A4375E7042A06D10535ADB2AD01C3
:1093B00005F5C87528443BE7032A05D10535ADB24C
:1093C0002D0105F5BF75F5E7022A0BBF0B350A35F0
:1093D000ADB2ADB20CBFAD00ED00EBE740F69213BD
:1093E000A6E7B4FBF1F3022DDBB201D80E49C6E7C4
:1093F00040F69211C5E7032A03D11B0103F546731A
:1094000047E7022A0BBF9B00DB0003F5BB7303F5A4
:10941000CD733EE7B27E0400BE7E0400A67E04004B
:10942000B27E0400BE7E0400BE7E0400264B1A6895
:1094300010B5D2F80F300362537D117D1B0443EA4F
:109440000123D17C0B436FF450618362B2F8193071
:10945000591806298DBF40F2E241A3F550634FF43D
:109460007A714B438EBF00214B430121C36180F8C9
:109470007E10937DD9B103EB830303EB83039B0041
:109480000386B2F81730D9B164214B43C362B2F8F6
:109490001B308384B2F81D30C38492F8243003F06B
:1094A0001F025B0980F8A22080F87F3010BDC3EB5B
:1094B000431403EB840303EB83035B009BB2DFE7FE
:1094C00040F2E241E1E700BFA8240020042937B5BB
:1094D000144617D19B0103F53473417990F8445039
:1094E0000139C9B203291AD8194A0A44907FE20106
:1094F000CA3203FB0422174B9A4215D940F272710B
:109500002D200FE0032903D11B0103F5E773E4E7E6
:1095100002290BBF0B330A339B00DB00DDE740F26F
:10952000D6310620F7F77CF91E23B2FBF3F205F0E3
:109530003F03110AD2B241EA401143F04003002038
:1095400063F3070062F30F2061F3174003B030BDEF
:10955000A67E0400C3BF03000346074A1068D3F881
:109560006920C0F80320B3F86D20A0F8072093F815
:1095700068100BF0C0B900BFA8240020D0F88030DC
:1095800073B50BB101221A604388DB0726D500238F
:10959000134E056ACDE9003302238DF80630FF2310
:1095A00086F820306846F7F755FEB8B9009CA5420A
:1095B000F8D005F10A036A7A04F10A01607A0AF028
:1095C00052FF0028EED0A37886F82030D4F803307C
:1095D000C6F82130034BB4F807209A8002B070BD62
:1095E000A8240020C924002038B5084D044600F105
:1095F00069010623286800220BF08FFA94F868109E
:109600002868BDE838400BF076B900BFA8240020D8
:1096100007B50BF087F88DF80700054801230622EF
:109620000DF1070100680BF078FA03B05DF804FB58
:10963000A8240020034B986910B140300CF018B9F1
:10964000704700BFA8240020034BD86910B14030F8
:109650000CF00EB9704700BFA824002070B5044676
:109660000E461346807F6588324615F0040118BF08
:1096700004F17701FDF74EFA4107054621D4C207F0
:109680000BD50123A07F84F86830FDF715FB036834
:10969000C4F869308388A4F86D30AB0701D4012089
:1096A00070BD094B01211868D4F8773084F8761022
:1096B000C0F80930B4F87B30A0F80D300BF028F971
:1096C000EDE70020ECE700BFA824002010B5044619
:1096D000084694F8D8306BBB2378082904F1DB02E4
:1096E00084F8D93016D004F1DA01FDF7BBF920B9BE
:1096F00040F64A712D20F7F793F894F8DA3043F0EA
:10970000020384F8DA3004F1D0000B49BDE81040C0
:109710000BF0EABB094B1868034613F8031BC1F3AF
:10972000801184F8DA10D0F80310C4F8DB109B889D
:109730009380E8E710BD00BF8B5B0100A8240020E8
:1097400070B504460E461546FCF706FE98B9237818
:10975000A4F8C16084F8C030637C84F8BF500BB1BA
:1097600094F8483004F1B60084F8C3300249BDE8EB
:1097700070400BF0B9BB70BDCB5D010010B5044665
:109780000E498C300BF0B0FB0D4904F1C4000BF016
:10979000ABFB94F89520B4F896102046FFF7D0FF65
:1097A000084B00221A71084B1B682BB12146206A16
:1097B0000222BDE81040184710BD00BF4B5C0100FD
:1097C000755B0100A8240020AC04002003292DE9CA
:1097D000F043054685B0174607D14388980723D440
:1097E0000024204605B0BDE8F083428890F8883018
:1097F000D107DBB2F4D5002BF2D14FF00108DFF82E
:10980000D49099F81260C6B10AF062FE0828387048
:1098100016D002AA0DF10701FDF724F938B940F678
:10982000D4612D20F6F7FCFF4FF00208E7E702A90C
:109830009DF807000CF012F806463B78082B08D17B
:10984000D9F8001011F8030BC0F380100CF006F8E3
:109850000646D9F8001005F1700395F86F2011F84D
:10986000030BC0F380100AF0FEFDD9F80010044687
:1098700011F8030BC0F380100AF020FE8146FDF7BB
:109880002DFA40B1B9F1080F1BD04846FDF798F802
:1098900080F00103D8B23A78082A14D01CB9AC7F02
:1098A000A21A544254416A8853079AD4002897D187
:1098B00076B92C7D444518BF002C0CBF0124002430
:1098C0008FE70020E7E780F001022240D4B2EAE708
:1098D000344686E7A82400202DE9FF4108230DF136
:1098E0000702052104468DF80730FFF76FFF054694
:1098F00020B90025284604B0BDE8F081FBF77AFCCA
:1099000006460028F5D1334F0DF10808216A3A6860
:1099100091F89630104610F803CB03EA5C1303F07D
:10992000010381F89630D2F80330C1F80330838800
:10993000A1F807301146D4F820C011F81F3BC3F33B
:1099400080138CF80230D2F81F000B790290604629
:109950008DF80C30FFF76AFD434694F9132001217E
:10996000206A0CF0A4F9216A84F8956020460B88DF
:109970009DF80720A4F89630FF2384F8B3304FF603
:10998000FF73A4F8B4300CF0B9F9134904F18C005A
:109990000BF0AAFAFCF7E0FC60B9236A04F1C400FA
:1099A0000E491A88A4F8CD2093F8963084F8CF3069
:1099B0000BF09AFA236A002220461988FFF7C0FEAE
:1099C000074B00221B683A71002B93D02146206A76
:1099D00098478FE7A82400204B5C0100755B0100CD
:1099E000AC040020032973B5044604D005292BD00C
:1099F000012002B070BD08230DF107028DF8073079
:109A0000FFF7E4FE0028F3D0237C23B19DF8071074
:109A10002046FFF75BFE114D0622042620462B68E8
:109A20005A701E70FFF798FDA16D94F85C202868AD
:109A30000AF087FF28682E7103F0DEFF00212868F6
:109A40000CF0BEFD0020D4E7054B1B68002BF9D0BD
:109A5000984780F00100C0B2CBE700BFA8240020E7
:109A6000A804002038B5B0F848300446194D013339
:109A7000C3F30E03A0F84830AB7C2BB104F062F8BE
:109A800002F054FF0023AB7400232B7194F889304B
:109A90002BB101212046BDE838400BF0E3BF637CC9
:109AA000B3B1B4F848209A4212D3012120460BF0FA
:109AB000D9FF63882046DB0747BF236A432243223E
:109AC0004FF6FF7148BF1988BDE83840FFF738BE30
:109AD0000021DFE7A824002010B5094C2379012BD1
:109AE00002D02379022B05D1A37C1BB104F02AF804
:109AF00002F01CFFA06ABDE81040FFF7B3BF00BF33
:109B0000A82400200346074A906A03B909B9FFF761
:109B1000A9BF1379D26A03F180431269033B52F85B
:109B200023301847A8240020F7B5404C2379012B97
:109B300007D02379022B04D040F65C412D20F6F7A4
:109B40006FFEA26A166A0EB196F87D60B8B32168FE
:109B500002F1690392F8682011F8095BE8090AF03C
:109B600082FC60B305F00F052068052D3BD190F80D
:109B7000243003F01F03102B35D9A76ABB7C93B3A5
:109B800008230DF10702294638468DF80730FFF704
:109B90001DFEA0B197F8E9308BB9226807F1EA0100
:109BA000D31C233253F8040B934241F8040BF9D130
:109BB0001B8807F1E1000B801D490BF095F9012589
:109BC000A37C1BB103F0BEFF02F0B0FE65B3A06A38
:109BD0000BF026FF10B303F02DFEE36A9B6803B081
:109BE000BDE8F040184731460AF0BAFE0028E6D03A
:109BF0002379A06A012B05D02379022B02D040F6ED
:109C000035419BE723792946E26A03F18043526993
:109C1000013B52F8233098470546D1E7A06A03B0CC
:109C2000BDE8F040FFF71EBF03B0F0BDA824002040
:109C3000A35B0100F8B504460F4619B300F13005E7
:109C400028460CF08CFAA0B963881A072ED528464E
:109C50000CF09AFA064628460CF081FA301AC0B287
:109C60000CF0D3FA494A93680344284693600CF0F9
:109C700055FA28460CF057FA03F03CFD21792520CF
:109C800003F054FC414E002394F8762030680370B2
:109C900043706388103B0D2B68D8DFE803F06367DF
:109CA0005F0C674467676767676767442046BDE87E
:109CB000F840FFF7D7BE06234370202303702046E9
:109CC000FFF74AFC638823F008039BB2152B05D0ED
:109CD00094F85420216D30680AF024FE306803F0B7
:109CE0008BFE002130680CF06BFC032321790020EF
:109CF000337103F029FD054607B9F06063881B073F
:109D000004D50CF07FFA0544C4F820516388103B59
:109D10000D2B36D8DFE803F038352F2F352F3535AA
:109D200035353535352F0C2321214370034603F893
:109D3000091B52B1D4F877200121C0F80920B4F8EA
:109D40007B209A800AF0E4FDB9E7226FC0F8092071
:109D5000B4F874209A8094F86F10F3E70623037028
:109D60004370ACE7022303700623F9E740F2366143
:109D70002D20F6F755FD21790120BDE8F84003F0CC
:109D8000FBBE40F6CF41F3E7F8BD00BFA82400209A
:109D900038B543880446102B04D10121BDE8384072
:109DA000FFF748BF0B4DAB7C23B102F093FD402081
:109DB00003F0BCFE286803F01FFE608810F004006A
:109DC00002D1217903F0D8FE002003F075FE0123B3
:109DD0002B7138BDA824002003292DE9F743044640
:109DE00005D0052900F08880FFF73CFE80E00823BD
:109DF0000DF103028DF80330FFF7E8FC002879D05D
:109E0000237C23B19DF803102046FFF75FFC01235C
:109E1000B4F802803E4E00251F464FEA9812306883
:109E2000294662F3861707224370C8F38018027030
:109E3000C5700AF09CFE2A46394630680AF09EFE3C
:109E40002046FFF7D1FB30680AF003FFB4F85C301E
:109E5000C0F1FE05AB42B4BFDDB2EDB2AB422AD9D0
:109E600047F010070022A5F1030930683946023D8A
:109E70000AF084FE30680AF076FE411920465FFA47
:109E800089F9C9B20BF0D3FE0422C0F307238DF881
:109E90000400C0F307400DEB02018DF805304D467C
:109EA00003238DF8060030680AF037FE0022394699
:109EB00030680AF063FEB8F1000F06D094F9132061
:109EC00094F844106079FFF7A3FB2A46A16D30682F
:109ED0000AF088FEFF203582617903F027FB072313
:109EE0003068337103F088FD002130680CF068FBA6
:109EF000002009E0204677E7064B1B68002BF7D0CF
:109F0000984780F00100C0B203B0BDE8F08300BF05
:109F1000A8240020B004002010B5154CA37C1BB170
:109F200003F010FE02F002FDA06A0BF079FD03467B
:109F3000A06A1BB1438803F018031BB9BDE81040A9
:109F4000FFF790BD2379012B07D02379022B04D092
:109F500040F65E312D20F6F763FC2379E26A03F1C7
:109F60008043D268013BBDE8104052F823301847C7
:109F7000A82400202DE9F04F44888BB016460546F2
:109F800014F0030204F002030291019204F00402AF
:109F90001DD0E10705D54BB140F263612D20F6F7E6
:109FA0003FFC002BF8D04FF0020A12E01FFA82F8B3
:109FB000002A00F0A5804FF0010A002E00F0F68084
:109FC0004FF000084FF00109C34601210EE0DDF813
:109FD00004A092B2002B55D0002AEED1002E00F042
:109FE000E580904693464FF001091146012714F091
:109FF000400003D0002E00F0E780012047EA410432
:10A000008C4F0022012144EAC9043B6844EA0B1446
:10A010005A70597044EA481444EA8014072004F046
:10A020007B041870A046002E40F0EC80DE70002308
:10A030005146386801930AF09AFD38682146019A22
:10A040005FFA84FA0AF09AFDE00702D52846FFF786
:10A05000CBFA1AF0020F0ED0029B3868002B00F0EA
:10A06000DF8005F17701062301220AF056FD012168
:10A0700038680AF04DFC0023002B00F0DD8040F62C
:10A0800045018BE704F0200B002A4ED126BBB5F822
:10A0900054208AB1BBF1000F40F088802F794FF037
:10A0A00000084FF0010B033F012F94BF0027012749
:10A0B0004FF0010941469AE7BBF1000F76D1FFF757
:10A0C000B9FA0028EAD1FFF7BFFA01460028E5D126
:10A0D000B046B346B14689E7FFF7ACFA804610B9FF
:10A0E000FFF7B2FA8046BBF1000F66D12F794FF02F
:10A0F00001095946033F012F8CBF0027012776E74E
:10A10000077966B9A7F1020C4FF0010AB046314653
:10A11000DCF10007D346D14647EB0C0767E7023F67
:10A12000B246C34618BF0127C2E74EBBB5F854205C
:10A13000AAB1BBF1000F21D12F79033F012F94BFAA
:10A140000027012729794FF000084FF0010B033950
:10A15000012994BF002101214FF0010947E7BBF11C
:10A16000000F0BD1FFF766FA0028E5D1FFF76CFA74
:10A1700081460028E0D1B046B34626E73746E1E7FE
:10A18000FFF758FA804610B9FFF75EFA8046297942
:10A19000033901298CBF00210121BBF1000F14BF3D
:10A1A000002701F001074FF0000BD5E74FF0010B3E
:10A1B000B04631463746D94619E74FF0000B4FF00D
:10A1C000010959465F4612E7B5F8540030B12879C5
:10A1D0000338012894BF002001200FE7688800F0B1
:10A1E00023000028F3D10391FFF724FA03990028F4
:10A1F000EDD1FFF729FA03990028E8D1019B002B44
:10A20000E5D1FAE6DA70FFF71FFA00283FF40FAF46
:10A21000FB6993F8BD30002B3FF409AF0A2307E731
:10A2200005F17001062301220AF077FC95F86F1002
:10A230001EE700BFA82400201AF0080F19D06A6C8E
:10A2400005A98DF81530C2F30B22BDF8143038681B
:10A2500062F30B0395F84620ADF814301209C3F3EE
:10A26000072362F3071303228DF8153002230AF047
:10A2700054FC1AF0200F00F0AF80D5F8483102935B
:10A28000D5F84C310393FB69002B52D09B46DBE998
:10A29000189AFFF7D9F978B1F86990F8BD0058B16C
:10A2A0000BF140000CF008F930B9DBF8700010EB4E
:10A2B000090081464AF1000A9BF810C0A2487B6958
:10A2C00050F82C004FF47A7C029900F2E730B0FB92
:10A2D000FCF2D3F16E0C60EB0000BCEB010C0399B7
:10A2E00060EB010012EB0C0C9DF8151040F1000022
:10A2F0001CEB090201F0BF01D5F83CC14AEB00009C
:10A30000B2F5161F70F1000A0DDAB2F5703FACEB32
:10A31000030C70F1000A4FEAEC7E0DDB94457EEBF6
:10A32000000EC0F2088121F020018DF815100022E6
:10A3300016E0D7F818B0AAE7944521F020017EEB8B
:10A34000000E8DF81510F2DA9DF8151011F0200F9F
:10A350000CBF1E214FF49671B2FBF1F2C2F30C0256
:10A36000BDF8141062F30C01DBF87020ADF8141086
:10A3700040F2E241B2FBF1F2ADF81620DBF8172013
:10A380009BF81B1006929DF81C2061F304028DF8C7
:10A390001C20FCF74BF89DF81C2060F347128DF849
:10A3A0001C209DF8152022F080028DF81520DBF886
:10A3B0000020BBF85230CDF81D209BF8042001335B
:10A3C0008DF821209BF805208DF822209BF806208F
:10A3D000ADF824308DF82320012E53D1B5F8543038
:10A3E000002B4FD06B8899074CD4DFF860B1DBF8B5
:10A3F00000000AF0B8FB00F1010AB5F8541003465A
:10A400005FFA8AFABBF81020CAF1FF008A1A82426A
:10A41000AABF6FEA0A0A5FFA82FA5FFA8AFA51451E
:10A4200025D96A88D20722D444F01001019A3868ED
:10A43000AAF1030A884602930AF0A0FB029B5FFA86
:10A440008AFA2846191D5144C9B20BF0F0FBC0F33B
:10A4500007238DF81000C0F307408DF81130042257
:10A460008DF81200032304A938680AF056FB5246FF
:10A47000296DDBF800000AF0B5FBBBF810309A44F8
:10A48000ABF810A018F0200F5FFA88F406D02F4820
:10A490001223052205A900680AF03FFB63060CD5CC
:10A4A000002E4DD105F130002C790BF078FE0146DD
:10A4B00095F913202046FFF7ABF8FFF7C5F8002801
:10A4C00036D0224CE36993F8BD308BB30721206866
:10A4D0000AF042FB092340F2E24203703223437048
:10A4E000E369D3F890308370E369D3F890301B0AA6
:10A4F000C370E369B3F892300371E36993F8933062
:10A500004371E36993F8A1308371E369D3F8943020
:10A51000B3FBF2F3C371E369D3F89830B3FBF2F302
:10A5200003727D22E369D3F89C30B3FBF2F34372EC
:10A530000BB0BDE8F08F41F020018DF8151003E756
:10A540006C7995F84410B3E794800400A8240020A7
:10A550002DE9F74304460F4690F8440003F0CAF88B
:10A560006179FF20764D02F0E1FF002F4DD1286880
:10A570000AF0BFF994F80480064604F130000BF0AD
:10A5800003FEB8F1040F31D1B60106F53476E9685F
:10A59000638801EBC011CA3106FB00111E074FF0A2
:10A5A000000048BFAB68696144BFC918696162793E
:10A5B00003F02CF9638898072ED07FBB61790120C6
:10A5C00003F0DAFA94F8761001222046FFF7D2FC65
:10A5D000286803F011FA002128680BF0F1FF062328
:10A5E0002B7101236B7103B0BDE8F083B8F1030F49
:10A5F00003D1360106F5E776C9E7B8F1020F0BBFC4
:10A600000B360A36B600F600C1E762794FF4A57141
:10A6100000200BF0C9FFCDE7002FD3D0C3F34007D4
:10A62000C3F380129907286887F001074FF00703EA
:10A6300048BFD4F858804FF000064FEAC7074CBF18
:10A64000B4F85C90D4F85080314647EA821758BF7E
:10A65000B4F854900370012307F04807C6704370A4
:10A660000AF085FA3246394628680AF087FA3A072E
:10A6700017D5626C01A9BDF80430C2F30B2228681B
:10A6800062F30B0394F84620ADF804301209C3F3CB
:10A69000072362F3071303228DF8053002230AF023
:10A6A0003CFA28680AF0D5FA2B8AC0F1FE06A9EB1D
:10A6B0000302B242B4BFD6B2F6B2334499452BDDA1
:10A6C000002247F0100128680AF058FA28680AF0BA
:10A6D000C0FA2B8AC0F1FE062868A9EB0303B34237
:10A6E000B4BFDEB2F6B20AF03EFA8119204601315B
:10A6F000C9B20BF09CFA0422C0F307238DF80400C2
:10A70000C0F307400DEB02018DF8053003238DF8EF
:10A71000060028680AF001FA63885B0606D594F9FA
:10A72000132094F844106079FEF772FF298A3246AC
:10A73000286841440AF056FA2B8A1E442E8247E7C5
:10A74000A824002010B5084CB0F85C30228A9A4248
:10A7500005D00121FFF7FCFE0723237110BDBDE8E2
:10A760001040FFF77FB900BFA824002038B5438808
:10A7700004461E4D13F0020F0FD1DB070DD42A8AB9
:10A78000B0F854309A4203D1BDE83840FFF76AB9B7
:10A790000121BDE83840FFF7DBBE0020617903F0FE
:10A7A000EBF96388617913F0020F0CBF22200C20B3
:10A7B00002F0BCFE02232B71AB7C4BB102F08AF895
:10A7C0006379033B012B94BF4520402003F0AEF991
:10A7D0006379033B012B94BF2820002003F06CF920
:10A7E0002868BDE8384003F007B900BFA82400205E
:10A7F000074810B5037903F0FF0433B9242221463A
:10A8000004300CF07AF9204610BD0C24FBE700BFA1
:10A81000A824002010B50023084C23712060FFF706
:10A82000E7FF20B140F2EF212D20F5F7F9FFE36AB1
:10A8300013B940F2F221F7E710BD00BFA8240020B1
:10A84000014B024ADA627047A8240020D8B0000009
:10A85000044B054A1A60054B054A1A60054B064A27
:10A860001A607047A8040020D9980000AC040020AA
:10A8700039910000B004002035AD00002DE9F34708
:10A8800004460E46002968D10A4690F87610FFF774
:10A8900071FB404D28680379D90623D5C3789A0601
:10A8A00020D00AF026F8074604F1300094F804801E
:10A8B0000BF055FC421C3B464146D2B22046FEF707
:10A8C00005FE0422C0F307238DF80400C0F30740FF
:10A8D0000DEB02018DF8053003238DF80600286882
:10A8E0000AF01BF93EB304F1300A2868D5F80C8051
:10A8F00009F0FFFF814650460BF046FC07465046E4
:10A90000013F0BF02CFC4A46391A2079C9B20BF0F2
:10A9100063FC638880441B0708D5AB68012120468F
:10A9200098440BF0D9FA4044C4F8200122794146FA
:10A93000002002F06BFF286803F05EF80021286811
:10A940000BF03EFE26B92179304602F0FDFEE860AC
:10A9500005232B7102B0BDE8F08700F130052846D1
:10A960000BF0FDFB28B9638818070CD528460BF0BF
:10A97000D5FB28460BF0D7FB02F0BCFE2179252041
:10A9800002F0D4FD85E7204602B0BDE8F047FFF7AE
:10A9900069B800BFA824002070B5164E01250446F2
:10A9A0003030B5710BF0DBFBE8B96388DA0615D4FB
:10A9B000B2799AB103F02303B4F85420134305D0BD
:10A9C00020460021BDE87040FFF7C2BDFEF732FE11
:10A9D0000028F5D1FEF738FE0028F1D12046BDE869
:10A9E0007040FFF73FB829462046BDE87040FFF7AA
:10A9F00045BF00BFA824002070B5124D00260121DC
:10AA000004462E826E710BF067FAAB680344AB60AC
:10AA1000B4F848300133C3F30E03A4F84830FCF710
:10AA20002BFD4FF47F7394F87610B0FBF3F202FB2A
:10AA30001300AB6832461844A8602046BDE8704059
:10AA4000FFF798BAA824002010B5094CA06A4388E3
:10AA5000092B07D1FFF7D0FFA06A0121BDE8104004
:10AA6000FFF70CBF0121BDE81040FFF7E3B800BFBE
:10AA7000A82400202DE9F041467D0446B31E06F0CF
:10AA8000FD06DBB2012B8CBF4FF000084FF0010830
:10AA9000371E18BF0127012B15D800F1700190F85F
:10AAA0006F0009F00BFD054663889B0612D4082D44
:10AAB0000BD166BB04F169013046FBF779FE48B95A
:10AAC0000020BDE8F0810825EEE72846FBF784FF6B
:10AAD0000028EED1A57784F81D8084F86870FBF714
:10AAE000BBFF054604F0C6FC00220E4B84F876201E
:10AAF000E5FB0301C4E9180111462046FEF7AEFD4F
:10AB00000028DED140F27A412D20F5F789FE237F1F
:10AB1000002BD5D0D4F81630C4F86930638BA4F874
:10AB20006D30D7E740420F002DE9F04F07469DB04A
:10AB30000C46054610AE0FCF0FC60FCF0FC697E8D5
:10AB40000F0008AF86E80F0038466E790BF0CCFA9C
:10AB5000A37A61780393237801F07F0A0493D146A6
:10AB6000237D013BDBB2022B00F28E80704AC906C6
:10AB7000134493F8228008D4A37D013BDBB2022B5F
:10AB800000F282801A4492F82260637E03F0FD0393
:10AB9000012B04D1B8F1030F28BF4FF00308A37EA7
:10ABA00003F0FD03012B02D1042E08BF0326617AB6
:10ABB00038460BF0A0FA237D227F3846022B02F1A3
:10ABC00001020CBF617D0121D2B204BF0131C9B2C3
:10ABD0000BF093FA1AF0080F6CD138460BF0D4FA48
:10ABE00063788346DA0654D4F6F734FC824641464D
:10ABF0005846FEF7DDFA0123014632465046CDF8AD
:10AC00000090FEF7F3FA40F27122217900F29920C8
:10AC1000E378B0FBF2F043EA01236179504343EA61
:10AC200001435343984239D84FF0000B94F818A0D1
:10AC30000793A37CE86C05930AF1FF33D3F1000A74
:10AC40004AEB030A07F0DFFB0690E86C07F0EBFB2A
:10AC50000699079B814238BF014688B268B308A9AC
:10AC60000C9306930A910AA9ADF82C90CDF834B054
:10AC70008DF838808DF839600AF0A2FF069BE0B9A4
:10AC800045201DB0BDE8F08F40F29A310620F5F75F
:10AC9000C7FD2822494600F02BFAB4E7E179A379F1
:10ACA00043EA0123217A43EA01435343834228BF05
:10ACB0000346B9E700239B46B8E7CDE9123B059B65
:10ACC0000DF1400C049A8DF85430039B8DF84560CB
:10ACD0002E468DF850A08DF855308DF84020ADF8F7
:10ACE00042908DF84480BCE80F000FC6BCE80F000E
:10ACF0000FC69CE80F0086E80F0097E80300286362
:10AD00000020A986E37A03F0FD03003B18BF01236E
:10AD100085F86F30E3682B67238AA5F8743095F8BF
:10AD20004630E27D62F3071385F84630A9E700BF9D
:10AD3000A67E04002DE9F04385B0082305210446D2
:10AD40000DF107028DF80730FEF740FD00287BD09B
:10AD5000FAF750FA002877D13D4D02AF206AFEF78E
:10AD600065FB2B68D3F81F0093F8232002903A71FB
:10AD7000226AD3F80310C2F80310B3F80710A2F840
:10AD800007101B78206AC3F380138370314B1B6854
:10AD900013B1012221469847D4F820800E23286859
:10ADA000082698F8029000214370067009F0DFFE33
:10ADB00000224FF00301286809F0E0FE2046FEF76C
:10ADC00013FC4946286809F0A3FD0623012208F177
:10ADD0000301286809F0A1FE6179FF2002F0A6FBBB
:10ADE000286802F009FE002128680BF0E9FBD4F87E
:10ADF0002080204641460BF014F93B46014694F969
:10AE0000132040460AF053FF216A00239DF80720D3
:10AE1000204684F895300B88A4F89630FF2384F8F8
:10AE2000B3304FF6FF73A4F8B4300AF067FF236A1B
:10AE30001A882E71A4F8CD2093F8963084F8CF307C
:10AE4000012005B0BDE8F0832046FEF70BFEF7E7D2
:10AE5000A8240020AC0400202DE9FF41564E0446F2
:10AE6000327902F0FF0312B90278FF2A04D140F6CA
:10AE7000B9112D20F5F7D4FC3382B3607371B3712F
:10AE800080F889304D4B684604F1300500934C4BF7
:10AE900001934C4B0293F36A5B68039302F096FDB7
:10AEA00002F0B2FB02F04EFE01F040FD464802F017
:10AEB00017FC464802F084FD28460BF02FF928467F
:10AEC0000BF031F902F016FC2179252002F02EFB5F
:10AED00094F9130002F0FEFB04F15001E06C07F05E
:10AEE0001EFA074604F15801E06C07F03FFA80466D
:10AEF000002F3AD094F82430BBB3B4F94850ED4356
:10AF0000ED0F637F13B963885B0709D56FF00043CA
:10AF1000D4E918129A4208BFB1F1FF3F2FD1ADBB5F
:10AF200094F88B301BB947EA0807FFB2AFB16388CA
:10AF300013F0100511D1606CC0F30B200BF07CF8FE
:10AF400094F8463084F84500C0F3032023F00F0343
:10AF5000034384F8463084F88B5030680330FBF7A5
:10AF6000C7FDB07404B0BDE8F081B8F1000F04D0A3
:10AF700094F82550002DC0D1C3E74546C1E704F041
:10AF800079FAD4E9182390429941C8D3012229467D
:10AF90002046FEF763FB50B1FBF75EFD054604F06B
:10AFA00069FA0B4BE5FB0301C4E91801B8E7002D72
:10AFB000B6D040F6F6115CE7A8240020199F0000E7
:10AFC000299B0000059B0000D6BE898E5555550073
:10AFD00040420F0037B504461C4DFFF73DFF0421EA
:10AFE0002078F6F7FDF80621A8612078F6F7F8F842
:10AFF000AB69E8612BB120B140F62D212D20F5F78A
:10B000000FFC20460AF005FE618811F0100118D0EF
:10B0100000212046FEF70EFE94F88A305BB16846A8
:10B02000FBF7FAFE38B1694604F1360009F0B3FBCC
:10B03000002384F88A30204603B0BDE83040FEF794
:10B040009DBA2046FFF71AFCE6E700BFA8240020BF
:10B05000024B9862DB6A1B68184700BFA8240020D7
:10B0600043881A0710B504460ED5036A3C220F49DF
:10B070008C3042721B884381FF2380F827304FF6C3
:10B08000FF73038509F030FF63882046DB0747BF65
:10B09000236A3C223C224FF6FF7148BF1988FEF715
:10B0A0004FFBFF2384F8893010BD00BF4B5C0100CB
:10B0B000175E0100255F0100919D00001D5E0100EB
:10B0C00099A900006DA7000045A700007D9700002A
:10B0D000E5990000D99D0000D5AF0000D99A000085
:10B0E00049AA0000B0B00000B8B00000D0B0000025
:10B0F0000138022808B503D9C3212F20F5F790FBAA
:10B1000013290A4B05D811290CD8102907D0D121B1
:10B11000F3E71529FBD103EB4003D88801E033F8AE
:10B12000100008BD03EB40039889FAE7CC7E0400C9
:10B130000D4A0346117891B990683BB9B0F8641094
:10B14000B0F8482091420AD8FDF7BEBE93891B078C
:10B1500007D590F89000083818BF012070470020EC
:10B1600070470120704700BFD82400202D4AF8B551
:10B170000346948990681C43402B948104D1042198
:10B18000BDE8F840FDF726BF802B01D10521F7E788
:10B1900003F00304032C04D140F6D6213120F5F747
:10B1A0003FFB13F0020418BF1161DD0705D55161A3
:10B1B000C97806290DD00B2917D02CB11169C9788F
:10B1C00005291DD00B2927D09B0644BF08231370E7
:10B1D000F8BD90F88F101929EFD100260027012122
:10B1E000C0E93A6780F89310E7E790F88F101329C9
:10B1F00001BF002180F89310012180F8D010DCE716
:10B2000090F88F101729DFD1002400250121C0E913
:10B210003C4580F89410D7E790F88F101229D3D1CD
:10B220000021F6E7D824002073B5044640680D4697
:10B23000D0F8803013F0300F4AD109891A2903D988
:10B240006B89B3F5A47F06D2E978204602B0BDE849
:10B2500070400AF009B8AA881A2AF5D9EE88B6F51E
:10B26000A47FF1D33C30009609F0FFFE194B9A8978
:10B27000920710D51B69DB78142B0CD16268D2F8C9
:10B28000803043F01003C2F88030204609F0AFFF51
:10B29000002002B070BD636893F88E201E2AEDD0A6
:10B2A00093F82331002BE9D1636893F82231002B06
:10B2B000E4D16268D2F88030114602F5AD7243F0F5
:10B2C000200331F83C0B42F8DA3CFCF7B5F8DCE738
:10B2D0000120DEE7D824002037B5044601A8FBF79B
:10B2E000E9F920B940F6BB013120F5F799FA50226F
:10B2F000002101980BF001FC019D0321284609F073
:10B3000040FD2B78214623F010032B700198FBF7AA
:10B31000CDFD224601990548FCF784F9FBF7DEF9DB
:10B3200010B940F6C501DFE703B030BDDC240020D2
:10B330002B4B2DE9F0419C6894F8A27294F8A3522B
:10B34000002F46D194F87460002D44D194F8758094
:10B3500084F8746084F87580FF2384F87630214B7C
:10B360001B6813B13146204698471F4B1B681BB121
:10B37000324641461D48984794F82C31012B01D0A4
:10B380003D4303D000211948FBF758F804F13C066F
:10B39000304609F035FE04F2511105462046FBF710
:10B3A000E5FF20460621FDF715FE304609F028FE90
:10B3B0008542044611D204F0CBF90146601B1928DE
:10B3C00038BF192004F063F9B0FA80F04009BDE8F5
:10B3D000F0813E46B8E7A846BAE70120F7E700BF8C
:10B3E000D8240020C404002008050020DC2400200C
:10B3F000164B1B6910B51979436893F88E200A2AF9
:10B4000009D193F811218A4205D1002283F88E20B8
:10B4100083F8CA2010BDD3F8802012F0080407D0AA
:10B4200022F00802BDE81040C3F8802009F0F0BE09
:10B43000FF2905D1342283F8944283F88E20E9E76E
:10B4400040F25C513120F5F7EBF900BFD824002021
:10B4500038B50D79044642683E2D92F88E306DD88D
:10B46000222D06D8A5F10E02D0B20F2840D9002017
:10B4700038BD233D1B2DFAD801A252F825F000BF9C
:10B48000A1B500006FB400006FB40000C1B50000AA
:10B490006FB400006FB400006FB400006FB4000020
:10B4A00053B600006FB400006FB40000D5B50000C3
:10B4B0006FB4000017B600006FB400002BB6000098
:10B4C0006FB400006FB400003FB6000001B600008A
:10B4D0006FB400006FB400006FB400006FB40000E0
:10B4E00057B600006FB400006FB40000D1B5000083
:10B4F0000F2ABCD801A050F822F000BF55B50000BB
:10B500006FB400006FB400006FB4000055B50000C8
:10B510006FB4000055B500006FB4000063B50000C3
:10B5200055B500006FB400006FB400006FB40000A8
:10B530006FB400006FB40000B7B50000F52D54D013
:10B54000FF2D94D1454B9B69002B90D0012382F8AD
:10B5500096328CE7224628460121BDE838400AF0A1
:10B56000BABE222B01D02F2B81D1204609F036FE06
:10B57000636893F88F20232A3FF479AF93F8E12092
:10B580001A21204622F0010283F8E120626892F835
:10B59000E13023F0080382F8E130FAF74FFF66E765
:10B5A000292B7FF464AF2E4B1B68002B3FF45FAF59
:10B5B000204698475BE7332B7FF459AF294BF3E7DD
:10B5C000294B1B68002B3FF452AF204698474EE7AB
:10B5D000264BF6E7352B7FF44AAF254B1B68002B33
:10B5E0003FF445AF2E21204608E04C2B7FF43FAFBF
:10B5F0001F4B1B68002B3FF43AAF2946984736E7AC
:10B60000362B7FF434AF1A4A1268002A3FF42FAF6A
:10B61000194690472BE7372B7FF429AF144B1B6853
:10B62000002B3FF424AF3021DDE73B2B7FF41FAF2D
:10B630000F4B1B68002B3FF41AAF3221D3E7412B8D
:10B640007FF415AF0A4B1B68002B3FF410AF352178
:10B65000C9E7084BB5E7084BB3E700BFD824002083
:10B66000C0040020D0040020E4040020FC040020DA
:10B67000F0040020040500201805002000290346DE
:10B6800008BF1F21252870B5144629D8222858D86C
:10B690001D2821D80D2810D8002070BDA3F12E0040
:10B6A0000122C0B2824040F29510024228D13B2BC9
:10B6B00052D03E2BF0D1294B19E0A0F10E06012506
:10B6C000F6B2B54040F2512635421BD116281ED0A5
:10B6D0001D28E1D1224A35E02028DDD1214A31E080
:10B6E0003E280BD82D28D9D82628D5D11E4B1B682B
:10B6F000002BD1D02046BDE870401847F528CBD1AB
:10B700001A4A1FE00021BDE870400AF0E4BD556808
:10B7100095F88E30222B08D12046FAF78FFE0023B1
:10B7200085F88E3085F8CA30B6E72F2BB4D195F85E
:10B730008F30A3F12102062AF1D92F2BEFD02A2135
:10B74000EAE70B4A1568002DA6D00A46204619469E
:10B750002B46BDE870401847064BC8E7F8040020A8
:10B76000CC040020D4040020E0040020EC040020DD
:10B77000BC0400201405002002464068097990F8B6
:10B780008E301E2B18D00FD8042B17D0102B17D0AB
:10B7900090F88F00242817D0303BDBB21C2B15D833
:10B7A0000B48C05CFFF76ABF292B0BD02F2B01D0B1
:10B7B000222BEDD11620F5E71420F3E70E20F1E758
:10B7C0001220EFE72320EDE71720EBE7FE20E9E763
:10B7D000EA7E04002DE9F743984D0646AC68002840
:10B7E00040F0DD80AB891A0757D594F816312A2B23
:10B7F00016D00CD81C2B13D0222B18D094F816314D
:10B80000FE2B20D140F2DF513120F5F709F83C2B17
:10B81000F4D18B4B1B68002BF0D0281D9847EDE727
:10B82000002384F83531874809F0D8FCE6E784F82E
:10B830003601854B1B68002BF5D004F59B7104F590
:10B840008E709847EFE7FE2384F8163194F88F3016
:10B850001B2B07D100277B4884F8CF7009F0D8FC58
:10B8600084F88F7094F88E30342B3DD0402B44D028
:10B87000212B0AD194F88F30A3F12102062A31D965
:10B880002F2B2FD0222384F88E3094F89030082B61
:10B8900002BF02232B7784F81631AB89DB0754D51E
:10B8A000D5F80890D5F8148099F88F30123B0B2BFF
:10B8B0000DD898F80330023BDBB2092B00F2B980B7
:10B8C00040F2333222FA03F3DF0740F1B280404600
:10B8D000FBF7D2FA98F80370B0B93946594809F025
:10B8E000C3FC8BE02F23CEE7012384F8953200239D
:10B8F00084F88E3084F8CA30C7E7002384F84531D5
:10B90000504809F06BFCC0E7012F01D9162F60D118
:10B9100099F88E0009F095FC40B199F88E30212BF2
:10B9200004D0222B37D12F2389F88E303846FCF7EC
:10B93000CBF8034600285ED1FF2F58D1AB69002B0E
:10B9400055D0AB68012283F89622AB89580705D5FC
:10B9500094F89020072A04BF01222A77990756D528
:10B96000AB68012283F817212B69DF780D2F4BD0AC
:10B97000112F57D0072F57D03846FCF7B7F803469A
:10B98000002842D1FF2F51D1AA68342182F89402B5
:10B9900082F88E103BE0162F14BF022620262B784B
:10B9A0001B0712D594F88F30123B0B2B43D900257F
:10B9B00001A903200195F6F7F9FA019B2BB11D723D
:10B9C0000C2221460198FBF781FC304603B0BDE80C
:10B9D000F083112F0ED005D8072F13D00D2FA5D12E
:10B9E0001A4B08E0142FA1D1194B1B681BB998F80A
:10B9F000031073E7174B6969124898470028A4D0D1
:10BA00000646CCE7144BF6E7144B0E489847AB8933
:10BA1000DA06C4D594F88F300B2BC0D10C2384F8F0
:10BA20008F30BCE70E4BF0E70E4BEEE740F2D25101
:10BA3000EAE60826B3E70820C8E700BFD8240020BC
:10BA40000C050020DC240020DC04002079B7000075
:10BA5000B80400207363010051B400004562010086
:10BA600063620100F1B30000024B0020986118628C
:10BA7000704700BFD824002008B50022044B9A610B
:10BA80001A62FBF743FDBDE80840FCF701B900BFAF
:10BA9000D8240020024B9869003818BF0120704755
:10BAA000D82400202DE9F04FDFF808820F4689B036
:10BAB0008146B8F80C10D8F808408E0504F1800AC9
:10BAC00054BFB4F8C0200023504653BF0132A4F83D
:10BAD000C03084F8D731A4F8C0200AF0DAFB30B1C6
:10BAE0000B4604F5A47221465046FCF757FAB8F805
:10BAF0000C3003F4C0633BB194F89230002B00F09B
:10BB0000AF80032B00F0B38094F89220B8F80C308B
:10BB1000012A04D11D0544BF022284F89220B9F104
:10BB2000000F40F06781580657BFB4F8F0214A462D
:10BB3000013292B2A4F8F02103F00A020A2A10D1CD
:10BB4000D8F81020D278022A0BD123F00803384607
:10BB5000A8F80C30FFF73EFE38430823C7B2A8F818
:10BB60000C303846FFF736FED8F818303843C7B2E5
:10BB7000002B5BD01422002103A80AF0BEFF94F82A
:10BB8000750002F089F9054694F8750002F07CF919
:10BB900005F5FA754FF47A72238841F27071ADF8A9
:10BBA0000C30B4F88830B5FBF2F5ADF81030054430
:10BBB000E369ADF81250A3F57A70884295BFB3FBE4
:10BBC000F2F340F2E24203F55063B3FBF2F39BB2AF
:10BBD000ADF80E3094F8963233B1D8F81430DA1C40
:10BBE00006925B788DF81C309DF8143003A894F809
:10BBF000952262F300038DF81430D8F81830984776
:10BC00000023069A84F8963284F8953272B194F83B
:10BC100094325BB994F88E30342B07D09DF81C30E9
:10BC200023B11178FF2927D11B2B2CD9D8F8086014
:10BC300096F81631FE2B4DD1002F4BD196F890304F
:10BC4000073B012B46D996F8203123B396F82131D2
:10BC500001220221A6F8C47086F818313046DAE1D4
:10BC6000012184F892102046FDF7B4F94CE7022335
:10BC7000012184F89230F6E70729D7D1022BD5D1DC
:10BC80005178FF29D2D10121C4F8982284F8973243
:10BC900084F89412CAE796F88F50113DEDB20C2D3E
:10BCA00040F27681D6F88030D90705D53A46092189
:10BCB000D4E700BFD82400209A0740F1FA803A4622
:10BCC0000C2130460AF0A5FA96F8D13043F0010372
:10BCD00086F8D130B4F8D03194F8D4510133A4F8B7
:10BCE000D031002D00F04A83F6F752F910B100234D
:10BCF000A4F8D03120880AF0FFFB94F89230064671
:10BD0000B4F832B0012B40F2798394F89030082BCC
:10BD100040F04C83B4F8C030022B40F26F83B4F88B
:10BD2000C2500135ADB2B4F88830DFF884A22B449C
:10BD3000A4F8C831DAF80030002B00F06383BBF1BF
:10BD4000010F40F25F83F6F717F9DAF80030024688
:10BD5000B4F888102046984700F1010A1FFA8AFAC1
:10BD600094F8D531002B39D1012D37D994F88F3083
:10BD70000BB10C2B32D194F88E307BBB94F8903001
:10BD800063BB94F89230022B28D194F8D7312BBBA7
:10BD9000606906F0E8F808B394F81631FE2B1DD15F
:10BDA000B4F8CA31012B19D9B4F8D021A38C9A4226
:10BDB00014D20EB1F18989B9013D9B1AADB29BB283
:10BDC000B5FBFBF59D4228BF1D4605FB0BAB003DB7
:10BDD0001FFA8BFA18BF012584F8D251754B1B68E6
:10BDE0001BB15146204698478246B4F888309A44A1
:10BDF000A4F8CCA1B8F80C30D8F808505E0657BFAC
:10BE0000B5F8DC310023B5F8CE219B1858BF9BB2A2
:10BE1000A5F8DC3195F8203123B995F89030073B2F
:10BE2000012B06D8B5F8C430B5F8CE211344A5F8D7
:10BE3000C43095F8CA1031B1B5F8C630B5F8CE2186
:10BE40001344A5F8C63095F9CE20002AC1BFB5F835
:10BE5000CC30B5F8CE011B18A5F8CC3095F8B13030
:10BE60006BB9B9F1000F40F0168398F81C30022B23
:10BE700040F0CB8295F81831062B18BF162395F8A1
:10BE8000B02022B94C4885F8B130FBF79BFE28461C
:10BE90000AF0B3FA494B1B681BB1494A20461168A6
:10BEA0009847002384F8D33109B0BDE8F04FFAF782
:10BEB0003FBC580702D53A461321CFE6190706D5ED
:10BEC00096F810313A4686F818310721C6E61A0668
:10BED00002D500221B21C1E613F0300138D096F8BC
:10BEE0002331002B6ED196F82231DBB196F88F30DA
:10BEF00006F5917106F2A222262B27D096F88E30F5
:10BF0000A3F1260043424341304609F082F8D6F8B7
:10BF1000803023F0200343F01003C6F88030002364
:10BF200086F82231D6F88030DA064BD506F2511168
:10BF30003046FBF71BFAB6F85E3000221521A6F852
:10BF40001831B6F86230A6F81A3187E60123DBE72C
:10BF500013F0400202D00A4624217FE613F48071D8
:10BF600001D01E217AE613F4007202D00A462F2176
:10BF700074E613F4005101D0F4216FE613F48062EB
:10BF800002D00A46312169E6DB041BD52C2165E687
:10BF9000D8F808B09BF88F30123B0B2B1FD8DFE886
:10BFA00003F0371E1E1E3D461E1E1E1E1E6F00BFC6
:10BFB000E8040020F4040020DC240020D804002041
:10BFC00078000020D8F8080090F88F303A2B6DD018
:10BFD00015D82B2B70D0322B55D0232B56D096F85A
:10BFE0008E30002B6ED196F88F30113B0C2B71D90F
:10BFF00096F8BE30002B6DD0012212212EE6422B86
:10C0000057D04B2B5BD03D2BE9D10022332102E0EE
:10C0100000220B2158460AF0FCF85BE65846FBF775
:10C0200045FE00283FF456AE00220421F2E79BF8BB
:10C030009032012B08D10022052158460AF0E9F878
:10C0400000238BF8903245E69BF89032022BD9B250
:10C050007FF440AE9BF8D05025B1062300228BF828
:10C060001831EAE703210622AA4809F0E4F89BF810
:10C07000E0302A4613F0040F0CBF0D211121DCE73C
:10C0800000220621C6E700221121C4E790F82C31D6
:10C09000022B02D100221721BDE790F82C31012B91
:10C0A0009DD190F82D31002BF4D098E700222D215E
:10C0B000B1E700223A21AEE700222021ABE70022BF
:10C0C0003C21A8E70A2B05D196F81131012286F808
:10C0D0001831FAE60C2D7FF6FDADD8F8085095F82A
:10C0E0008EB0BBF1000F40F0BE8095F833313BB10C
:10C0F00001220E2128460AF08CF885F833B1A2E718
:10C1000095F8323193B195F8D1B01BF003030DD1FE
:10C110004BF0010B01220C21284601930AF079F81B
:10C1200085F8D1B0019B85F832318CE795F8343130
:10C130007BB195F8E730DB0903D001222B2128469B
:10C1400069E7754B1B68002B00F08D80714898479C
:10C1500089E095F8223133B395F823311BBB95F86C
:10C160008F3005F5917105F2A222262B19D095F892
:10C170008E30A3F1260043424341284608F049FF90
:10C18000002385F822310122142128460AF041F8C3
:10C19000B5F85E30A5F81831B5F86230A5F81A3157
:10C1A00098E50123E9E795F82C31012B71D195F839
:10C1B0002D31002B6DD195F88F20A2F12103062B94
:10C1C00067D92F2A65D095F874104B1EDBB2032B6C
:10C1D00009D8DFF848C16344587F95F87530013BB2
:10C1E000DBB2032B04D94FF461710620F4F718FB7E
:10C1F000022895F82EE113D0032814D0012805D188
:10C20000BEF1010F14BF0020012078B9A2F1440350
:10C21000012B28D90B3A042A25D9012216218EE7B1
:10C22000BEF1020FEEE7BEF1040FEFD16344587F79
:10C2300095F82F31022823D0032823D00128E5D1F7
:10C24000012B14BF00230123002BDFD0B5F8883069
:10C2500005F52872B5F8300108F07DF80146A0B95F
:10C260002C48FAF7EBF896F88E30002B7FF432ADBD
:10C2700096F89432002B3FF42DAD0122FF21EDE41E
:10C28000022BDEE7042BE1D0C0E7282385F88E30AF
:10C2900020E595F8363113B1012222214FE795F8B8
:10C2A000353143B11E4B1B681A489847FE2801469A
:10C2B000D9D0012243E795F83E3113B101221D2167
:10C2C0003DE795F83F313BB1F8F7B0FE012208B1E8
:10C2D000F52134E72E2132E795F8413113B10122DF
:10C2E00036212CE795F8423113B10122302126E79F
:10C2F00095F8453113B10122382120E795F84331F3
:10C3000013B1012232211AE795F8443153B10122C9
:10C31000352114E7DC24002004050020EA7E040017
:10C32000B404002095F8463113B10122262106E716
:10C3300095F89C3213B101223E2100E795F8473170
:10C34000BBB1DFF860B11221DBF808301888F4F7D0
:10C3500047FF03699B0707D5534B0BF104001B688C
:10C36000984701223B21EAE6504B0BF104001B6881
:10C37000EDE64F4B1B68002B96D174E7F5F7F6FD01
:10C3800008B1A4F8D051F5F70BFE00283FF4B2AC89
:10C3900094F8D7310133DBB2022B84F8D73182BF56
:10C3A0000023A4F8D03184F8D731A3E494F8BE3048
:10C3B0001BB194F88E30102B20D1B4F8C2505046E7
:10C3C000B4F8C0304FEA8B010135ED1AA5EB8B05AF
:10C3D00009F05FFFA0B1D4F8B830D4F8B42001332D
:10C3E0009B1A5B1A9D42A8BF1D4626B1F389043BE8
:10C3F0009D42B8BF1D46012D3FF794AC012592E444
:10C400002B46EFE74FF0010AAAE4012B09D195F87A
:10C410009130002B7FF433AD00212846FCF7DAFD84
:10C4200038E55FB1F80634D4390734D4BA0634D4C9
:10C43000BB0734D140F657213120D7E639B1B5F8E2
:10C44000C610B5F8C830994201D3222317E5002A57
:10C4500005DDB5F8CC20B5F8C8309A42F5D2B5F86C
:10C46000C420B5F8C2309A420AD295F89220B5F8A5
:10C47000C03052B1B5F8C2209A42CDD80823FEE4AC
:10C4800095F82031002BE0D1EFE7052BC4D93E23EE
:10C49000F5E41E23F3E43D23F1E42323EFE42A2310
:10C4A000EDE400BFD824002010050020180500206E
:10C4B000C8040020F7B5664D002601270446A86091
:10C4C0002F71AE812E702E77FF2380F8D331008834
:10C4D000FAF7EAF82088FAF713F9B4F8CA31E3B1A9
:10C4E00094F81631FE2B18D194F82031ABB194F8A2
:10C4F0009030073BBB4210D994F8213120463A4690
:10C500000221A4F8C46084F8183109F082FE0220E8
:10C5100084F8D261FEF7E0FE03E094F81601FE28ED
:10C52000F8D1B4F8CE1104F18007638E0139B4F864
:10C53000D021384689B2B1FBF3F31344A4F8D031CB
:10C54000B4F8C0300B44A4F8C03009F0A2FE20B10A
:10C55000D4F8B4300B44C4F8B430B4F8CA3100266F
:10C56000012B9CBF0133A4F8CA3109B184F8D7610B
:10C5700094F88F3084F8D261A3F10B02012A1DD800
:10C58000B4F88830B4F8A0229B1A19042FD404F20E
:10C59000A22104F1960008F0FEF884F88F60FF23D2
:10C5A00084F8CB30B4F8CE212146384608F03AF969
:10C5B00098B34FF41E613120F4F732F9262B16D1CF
:10C5C000B4F8A022B4F888309B1A1A040FD484F867
:10C5D0008F60FEF7ADFE014630B984F82C0103B040
:10C5E000BDE8F040FFF75EBA84F82C61DAE794F812
:10C5F0008E30262B01D0282BD4D1B4F88830B4F853
:10C60000A0229B1A1B04CDD4002384F88E30FEF7A1
:10C610008FFE01460028C5D1E1E70E4B0E4900937D
:10C620000E4A0F4B03C9F5F733FB296A19B195F888
:10C63000240001F063FA94F88F30123B0B2B04D8DE
:10C6400003B0BDE8F040F5F71BBB03B0F0BD00BF81
:10C65000D8240020A5BA0000DC2400206DB1000021
:10C6600031B10000D0F8A832C269934273B50446D4
:10C6700012D1D0F8AC62426AB61A18BF012694F8FB
:10C68000B422002A42D0208809F036FF30B940F6A3
:10C6900086413120F4F7C4F80126F0E7B4F8B0225F
:10C6A000638E9A421CD1B4F8B23282899B1A18BFA9
:10C6B000012394F88E50442D16D094F88F20442AEC
:10C6C00010D000250221204607F024FF002D44D081
:10C6D000002384F88E30032384F8923002B070BDBA
:10C6E0000123E6E73343ECD01D4B1B6813B940F63A
:10C6F0009141CEE7A5F144020021684601945542DC
:10C70000554101228DF800209847DBE7002ED8D054
:10C710002288A3F57A7104F5CE70A4F8A62141F21F
:10C72000707291420F4995BF4FF47A7240F2E24223
:10C73000B3FBF2F3B3FBF2F398BF03F550639BB284
:10C74000A4F8A831B4F8AC32A4F8AA31B4F8AE32E7
:10C75000A4F8AC3108F0D1FBB3E784F88F50BAE706
:10C7600000050020F553010008B5FAF72FFF024B32
:10C77000024A1A6008BD00BFB804002029B20000B8
:10C78000F7B501231F4E00273370CDE900776846C7
:10C79000F4F760FD0546E8B10023337003B0F0BD47
:10C7A00090F8F10102F03EFF94F8F10102F0E4FF8D
:10C7B00094F8F10184F8F05102F074FE10B940F2DF
:10C7C000C1111BE0202304F5E47084F8F131FBF77C
:10C7D00049FDDAE7009B002BD9D093F8F021002A1D
:10C7E000D5D018884FF6FF739842D5D02946F4F774
:10C7F000F7FC04460028D3D14FF4E9713520F4F753
:10C800000FF800BF00250020024B0022C3E90022E0
:10C81000FFF7B6BF00250020014B5870704700BFDE
:10C8200000250020014B1873704700BF68250020C9
:10C83000014B1870704700BFDA250020064B1B68BB
:10C84000D3F8000138B1D3F8040120B1D3F80801BE
:10C85000B0FA80F04009704714290020034B0022F1
:10C860001A705A7010229A70704700BFDC250020A1
:10C87000F8B50646022014460D4600F09FFA114B0B
:10C88000114A0127191D5C609A6002F1807203341D
:10C890002D011F70DC601D83C3E9042600222433B0
:10C8A00003F80A2C0D2203F8092C084A1268C2F872
:10C8B00030150749C2F80875C2F8383503C983E84E
:10C8C0000300F8BDDC2500200300000B1429002024
:10C8D000B87F040008B5022000F070FA0D4B012269
:10C8E0001A7000220C4B1B68C3F80021C3F8042106
:10C8F000C3F80821094AC3F88020094BC3F88C20EB
:10C90000084B1B68C3F88C210822074BC3F8042589
:10C9100008BD00BFDC250020142900200300008092
:10C92000003008502029002000200450154A08B586
:10C930001378FBB1144B19680023C1F880301349F8
:10C94000C1F88C3012490968C1F88C310821114BAB
:10C95000C3F80815FFF772FF88B101235370938E57
:10C96000FF2B03D9BA213B20F3F75AFFDBB29370B8
:10C97000002313700020BDE8084000F01FBA102308
:10C980005070F4E7DC250020142900200030085006
:10C99000202900200020045008B5022000F00EFAE3
:10C9A0000121064B00221970054B1B68C3F80021BA
:10C9B000C3F80421C3F80821196008BDDC25002054
:10C9C000142900200A4B1A786AB10A4B1B68D3F865
:10C9D000002152B1D3F8040140B1D3F80801B0FAF4
:10C9E00080F040097047587870470220704700BFB8
:10C9F000DC25002014290020064A08B513782BB145
:10CA0000FFF71CFF20B192F8340008BD9078FCE7D6
:10CA10001020FAE7DC2500200A4B02211A680023C7
:10CA2000C2F88030084AC2F88430084A1268C2F856
:10CA30008431074AC2F8081502F58022C2F8083589
:10CA4000704700BF1829002000300850202900201E
:10CA500000200450024B00221A809A70704700BFD9
:10CA6000142600202DE9F843064601200C46914685
:10CA700098469DF8207000F0A1F906F00301294BBB
:10CA800029481D6841EA084380F8048043F0807318
:10CA9000C5F80435FFF7C0FFE368A0F8069093FAE5
:10CAA00083FCA36819BA63681ABA2368C5F810C56D
:10CAB0001BBAC5F81415C5F81825C5F81C35E36967
:10CAC000A16993FA83FC09BAD4E9042E94F82040B2
:10CAD000130AC5F820C5003C4FEA026243EA0E6320
:10CAE000C5F8241518BF012412BA23F00043022F01
:10CAF00043EAC4731BBAC5F82835C5F82C250CD8F1
:10CB00000A4B022EC670DB5DC5F848354FF00103B5
:10CB1000437000D80370BDE8F88340F2E5113C2073
:10CB2000F3F77EFE1829002014260020C07F0400A1
:10CB3000304B5A782DE9F04704460D4622B94FF4A0
:10CB400007713C20F3F76CFE2B4A03F10C0E4F7873
:10CB500003F1140603F13C0CDFF8A0904FF00E082F
:10CB60001F811F8503F14C0A0437DD61C3F8209053
:10CB700083F82B80A3F8607092E80300C3E915499D
:10CB80008EE80300D2E9020186E80300E91C0026D2
:10CB9000596283F82A60D2E90401C3E90B668CE884
:10CBA0000300611C596416499964D2E90601E21C2C
:10CBB0008AE80300DA65012183F8626083F8638004
:10CBC000D8789970C3E91966AA78A2700D4A1268DC
:10CBD000C2F830E5C2F838C540B91B780BB9E3217B
:10CBE000AFE7C2F804011160BDE8F0871970C2F820
:10CBF0000461F8E714260020C47F04000100000D42
:10CC00000100000C18290020334B5A782DE9F0411F
:10CC100004460D4622B94FF412713C20F3F700FE92
:10CC20002E4A03F13C0C03F14C0603F10C07DFF82C
:10CC3000B080DFF8B0E0C3F848805D65C3F858E025
:10CC400092E80300C3E9094E8CE80300691C5964AB
:10CC5000D2E9080186E80300E91C0026D9652249CB
:10CC60009E6683F83260C3E91816D2E9040187E8AA
:10CC70000300611CC3E90518D2E90601E21C03F1B7
:10CC80001C08DA62DA881A860E2288E8030083F824
:10CC900033200121C3E90D66AA789970A270134A66
:10CCA0001B781268C2F830C5C2F8387513B940F263
:10CCB0000F11B2E70E4BC2F80461C2F880300D4A82
:10CCC000C2F884300C4A1268C2F8843102220B4B3D
:10CCD000C3F80425BDE8F08114260020C47F0400B9
:10CCE0000100000C0100000DE803000E18290020CF
:10CCF000010000800030085020290020002004504E
:10CD0000054808B503781BB1FFF786FE00230370C2
:10CD100000234370837008BD1426002008B5084B1B
:10CD20001B68D3F8042122B94FF422713C20F3F799
:10CD300077FDD3F80004003818BF012008BD00BFFC
:10CD400018290020024B01221B685A60704700BF5F
:10CD50001829002038B50A4D00242B68D3F8002587
:10CD6000032A04BF01225A60064A1268C2F800452D
:10CD7000C3F80045FFF7C4FF2B68C3F8804038BDF7
:10CD800014290020182900200A4BB3F90030002B89
:10CD90000DDB5A09012103F01F03994002F1200322
:10CDA000054A42F82310BFF34F8FBFF36F8FFFF791
:10CDB000D1BF00BF2C29002000E100E010B50446DF
:10CDC000FFF7C8FF012C06D0022C0AD044B18C21F9
:10CDD0003D20F3F725FD084B02221B68C3F8002510
:10CDE00010BD064B03221B68C3F8002502F1004268
:10CDF000C3F88020F4E700BF182900201429002080
:10CE0000024BD3F8A00300F00100704700C0FF0000
:10CE1000084BD3F8A423D3F8A833511C9BB203D1F9
:10CE20004FF6FF718B4203D0026083800120704770
:10CE30000020704700C0FF000B4B30B5D3F8905373
:10CE4000D3F89443D3F89813D3F89C2305EA04034A
:10CE50000B401340013317BF056000204460816020
:10CE60001CBFC260012030BD00C0FF000B4B30B5BD
:10CE7000D3F88053D3F88443D3F88813D3F88C23A2
:10CE800005EA04030B401340013317BF056000207F
:10CE9000446081601CBFC260012030BD00C0FF0043
:10CEA000074B0022C3F80022C3F81822C3F820223F
:10CEB000C3F80C22C3F81422C3F81C22704700BF29
:10CEC00000A0085010B50D4C01F03F01D4F8203EF1
:10CED00041F40C3123F4702341F4207143EA0243FE
:10CEE000074AC4F8203E536A23F0030318435062F4
:10CEF000C4F8000DC4F8101D10BD00BF00A00850FC
:10CF000088260020064B10B50024C3F87043224643
:10CF100021462046FFF7D6FF024B83F85C4010BD48
:10CF200000A0085088260020024B00221A809A7028
:10CF30001A71704788260020EFF3108272B60D4BED
:10CF400093F85D1021B19B78012B04D0022B0ED0F9
:10CF500002B962B6704710F0040FF9D1064B0021F8
:10CF6000C3F8401503F5A04301211961F0E710F063
:10CF7000020FF2E7882600200050085008B5114B38
:10CF800083F828000138104B072815D8DFE800F097
:10CF900004080A0C140E10120322C3F8002508BD61
:10CFA0000422FAE70622F8E70522F6E70022F4E772
:10CFB0000122F2E70F22F0E740F6DC613E20F3F7B2
:10CFC0002FFC00BF8826002000A00850002814BFB6
:10CFD0000223042307B58DF8043000238DF80630B2
:10CFE00002F0B6FB01284FF0FF3088BF00208DF81B
:10CFF000050001A804F0F2F920B140F682413E207C
:10D00000F3F70EFC04F002FA58B15723ADF80230E2
:10D01000BDF802309BB25A1E92B2ADF80220002B2E
:10D02000F6D1034B012283F85D2003B05DF804FBC9
:10D030008826002038B5144D0346084695F83D2053
:10D0400022B940F6B2113E20F3F7EAFB6BB9012A90
:10D05000AC6B95F83C1005D100F0B4FF20442B6B6D
:10D06000C01A38BD09F0B2FAF8E7012B0AD1012A3B
:10D07000AC6B95F83C1002D100F096FFEEE709F09A
:10D08000B0FAEBE70020EAE78826002008B5144B49
:10D0900093F84A30D90720D59A070ED5114BD3F80B
:10D0A000002442F00102C3F80024D3F8200500F068
:10D0B000F600023818BF012008BD5B070DD5094BEB
:10D0C000094AC3F80821A3F5A043D3F8403123B19E
:10D0D00040F28A713E20F3F7A3FB0120ECE700BF8A
:10D0E0008826002000A008500B00008007B50B4ADE
:10D0F00001AB92F9292000F0B5FF9DF8050001F081
:10D1000039F820B140F255713E20F3F789FB9DF9C3
:10D11000040000F0E5FE03B05DF804FB8826002063
:10D1200008B5134BDB8D952B21D970B9114B2831E4
:10D130001846D960104901F005F80130012816D9C8
:10D1400040F66D013E20F3F76BFB01280CD1094B33
:10D1500029311846D960084900F0FAFF013001284A
:10D1600005D940F67701EDE740F67B01EAE708BD17
:10D170008826002088000020EC7F040008B50E4BB4
:10D18000DA8D952A16D99B78012B09D100F0E6FF9C
:10D19000013001280ED940F604213E20F3F740FB70
:10D1A000022B07D100F0E0FF0130012802D940F640
:10D1B0000A21F2E708BD00BF882600200A4B40F490
:10D1C00009000A4A9B8D40F04000B3F5166F36BF48
:10D1D000A3F63813A3F5166343F48073C2F8083737
:10D1E000C2F84005704700BF8826002000A0085004
:10D1F00010B50C46FFF7C2FE2046FFF7DFFF0D4BD0
:10D20000D3F8002442F01002C3F800240A4A92F82E
:10D210002820082A0BBF4FF4817240F20312C3F892
:10D22000442EC3F8442E14BF40F25B62034AC3F895
:10D23000482E10BD00A008508826002021100100B3
:10D2400007B50DF1070004F0D5F820B140F6C5414F
:10D250003E20F3F7E5FA0D4A9DF807309278012A4F
:10D2600004D0022A0ED003B05DF804FB13F0040FC3
:10D27000F9D1074B0022C3F8402503F5A043012252
:10D280001A61F0E713F0020FF2E700BF88260020D2
:10D290000050085038B50C460546FFF76FFE204693
:10D2A0002146FFF78BFF2846FFF720FF0A4B93F834
:10D2B0002830082B094B0BBF4FF4817240F2031248
:10D2C000C3F8442EC3F8442E14BF40F25B62044AF4
:10D2D000C3F8482E38BD00BF8826002000A00850A3
:10D2E00021100100F8B507460C4616463C4DFFF7E5
:10D2F0006DFE002F3ED10123AB702B78012B22D184
:10D30000384B4FF47A7233F8163003F5FA73B3FBE7
:10D31000F2F3E41A2B6B344E1C44344BC6F84045F0
:10D32000C6F8C0312B78002B46D195F84A3043F02F
:10D33000020385F84A30FFF7A9FE0546002842D1CE
:10D3400000252846F8BD95F82A103046FFF7A2FFC1
:10D35000274B4FF47A7253F8263003F5FA73B3FB78
:10D36000F2F3E41A2B78002BD4D1224B1F4AC3F8D6
:10D370000021CFE7012F1AD10223AB702B78012BAC
:10D3800007D11C4AD2F8003443F01003C2F800342D
:10D39000C0E795F82A103046FFF72AFF2B78293C82
:10D3A000002BB7D1134B114AC3F80421B2E74FF455
:10D3B00013613E20F3F734FA012BBCD195F84A30C3
:10D3C00043F00403B5E70123F364D6F84C35A342D8
:10D3D000B6DA21463846FFF7A3FEFFF731FFB0E784
:10D3E00088260020B8800400005008500B00008000
:10D3F0009480040000A0085008B560220021034872
:10D4000009F07BFBBDE80840FFF78EBD88260020B1
:10D41000014BD885704700BF88260020024B03448B
:10D42000187D00F516607047EC7F0400014B93F8FF
:10D430003C007047882600200B4B0C4A93F83C10A8
:10D44000D3E90D3002EB8102C01AD36B126D184480
:10D45000074B53F8213003F2E7339B1A4FF47A72EB
:10D46000B3FBF2F31844704788260020EC7F0400D9
:10D4700080800400024B986B1B6BC01A704700BF82
:10D48000882600200A4B93F83C20D3E90C30C01AC0
:10D49000084B03EB8203DB6BC01A074B53F82230B7
:10D4A0004FF47A7203F2F313B3FBF2F3C01A70472E
:10D4B00088260020EC7F04008080040007B502F07D
:10D4C00075F9074B9A6D0092D3E9142302F0D9F94C
:10D4D0000146FFF7D7FF401A03B05DF804FB00BF19
:10D4E0008826002008B50F4B93F83C104A1ED2B294
:10D4F000032A04D940F2C6213E20F3F791F9D3E97B
:10D500000C30C01A084B03EB810103EB42034FF4CC
:10D510007A72C96BB3F86430401AB3FBF2F3184463
:10D5200008BD00BF88260020EC7F0400FF2810B54E
:10D5300004D940F2E5213E20F3F772F91F4B01397F
:10D54000A3F8480007292AD8DFE801F02C310404A9
:10D55000292C2C220024032201214FF0C74323430E
:10D5600040EA024043EA015340F0007043EA0123DD
:10D57000134943F00803C1F8203EC1F8280ED1F842
:10D58000203503F0F703032B17D14FF45671D2E780
:10D5900000224FF080644FF000731146DFE740F245
:10D5A0004131C8E70024032201212346D7E70024A4
:10D5B000032201214FF08073D1E710BD882600209F
:10D5C00000A0085008B50A4603460C490C48C1F8AB
:10D5D00070031878032804D040F2AD313E20F3F7F1
:10D5E0001FF9012A59780CBF08220022FFF76AFCB4
:10D5F000044B012283F85C2008BD00BF00A0085046
:10D6000006000080882600202DE9F041284F4FF4C5
:10D610008068C7F89080BFF34F8FBFF36F8F254DA1
:10D620000121254C0026C5F8A410FFF739FC03237F
:10D63000C5F8401E84F82810C5F800354FF40023C3
:10D64000C5F800341D4B187C00F0A6FD03F016FE53
:10D650001B4B1C4AC5F838331B4BC3F8C820013A92
:10D66000C3F8C42040F6FE72184BC5F81433184BAB
:10D67000C3F80425A687A66384F84A6002F0F7F889
:10D6800096232063E385D5F8003D84F85C606362EF
:10D690004FF48073C7F89081C5F88834236EC7F8BB
:10D6A000108003B19847BDE8F04100F03FBD00BFD6
:10D6B00000E100E000A0085088260020880000203B
:10D6C0000300008006000080005008500100008028
:10D6D00000200850014B83F829007047882600205D
:10D6E000020E034B0002C3F8342EC3F82C0E704711
:10D6F00000A00850044B054A034482F82A001B7D11
:10D7000003F5166393857047EC7F0400882600209C
:10D7100010B504460068FFF7E3FF094B6268C3F8E1
:10D720004C2E207AFFF7E6FF617A6089FFF7FEFE54
:10D73000607AFFF723FC227B024B83F8292010BD7F
:10D7400000A0085088260020F8B52C4C06460F464D
:10D7500094F84A30DB0704D440F6BE013E20F3F7CC
:10D760005FF8274DFFF732FCD5F8003443F0010392
:10D77000C5F8003494F84A3043F0020384F84A3084
:10D7800036BB012394F82A103846A370FFF782FDB8
:10D79000A378012B02D040F6CA01DFE7194AD3640F
:10D7A0002B60184B3046D3F84C552946FFF7B8FC90
:10D7B000FFF746FD236BED1AEEB9134B4FF47A7267
:10D7C00053F8273003F5FA73B3FBF2F35819F8BD99
:10D7D000012EE6D1022394F82A103846A370FFF7F1
:10D7E00007FDA378022B02D040F6D201B6E7054B25
:10D7F000DE646E60D5E705F12900E8E788260020A1
:10D8000000A00850005008509480040008B5FFF7AD
:10D8100069FD58B9064B0122C3F8400503F5A04342
:10D8200002201A61BDE80840F9F770BD08BD00BFCD
:10D830000050085073B5294B4FF48061284A4FF0CF
:10D84000FF30D3F88844C3F89004C2F890114FF425
:10D850000022244904F48074C3F800240022224EDC
:10D8600086F84A20C1F84025C3F80821C3F80021F2
:10D87000C3F80421D3F82015C9B2D1B18DF807003F
:10D88000C3F8202201221A619DF8072012B1D3F8B3
:10D8900020223AB19DF807305BB940F6F2113E20E4
:10D8A000F2F7BEFF9DF80720013AD2B28DF80720AB
:10D8B000EAE7FFF763FC094D0023C5F82032FFF7C4
:10D8C00033FB96F85C300BB1FFF71CFB1CB14FF437
:10D8D0008073C5F8883402B070BD00BF00A0085046
:10D8E00000E100E00050085088260020F8B5002232
:10D8F0002E4B2F4EC3F84825C3F84425C3F84025C6
:10D90000C3F84C25FFF796FF00F016FC96F85D3043
:10D910004BB103F069FD20B140F2FA513E20F2F71D
:10D920007FFF86F85D00002003F06AFD044610B119
:10D9300040F2FD51F2E71D4D1E4FC5F8C401C7F876
:10D940000801C7F80001C7F80401C5F8C800C5F808
:10D95000C40003F0ABFC184B40F6FE72C7F8384326
:10D96000C7F81443C5F8C041C3F808254FF48062D6
:10D97000124B3477C6E90D44C5F84845C5F844450F
:10D98000C5F84045C5F84C45C5F84841C5F844417F
:10D99000C5F84041C5F84C41C3F89020BFF34F8F04
:10D9A000BFF36F8FC3F89021F8BD00BF005008503F
:10D9B0008826002000A008500020085000E100E068
:10D9C000014BC3F84C0E704700A0085038B5044610
:10D9D000074803F015FD20B140F65A213E20F2F72A
:10D9E0001FFF044D94E80F0085E80F0038BD00BF0D
:10D9F00039CF0000EC26002008B50B4BC3F8D00E41
:10DA00000A4B93F84A20586442F0010283F84A20F6
:10DA1000FFF73CFB30B9FFF70DFF0320BDE80840DE
:10DA2000F9F774BC08BD00BF00A00850882600208C
:10DA3000094B10B5C3F8D00E084B93F84A20586430
:10DA400042F0010283F84A20FFF720FB044608B9A0
:10DA5000FFF7F0FE204610BD00A0085088260020E9
:10DA600008B5124B1A6B10449A6B824204D340F6ED
:10DA7000A8213E20F2F7D4FE012218621A770C4B3F
:10DA80005A64D3F844150531814206D303F5A04307
:10DA9000D3F80C1201B91A6108BD0022C3F8442161
:10DAA000044AC3F84405C3F8C421F5E788260020DA
:10DAB000005008500900008038B50E4C0222034681
:10DAC00094F83D502277012D94F83C1094F82820CA
:10DAD000E08D0BD100F082FA074A00232062C2F8E1
:10DAE0004431A36B0344C2F8443538BD00F090FACA
:10DAF000F2E700BF882600200050085040F00043A5
:10DB0000074AC2F80C320B600123064A03FA00F000
:10DB1000054BC3F80405136C03431364704700BF3F
:10DB200000A008508826002000200850044BC3F8AD
:10DB3000940ED3F8002442F04002C3F8002470474A
:10DB400000A00850054BD3F8002422F04002C3F88F
:10DB500000240022C3F8942E704700BF00A0085094
:10DB6000044BD3F8183703F07F035B4203700120A6
:10DB7000704700BF00A00850184B10B5DC8DD9705D
:10DB80004C2C8CBF002201221A70021E14BF0220EE
:10DB900001204C2C587011D893F82800884204D0EA
:10DBA00040F6D4313E20F2F73BFE012A0C4906D163
:10DBB000D1F8003443F00803C1F8003410BDD1F8A7
:10DBC000004444F00404C1F80044002AF6D193F85C
:10DBD0002A10BDE81040FFF789BA00BF8826002050
:10DBE00000A00850054B0022C3F84025044AD2F893
:10DBF0002035DBB20BB10123136170470050085090
:10DC000000A00850044B30B5D3E914459B6DC0E922
:10DC100000450B6030BD00BF882600202DE9F84F7D
:10DC2000944C0123944DB4F848B0EB64236BD5F8C1
:10DC30004C75FF1A01F01EFCA765C4E91401FFF73B
:10DC40009DFA8E4A0023C2F80831C2F80031C2F8AA
:10DC50000431D2F8001421F01D01C2F8001484F838
:10DC60004A30237F23B1D5F84431003B18BF01234C
:10DC7000A17801290AD1D2F81852002D3BD17F4B4F
:10DC8000D3F82032ABB145F0100512E0022930D1B3
:10DC90007A4AD2F81852D2F80C2E003D18BF01254E
:10DCA000D6074FEA450558BF45F00405EBB145F0EE
:10DCB0000105FFF7F5F8E806A27803D5012A08BFA9
:10DCC00045F020056C4B022AD3F84815A163D3F820
:10DCD000443584F83D20636394F8283019D163B942
:10DCE00040F267213E20F2F79BFD15F00B0FE0D1CB
:10DCF000C5E70025C3E70825DBE7DA1E012A08D8B7
:10DD00005E4BD3F81C3E13F006031AD0022B1AD137
:10DD100003234FF0010994F8018084F83C30B8F1F6
:10DD2000000F14D1FFF700F984F81C80002694F846
:10DD30005C300BB1FFF7E6F8E90756D5636E9847FC
:10DD40006AE00423E5E704234FF00009E3E715F058
:10DD5000110F0ED1B8F1010A2379267818BF4FF0C0
:10DD6000010A012B1FD0022B30D02BB14FF444619C
:10DD7000B8E7FFF75FFDD9E7E18D5046FFF75AF9A5
:10DD80000146FFF7D1F8012E2AD1B8F1010F14BFD7
:10DD9000272333231F448F421DD90220F9F7B6FAF7
:10DDA000364B1E61C3E73648FFF7B2FC94F83D30AE
:10DDB00013B940F6B50195E7012B04D1FFF792FBAB
:10DDC000A369C118DDE7FFF75DFBF9E72C48FFF712
:10DDD0009FFCA169D5E7284B00222670C3F840219B
:10DDE000E2785046FFF712FDA0E7AA0727D5636C3B
:10DDF0005B785B4588BF45F00405B9F1000F02D19F
:10DE000045F004050126C5F38000A36E314680F07D
:10DE1000010000F001009847A378022B0DD1237F69
:10DE20005BB1022B144A19D1A36B216A0B44C2F8CF
:10DE30004435114B134AC3F8C421BDE8F88F15F0DF
:10DE4000280F05F0200105D0B1FA81F1E36E3046CC
:10DE50004909E0E7EB06DFD5236F70E7012B02D01D
:10DE600040F69F513EE7236AA16B8B42DFD84FF407
:10DE70005A6137E7882600200050085000A008505B
:10DE80009026002009000080024B03EB8003D86B32
:10DE9000704700BFEC7F0400024B03EB8003186D5A
:10DEA000704700BFEC7F0400F8B501230D464778AA
:10DEB00001464370044628461646FEF739FE074BD6
:10DEC0001A68D2F80431002BFBD0677016B9EB78D2
:10DED000A370AB707B1E58425841F8BD1829002032
:10DEE0002E3008B5362854D8DFE800F0505353538D
:10DEF00053534D53535353535353535353534B5300
:10DF0000535353535853585349534753455343530B
:10DF1000413F3D3B39373533312F2D2B29272523E1
:10DF2000215A1C003F231F4AC2F8103708BD332373
:10DF3000F9E72D23F7E72823F5E72323F3E71F234A
:10DF4000F1E71B23EFE71823EDE71523EBE7132396
:10DF5000E9E71123E7E70F23E5E70D23E3E70B23C9
:10DF6000E1E70A23DFE70923DDE70823DBE70723EF
:10DF7000D9E70623D7E70523D5E70423D3E703230F
:10DF8000D1E70123CFE74FF49873CCE74FF48873C0
:10DF9000C9E74FF486713F20F2F742FC0223C2E743
:10DFA0003923C0E700A00850054B4FF47A720238BD
:10DFB00033F8113003F2E733B3FBF2F31844704740
:10DFC0006C800400044B4FF47A7233F81130B3FBC9
:10DFD000F2F30133184470476C80040038B51D46D5
:10DFE0000A4B33F8114003EB820305355B691C448F
:10DFF0004FF47A7304F6B73403FB00441046B4FBC5
:10E00000F3F42544FFF740FF284438BD6C8004003A
:10E0100070B5064608461546FFF73EFF094B03EB71
:10E0200085035C694FF47A7304F6B73403FB064446
:10E03000241A2846B4FBF3F4FFF726FF05302044EA
:10E0400070BD00BF6C800400014B1860704700BFBA
:10E05000FC260020024B1868003818BF01207047CA
:10E06000FC2600202DE9F04F254C85B0054698464A
:10E070000F46164601F0C4FE23788146AB4211D10B
:10E080006378BB420ED194F90230B3420AD1E378EF
:10E09000834207D1A388A8F8003094F9060005B0A0
:10E0A000BDE8F08F082D1CD18DF80F6028469DF932
:10E0B0000FB008F0A4FA82463846FFF7AFF9002205
:10E0C0000346414600925846524600F059F8B8F8C7
:10E0D0000030A071A38025706770A67084F803904B
:10E0E000DBE7284608F08BFA0DF10F03324639467C
:10E0F00001F08CFE0028D9D04121A920F2F790FB35
:10E100009C000020014B1860998070472027002058
:10E11000024BD86019745A82704700BF4C27002008
:10E12000014B1B681B6818471C050020014B1B682E
:10E130005B6818471C050020014B1B689B6818474B
:10E140001C050020014B1B681B6918471C0500209B
:10E15000014B1B685B6918471C050020014B1B68BD
:10E160009B6918471C050020014B1B68DB69184799
:10E170001C050020014B1B689B6A18471C050020EA
:10E1800030B4044C9DF8085024680295E468A44615
:10E1900030BC60471C05002000220D49134610B515
:10E1A00040FA02F4E40744BFCA545C1C02F10102C5
:10E1B00048BFE3B2042AF3D1054AFF24D118032B48
:10E1C00001D9107110BD013301F8014BDBB2F6E744
:10E1D000782F002008B5074801F05AF8054800F0EC
:10E1E0003FF801F009FD01F003FC00F0A7FB01205E
:10E1F00008BD00BF7429002008B501F025F801F022
:10E20000D1FC01F019FCBDE8084000F0B3BB01F0FF
:10E2100035BD01F06FB810B5EFF3108472B601F0A0
:10E2200069F804B962B610BD01F076B801F08EBD90
:10E2300001F044BD01F054BD01F054BD01F058BDE2
:10E2400001F07ABD08B5054B1A781AB127210320D1
:10E2500002F0F4FD5860197008BD00BF7C29002051
:10E26000024B986000221A705A6070477C29002087
:10E27000F7B51E4C2378012BDAB204D0022A2ED037
:10E28000012003B0F0BD0DF10701606800F07EFBD6
:10E2900065686B7DDB071CD5AB7F042B19D001F0C3
:10E2A00083F80646A8B101F085F82B69D5E9002767
:10E2B0009A18B36847F100070A332CBF01250025DF
:10E2C0001B1845EB01059342BD4102D3606800F085
:10E2D0002DFC0023636023709DF80700D1E70DF14A
:10E2E0000701606800F05CFBF3E700BF7C290020B9
:10E2F00010B5837F8BB9034601F1180251F8044B26
:10E30000914243F8044BF9D1012484772146FFF769
:10E3100099FF00F0E1FF204610BD0020FCE773B537
:10E3200005460C4601F040F80646AB7F012B1AD09B
:10E3300021462B4604F1180251F8040B914243F890
:10E34000040BF9D101230DF107012846AB7700F04A
:10E350001DFB16B1012002B070BD044B042198686A
:10E3600008F095FAF6E70020F5E700BF7C290020C9
:10E3700010B5FFF7D4FF044620B1034B062198687F
:10E3800008F085FA204610BD7C290020024B0621AA
:10E39000986808F07CBA00BF7C29002010B5EFF324
:10E3A000108472B601F000F818B9C921032002F0F8
:10E3B00045FDFFF7EBFF04B962B610BD10B504468A
:10E3C0000221FFF73FFF00F087FFA07FB0FA80F047
:10E3D000400910BD38B50446A37F03B938BDA37FFB
:10E3E000032B02D0A37F042B0FD1EFF3108572B65D
:10E3F000204600F0F0FA05B962B6A37F002BEDD0FD
:10E4000040F20D11032002F019FDA37F012B02D170
:10E410004FF48971F6E708F0D8FADDE710B5044645
:10E42000FFF7CCFF20B92046BDE81040FFF7D2BF70
:10E4300010BD13B50DF1070100F0B2FA044600F06B
:10E44000B3FF20B940F22F11032002F0F7FC204661
:10E4500002B010BDF8B504460F4600F0ABFF002532
:10E46000A4682418384641F100062246334600F0DD
:10E4700001FBA04271EB060309D3001B6FF00103FF
:10E4800061EB0601834275EB010102D3F8BD28461A
:10E49000FCE74FF0FF30F9E710B5EFF3108472B6E8
:10E4A000FFF7D8FF04B962B610BD2DE9F0418568C9
:10E4B0001746002306464A190C465B4113B100205B
:10E4C000BDE8F08100F076FF2A18384641F10003DC
:10E4D00014EB020843F1000500F0CCFA4045A941D5
:10E4E000EDD301F0CBFB00F075FAB368012037756E
:10E4F0002344B360E4E710B5EFF3108472B6FFF77E
:10E50000D4FF04B962B610BD837F012B01D100F0A6
:10E510008DBB00207047D0E900017047006970474B
:10E5200000F048BF10B5EFF3108472B600F042FF60
:10E5300004B962B610BD80687047007D7047F8B5B9
:10E540000369044623B140F2D511032002F076FCA2
:10E5500001F094FB05460E4602F056F970B364359F
:10E56000D4E9003246F10001AB4272EB010001D266
:10E570002B460A46C4E90032EFF3108572B600F06C
:10E5800013FF064698B100F015FFB3680B332CBF9C
:10E59000012200221B18D4E9006042EB0101B342C2
:10E5A00071EB00023CBF33460146C4E9003105B9B6
:10E5B00062B62046BDE8F84000F0D2BA02F044F955
:10E5C000074600F00DFFB84238BF3846963546F191
:10E5D00000024319D4E9000142F10002834272EBC8
:10E5E0000105C7D20346C4E7042300F1180283776C
:10E5F0000023037643768376C376044B196811B9FA
:10E600001A605A60704759680A60FAE78829002042
:10E610002DE9F843DFF86C80002406460F46D8F851
:10E620000830204633B950B3174B1878BDE8F8438B
:10E6300002F0ACBD53E90612D3F80090B14272EB80
:10E6400007051AD253F8085C6D1842F10002B54272
:10E65000BA4112D24CB1226812682260A3F11800AC
:10E66000FFF7C2FF01204B46DCE7D8F80820002A5C
:10E67000F4D01268C8F80820F0E71C46F3E7BDE8BC
:10E68000F88300BF88290020650500202DE9F047A8
:10E69000304B4FF0000E05469446C2F800E09868F3
:10E6A000002855D018380746BA69002A50D0D0E95A
:10E6B000009352E906684E4578EB030403D2BF216C
:10E6C0009F2002F0BBFBA94573EB01040BD2046948
:10E6D00014EB090443F10003A542A14671EB0304C6
:10E6E0003CBFA9460B46AE4278EB01040BD252F870
:10E6F000084CA41948F10008A542264671EB08040D
:10E700003CBF2E46884684680A344EF1000A14EB5A
:10E71000090443EB0A03A64278EB030318D2047DF5
:10E7200012F8043C9C420DD08CBF012300232BB176
:10E7300007F11803A2F11800CCF80030BF693FB10F
:10E74000183FB1E79388848B1B1BC3F3C033EEE7FC
:10E75000BDE8F087882900202DE9F04F85B082833D
:10E760004E4A04460091D2F808C094F81580D0E9CA
:10E770000030BCF1000F40D0ACF11801002708F0C8
:10E780000109D1E90026934270EB06056DD3B9F17A
:10E79000000F2CD0277D0D7DAF4228D38D68AD189A
:10E7A00046F1000615F10A0A46F1000E534570EBDA
:10E7B0000E0219D22269D21840F1000792457EEB71
:10E7C000070B01D252467746AA42B7410FD22046E4
:10E7D0000024FFF709FF324B187802F0D7FC009BAA
:10E7E0001C7005B0BDE8F08F1A460746ECE78A6951
:10E7F0000F4622B1A2F11801C3E76246674618F03E
:10E80000010F37D0A168C91840F1000B01918AB3FC
:10E81000019DD2E9001615F10A0E4BF100058E4557
:10E82000B54127D394F814E0157DAE4519D395680A
:10E830006D1846F1000615F10A0946F100084B452E
:10E8400070EB080113D22169C91840F1000E894507
:10E8500078EB0E0A01D24946C646A9427EEB060E67
:10E86000B5D3926932B1183AD2E70A46C7E71946DA
:10E870008646F2E704F118035FB1BA69A261BB6191
:10E8800003AA00200021FFF701FF231A5C425C412C
:10E89000A5E7024AC4F818C09360F1E78829002070
:10E8A00065050020F8B5244C0023E360EFF31082E7
:10E8B00072B621686360E160236002B962B6002627
:10E8C000E36803B9F8BD9A79A3F11800032A07D1C8
:10E8D0001A6801219E7153F80C3CE2609847EFE7FB
:10E8E000196851B1A1F11803074600229D7F042D3C
:10E8F00009D09B7F032B02D1B2B9E16017E06321FD
:10E900009F2002F09BFAB0F81CC09D8BA5EB0C0574
:10E910002D049D6944BF07F118021846002DEBD065
:10E920001F46A5F11803E1E713681B681360C3686D
:10E9300002218677D2E700BF8829002010B50A4C53
:10E940002378FF2B04D04FF484719F2002F076FAD5
:10E95000064802F0F1FB064B002220709A601A6014
:10E960005A601A8210BD00BF65050020A5E80000AE
:10E970008829002010B5044C2078FF2803D002F02D
:10E98000F5FBFF23237010BD65050020034B1A8A99
:10E9900010B4541C1C8210BCDEE600BF8829002085
:10E9A00037B504460D4601AA00210020FFF76EFE90
:10E9B000231A04F11801584258412870044807F0FE
:10E9C0008CFF10B100230120A37703B030BD00BF3E
:10E9D000902900201CE638B5114B044600F11801BF
:10E9E0001A68B2B11A6800209AB191420ED108B1EA
:10E9F000A56905601D68A94204BF12681A605A68BB
:10EA0000914200D158600023A37707E010461268B6
:10EA1000EAE7044807F061FF0028F4D138BD00BFE1
:10EA2000882900209429002037B505460C46FFF7B9
:10EA3000EFFD01AA28462146FFF728FE28B100F184
:10EA40001803034A536103B030BD0346F9E700BF22
:10EA50008829002010B5064C616904F1080007F010
:10EA60003CFF18B1606900231838636110BD00BF16
:10EA7000882900209C46144BF0B59D68FDB115F81F
:10EA8000043C183D834218D812F10A04D5E9003637
:10EA90004CF10001A34276EB01070BD22F69FF185E
:10EAA00046F10006A7428E4107D3B4F10A0041F1B6
:10EAB000FF31F0BD1C463146F7E7AD69DEE74FF0A8
:10EAC000FF300146F5E700BF8829002008B5837FA5
:10EAD000022B1CD1437D13F0020302D00023837765
:10EAE00008BD0322037643768376C3760D4B827787
:10EAF00000F11802196839B91A605A600A4B18787F
:10EB0000BDE8084002F042BB59680A60F5E7837F20
:10EB1000012BE5D0837F042BE2D04FF4FB719F20C3
:10EB200002F08CF9882900206505002010B500F15D
:10EB300018010446084807F0D0FE20B94FF40071D0
:10EB40009F2002F07BF92046FFF74EFD034BBDE806
:10EB50001040187802F01ABB9029002065050020AB
:10EB60002DE9F74FD0F810E0BEF1000F04D040F2CD
:10EB70001F219F2002F062F9836890F814800193AE
:10EB8000D0E90014EFF3108972B6274BB3F810C028
:10EB90009B686BB1019D183B0A35D3E900264EF105
:10EBA000000A6D1844EB0A0A95427AEB060707D271
:10EBB000B9F1000F35D0C0E9001403B0BDE8F08F03
:10EBC0008A4276EB04070CD31F69BF1846F1000B8D
:10EBD000AF427BEB0A0B34BF0125002575B99B6959
:10EBE000D7E712F10A0A9D6846F1000715EB0A05FE
:10EBF00047F10007A94274EB0707ECE71D7DA84524
:10EC000009D0ECD912F10A019D6846F10004691897
:10EC100044F10004E3E79D8BA5EB0C052D04DED544
:10EC2000F0E762B6C7E700BF88290020F7B50C46B9
:10EC30000DF107010646878BFFF7B2FE20B940F2BF
:10EC40004A219F2002F0FAF80FCC35460FC594E810
:10EC500003003A4685E8030030460DF10701FFF74F
:10EC60007BFD012003B0F0BD034B187800F0FD00E0
:10EC7000431E584258417047A029002038B5FFF77D
:10EC8000E9FE002580B1094CC4E90105E56000F00A
:10EC9000E7FE6068022329468377C3689847D4E972
:10ECA0000401FFF797FE012038BD00BFA029002016
:10ECB000024B0521986907F0EABD00BFA02900209A
:10ECC000042938B5054613D005D80239012915D9CC
:10ECD00040F2C91109E00529FAD1FFF7C5FF10B1CB
:10ECE000114C607F60B140F2BF11B02002F0A6F875
:10ECF000FFF7BEFA10B10C4B01221A77002012E088
:10ED0000236A98470123206B6377084AD4E90A31C4
:10ED1000323B41F1FF31181841F1000100F07EFF54
:10ED2000034B02202B6038BDA0290020B1EC00006D
:10ED300069F00000064B586810B520B940F28D21EB
:10ED4000B02002F07BF8C3680621BDE810401847E8
:10ED5000A02900202DE9F84F2B4D81466B7F2E6BAB
:10ED6000002B3AD1FFF780FF074618B1AB8E9E42C9
:10ED700038BF1E4600F082FF044680198B4641F1E1
:10ED80000001FFF751FE68B3D0E9008AB0457AF17F
:10ED9000000324D3B8EB06006AF100018442234645
:10EDA0005A467BEB01043CBF03460A469B1942F1DD
:10EDB0000002C5E90432154A00F030FF40465146D2
:10EDC00000F08EFEEFB1A98E114B124A8E4218BF91
:10EDD0001346C9F80030BDE8F88F0027CAE70020C5
:10EDE0000146DBE76B7F33B12B78023B012B02D866
:10EDF0002B6A0120984700236B7700F072FE064BC8
:10EE0000E7E7044BE5E700BFA0290020B1EC0000D4
:10EE1000E3EE00001DEE0000B5EE0000042938B559
:10EE2000044624D007D80239012938D940F26B11A1
:10EE3000B02002F003F80529F8D100F053FE194D77
:10EE400001F0D6FCFFF710FFD8B16B7FCBB900F013
:10EE500015FFAA8E2B6B9B1A134AC5E90A011818D5
:10EE600041F1000100F0DAFE104B236007E0FFF7EC
:10EE7000FFF9A0B100F0F2FE2046FFF76BFF022081
:10EE800038BD00F0FBFE2B6B074A323B65EB0505F6
:10EE9000181845EB010100F0C1FE054BE5E7002025
:10EEA000EEE700BFA0290020B1EC0000C1EC00009B
:10EEB00069F00000032910B5044606D801290ED8D0
:10EEC00040F21711B02001F0B9FF0429F8D1FFF783
:10EED000CFF920B12046FFF73DFF022010BD0020F2
:10EEE000FCE7042938B5054613D005D802390129B5
:10EEF00029D940F23B1109E00529FAD1FFF7B4FE08
:10EF000010B1124C607F70B140F23311B02001F0AB
:10EF100095FFFFF7ADF9B0B100F0A0FE2846FFF76E
:10EF200019FF022038BD236A98470123084A6377F6
:10EF3000236BD4E90401C01A61F1000100F06EFEF8
:10EF4000044B2B60EDE70020ECE700BFA029002078
:10EF5000B1EC00001DEE00002DE9F04780468A4626
:10EF600091463A4C002B5ED0D3E90056854276EBB1
:10EF700001033CBF0E46054631462846C4E9045607
:10EF800000F0AEFDA38EB5EB080803F1640366EB59
:10EF90000A0A43454FF0000373EB0A0321DA637F4B
:10EFA00043B12378023B012B02D8236A0120984702
:10EFB00000236377FFF758FE0746236B03F5E173E1
:10EFC00098457AF1000A15DA6FB1A08E204A281A06
:10EFD00066F1000100F022FE1E4BC9F80030BDE8CA
:10EFE000F0870027E9E71A4A2846314600F016FE66
:10EFF000194BF2E700F077FD01F000FCA38E206BC7
:10F000004FB1834207D9E81A114A66F1000100F0B6
:10F0100005FE124BE1E7281A0D4A66F1000100F0E7
:10F02000FDFD0F4BD9E7637F33B12378023B012B02
:10F0300002D8236A012098470023637700F053FD2C
:10F0400001F0DCFB00F04DFD064BC6E7A0290020D7
:10F05000B1EC0000F9F0000079F10000E3EE0000EF
:10F060001DEE0000B5EE0000023970B5044603291C
:10F0700038D8DFE801F00502070E1D4B00221A7791
:10F08000002012E0FFF7F4F80028F9D0184B012215
:10F09000F5E700F029FDB0B1154B1B7F33B9FFF741
:10F0A000EDFD18B1134B2360022070BD00F0E6FDAA
:10F0B00006460D46FFF7B8FC224603462946304671
:10F0C000FFF74AFFF0E700200021FFF7ADFC08B191
:10F0D000FFF72CFD00F007FD01F090FB2046FFF745
:10F0E00039FEE1E740F2A511B02001F0A7FE00BF14
:10F0F000A0290020D1F10000042970B5044613D0E6
:10F1000005D8023901292ED94FF40F7109E00529DC
:10F11000FAD1FFF7A9FD10B1144D687FB8B14FF4D3
:10F120000D71B02001F08AFEFFF7A2F8D8B100F00F
:10F1300095FD00F0A3FD06460D46FFF775FC22463F
:10F14000034629463046FFF707FF022070BD2B6AB1
:10F1500098470123064A6B77D5E9040100F05EFD6C
:10F16000044B2360F1E70020F0E700BFA029002056
:10F17000B1EC000079F10000042970B5044611D00B
:10F1800007D8023901291FD940F21721B02001F018
:10F1900055FE0529F8D1FFF771FD40B10B4B2360F7
:10F1A000022070BDFFF764F870B100F057FD00F069
:10F1B00065FD06460D46FFF737FC22460346294605
:10F1C0003046FFF7C9FEEBE70020EAE7D1F1000087
:10F1D00002392DE9F041064604292ED8DFE801F076
:10F1E00003090B2D0E00174A1378003B18BF0123AB
:10F1F000537700201FE0FFF73BF8FAE7DFF8448081
:10F2000000F044FC00F03AFD0C460546FFF70CFC0C
:10F210000746D8F80400FFF759FC002300222846CF
:10F22000C8F8043000232146C8E904233B4632468F
:10F23000FFF792FE0220BDE8F08140F2EF11B0200E
:10F2400001F0FCFDA029002010B5EFF3108472B688
:10F250000B4B0C4A9B691B6893420DD00A4A9342A0
:10F260000AD00A4A934207D000F03DFC01F0C6FAEA
:10F2700000F037FC00F0F2FC04B962B610BD00BF2C
:10F28000A0290020B5EE0000E3EE00001DEE000016
:10F29000054B10B5054C03600023A061237001F0FD
:10F2A000D3FA3230206310BDB5EE0000A029002053
:10F2B00008B5074B9A691168064A914204D040F29A
:10F2C0007221B02001F0BAFD3230186308BD00BFD2
:10F2D000A0290020B5EE000010B5EFF3108472B63F
:10F2E000034B0421986907F0D2FA04B962B610BD45
:10F2F000A029002008B5064B5B6823B940F2932192
:10F30000B02001F09BFD034ABDE8084000F086BC38
:10F31000A029002035ED000008B5064B5B6823B935
:10F3200040F29921B02001F089FDBDE8084000F0CD
:10F3300095BC00BFA029002008B5054B5A6822B92A
:10F3400040F29F21B02001F079FD986008BD00BF18
:10F35000A029002008B5054B5A6822B940F2A52122
:10F36000B02001F06BFDD86008BD00BFA0290020CF
:10F37000054BDB6810B523B940F2AB21B02001F09A
:10F380005DFDBDE810401847A0290020054B9B6893
:10F3900010B523B940F2B121B02001F04FFDBDE816
:10F3A00010401847A0290020014B5868704700BF43
:10F3B000A029002008B5054B5A6822B94FF42F71D7
:10F3C000B02001F03BFDD3E9040108BDA0290020D5
:10F3D000024B323118701A6299867047A0290020BA
:10F3E00008B5FFF741FC08B1014B988E08BD00BF7E
:10F3F000A02900200028ADBF00F1604000F00F0000
:10F40000044B00F56140B4BF185C90F8000340095C
:10F41000704700BF14ED00E0064B1B6810B51BB928
:10F420007621452001F00AFD1A6A0521586ABDE8D7
:10F4300010401047D8290020064B1B6810B51BB997
:10F440007021452001F0FAFC1A6A0421586ABDE8CF
:10F4500010401047D8290020FFF76EBFFFF77ABF92
:10F46000034800214022C0E90011083007F045BBE5
:10F47000D8290020FEF7CBBE704708B5074B1A68A5
:10F480001AB9C121452001F0D9FC0549D1600022FB
:10F49000C3E90022BDE80840FEF778BFD829002064
:10F4A000D1F700001F2801D900207047044B03EB5F
:10F4B0004000037A002BF7D000230372012070472D
:10F4C000D8290020F8B50E4A0C46002302EB43066B
:10F4D000357A05F0FF0175B9DDB2FF2737722826AE
:10F4E00073431A44C2E91A0406482022184407F05C
:10F4F00004FB2846F8BD0133202BE7D11D46F8E771
:10F50000D8290020202A00201F2810B501D900206A
:10F5100010BD064B03EB4004247A002CF7D02824BE
:10F5200004FB0030C0E91A120120F1E7D8290020BD
:10F5300030B587B00C46054618220021684607F012
:10F54000DCFA237853BBD4E904310A3B6268207AA1
:10F5500041F1FF310A328DF8140002929DF8152016
:10F56000154822F003020390CDE90031637A694621
:10F57000C3F340035B0043F0010313438DF81530E0
:10F580000E4B5868C0F3080088B11038FFF732FFFF
:10F5900068B92846FEF7C3FE07B030BDFEF737FE58
:10F5A000226910F10A03049241F10001CDE72846D7
:10F5B000FEF79EFEF0E700BFD1F7000000ED00E08F
:10F5C0001F2830B411D80A4A02EB4004257A65B1ED
:10F5D0004B7A4832C3F3800383F00103637228231C
:10F5E00030BC03FB0020FFF7A3BF002030BC7047F6
:10F5F000D829002008B50A4B02465868C0F3080015
:10F6000040B11038FFF7F6FE20B91046BDE80840BB
:10F61000FEF70FBF1046BDE80840FEF7CFBE00BFA3
:10F6200000ED00E0024B282202FB0030FFF7E2BFB2
:10F63000202A002010B5037886B0044623B14FF489
:10F64000AA71452001F0FAFB05934168CDE9033327
:10F65000D0E90432007A0A310A3B8DF8140068467A
:10F6600042F1FF320291CDE90032FEF768FF009BC4
:10F67000019A01200A3342F10002C4E9043206B0C3
:10F6800010BD4FF4BA71452008B501F0D7FB08B59D
:10F69000094B0A46596821B940F27911452001F019
:10F6A000CDFB01461868FEF700FF18B1FEF7BCFD60
:10F6B000002008BD0220FCE7D8290020194B70B5B6
:10F6C0000446586886B0C0F3080010B9002006B0A0
:10F6D00070BD1038FFF78EFE03460028F6D1C3F345
:10F6E00007230E7A4D6823F003030A35CDE90400A1
:10F6F000D1E904208DF814600A3A0B4E029540F1CE
:10F70000FF300396CDE900204A7A20466946C2F3CD
:10F710004002520042F0010213438DF81530FEF70B
:10F72000F3FED4E700ED00E0D1F700001F280AD86F
:10F73000064B03EB4002127A2AB14833282202FB1F
:10F740000030FFF7BBBF0020704700BFD829002062
:10F75000034B5A6812B11868FEF7EFBE02207047DB
:10F76000D8290020024B01461868FEF773BE00BF7F
:10F77000D8290020FEF72EBE1F2808B504D940F274
:10F78000E511452001F05AFB074B03EB4002127ACA
:10F7900012B94FF4F371F4E74833282202FB00302A
:10F7A000BDE80840FEF716BED829002008B5074B73
:10F7B0005B6823B94FF4F671452001F03FFBFEF77B
:10F7C000AFFE0A3041F1000108BD00BFD82900207A
:10F7D0002DE9F0411C4F05461C4B0E4607F148042D
:10F7E000041BE4105C43E4B2620007EB4404237A98
:10F7F00019BB3B681BB18E21452001F01FFB7B68C4
:10F800000BB18F21F8E707F108031344C7E90003A0
:10F810000F48FFF791FD0F48FFF79CFDFFF7C6FF6C
:10F82000637A80464BB1FEF701FDA8EB0000C7F8F4
:10F83000480500F035FA0028FBD02B6A3146686A8B
:10F84000BDE8F041184700BFD8290020CDCCCCCC72
:10F8500039F4000019F4000010B50446FFF7A6FFC4
:10F86000201841F10001FEF7D4FC012010BD024B2D
:10F87000D3F84805704700BFD8290020FEF7DABC4E
:10F880007047FEF7D5BCFEF7D7BCFEF7D7BC08B56E
:10F89000FFF79EFD002008BD70B50B7886B023B140
:10F8A00040F23121452001F0C9FA05930E7A4D68E6
:10F8B000049228228DF814600A35124E02950396A0
:10F8C000D1E904340A3B44F1FF34CDE900344B7AEA
:10F8D0004FF00001C3F34004C3F3800364F341011C
:10F8E00083F001038DF81510074901EB40046372A2
:10F8F00001F14803694602FB0030FEF7F9FC06B04F
:10F9000070BD00BFD1F70000D82900207FB5FEF7F9
:10F910007EFC002305930B4B039340F21E230293BE
:10F920004FF0FF33CDE90001694607480493FEF725
:10F93000F6FC18B9CB21432001F080FA07B05DF83E
:10F9400004FB00BF4DF90000282F002038B5062920
:10F9500037D8DFE801F0043833363636170006F0C2
:10F96000B4FEFEF7DDFD044617480D46FEF7E3FD45
:10F970001E3C45F1FF312018BDE8384041F100013F
:10F98000FEF747BC00F040FF38B10F4B002283F870
:10F990002020BDE83840FEF7F9BC06F098FE08B913
:10F9A00006F093FE00224FF400710748FEF77DFD3C
:10F9B0000028D6D1EA21432001F040FABDE83840C2
:10F9C000A4E7F921F7E738BD282F002010B5074C30
:10F9D00094F8203043B900F017FF28B9012384F8C8
:10F9E0002030BDE8104091E710BD00BF282F002057
:10F9F0004FF000430D4A0E480021C2F88030A2F5B6
:10FA00008022C2F88031012302F57832C2F8043531
:10FA1000A2F58022C2F804352022064B80F820107F
:10FA20001B68D3F81835436207F067B800400C50E4
:10FA3000282F0020242900200023084AC2F8803003
:10FA4000A2F58022C2F88031012302F57832C2F893
:10FA50000835A2F58022C2F80835704700400C50E6
:10FA600008B524F01FF9074AD2F8583743F00103CC
:10FA7000C2F858370122044B1B68C3F81825BDE8AB
:10FA80000840A3E700200E502429002008B524F0E8
:10FA90000FF90E4AD2F8583723F00103C2F858374D
:10FAA0000B4B0C4A1B68526AC3F8182501220A4BFB
:10FAB0005A604FF0FF32C3F808232022074BC3F8E7
:10FAC0009021BDE8084000F0C9B800BF00200E50EA
:10FAD00024290020282F00200050085000E100E0D9
:10FAE000704770477047704708B500F08DFEB0B999
:10FAF0000D4BD3F800314BB90C4A936A0133312BCB
:10FB000093620BD99C21432001F098F906F0DFFDA8
:10FB100008B1A021F7E706F0D6FD012008BD034B90
:10FB200000229A62F9E700BF00E01050282F002061
:10FB30004CE700BF1848202208B5C0F89020BFF35A
:10FB40004F8FBFF36F8F154BC0F89021D3F804157A
:10FB500021F00301C3F80415D3F8081541F003019F
:10FB6000C3F8081592FAA2F1B1FA81F1092904DD6E
:10FB70004FF473710A4801F057F9C3F810150121C9
:10FB80005960D9604FF00041C3F880104FF0FF3149
:10FB9000C3F80813026108BD00E100E000500850FE
:10FBA000FCFD0400124B4FF4E062C3F8382300223E
:10FBB000C3F8AC25C3F8BC25C3F8CC25C3F8202175
:10FBC000C3F82421C3F8282120220A4BC3F89C2122
:10FBD000C3F89C20BFF34F8FBFF36F8FC3F8902003
:10FBE000BFF34F8FBFF36F8FC3F89021704700BFF3
:10FBF00000200E5000E100E008B5FFF7D3FF054BF1
:10FC00004FF4A062C3F834232022034BC3F89C2195
:10FC1000DA6108BD00200E5000E100E00C4B10B589
:10FC20001C681CB14B21042001F008F9B1F5801FBC
:10FC30001A6004D340F2E141064801F0F5F8064BA2
:10FC40000122C3F8A005C3F8A415C3F8AC2510BD64
:10FC5000582F0020FCFD040000200E50054A1368B8
:10FC600033B100230449C1F8AC35C1F82031136029
:10FC7000704700BF582F002000200E5030B54FF0C5
:10FC8000FF30064C6FF04041D4E90023904271EB05
:10FC90000305F9D31046C3F3130130BD40270E50BE
:10FCA00008B5FFF7EBFF044BD3E9022390429941DB
:10FCB0002CBF0120002008BD582F002010B5029C49
:10FCC000241841F10001A01A61EB0301B0F1004FCB
:10FCD00071F1000103DB7721042001F0AFF810BDC2
:10FCE000FFF7CCBF014B1861704700BF582F0020B1
:10FCF00008B50E4B1B691BB98721042001F09EF843
:10FD0000EFF3108272B6B1F5801F04D340F2E141E7
:10FD1000074801F089F8074BC3F8C005C3F8C415BC
:10FD20000121C3F8CC1502B962B608BD582F0020D6
:10FD3000FCFD040000200E5008B5FFF7FBFE024B4F
:10FD400001221A6008BD00BF0050085010B5FFF72F
:10FD5000F1FE114C0023C4F8BC35C4F82431FFF780
:10FD60008DFF0A3041F10001B1F5801F04D140F24E
:10FD7000E1410A4801F058F84FF00043C4F8B005DB
:10FD8000C4F8B415C4F8A4310123C4F8BC35044B3D
:10FD9000C3E9020110BD00BF00200E50FCFD0400AD
:10FDA000582F0020144BD3F8342312F4A06F10B551
:10FDB00003D1C821042001F041F8D3F820215AB121
:10FDC00000220E49C3F8AC25C3F820210B680BB9FB
:10FDD000D021EFE70A609847074BD3F828214AB1B2
:10FDE0000022C3F8CC25C3F82821044BBDE81040FD
:10FDF0001B69184710BD00BF00200E50582F00206F
:10FE0000014B187D704700BF28280020042810B53A
:10FE100011D883B104280CBF10242824A1420AD28F
:10FE2000064C54F8200018B141568A42A8BF0A4631
:10FE300000201A7010BD6FF01500FBE72828002085
:10FE40000728034611DC10F12D0F10DB094A1018AA
:10FE500090F82E0002EBC00292F93C209A4207D0A3
:10FE6000002918BF0130C0B270471B207047002026
:10FE7000704700BF2C810400072808B507DCFFF796
:10FE8000DFFF044B03EBC00393F93C0008BD0820DF
:10FE9000FCE700BF2C81040010F0FF0008B5094BFF
:10FEA00005D0012807D05121B52000F0C7FF01225D
:10FEB0009A601A6008BD044A1268292AF3D1586270
:10FEC000F8E700BF00E010500C29002010F0FF0000
:10FED00008B5174B05D0012820D08421B52000F0AB
:10FEE000ADFF01225A60DA60C3F80001114B1870AF
:10FEF0000F4BD3F80824D2070FD40F4A1268292ACF
:10FF000003D1D3F86834DB0707D4094B0022C3F8C8
:10FF10001021C3F81821C3F8142108BD064A12683D
:10FF2000292ADAD100229862C3F81C21E0E700BF39
:10FF300000E010503D2800200C290020014B012238
:10FF40001A7070473D28002008B50D4B28B10128D4
:10FF50000BD0D021B52000F071FFD3F8103113B9C8
:10FF6000084B187808BD0120FCE7074A1268292AC7
:10FF7000EFD1D3F81C01003818BF0120F2E700BF11
:10FF800000E010503D2800200C290020024BD3F83F
:10FF9000080400F00100704700E01050024BD3F855
:10FFA000480400F00100704700E01050024BD3F805
:10FFB0004004C0B2704700BF00E01050074902463D
:10FFC000D1F84C04D1F84C1410F4803005D0D0B2E4
:10FFD00001F003031B1A58425841704700E01050CB
:10FFE00038B51A4BD3F80C34DA0304D440F27F113D
:10FFF0006D2000F023FF164A0124164B106A536649
:020000040001F9
:1000000020F03F0094645464136CDB03FCD4136A47
:10001000116C03F03F03C1F30A01C1F5806181EA6D
:10002000E1750B29A5EBE17509DD3F2B04D0013308
:1000300003431362172DE6DC0023936438BD0B31B4
:10004000F8DA002BF8D0013BF2E700BF00E01050D7
:10005000000812500100008038B50B4C23781BB10A
:1000600000232370FFF7BCFFEFF3108572B66378AF
:1000700003F0FF000BB9FFF729FF05B962B6034B88
:1000800000225A6638BD00BF4028002000081250E8
:10009000002808DB4309012200F01F0002496033F9
:1000A000824041F82320704700E100E070B5174D11
:1000B000012204460E462B18DA7006F0F7FAA0B9B2
:1000C00034B1012C0FD04FF494716D2000F0B6FEC6
:1000D00011232A19012105EB840451710C4AA660F1
:1000E000C2F8043370BD8023F3E7002EFAD034B990
:1000F0000220B047002305EB8405AB60F2E7012C3A
:1001000001D12046F5E740F24311DEE74028002008
:1001100000E01050044B0022191803EB80034A71D1
:100120009A60CA70704700BF40280020014B1882B7
:10013000704700BF40280020014B988A704700BFDD
:1001400040280020014B188A704700BF402800203B
:1001500010B5EFF3108472B6064B03445A7801329F
:10016000D2B25A705B78012B01D1FFF795FE04B92A
:1001700062B610BD40280020034610B5EFF310848E
:1001800072B611490B445A7822B940F267216D20AA
:1001900000F054FE5A78013AD2B25A705B7883B9B3
:1001A0008B7D43B1094BD3F80C34DB0306D44B7879
:1001B00003F0FF002BB9FFF789FE02E0C87D00F0D5
:1001C000E5FF04B962B610BD4028002000E01050E1
:1001D00010B506F06EFA0C4C06F068FA60B1237E9A
:1001E0003BB90A4B01229A61042363760023A3766C
:1001F00010BD06F061FAF9E7032301226376034B91
:10020000C3F80423F2E700BF4028002000E01050AC
:10021000014B01221A62704700E01050044BD87E57
:1002200028B1044BD3F81001B0FA80F040097047B0
:100230004028002000E0105038B50C4BDD7E5DB941
:100240000124DC7606F035FA094B1022C3F8105170
:10025000C3F80423DC6138BDFFF7E0FF0028FAD0C3
:1002600040F2A3216D2000F0E9FD00BF40280020EE
:1002700000E01050024B587E003818BF0120704734
:100280004028002038B5174CA37D23B940F2163121
:100290006D2000F0D3FD01232370237EC3B9237F9B
:1002A000B3B1A27E013B9A4212DA06F0FFF905468D
:1002B00000F006FF237F012B82BFA37E0133A376CC
:1002C00055B1236AC31A0133022B09D935B1206213
:1002D000BDE83840FFF77CBF636AF3E76062F7E789
:1002E00038BD00BF4028002037B5184C237E63B9C5
:1002F000A06A00F00300FFF761FE30B1EFF3108356
:1003000072B6627E1AB103B962B603B030BD012283
:10031000627603B962B608230D4DC5F808334FF471
:100320002073ADF80630BDF806309BB25A1E92B26B
:10033000ADF80620002BF6D1C5F80C3184F82C302E
:10034000FFF746FF0823C5F80433DEE74028002006
:1003500000E010502DE9F74F544CA37D002B00F026
:10036000A1800323524AADF80430524B1268D3F8EF
:100370000051003D18BF0125292A07D1D3F81C21BF
:1003800022B1012245F080058DF80520D3F80881BF
:10039000D3F8142112B9D3F8183173B1454B0026A4
:1003A000C3F81461C3F81861C3F81061E37E0BB1A0
:1003B00006F082F9E676FFF7BBFB3E4BD3F810312F
:1003C0006BB3E37E1BB106F077F90023E376637924
:1003D00013B102238DF8043045F01005364E0DF1AF
:1003E000040A344B4FF00009F71EC3F808531AF8FB
:1003F000010B03280AD03B7843B14FF0000B336860
:1004000087F800B013B19847C6F800B009F10103AE
:10041000043601374FF00109022BE8D101E0002D2D
:10042000DCD1B8F1000F08D0224B0022C3F808211C
:100430000422C3F80823FFF757FF94F82C60EA075B
:100440001C4BF6B2D3F80C7108D5627E032A05D195
:10045000227E82B90422627601229A61A7B1154BED
:100460000022C3F80C21637E042B09D040F27931BD
:100470006D2000F0E3FC06F01FF902236376EDE740
:100480000223637606F018F966B1002384F82C3055
:10049000637E022B01D1FFF79BFE03B0BDE8F04F56
:1004A00006F00AB903B0BDE8F08F00BF4028002075
:1004B0000C29002000E010504828002010B5054C01
:1004C000A06A00F00300FFF779FD0028F8D00020B3
:1004D00010BD00BF402800202DE9F041054650B175
:1004E0000278022A07D8437842B9013B1F2B02D871
:1004F0008378212B07D96FF01500A0E0002BFAD1EB
:100500008378002BF7D1754EB6F90030002B0DDB48
:100510005A09012103F01F03994002F12003704A98
:1005200042F82310BFF34F8FBFF36F8FB6F900006F
:10053000FFF7AEFD6B4AFD236B4CC2F808336B4BE3
:100540001B68292B4FF0000308BFC2F81C31C2F80A
:100550000031C2F80831C2F80C316370A370AB8867
:10056000A382FFF713FD10B10123E37063705D4FA9
:1005700040F25633D7F80C04238210F480301BD09D
:10058000FFF7DCFC5A4800F0D7FD564F6023E075BA
:100590000022C7F804332B78A978012BE276A262F7
:1005A00023762177A2761FD0022B16D0EBB140F232
:1005B0002E516D2000F042FCC7F81001FFF76CFCD3
:1005C000D7F81031002BFBD0FFF70AFD0020FFF712
:1005D0007DFC484B00225A66D4E706F06AF8D7F84B
:1005E0000C34D903FBD50223A362FFF7D7FC68B311
:1005F000FFF7DCFCA36A03F00303984226D1AB7932
:10060000FBB9FFF75BFF237F63B12B7853B906F08B
:100610004DF8054600F054FD6FF00043002D52D018
:10062000C4E9080300230125B6F900006376A57527
:10063000FFF72EFDB6F90030002B47DA0020BDE8A9
:10064000F081284B0422C3F80423DCE7254B012268
:1006500000215A61C3F8081194F82810C3F8401417
:100660001A610422C3F80423AA79002ACBD1D3F853
:100670000423520702D440F2E1419AE71E4A11696D
:1006800001F01008116941F010011161D3F808312F
:100690000BB906F09CF9134FD7F8083183B1FFF777
:1006A0000DFFB8F1000F04D1134A136923F01003B2
:1006B00013610423C7F808330023C7F80831A2E701
:1006C00006F083F9E8E7C4E90830ABE75A0903F01C
:1006D0001F039D40024B43F82250AFE7282900201A
:1006E00000E100E000E01050402800200C2900202C
:1006F000590001000008125000ED00E040B101284F
:1007000008D1054B1868A0F1290358425841704799
:1007100001207047002070470C2900200F4A38B58F
:10072000137904460D461BB18D216F2000F086FB26
:10073000FFF7E4FF70B1224453790BB1002038BDBC
:10074000012320465371FFF703FD29462046FFF79A
:10075000ADFCF3E76FF01500F1E700BF7028002053
:1007600070B50D4D04462E791EB1A4216F2000F006
:1007700065FBFFF7C3FF60B125446B790BB900201F
:1007800070BD2046FFF7C6FC20466E71FFF7F4FCF3
:10079000F5E76FF01500F3E77028002010B501B3FE
:1007A000F0B14FF0FF33104A1C46E0FB0134944295
:1007B00003D9E5216F2000F041FB1A0DC3F30F10A0
:1007C0000A4B42EA04324FF22444B2FBF4F100EB4C
:1007D000024003FB1100B0FBF4F040EA014001309D
:1007E00010BD0846FCE700BF3F420F00000024F4A4
:1007F000014B9B68184700BF70280020014BDB6845
:10080000184700BF70280020014B1B69184700BF24
:100810007028002008B5064B1B7923B140F2411126
:100820006F2000F00BFBBDE80840FFF72BBD00BFB9
:1008300070280020034B1A790AB9FFF77DBC988D08
:10084000704700BF70280020034B1A790AB9FFF7E0
:1008500079BC988A704700BF70280020024B1B7932
:100860000BB9FFF741BD704770280020014B9B6911
:10087000184700BF7028002038B51D4C237933B3CA
:10088000FFF7C2FF50B91B4DC5F81001FFF7B0FFCD
:10089000D5F81031002BFBD0FFF7B0FF154B6022CD
:1008A000C3F80423636A9847002806DB94F82E30C7
:1008B00023B10123002084F8303038BDFFF7D6FF84
:1008C0000028F6DA40F2A5116F2000F0B7FA0A4BC3
:1008D000A3610A4BE3610A4B23620A4BA3600A4BF4
:1008E000E3600A4B2361FFF7F7FD0028E1D0E4E75E
:1008F0007028002000E01050BD040100C566010012
:1009000075020100B3660100B9660100BF6601000F
:1009100038B5084B04461D7925B140F2F9116F2016
:1009200000F08CFAFEF7C4FC2046FFF7FFFB2846D8
:1009300038BD00BF70280020034610B3007888B986
:100940001A79012A1ED85A79012A1BD89A680E49A9
:10095000643A8A4216D8D8680C4B98422CBF0020C3
:100960000120704701280CD11A79012A09D85A7937
:10097000012A06D8DA680449643A8A4201D898689C
:10098000EAE70020704700BF3C8601000040420FAC
:10099000F8B5044620B94FF4DC716A2000F04EFA35
:1009A00090F82C50072900F2FB80DFE801F004B238
:1009B000595989939DA490F82A30033B012B02D901
:1009C00040F2C311E9E7052380F82A30002380F8BC
:1009D0002D30037893B32378012B39D1FEF7E6FE4F
:1009E000636894F828606362C4E906019EBB714B9A
:1009F000012231462046DA602022C3F84065C3F860
:100A00004061C3F84465C3F84461C3F84865C3F85E
:100A10004861C3F84C65C3F84C61674BC3F890213B
:100A200005F071FE236A3146284698470146204664
:100A300000F0EEF8022840F0B680F8BDFEF71AFD8F
:100A400007460E46FEF7B2FE87428E41F6D3C2E756
:100A5000D4E90401C4E72046BDE8F84000F0AEB890
:100A600090F82A30DA1E012A02D940F2FB1194E7ED
:100A700090F828202AB121462846BDE8F84005F024
:100A800028BE042B14BF01230223022980F82A3038
:100A9000036A0AD10521284698470028CDD003785B
:100AA000002BCAD04FF4047177E7062128469847F7
:100AB0000028C2D00378002BBFD040F215216CE78C
:100AC00090F82A30052B02D04FF4077165E7036ACE
:100AD0000221A9E790F82A30052B02D040F222210A
:100AE0005BE7036A01219FE790F82A30052BB2D01B
:100AF0004FF40A7151E790F82A30052B02D040F2EA
:100B00002D214AE7036A0A21284698474FF40C71C1
:100B100043E790F82A30052B07D090F829200AB136
:100B2000032B02D04FF40D7137E794F82820002AE8
:100B3000A1D194F82D3093B102230821284684F8DE
:100B40002D2084F82A30236A984700283FF475AF97
:100B50000378002B3FF471AF4FF410711DE794F848
:100B6000292062B1214694F82B0084F82930FEF741
:100B700027FD00287FF461AF40F245210DE70223F5
:100B80000721284684F82A30236A984700283FF432
:100B900054AF0378002B3FF450AF4FF41371FCE6D1
:100BA00040F25121F9E60128236A0CBF04210321F8
:100BB0003AE700BF0050085000E100E070B504467D
:100BC000FEF758FC40F2F966656AD4E906329633BE
:100BD00042F100025B1905F5DF6542F10002B5FB49
:100BE000F6F55B1942F1000283428A4103D20721E4
:100BF0002046FFF7CDFE054C236813B1984700232C
:100C00002360BDE87040FEF738BC00BFA428002078
:100C100070B504460D4639B9012380F82D30FFF731
:100C2000CDFF0226304670BD0E78032E6AD801A390
:100C300053F826F0230C0100450C0100A70C01001D
:100C4000630C01004868C72801D80026EAE70421A0
:100C5000FEF71DFD0028F8D16968204605F053FD18
:100C6000E0E790F82860F6B94D682846FFF764FE83
:100C7000002847D02B78C3B9012222702B79003B82
:100C800018BF012363726B79002B14BF0423022366
:100C90002372AB68A5336360EB6884F82920236175
:100CA000032384F82A302046B9E794F82A30052B2C
:100CB00004D04FF4CF716A2000F0C0F826702B7971
:100CC00094F82B00003B18BF012363726B79002B53
:100CD00014BF042302232372EB68A968A533636061
:100CE000D4E906325B1842EBE1722146C4E90432D2
:100CF000042384F82A30FEF763FC0028D3D14FF494
:100D0000D071D8E7012384F82D30CCE72DE9F843E2
:100D10008846074688B300F035F84FF000090546CD
:100D20005FFA89F6B54203D86FF00B00BDE8F8838F
:100D3000304609F1010900F02BF890F82A40002C08
:100D4000EED1304600F024F805460146048580F8CF
:100D50002A4080F82C600A48FEF7B4FB202885F86A
:100D60002B0002D16FF02200E0E701232F62204622
:100D700085F82A3088F80060D8E76FF01500D5E7CD
:100D800091090100014B1879704700BFA828002085
:100D9000044B1A79824283BF1B68302202FB003069
:100DA00000207047A82800200A4610F0030110B563
:100DB0000AD1074C2271206008B9002010BD3023F1
:100DC0005A4305F09AFEF8E76FF00D00F6E700BF12
:100DD000A8280020BFF34F8F0549064BCA6802F4CC
:100DE000E0621343CB60BFF34F8F00BFFDE700BF4E
:100DF00000ED00E00400FA05094B01221B685A606F
:100E00004FF0FF32C3F808234FF40062054BC3F8DC
:100E10008820BFF34F8FBFF36F8FC3F888217047CF
:100E20001C29002000E100E008B572B6024B5B68A7
:100E300003B19847FFF7CEFFB02800201FB572B668
:100E4000144B5C6894B9FFF7C5FFB2FBF6F22B4672
:100E50005D1C002AF9D1DBB203F110056D4405F8E1
:100E60000C2C0A2233B901A8A047ECE70246002364
:100E70000A26EDE7013BDBB203F110050DEB050699
:100E8000B0FBF2F502FB1500303006F80C0C2846DA
:100E9000E8E700BFB0280020F8B5294F05460C460A
:100EA00016463B78002B47D100F0B0F9254B1B6864
:100EB0001C2B06D1244B1B681BB99E211120FFF768
:100EC000BDFF05F0F2FB7E60204B01263C814FF414
:100ED0008062C3F8A4601E4BC3F89020BFF34F8F0D
:100EE000BFF36F8FC3F89021FFF786FF194B002DDA
:100EF00014BF28461846FFF7BFFC0546D0B9FEF7D9
:100F0000AFFAFFF7ABFC05F015FCFDF763F908B984
:100F1000BE21D3E7002C0BDB04F01F036409A400FF
:100F20009E4004F1604404F56144C4F88061266089
:100F300001233B702846F8BD4FF0FF35FAE700BFAC
:100F4000B02800200C2900201029002000A0085003
:100F500000E100E044820400074BB3F90830002BA5
:100F600009DB5A09012103F01F03994002F14003F4
:100F7000024A42F823107047B028002000E100E048
:100F8000014B1878704700BFB02800202DE9F74FBB
:100F9000FF27454DDFF81481B946CDE90012444AD8
:100FA0001478E4B282F8009004B157704FF0010C4D
:100FB000DFF800E1EFF3108B72B629684FF0000AFA
:100FC000009EC1F804C0C1F800A1C1F804A1C2E9A3
:100FD000016E019EC2E9056E0668C1F8106546689B
:100FE000C1F814658668C1F81865C668C1F81C6543
:100FF000314EC1F830651036C1F83865C1F800C00F
:10100000BBF1000F1DD162B61BE0D8F810A01AF09A
:10101000100F17D04FF40061284EC6F88811EFF377
:10102000108A72B64FF0030B2968C1F804B3D1F8E7
:1010300000B1BBF1000F01D1D1F80411BAF1000FDA
:10104000E1D02968D1F800A1BAF1000F04D1D1F89C
:1010500004A1BAF1000FD8D04BB10C9E3EB1D1F82B
:1010600040A5C3F800A0D1F83CA5C6F800A0D1F86F
:10107000041100299ED1A4B95678F6B254704FF0ED
:10108000030C2968C1F808C34FF4006CC1F804418F
:10109000C1F800410949C1F888C11470002E7FF4DD
:1010A0007FAF03B0BDE8F08F1C29002000ED00E009
:1010B000BC2800201000000BC028002000E100E048
:1010C0001A4B4FF4000270B5C3F89820BFF34F8F4E
:1010D000BFF36F8F164C0021164DC4F80011C3F8F2
:1010E00098212E692B6906F0100643F010032B613E
:1010F0000123C4F804332360D4F800319BB11EB936
:101100002B6923F010032B610123D4F808054FF459
:1011100000026360C4F808330023C4F80031034BB5
:10112000C3F8982170BD05F050FCE5E700E100E050
:1011300000700D5000ED00E038B50B49042301EBC1
:10114000C302157905F0FF042DB1013BF7D2402110
:101150006920FFF773FE41F8330001215471D8B2C2
:101160009471117138BD00BFE0280020042808B533
:1011700003D947216920FFF761FE034B002203EBEF
:10118000C0031A7108BD00BFE0280020042808B57C
:1011900003D950216920FFF751FE094B03EBC00032
:1011A0000379012B01D05121F4E74379827901338E
:1011B000DBB29A4218BF4371BDE80840FFF7CCBECE
:1011C000E028002038B505240F4D95F8281005EBD0
:1011D000C1031A79012A09D158799A79904205D028
:1011E0005A79D2B29A7155F83130984795F828302B
:1011F000013C0133DBB2052B28BF002314F0FF04B0
:1012000085F82830E1D138BDE02800201249134B81
:10121000D1F84023292AF0B51A60D1F8447312D0CE
:10122000272A00D17FB10E4A40F205100D4E46210B
:101230000D4D0E4CC3E90172C3E90326C3E9055401
:10124000C3E90701F0BD0A4A4FF48770074E4A21EF
:10125000084D094CEEE700BF00C0FF000C2900203C
:1012600000600450007004500030045000B004507E
:1012700000A004500040045000E00450094B0A4A0A
:10128000C3F800230132C3F80C230132C3F818233A
:101290000132C3F820230132C3F81C230132C3F802
:1012A0001021704700A0085004000080074B002266
:1012B000C3F80023C3F80C23C3F81823C3F8202372
:1012C000C3F81C23C3F81021704700BF00A00850CA
:1012D000844641EA000313F0030359D1403A33D363
:1012E000F0B4F0C9F0C0F0C9F0C0F0C9F0C0F0C966
:1012F000F0C0403AF5D2F0BC26E0403A24D300BF1B
:101300000B6803604B6843608B688360CB68C36085
:101310000B6903614B6943618B698361CB69C3616D
:101320000B6A03624B6A43628B6A8362CB6AC36255
:101330000B6B03634B6B43638B6B8363CB6BC3633D
:1013400040304031403ADBD230320BD30B6803607F
:101350004B6843608B688360CB68C360103010318A
:10136000103AF3D20C3205D351F8043B40F8043B59
:10137000043AF9D2043208D0D2071CBF11F8013B5D
:1013800000F8013B01D30B8803806046704700BF23
:10139000082A13D38B07B0D010F00303ADD0C3F1EC
:1013A0000403D21ADB071CBF11F8013B00F8013B14
:1013B000A3D331F8023B20F8023B9EE7043AD9D38D
:1013C000013A11F8013B00F8013BF9D20B780370A8
:1013D0004B7843708B78837060467047014B1B6875
:1013E0001B68184760050020014B1B685B681847A5
:1013F00060050020014B1B689B68184760050020B2
:10140000014B1B681B69184760050020034B1868D7
:10141000034BC01A18BF0120704700BF60050020B1
:101420006805002053B94AB9002908BF00281CBF2D
:101430004FF0FF314FF0FF3000F00CB8ADF1080C69
:101440006DE904CE05F0A4FBDDF804E0DDE902233C
:1014500004B07047704700BFF4F798BE02F017BEA3
:1014600002F018BE38B505460C46EFF7A9FC30B1BE
:101470003E2D04D12046BDE83840EFF7D9BC38BD39
:101480001FB5014601A800F006F801A803F0F2FC20
:1014900005B05DF804FB0B88C3F30B0383804B8816
:1014A000C380002343724B78C3F30113012B03D095
:1014B0009A1E534253415B0004310372016070472E
:1014C0008B88043010B500F8043C0C4610F8033C3F
:1014D00003F0F00300F8033C8A88C2F303221343AD
:1014E00000F8033C03F0CF03CA8800F8022CCA8836
:1014F00000F8033C120A00F8012C0A7A120102F0EB
:101500003002134303F03F0300F8033C4A7A43EAF6
:10151000821300F8033C0968814205D0E288FB2A67
:1015200028BFFB22FFF7D4FEE0880430C0B210BD14
:101530008B880A46043010B400F8043C10F8033CD1
:1015400003F0F00300F8033C8988C1F303210B4347
:1015500000F8033C03F0CF03D18800F8021C10F818
:10156000011C01F0C00100F8011CD48800F8033C04
:10157000C4F30524214300F8011C01F03F01147A53
:10158000240104F03004234303F0BF0300F8033CBC
:10159000547A00F8011C43EA841303F07F0300F837
:1015A000033C1168814203D0D28810BCFFF790BE83
:1015B00010BC70472DE9F0410B7805460C46013B05
:1015C000832B00F2B882DFE813F0930097009B00B2
:1015D0004C01B60214011A01200126012C01300130
:1015E0003201420148018400B602A000B602A40004
:1015F00036013C0156015C015001B6026201B6029F
:101600007501A501AB01B101B602B701C201C80164
:10161000B602F90107026302410255025D02470268
:101620004F020D02B6021B02210227022D023302D5
:1016300037023B029E02A402AA02B00269026F02B4
:101640008D027502B602B602B602B602B602B60244
:10165000B602B602B602B602B602B602B602B602CA
:10166000B602B602B602B602B602B602B602B602BA
:10167000B602B602B602B602B602B602B602B602AA
:10168000B602B602B602B602B602B602B602B6029A
:10169000B602B602B602B602B602B602B602B6028A
:1016A000B602B602B602B602B602B602B602B6027A
:1016B000B602B602B602B602B602B602B602B6026A
:1016C000B602B602B602B602B602B6027B028102CA
:1016D00087020E23B1F803200B7042F283039A4273
:1016E00003D03221C720EFF79BF80623637047E150
:1016F0000C230B700823F9E71A230B700123F5E77D
:101700003E230B700223A3703AE13E230B700B23A0
:10171000F9E72920EFF78CFB28B13E232370222321
:1017200063702923EFE70A20EFF782FB3E2305F1E0
:10173000080204F108012B70A0B30A231F26AB7026
:10174000E378EB70A3882B71A3881B0A6B71A379D4
:10175000AB71E379EB71A368AB608B889380D4F8AD
:101760000E30C5F80E30638A6B8263696B61238B20
:101770002B83638BAB76638B1B0AEB76A38B2B7768
:10178000A38B1B0A6B77E38BAB77E38B1B0AEB779F
:1017900094F8203085F82030B21C6E7096B2304636
:1017A000BDE8F08101231326AB70E378EB70A388CA
:1017B0002B71A3881B0A6B71A379AB71E37903F0DA
:1017C0000103EB71A368AB608B889380638BAB7371
:1017D000638B1B0AEB73A38B2B74A38B1B0A6B7499
:1017E000E38BAB74E38B1B0AEB7494F820302B75FE
:1017F000D2E73E230B7004234B70142383E73E2370
:101800000B700C234B7004237DE73E230B700A23DF
:101810004B70032377E73E230B700D234B7005239A
:1018200071E705232370042360E70823FAE73023D8
:101830000B7003235AE73E230B700B234B700723D7
:1018400061E73E230B7006234B700C235BE71323E9
:101850000B708B789B00013348E757230B700223F2
:1018600044E73E230B700D234DE73E230B7001230D
:101870004B70112347E73E230B7006234B70122356
:1018800041E73E230B7009234B7013233BE73E23B4
:1018900003702420EFF7CCFA10B12423132601E0C3
:1018A0000E230F263246A11CE81CAB700136FFF751
:1018B0000FFD71E73E2303702520EFF7B9FAC0B1A1
:1018C00025230A26AB70D4F80230C5F80330D4F8CB
:1018D0000630C5F807306389A5F80B30F01CE27AB2
:1018E00004F10C012844FFF7F3FCE37A01331E44B2
:1018F00052E70F230726AB706388A5F803302379DE
:101900006B716379AB71A379EB71A37A2B72E37A74
:101910006B72E3E73E230B7003234B701023F2E658
:101920003E230B7005234B702023ECE63E230B7007
:1019300009234B702123E6E63E2303702620EFF7B0
:1019400077FA10B126231726ACE71823A6E73E2323
:101950000B7004234B702723D5E63E23002703702A
:1019600028233A468370D1F80230C0F80330A979B1
:10197000FBB299420CD8053296B2002E7FF40CAF20
:1019800066782146284602363246FFF7A1FC06E774
:10199000961DD31D0137A259A119E818EA50063146
:1019A00031F8023C063020F8023C10F8018C424627
:1019B000FFF78EFC06EB080292B2D8E73E232A20FE
:1019C0000B70EFF735FA18B12B2363702A239AE6D0
:1019D0001D236370192396E63E230B7007234B707B
:1019E0001A2390E63E23F4200B70EFF721FA18B18A
:1019F000F423A370232379E62C23A370202375E618
:101A00003E230B704C234B702D237CE63E230B7042
:101A100004234B702E2376E63E230B7022234B705B
:101A20002F2370E63E230B7016234B7030236AE69B
:101A30003E230B70312366E63E230B70322362E6B1
:101A40003E230B7002234B7033235CE63E230B7066
:101A500014234B70222356E63E230B700B7C5B0055
:101A60000F334B701D234EE63E230B7003234B7048
:101A70001E2348E63E230B700B7D5B0013334B7037
:101A80001B2340E63E230B7003234B701C233AE6D6
:101A90003E230B7005234B701F2334E6FF230B708E
:101AA0000B234B70A2232EE6FF230B7005234B70F4
:101AB000A32328E6FF230B700D234B70802322E61F
:101AC000FF230B700D234B7082231CE6FF230B704A
:101AD00002234B70832316E6FF230B7004234B7005
:101AE000842310E6FF23C21C037081238370D1F886
:101AF000033003F1280153F8040B8B4242F8040B26
:101B0000F9D1292648E63E230B700C234B70232382
:101B1000F9E53E230B700E234B703723F3E53E238C
:101B20000B700A234B703523EDE53E230B70FE232B
:101B30004B702B23E7E540F26721D3E508B510B9D8
:101B40006FF0150008BDFFF79BFC0028F8D00020BF
:101B5000F8E710B50C4648B141B1EFF7BDF80028E1
:101B600020700CBF6FF02200002010BD6FF0150038
:101B7000FBE708B5EFF742F9002008BD01F04BBDC7
:101B80000346022200201A70052258709A709B2288
:101B9000D8705A716FF0700218719A716FF0530219
:101BA000DA716FF03C021A721D225A7242229A7246
:101BB0006FF05102DA72704701F08ABD70B50446C9
:101BC000FBF71EF9012805461AD1601CFBF720F926
:101BD000B0B1A3790020E61D63F03F03A371F4F7D1
:101BE00001FE38B110220021304604F086FF0020AB
:101BF000257070BD3046FBF71FF90028F2D0F6E7DC
:101C00000025F4E710B504461022002104F075FF0A
:101C100004F1100310220021184604F06EFFFBF7B8
:101C200025F90020F4F7DEFD20B12046FBF704F98A
:101C3000002010BDFBF7E4F80028F6D0F8E710B557
:101C40000446FFF73DFAB0F5007F09DA10F5007F92
:101C500008DD031EB8BF03339B100020237010BDA6
:101C60007F23FAE76FF07E03F7E71FB5002341F605
:101C70004B524178CDF80A30D0F80230934295BFEC
:101C80004FF47A7240F2E242B3FBF2F3B3FBF2F3A9
:101C900098BF03F5506302789BB242EA0122ADF887
:101CA0000230ADF80020ADF80430C279837943EA00
:101CB0000223ADF80630427A037A684643EA0223EB
:101CC000ADF8083001F0E2FD05B05DF804FB02F06C
:101CD000B6B90078003818BF012001F0C1BDF4F793
:101CE00001BA8178008802F076B902F091B937B56F
:101CF00005460C4600880DF1060101F0B6FD2B8863
:101D00002380BDF80630638003B030BDF4F7F2B92C
:101D1000F4F7FCB9F4F718BA02F0BEB901F069BCE7
:101D200001F0CBBC08B5EFF77BF8002008BDF3F756
:101D300043BE01F0A0BE01F0DDBCF4F763B901F0D1
:101D4000A8BC02F0C9B802F025B802F0F8B8F4F760
:101D500027B801F06BBD01F015BE01F0D9BC01F050
:101D600067BE01F0A1BC01F050BC03880B8002F0FB
:101D700017B903880B8002F021B901F0F0BCF3F72A
:101D8000ADBEF3F793BE01F01DBD02F086B801F0C1
:101D90007ABE01F0ABBE02F0B4B802F010B802F0A7
:101DA00041B802F02AB802F032B801F0CCBE01F01E
:101DB000D8BEF3F789BF01F016BD01F049BC01F0B0
:101DC00058BCF3F7AFBDF4F7D9B902F048B9F3F74F
:101DD000FDBDF3F78DBEF8B5941C0E4605461746BB
:101DE0000C446343B3F5004FA8BF4FF0FF3310F02E
:101DF00003019CB203D0B0211420EEF711FDB4F51D
:101E0000004F01D9B121F7E71422043004F075FE28
:101E1000EF746C802E80F8BD38B50388C4888B427F
:101E20000589C4F30E0203D2D1211420EEF7F8FC89
:101E300084EA0503C3F30E030BB9AC4206D102F1E9
:101E400018030122C1528274184438BD1846FCE7B9
:101E5000023101444A43B2F5004FA8BF4FF0FF32B0
:101E600090B21B3020F00300B0F5004F34BF00B239
:101E70004FF0FF30704740881B3020F00300B0F572
:101E8000004F34BF00B24FF0FF3080B2704738B51A
:101E900003888B4203D2F7211420EEF7C1FC857C26
:101EA00065B1C388C3F30E031833C25A8A4207D3FD
:101EB000C152811DEEF7E4FF00238374284638BD2C
:101EC0000025FBE703461830F0B59E88DD88B4B2E4
:101ED000C6F30E06A54214D05F89DD7C845B3D44C9
:101EE000E41B0235A4B2354428440D88A54284BFC2
:101EF0000C8025465989B1FA81F149091170DD81BB
:101F0000F0BD00252846FAE7F8B582880026C38987
:101F100004460D4692B20E60CBB14189C2F30E0267
:101F20000B4418329BB28718825A4381934204D9DA
:101F30004FF4A2711420EEF773FC04D1011DEEF7EB
:101F40009FFF46812F6000230120E381F8BD1846E2
:101F5000FCE78388014602899BB29A4202D008318D
:101F6000EEF78EBF70478388C0889BB2C31A584271
:101F700058417047828873B595B2C488C2F30E0287
:101F8000AC4202F1180212D04189C689835A314409
:101F900099420EDB0DF10601ADF80650EEF770FF29
:101FA000BDF80600001B18BF012002B070BD002064
:101FB000FBE70120F9E770B5C488034606891830AD
:101FC000C4F30E0584EA0602C2F30E020AB9B44253
:101FD0000FD19C891A880CB1465B921B914207DC99
:101FE000DA7C2C440232224410440A461A8270BD24
:101FF00000221046FAE7F8B5038A002B38D08B424E
:1020000036D3C48800F118038589C4F30E041E1961
:1020100095B91D55757085891E5B0D443144ADB26F
:1020200085811953D2B1811DEEF72AFF00238381E8
:10203000002303820120F8BD1E5BAE4204D04FF4A2
:10204000F6711420EEF7ECFBC57C2644878A023536
:1020500035445E195F53857DB570DCE7C27C25444D
:1020600002322A4499189B5A83828B788375DFE762
:102070000020E0E78388C2889BB29A4206D042895A
:1020800022B9C3F30E031833184470470020704779
:10209000C37C0233C81870470230704738B5838854
:1020A000C2889BB29A4209D043893BB9C5893DB9E0
:1020B000011DEEF7E5FEC581012038BD0020FCE7DB
:1020C0001846FAE700238381038270470388138050
:1020D000C388C3F30E031833034480890B60704731
:1020E0000368002223B9C0E90132031D0360704771
:1020F00059681B680A44F5E70729034670B504D8F8
:102100004FF4EC711520EEF78BFB0068C0B144680A
:1021100006461A688C4210D0106860B901F10805B3
:10212000AC420DD3546850501868651A54180068B2
:102130006560505002E01346E9E7146830461C60C1
:1021400070BD0023C1E9003203680B600160704775
:1021500030B590B18478B1FBF4F304FB131300EBBA
:10216000430252898A4201D1D8B230BDC27822B925
:1021700000F10803D0B2844201D8FF20F5E733F81C
:10218000025F01328D42F5D1EFE782780388053294
:102190004B4303EB42031844704737B50024054610
:1021A000CDE900448DF806006846ADF80440EFF72D
:1021B00051F8BDF8044008B103B030BD29462046AF
:1021C000EFF724F80028EFD040F215211720EEF7A2
:1021D00027FB70B51E460D460921FFF739FE044660
:1021E000324609212846FFF733FE40EA04031B0468
:1021F00054BF00194FF0FF3070BDD31D23F007030B
:1022000070B5083390B110F0070403D05821222094
:10221000EEF706FB04604FF6FF75C28000F108047C
:102220000A468180013A92B2AA4203D103FB01F02F
:10223000083070BD0668266004601C44F2E718B1DF
:10224000C2888188FFF7D9BF70470346EFF3108239
:1022500072B6006830B101681960002303704370E2
:102260008370C37002B962B67047EFF3108372B621
:1022700002680A60016003B962B670470123037007
:102280007047F8B50C46054611461E4684F0010419
:102290006400E4B2FF23837003191B7D012B05D07A
:1022A0000134E4B203191B7D012B0AD105EB44076D
:1022B0003B8B3A8C9819904205DD00232C443B83DC
:1022C00023750020F8BD05EB84043246606818448D
:1022D000FEF7FEFF3B8B1E443E830023AB700120C4
:1022E000F0E781F00101490010B5C9B2FF23837006
:1022F00043181C7D012C07D10C3120F8112002223B
:102300001A750023837010BD0131C9B243181C7DBA
:10231000012CF1D04FF48C710920EEF781FA0246BE
:1023200030B5837803F0FF00F3B9137D022B19D089
:10233000537D022B15D10346012089B10024D51805
:102340000C332C7522F81340131803241C7502EB70
:1023500080035B680B6000F10C0332F813308B8054
:10236000012030BD0123E8E70020FAE7034630B53D
:10237000827802F0FF00E2B99A7D022A17D0DC7D54
:10238000022C13D1032281B11D1900200C342875B1
:1023900023F8140098180324047503EB82000C3210
:1023A000406833F8123008608B80012030BD032470
:1023B000E9E70020FAE7037D012B01D1008B70478C
:1023C000437D012B0CBF408B00207047837D012B88
:1023D00001D1808B7047C37D012B0CBFC08B0020C7
:1023E0007047038B23B9408B003818BF012070471A
:1023F00001207047838B23B9C08B003818BF0120A0
:10240000704701207047027D022A01D1008B70477E
:10241000437D022B01D1408B7047032AF6D0032B5A
:10242000F9D000207047827D022A01D1808B70474D
:10243000C37D022B01D1C08B7047032AF6D0032B3A
:10244000F9D0002070472DE9F041064606989846DD
:102450000D46430711469DF81C7002D010F0030092
:1024600003D025214C20EEF7DBF94FF48B72FFF7F8
:10247000C4FE002F06AB044600FB08F114BF002089
:102480001846EEF71FFD17B9069B33602C60BDE8B8
:10249000F081EFF7C5B82DE9F0410D460446084636
:1024A00091F8008002F079FC0746284608F00308FE
:1024B00002F06FFC0646284602F073FC6B78E07071
:1024C000204684F800806770A670A380BDE8F08184
:1024D00069B1C31E012B09D9CB1E012B06D90128D6
:1024E00005D001290CBF012002207047042070474D
:1024F00010B50446F4F7B4FF30B1032C04D1012029
:10250000BDE81040FDF7BCB910BDEFF7F1B80128E8
:1025100007D1487900F0C000A0F14003584258416B
:102520007047002070474FF42E71322008B5EEF747
:1025300077F913B503460C4690F8DE2002F0FF0051
:1025400032B1A3F1360000F0E0FB18230420237021
:1025500002B010BD38B504460D4600F036FC94F8C4
:102560007030012B03D094F87030002BF7D13F224C
:102570000021204604F0C1FA0722002384F85850B5
:1025800084F84B2040F2011284F8543084F8A530CE
:10259000A4F84C20636684F89430C4F8903084F832
:1025A000A63038BD0023A0F8213180F8233180F80F
:1025B0007030704708B5EFF753FFBDE80840F0F7FB
:1025C000B3B908B5EFF74CFFFBF734F9BDE80840A5
:1025D000F0F714BA08B5EFF743FFF0F789F9FBF706
:1025E00029F9BDE80840F0F709BA08B5EFF738FF58
:1025F000F0F7BAFD012008BD08B5EFF731FFFBF792
:1026000019F9032008BD08B5EFF72AFFF0F770F9B4
:10261000FBF710F9032008BD0321F1F7F3B90121FD
:10262000F1F7F0B990F83E00003818BF012070476C
:1026300010B5012104460020EEF7D2FD10B121466D
:10264000FFF788FF01210846EEF7CAFD10B12146C9
:10265000FFF780FFBDE81040F1F73ABEF1F78CBB01
:1026600090F8400000F0FD00003818BF0120F4F79A
:10267000B9B801F0FD0380F85510B3FA83F35B0994
:1026800080F84C3070472DE9F041D0F8C8509DF8E3
:102690001840954233D190F840208A422FD100262D
:1026A00090F81DC104F0020E32463146F5B2AC4539
:1026B00006D204F00500431A58425841BDE8F081A3
:1026C000471997F82471A7F10308B8F1010F11D841
:1026D00041F00401BEF1000F0ED100EB850553F867
:1026E00022700136D5F8CC502B35BD4207D10132CE
:1026F000D2B2DBE73943F0E70132D2B2EDE7002096
:10270000DCE7012938B5044601D1F0F7F1F894F877
:10271000543004F16C0513F0030F02D02846F1F792
:1027200079FE2846F1F72AFE2046BDE83840FFF73B
:1027300039BFA03001F04FBD38B50121044600205B
:10274000EEF74EFD20B940F6CC213220EEF768F8C6
:10275000637880F85430227812F001031CBF012105
:1027600080F82411910705D5C11801330225DBB289
:1027700081F82451520742BF1B18042283F82421F8
:10278000A37880F84030E178FFF773FF237980F871
:102790004B30637980F8573038BD10B504466C3043
:1027A000F1F738FE2046BDE81040FFF7FBBE0829D0
:1027B00070B50646154608461C460CD01946F4F777
:1027C00051F918B9C1213320EEF72AF8237843F0E4
:1027D0000203237070BD737C237073681A682A60CB
:1027E0009B88AB80F6E7036863B1EFF3108272B6A3
:1027F00003681968016002B962B600221A705A7043
:102800009A70DA707047333070471FB50024039414
:102810009DF9204002949DF81C4001949DF81840B9
:102820000094F1F735FB04B010BD1FB503939DF97B
:102830001830CDE90123FF23042200930023F1F790
:1028400027FB05B05DF804FB18B1407BFF3818BFCB
:102850000120704708B520B94FF490613320EDF79F
:10286000DFFFC07EFF3818BF012008BD08B520B9C2
:102870004FF491613320EDF7D3FF807DFF3818BF0F
:10288000012008BD70B50C460546164602F03CF81E
:102890006074284602F043F8062EA07407D801237E
:1028A00003FA06F212F0550F06D19E4212D0002311
:1028B0006370C4E9013313E06370EB1C63600023B1
:1028C000A3606B78063B13F0FF030AD0093523742D
:1028D000E56070BD03236370EB1809356360A56084
:1028E00000231D46F3E738B50D46C178044611F0C4
:1028F0003F0105D128462822BDE8384004F0FDB844
:1029000002F002F86874204602F009F8A8742379EE
:102910006B70E078830900F03F002B70227912F091
:1029200001011ABF611D0B230523696012F002012A
:102930001CBFE1180633A96018BFDBB2510744BFC2
:102940000133DBB212F008011CBFE11802336961E8
:1029500018BFDBB212F010011CBFE1180333A961EC
:1029600018BFDBB212F020011EBFE1181233DBB238
:1029700012F04002E96100F104011EBFE2180133C8
:10298000DBB22A62C91A11F0FF0114BFE2180A462D
:102990006A626278013A121AD2B22A741AB10B44EE
:1029A0001C44EC6038BDEA60FCE7027802F00F02DC
:1029B000072A01D1FFF797BFFFF764BF0378012B08
:1029C0001ED0022B14D053B30339012907D8437802
:1029D000DA0641BF23F040034370002303624378CB
:1029E00023F0200343700023C3610374C360704766
:1029F0004378002223F00303426082604370E3E7E0
:102A00004378022923F0020343704FF000038360F0
:102A1000E5D04278436063F300024270D4E7CA1EF7
:102A2000012A0FD8427812F0100F06D1437823F014
:102A30000803437000234361C6E722F003024360AA
:102A4000836042704378DB06F0D5BDE7012381F057
:102A5000010103704370037100238170C3704371DF
:102A6000704730B501250024AB4284700571C570F4
:102A7000447107D0022B01D063B130BD04704470A3
:102A80004571FAE79DF80C309A1E5342534103708A
:102A90004370F2E7017042700371C370EDE7037891
:102AA0002BB14B7823F001034B7000234B6043782C
:102AB0002BB14B7823F002034B7000238B6003791A
:102AC0002BB14B7823F020034B700023CB6183782C
:102AD0002BB14B7823F008034B7000234B61C37874
:102AE0002BB14B7823F010034B7000238B6143799B
:102AF00013B100230B74CB6070474378002223F09E
:102B000022038260C2614370704708B5D0F8E83094
:102B1000D21A04D54FF469712120EDF781FED0F867
:102B2000C800B2FBF0F008BD022808B510D005D8E7
:102B300001280FD0FD219E20EDF772FEC31E012B50
:102B4000F8D8042840F2BE2008BF4FF4D26008BD78
:102B50006020FCE74FF4BC70F9E770B50D460646FF
:102B60000846FFF7E1FF04462846FBF795F900F514
:102B700022434FF47A728C34B133A4B2B3FBF2F334
:102B80001819D6F8103113B1012D08BF400070BDDF
:102B900038B50D46044620B940F24D712120EDF7BD
:102BA0003FFE91B1F5F7F6FB10B940F25371F5E72E
:102BB000D5E90032A9685B1842F10002C4E972321B
:102BC000B5F92430A4F8EC3138BD00220023C0E967
:102BD0007223F9E7002110B50B4690F81D41CAB2E7
:102BE000944205D2D0F8C800C31A5842584110BDCB
:102BF00000EB82022B330131D2F8CC201344EEE7F4
:102C00002DE9F0411E46D0F81031804617462BB111
:102C1000FFF7E0FF0130C0B2BDE8F081D0F8C84056
:102C20000725A4FB0545FFF7D5FF50B1D8E92C23B4
:102C3000A41845EB0303A74276EB03030AD2032053
:102C4000EAE7D8E93032E41845EB0205A74276EB13
:102C5000050501D20220DFE70120DDE72DE9F04183
:102C60000446FCF707FC074688462046D4E92C2397
:102C7000FFF7C6FF0646FCF775FD1828034641D945
:102C8000421CD4E9361513D04218AA42D4E92A20AE
:102C900028BF6B1AD21B60EB0800012A70F10005F7
:102CA0004FF000052CDB9342854100DB13465D1895
:102CB0006D1A41F288339D4228BF1D46FCF7DAFBAE
:102CC000C7F1320303449D421CD331462846FCF72A
:102CD000DEFCB8B9D4F8E020D4F8D830A818D4F87D
:102CE000DC202B44C4F8E0009342C4F8D83003D170
:102CF000D4E93A23C4E93023BDE8F041FCF7ACBD88
:102D00002B46D4E70020BDE8F08170B5044690F86A
:102D1000143103F0FF05002B55D0FF2380F8153147
:102D200090F81701FCF77EFC94F81701FCF724FDDE
:102D300094F81E01FCF776FC94F81E01FCF71CFDCC
:102D400000212046FFF7DDFC94F8163104F1E80578
:102D5000F3B1D4F808312BB32846F5F7EDFA002388
:102D600084F8153194F8165115F0FF0518BF0C259D
:102D700084F81631C4F8103184F8143194F817012E
:102D8000FCF790FB90B940F2F9212120EDF748FDC6
:102D9000D4F8100130B1D4F808311BB900F5E47053
:102DA000F5F760FA2846F5F75DFAD8E7202694F89B
:102DB0001E0184F81761FCF775FB10B940F2FD2184
:102DC000E3E784F81E61284670BD10B5044690F80C
:102DD00014310BB1FFF799FF0023A4F80C3110BD9B
:102DE00090F86C00003818BF01207047D0F81031FF
:102DF0000BB1FFF78ABF0C207047F8B506460F46A7
:102E000090F8153103F0FF04002B39D1FCF732FBA9
:102E1000054696F82001062F2AD8DFE807F004338C
:102E200033222E333300FFF77FFE00F19804A4B263
:102E3000D6F8B020D6F8D830AD1A8C3B2544AB423A
:102E40008CBF012400240AD83046FFF707FF30B1B9
:102E5000D6F8D8408C3CA5422CBF00240124204643
:102E6000F8BD0338012898BF282404F55774DFE71C
:102E700040F246312120EDF7D3FC40F20124D7E7A0
:102E80000024ECE70124EAE7F8B50C46054601F515
:102E9000E4770021D4F8D001F5F734FAA8420646C9
:102EA00006D18268D4F8D0319A420DD2816959B1E5
:102EB00031463846F5F7F4F9002331462B622046B7
:102EC000BDE8F840FFF764BEE9692F629A422CBF63
:102ED000AA60AB60F3E710B504460020F1F79EFD51
:102EE0002046BDE81040FFF770BF034690F814215C
:102EF00002F0FF0022B1B3F90C01003818BF012025
:102F000070472DE9F041044688B0072900F2CB80D4
:102F1000DFE801F00490757570C993C690F815311B
:102F200003F0FF064BB10121FFF7EBFBFAF7DEFCE4
:102F300008B0BDE8F041FCF7A0BAFCF737FC024648
:102F40000B4607468846C4E92C012046FFF7DDFD05
:102F500094F81D1102940596E1B1D4F8E850D4F824
:102F6000C8207B1BB3FBF2F302FB035533467D1BEA
:102F7000DAB2013304EB8202D2F8CC2002F12B0C3E
:102F8000AC459EBF2B3D0136AD1ADAB298BFF6B202
:102F90009142EDD2B4F8223184F81C61C3F30C03E2
:102FA0008DF81860C3B1D4F81831002003930323BF
:102FB0008DF810308DF8190002A8F0F7C9FED4F88A
:102FC000D8008238C4F8E000FCF746FC90BB40F221
:102FD00093112120EDF724FCB0FA80F03A464346E5
:102FE00040098DF810002046FFF78FFD003818BF0C
:102FF0000120DFE708B0BDE8F041FAF70FBEB0F8F6
:103000002231C3F30C030BB1FFF7C7FB00220123EE
:1030100002A920460092F1F71BFD40B102A994F8E5
:103020001701FCF7CDFA28B940F28771D1E72046A5
:10303000F0F7E2FE08B0BDE8F08190F8153123B159
:1030400008B0BDE8F041F0F797BEB0F82231C3F305
:103050000C0313B390F82031033B012BF0D890F808
:103060001F31002BECD1012180F81F1144F23650A2
:10307000FCF70DFB0028E3D144F23650D4F8D830E9
:103080000344C4F8D830D4F8E0301844C4F8E00061
:10309000FCF7E2FB0028CDD1D2E7FFF7DFFDF9E72F
:1030A00040F2C91195E740F2CD1192E730B50446E0
:1030B00089B00D4690F8142102F0FF0322B140F2CE
:1030C0006A212120EDF7ACFBFF2280F8142180F863
:1030D000153180F81C31A0F80C31FFF77BFDD0B919
:1030E00094F81D110346C2B291420CD2C4F8F030DC
:1030F0000122002302A920460095F1F7A9FC68B936
:1031000040F27F21DDE704EB82022B330130D2F85D
:10311000CC201344E7E741F28833E7E702A994F8AB
:103120001701FCF74DFA10B94FF42071C9E709B047
:1031300030BD70B504460D4690F8143123B140F20D
:103140009A212120EDF76CFB11B940F29B21F8E7A1
:10315000F1F7B6FA064670B1C4F8105195F8F0319F
:1031600003F0FF0113B14FF42971EAE784F8161157
:103170002046FFF79BFF304670BD70B505460E46F2
:10318000F1F79EFA044618B131462846FFF78EFF44
:10319000204670BD10B5044688B090F8152102F0A5
:1031A000FF039AB91A4602A90093F1F751FC50B1F6
:1031B00002A994F81701FCF703FA38B940F26E71CE
:1031C0002120EDF72DFB2046F0F716FEFAF78EFBD7
:1031D00008B0BDE81040FCF750B910B50E21EDF76E
:1031E000C3FF044618B965215320EDF719FB4FF4CE
:1031F000B872002103F081FC41F20143A4F8F030E1
:10320000012384F8133110BD00F0FD00003818BF11
:10321000012070476FF45063C318062B8EBF40F235
:10322000E243A0F550604FF47A735843704720B1E1
:1032300090F81202003818BF0120704790F8F03162
:10324000DBB290F8B0202AB903F0FB00003818BFB9
:10325000012070470020704790F80432DBB290F8EC
:10326000B0202AB903F0FB00003818BF01207047D6
:10327000002070472DE9F84380461746B0F8666095
:10328000B0F8685089B303F0F3F80446022101F066
:10329000D3F981460221204601F0CEF94E45B8F817
:1032A000003028BF4E463B80B6B21B2E38BF1B26CF
:1032B000FB2E28BFFB26854228BF05467E80ADB287
:1032C0001B2D38BF1B25FB2D28BFFB25B4F5A47F84
:1032D00038BF4FF4A474FD80B4F5296F28BF4FF4B4
:1032E0002964BC803C81BDE8F88302F0ABFBCCE7ED
:1032F000002307B5CDE9003303238DF80630684677
:10330000EDF7A8FF08B1002004E0009802F02CFCC3
:103310000028F4D003B05DF804FB1FB5002240F68E
:10332000881303A90092FAF72BFF05B05DF804FBA0
:1033300070B505460C4602F017FCF0B9284602F0BD
:103340006FFDD0B904212046EDF74AFF064678B953
:1033500006212046EDF744FF054680B903212046AB
:10336000EDF754FF88B141F6BB213920EDF758FA4B
:10337000403002F07DFA0028EAD00C2010E0403006
:1033800002F076FA0028E9D0F7E73EB104212046A2
:10339000EDF73CFF10B141F6C221E6E70DB9002080
:1033A00070BD06212046EDF731FF0028F7D041F629
:1033B000C921DAE738B505460C461AB11F2914D9D8
:1033C000122038BDEEF746F8A04210D3284602F08E
:1033D0001EFE08B11F2CF3D8284602F078FD40B13C
:1033E0002146284602F0ACFD28B10020E9E707207D
:1033F000E7E74220E5E74520E3E738B5054602F078
:1034000066FDE8B1284602F0AFFB08B9002038BDE0
:10341000284602F0DDFA0446284602F0DCFA88B9B4
:10342000002CF3D02088F3F72FF902212088EDF744
:10343000EDFE0028EAD041F6EB413920EDF7F0F936
:103440004220E4E70C20E2E7037840680BB9FFF77D
:10345000F5BEFFF701BFF0B587B00546008801A9AA
:1034600001F042F8044600287BD1029B93F86221C8
:10347000D11E4A424A418DF802209DF80420002ABC
:1034800072D193F88F201F2A72D19DF8022082F00A
:10349000010293F8E0308DF803209B0603D49DF8D9
:1034A0000330002B68D0EB881B3B9BB2E02B65D828
:1034B000298944F24810A1F5A4739BB283425DD8D8
:1034C0006B881B3B9BB2E02B58D8AA88A2F5A4734B
:1034D0009BB2834252D8B1F5296F51D8B2F5296F0A
:1034E0004ED8029EFF2786F823719DF80230002BEC
:1034F00040D19DF8041003AA3046B1FA81F1490980
:10350000FFF7B8FE6A88BDF8123040F64800BDF8F3
:1035100014109342B5F806C028BF13468142AA880A
:10352000A6F8283128BF0146BDF80E30634528BFF4
:103530006346A6F82431BDF81030834228BF034605
:103540002889834228BF03468A42A6F826311346BB
:1035500028BF0B46A6F82A3186F82271002386F888
:103560002331204607B0F0BDD3F8802092068CD4DA
:1035700022468EE73A24F1E71A24F2E71224F0E714
:103580001124EEE710B50446FFF7B2FE58B9012149
:103590000020EDF725FED0B901210846EDF720FE09
:1035A000D8B9012009E0F2F7D7FE68B1F1F752FF70
:1035B000044602F015FD08B1002010BD204602F0BF
:1035C0000BFD0028E3D0F7E7002CE0D1F4E7A830AA
:1035D000FFF706FC0028DFD0EEE7A830FFF700FC7D
:1035E00080F00100C0B2E8E708B5F2F791FE0020D4
:1035F00008BD102243F220030270C2705922A0F8C5
:1036000001308280C38000207047082108B5EDF7A3
:1036100055FB002008BD73B506460D460088694677
:1036200000F062FF044688B9B3785BB9019B93F957
:103630007C00A87033882B80F3F7A0FBA87020468D
:1036400002B070BD7F20FFF768FEF2E70224F6E7C4
:1036500010B504466FF07F00FFF75FFEF3F78EFBB7
:1036600020707F20FFF759FEF3F788FB6070002081
:1036700010BD10B50446F3F7C3FB00EB80035B00FD
:103680002380F3F7C3FB00EB800300205B00638023
:1036900010BD10B50446F1F7DDFE02F09AFCF3F719
:1036A0006DFB2070002010BD0A4600F1100108B526
:1036B000072303F080F9002008BD10B50146044639
:1036C0000020F3F775F808B92060A080002010BD35
:1036D00010B50446F2F716FE28B900202146F3F78C
:1036E0004FF8002010BD0020FFF74CFF0028F4D158
:1036F0000C20F7E710B504460120FFF743FF28B17F
:1037000001202146F3F73CF8002010BD0C20FCE717
:10371000F7B50C4605466946008800F0E5FEA21C98
:10372000034690B9019901F1970781F8CB303868C9
:103730001060387910712888208091F8CB6006F0ED
:10374000FF00002EF1D103B0F0BD00230220C4F829
:103750000230137123706370F5E7FFF77CBE1FB56D
:1037600044F290228388934217D80288B3F5296FD8
:10377000ADF8042028BF4FF4296340880A80ADF8D3
:103780000600ADF80A0001A8ADF80830ADF80C301D
:10379000FFF761FE05B05DF804FB1220FAE737B5CC
:1037A0000D46694600F0A0FE044640B99DF80010A1
:1037B0002A460198B1FA81F14909FFF75BFD2046DD
:1037C00003B030BD03466FF06F0100200A2210B530
:1037D0006FF00404587099701C70DA701C71587185
:1037E0009971DA7110BD10B504460020F2F7AEFDF4
:1037F0002378012B13D16378012B03D9022B0CD131
:10380000A38853B1628862B1A38853B10A214A43A5
:103810004FF4A0614B439A4203DB122010BD002BF2
:10382000FBD12046BDE81040F1F73ABD07B503785B
:1038300000214278012B8DF800308DF80120ADF881
:103840000210ADF8041007D1012A07D86846F1F735
:1038500027FD03B05DF804FB002BF7D01220F8E73A
:1038600008B5EEF77DFB002008BD13B50C46694690
:1038700000F03AFE30B9019B9DF80020B3F8883083
:1038800012B9238002B010BD0133FAE72DE9FF41E0
:10389000054602A9008800F027FE20B10226304626
:1038A00004B0BDE8F0819DF80830012B01D111264C
:1038B000F5E7039C2046FFF7C1FC0028EED0AA885C
:1038C0001046FFF7A7FC07464CB1E369984206D1C2
:1038D000638E6889A989884203D91226DFE701230C
:1038E000F7E7019320462B890093EB886988F1F76D
:1038F000ADFB804600283FD094F8223203F0FF064B
:10390000002B3BD104F13C0001F07AFB2B308742C5
:10391000CDD30D212088EDF763FCFFF788FC78BB41
:10392000AB886FF450621344062B8ABF40F2E24327
:103930006423B046BB42D0D2B8F1000F05D0B4F832
:10394000741040F2022291421AD1A4F80E32C4F847
:103950001472EA79AB7943EA0223A4F818322B7A7D
:103960006A7A43EA0223A4F81A32002384F8203248
:10397000FF2384F8223292E7302690E73A268EE73A
:103980000C268CE713B5044600F010FE00284DD03D
:103990002046FF24F3F750FA0023CDE900336846B0
:1039A000EDF758FC48B300244FF44033CDE9004311
:1039B000FF246846EDF74EFC18B300204FF4802337
:1039C000FF24CDE900036846EDF744FCE8B100218F
:1039D0004FF4C023FF24CDE900136846EDF73AFC0D
:1039E000B8B100224FF42023CDE900236846EDF75B
:1039F00031FC90B1002002B010BD009B83F804425E
:103A0000CDE7009B83F88A40D3E7009B83F83440DE
:103A1000D9E7009B83F83440DFE7009B93F8382018
:103A2000032AE3D1FF2283F82220DFE71220E2E716
:103A300013B50088694600F057FD0146C0B99DF8EE
:103A40000030019C73B19DF80030012B03D1019827
:103A5000FFF702FC58B194F833314BB9FF2384F8D7
:103A6000333105E02046FFF7E9FB0028EBD10221C6
:103A7000084602B010BD10B50446F2F7ABFC20605A
:103A80000020616010BDF0B5044689B000200E46EC
:103A900004F11807F2F75AFC23466A4618680833FF
:103AA00053F8041C1546BB4203C52A46F6D11988B3
:103AB0009B782980AB7000238DF81B308DF81C306B
:103AC000637E042B10D8A37E042B0DD8237D022BFC
:103AD0000AD0637803F01803082B05D031466846F6
:103AE000F2F794F909B0F0BD1220FBE7F0B50446F7
:103AF00089B000200E4604F11807F2F727FC234690
:103B00006A461868083353F8041C1546BB4203C5BF
:103B10002A46F6D11B782B7000238DF81930ADF8AA
:103B20001A308DF81C30237D022B0AD0637803F005
:103B30001803082B05D031466846F2F767F909B03B
:103B4000F0BD1220FBE710B5032104460078EDF725
:103B500047FB20B12178BDE81040FFF7E9BB4220C8
:103B600010BD13B500200024F2F7F0FB0323CDE9CC
:103B700000448DF806306846EDF76CFB10B1204626
:103B800002B010BDBDF804100098FFF7D1FB00286B
:103B900018BF0C24EFE72DE9F341054690F80180AA
:103BA00003210078EDF71CFB0446002800F0868016
:103BB000F2F7D2FB002839D0204602F0E7F9EE7880
:103BC000864228BF0646B6B2B8F1040F30D1002EA7
:103BD00048D1204602F01BFA6B78032B56D108F02F
:103BE000FD07012F63D1204602F011FA00285CD1B5
:103BF000B8F1010F08BF02273A46E16C6846EDF7BD
:103C000041FC33466A680121E06CFEF73AFB10B3D1
:103C10006B78023B012B07D8E06CFEF7CCFB01214F
:103C20000246E06CFEF75DFB00201CE0EE78CBE77F
:103C3000E06CFEF7C0FB8719BFB2F2F78DFBA8B9A5
:103C4000EB7853B9204602F0A1F987420ED92046FD
:103C500002F0DDF930B9072005E0204602F0A8F9AE
:103C60000028EFD1122002B0BDE8F081F2F774FB1A
:103C7000394602462046FFF79DFB0028F3D1A8F104
:103C80000303012BA5D9002EA3D1EBE70028E9D12E
:103C9000042BA4D1204601F067FF0028E2D0E06C9D
:103CA000FEF79FFB00289AD1DCE70027A4E7B8F1D4
:103CB000040FA6D1204602F0DAF9B5E74220D2E798
:103CC0002DE9F7430746467890F8039003210078E2
:103CD000EDF786FA0446002856D0F2F73DFB30B1E6
:103CE000204602F07DF9002808BF4FF00009E06C83
:103CF000FEF76CFB00EB09081FFA88F8F2F72CFBC3
:103D000060B1F2F729FB414602462046FFF752FB1D
:103D1000054668B1284603B0BDE8F083FB78002B68
:103D2000EFD0204602F05CF90028EAD11225F1E735
:103D3000042EFBD0032E0CD1204602F068F908BBFC
:103D4000012E14BF05220622E16C6846EDF79AFBAE
:103D500008E0B9F1000FE9D0204601F005FFA8B94D
:103D6000012EE9D04B467A680021E06CFEF789FA13
:103D700070B1023E012ECDD842460021E06CFEF724
:103D8000B0FAC7E70422DFE74225C3E70C25C1E705
:103D90000725BFE713B50446F1F75CFB4FF440730A
:103DA0006846ADF8003000238DF8023014F8013B6E
:103DB0008DF803300194FFF783FF02B010BD13B5F7
:103DC00004460020F2F7C2FAE378FB2B13D82278DE
:103DD000043468468DF803308DF8002014F8022C66
:103DE0008DF8022014F8032C01948DF80120FFF7C0
:103DF00067FF02B010BD1220FBE710B5044600209B
:103E0000F2F7A4FAEDF726FB2080002010BD10B5D4
:103E100004460020F2F79AFA0320EDF763F92070C8
:103E2000002010BD73B504460020F2F78FFA6378C6
:103E30007BBB23783BBB01936C46009303238DF837
:103E400006302046EDF706FAD0B90098FFF7D5FA0C
:103E50000028F6D018E09E00032104EB8303987835
:103E6000EDF7BEF9B8B12378012B0BD1B11C214479
:103E7000F1F786FC013538B96278EBB29A42EAD89C
:103E8000002001E013B1122002B070BDFFF7B5FAB7
:103E9000F0E70025F0E74220F6E738B503210546B4
:103EA0000078EDF79DF90446A0B101F05DFE28B958
:103EB0002046691C02F062F8002038BD204602F05E
:103EC0008FF808B10C20F8E7204602F085F80028AA
:103ED000EED0F7E74220F0E713B50446F1F7BAFA5F
:103EE000684614F8013B8DF803304FF44073019499
:103EF000ADF8003000238DF80230FFF74CFE02B021
:103F000010BD13B504460020F2F720FAE378FB2B2E
:103F100013D82278043468468DF803308DF80020D9
:103F200014F8022C8DF8022014F8032C01948DF85B
:103F30000120FFF730FE02B010BD1220FBE773B581
:103F40000546F1F787FA04462B7863B100230DF19B
:103F5000010101208DF80030F2F72AFC18B1684603
:103F6000FFF79BFF88B9002620468DF8006002F01D
:103F70003BF82B78C0018DF80360012BADF80100F0
:103F800005D169462046F1F7FBFB02B070BD2BB9A5
:103F9000204602B0BDE87040FFF72FBA1220F4E7C8
:103FA00010B5022104460088EDF71AF920B1A11CD2
:103FB000BDE8104002F02EBA022010BD08B5022163
:103FC0000088EDF70DF920B10021BDE8084002F0AE
:103FD00021BA022008BD10B50C460221EDF700F908
:103FE00090B1022C12D804F00102C4F3400480F80E
:103FF000D52180F8D44112B190F8D2310BB900200C
:1040000010BDF4F76FFFFAE70220F9E71220F7E797
:1040100010B504460078FF280AD00321EDF7E0F838
:1040200058B16378A27843EA0223C384002010BD0C
:10403000B4F80100F5F7B6F8F8E74220F7E710B555
:1040400004460078003818BF0120F8F7E5FB207817
:10405000003818BF0120F4F731FF002010BD10B563
:104060000446F2F779F950B1F1F7F4F96178C1F348
:10407000400201F0010101F0FEFF002010BD03210C
:104080002078EDF7ADF80028F0D14220F6E70820BF
:10409000F2F768B902F0E8B908B5C3780246013B07
:1040A000D8B2042801D9FE2806D11378042B03D1F5
:1040B000F0F728FB002008BD1220FCE710B50446ED
:1040C00004B910BD236898476468F9E703680BB921
:1040D000016070471A465B6813B18A42FAD1704793
:1040E0008A4218BF5160704708B502F0BFF9F1F776
:1040F00013FCFEF79DFABDE80840F4F79FB808B539
:10410000FE20F0F7FFFABDE80840FFF7EDBF08B565
:10411000EFF716FEBDE80840F2F752B808B5F4F71D
:1041200073FEF6F765FB20B140F241119320ECF7E6
:1041300077FB0320BDE80840FEF72FB808B5022042
:10414000FEF72BF80020FEF728F8EDF70DF9F2F74F
:104150008BFAEDF769FD20B140F221119320ECF7C5
:104160005FFB08BDFFF7EABF08B5FFF7D7FFF7F71A
:104170007BFC20B14FF4AB719320ECF751FB08BDF1
:1041800010B5C378044691B163B90388012B01D9F6
:104190005B082380F3F770F92388B0FBF3F202FB8E
:1041A0001300A070E37883F00103E37010BD002BCF
:1041B000F8D10388FE2BEDD85B009BB2FF2B88BFA4
:1041C000FF23E6E7837813B1013BDBB28370B3FAD8
:1041D00083F0400970470123038040F201134380BC
:1041E0007047FCF727BB0B46152203F8032BD0F8CA
:1041F0000920C1F80320427B1A71704737B5044685
:104200000D46F2F7BDFE18B36FF4B6730221E01845
:1042100003886846ADF8003034F8FD3CADF8023054
:1042200034F8FB3CADF80430F1F72EF918B1422117
:10423000AE20ECF7F5FAADF800009DF80030002054
:1042400063F307009DF8013063F30F2003B030BD26
:104250003B232B70D4F80930C5F803300423ADF8A4
:104260000030EAE708B5436893F88E201AB185213B
:10427000AE20ECF7D5FA212283F88E2008BD034644
:1042800010F0010007D19A0704D4C3F380039B0008
:10429000D8B27047022070472DE9F34B0446104610
:1042A00015461E46FFF7EBFF834608468946FFF793
:1042B000E6FF4BEA0007DDF82880FFB20190003FDF
:1042C00018BF0127F2F78CF8054018BF5D46F2F7DA
:1042D00087F894F8742010EA0901019B18BF194669
:1042E000AA4214BF2B46002388F8003094F87520AA
:1042F0008A4208BF00210B4388F801100BD1B4F8A3
:104300008830013EF61A47F6FD73B6B29E428CBF66
:10431000002707F00107C5B994F87400F0F71CFEF8
:1043200003280ED194F82C31012B0AD1B4F8302196
:1043300094F87430012A0AD1032B0AD0032388F899
:104340000030384602B0BDE8F08B042DE9E7042BBD
:10435000F7D00423F3E7042906D101280AD1032169
:104360000120518013807047032903D1012801D017
:104370000421F5E700207047012807D0022805D066
:10438000033801288CBF002001208000704770B5E1
:104390004468064694F88F50A5F12103062B4DD9A9
:1043A0002F2D4BD0002D47D194F88E30262B45D0A1
:1043B0000B7913F0070335D04A7912F0070231D098
:1043C00084F86D2084F86C3094F82D3113BB94F888
:1043D0002C31012B1ED094F8753094F86C20D91E26
:1043E000012998BF04239A4222D194F87430DA1E2E
:1043F000012A94F86D2098BF04239A4218D1022311
:10440000B4F8702084F82C31B4F87230A4F82E215E
:10441000A4F830312323304684F88F3000F0E7FED3
:10442000284670BD3046C978BDE8704000F01CBF1A
:104430003046F2F721F8EDE70125F1E72025EFE717
:1044400008B5436893F88F20232A05D022B140F2A3
:10445000EA31AE20ECF7E4F9242283F88F2008BD7E
:10446000F2F702B9704730B542401C7808785D78A1
:1044700060404C786C409D7820448C786C40DD78AE
:104480002044CC786C401D795B7920440C794979C3
:104490006C404B40204418441044B0FA80F040096E
:1044A00030BD024600200139C9B2FF2900D1704752
:1044B000535C83F001030344D8B2F4E708B5F2F784
:1044C0009DF9082803D0BDE80840F2F7B9B908BD46
:1044D00008B502F046F818B1BDE80840F8F78CBA04
:1044E000082008BD02F03DB838B50C46002105464D
:1044F000ECF776FE606018B100230020237038BD11
:1045000002212846ECF76CFE606008B10123F4E755
:104510000220F4E770B504460D4659BB4FF43672DD
:1045200002F0EBFA012384F8E65084F896306FF03D
:10453000360384F8E130042384F8E2306FF03B0363
:1045400084F8E3306F2384F8E4306FF03C0384F8A0
:10455000E5306FF07F0384F8E7302B2384F8E030F8
:10456000FE2384F816317F2384F88D30202384F8CD
:10457000203270BD012911D10023A0F8DC3180F870
:10458000D33140F6B833C269A0F8BC301146C38CB1
:1045900004F18000BDE87040F2F7B0BB0229E8D119
:1045A000B0F8AE32D0F8A822C169F1E770B503794E
:1045B0001F2B0FD8461E051D002416F8010F00F012
:1045C000FCFD0444AE42E4B2F7D1012C94BF0020BC
:1045D000012070BD0020FCE7F8B505460C46D0E987
:1045E0000476FBF727F820B940F207112920ECF7F1
:1045F00017F9ECB1D5E90423D21B63EB0603012ABA
:1046000073F100014FF0000114DB6FF001009042E4
:10461000994102DA40F21111E8E7631E1344B3FB3B
:10462000F4F35C43E41946F10006C5E904461C4670
:104630002046F8BD0C46FBE7CB1E012B0FD8032903
:104640000BBF96234FF416731022402203F5BC7360
:10465000984210D9C01A90FBF2F080B2704702293C
:1046600004D13C2807D980100F38F6E7702802D90A
:10467000C0100E38F1E70020704738B50D460446EB
:10468000F1F7AEFE2B78002B08BF034684F870309C
:104690006B78002B08BF034684F871306B88A4F850
:1046A000723038BD022908B5034615D006D8012955
:1046B0000AD040F289112920ECF7B2F80339012918
:1046C000F7D840F6A66008BD40F6C41040F2E242BA
:1046D000002B08BF1046F6E740F6C410F3E7801A37
:1046E000A93810B58842029C94BF091A491A226859
:1046F000012902EB510294BF0020012022601A68B8
:10470000A2EB51021A6010BD002307B501A8019366
:10471000F9F706FD019810F0030018BF012003B05F
:104720005DF804FB08B501F038FFBDE80840F2F77A
:1047300025BBC2B292FAA2F2030A93FAA3F31B0EAC
:10474000100E40EA03207047013105300022C9B243
:1047500070B510F8013F8B4216D310F8054C0023BA
:10476000012505FA03F626421CBF01F1FF31C9B24B
:1047700069B10133082BF4D10132D2B2052AE8D154
:1047800099214620ECF74CF8C91AC9B2F4E703EBBB
:10479000C200C0B270BD0B6870B5C0F801300446ED
:1047A0000B790546461D03F01F0343710023C372B6
:1047B00015F8010F00F001FD6871B542E37A184465
:1047C000E072F5D170BD81EA114170B58CB2054639
:1047D000C17A032682EA0400FFF7ABFF013E00EB3B
:1047E000001016F0FF0604EB000290B2F4D1444032
:1047F0002522B4FBF2F302FB1343C3F3C402D8B285
:1048000003F007032A445678012202FA03F31E42FA
:1048100007D161432846C1F30741BDE87040FFF767
:1048200093BF70BDF8B590F8215004466B1E242B41
:1048300054D80AB90020F8BD807D18B1012844D0B1
:104840001F20F8E794F8233094F8221002FB01327D
:104850002523B2FBF3F103FB1123DBB204EBD302FC
:1048600003F0070684F82330D17D0122B2401142C3
:1048700002D084F82430DDE7B3FBF5F205FB1233F8
:1048800004F11B01013303F0FF0311F8012F9342E0
:1048900018D811F8055C0022012606FA02F72F420B
:1048A00008D0013B13F0FF0304D102EBC00284F8EF
:1048B0002420BFE70132082AEFD10130C0B2052819
:1048C000E3D1BDE79B1ADBB2F7E7228904F11600BA
:1048D000096AFFF778FF84F82400ABE71220AAE703
:1048E000034612EA010003D013F03F0018BF012075
:1048F0007047407870470378890123F0400301F046
:1049000040010B43037070470078C0F3801070477C
:10491000037803F07F0343EAC11303707047007804
:10492000C00970471F2A38B50546144603D9B72178
:104930002A20EBF775FF06340930FCF7C9FC6C70D0
:1049400038BD1F2A38B50546144603D9D9212A2077
:10495000EBF766FF06340930FCF7BAFC6C7038BD23
:104960000378024603F00F03032B3ED0052B42D100
:10497000C37F90F82000034392F82100034392F88C
:104980002200034392F8230000F01F00184333D0A5
:104990005378222B2FD1B2F81930B1B1B3F5506F43
:1049A00013D940F607518B4225D8B2F81B30B3F526
:1049B000FA7F20D2B2F81D0040F676430A3880B262
:1049C00098428CBF002001207047991F40F67A4022
:1049D00089B281420FD8917D481E07280BD8994291
:1049E00009D2B2F817109942DEE74078A0F10C0323
:1049F00058425841704700207047F8B5C7780D46B7
:104A000017F03F0600F08780072900F28480DFE876
:104A100001F0040E172029323B4401790122384667
:104A2000FFF75EFF00280CBF00200520F8BD0179CC
:104A300002223846FFF754FF0028F7D005245AE039
:104A4000017904223846FFF74BFF0028EED00524F9
:104A500048E0017908223846FFF742FF0028E5D0F8
:104A6000052439E0017910223846FFF739FF002884
:104A7000DCD0052429E0017920223846FFF730FFF9
:104A80000028D3D02C4618E0017940223846FFF7A1
:104A900027FF0028CAD0052406E0017940223846C5
:104AA000FFF71EFF441DE4B220223846FFF718FF2F
:104AB00000EBC00004EB4004E4B210223846FFF7DC
:104AC0000FFF00EB40000444E4B208223846FFF731
:104AD00007FF04EB4004E4B204223846FFF700FF6E
:104AE0000444E4B202223846FFF7FAFE00EB40002D
:104AF00004EB4004E4B201223846FFF7F1FE072D33
:104B000000EB400004EB4000C0B28FD1031FB34262
:104B1000C8BF00208AE7002088E770B50C4606462B
:104B200011461D4624B940F2E1212A20EBF778FE18
:104B3000FFF763FF10B940F2E221F6E7031F2B44B1
:104B40003F2B02DD40F2E321EFE72A4621463044C5
:104B5000BDE87040FCF7BCBB10B50446FFF74DFF45
:104B600000B1204410BDC07800F03F007047C3780A
:104B700003F03F0343EA8113C370704730B5C1F3BC
:104B80008003C1F38014C1F340052344C1F3001432
:104B900004EB44042344C1F3401404EBC40403EBCA
:104BA0004403C1F300042C44C1F3C005134404EBD7
:104BB00044042C4403EB440313F0FF031CBF0133F4
:104BC0000171C17818BFDBB221F03F0103F03F044F
:104BD0002143C170591C41701AB104339B1A013A28
:104BE000C25430BD70B5C4780646154604F03F0483
:104BF0001319FE2B04DD40F23F312A20EBF710FEA3
:104C00000135201D2C443044FCF762FB747070BDEC
:104C10004378C278013B02F03F02981AC0B2704755
:104C2000F8B50D46194617460646FFF7F1FF441A38
:104C3000E4B2BC4228BF3C464DB1F278284602F0AF
:104C40003F020432114422463144FCF741FB204626
:104C5000F8BD2DE9F047C678012201793046FFF70B
:104C60003FFE022205463046FFF73AFE20228246EA
:104C70003046FFF735FE082207463046FFF730FE84
:104C8000102281463046FFF72BFE042204463046B0
:104C9000FFF726FE402280463046FFF721FE05EB57
:104CA0000A0307EBC707804404EB4404B94403EB51
:104CB000430304EB08004B4400EB430010F0FF00FB
:104CC0001CBF0130C0B2BDE8F08738B5C5780446D6
:104CD000AB09032B1ED005F03F054378AB4219D931
:104CE000FFF7B7FFA84215D895B12379DB060FD59A
:104CF00004212046FFF730FF48B1037803F03F035B
:104D0000242B07D880785F288CBF0020012038BD75
:104D10000120FCE70020FAE70278437802F00F0256
:104D2000072A12D8DFE802F0080408111111080E52
:104D30000C3B584258417047063B1F2B8CBF00204C
:104D4000012070470BB1FFF7C0BF00207047027809
:104D500002F00F02072A0AD0082A0AD0042A0ED12C
:104D6000407806381F288CBF002001207047FFF7CD
:104D7000ACBF4078A0F10E03584258417047002064
:104D80007047037801F0030123F003030B43037022
:104D900070470078C0F3800070470078C0F3C0000F
:104DA00070470078C0F3001070470078C0F34010DF
:104DB00070470B78837070471B2A08B504D940F2FE
:104DC00044412A20EBF72CFD42700330BDE8084037
:104DD000FCF77EBAB0F80730B1B1B3F5506F13D914
:104DE00040F6075293421FD8B0F80930B3F5FA7F66
:104DF0001AD2B0F80B0040F676430A3880B29842D7
:104E00008CBF0020012070479A1F40F67A4192B271
:104E10008A4209D80279511E072905D89A4203D23D
:104E2000B0F805209A42DEE700207047043001F117
:104E3000200351F8042B994240F8042BF9D10B8838
:104E40000380704738B515460446FFF7EFFF2B681F
:104E5000C4F826306B68C4F82A3038BD037843B1F3
:104E6000406890F8D23123B1002380F8D231F4F7B2
:104E700039B8704708B5017A19B101290AD0002064
:104E800008BD03680221C2888088F2F72DF820B19E
:104E90000120F5E70368C288F6E7F2F729FAF7E799
:104EA00002230B7001238B707047F2F7A5B910B580
:104EB00021B94FF410711020EBF7B2FC4A600B726D
:104EC000EFF3108472B6031D0B6042681AB1127AB8
:104ED000012A08BF036003681960016004B962B663
:104EE000BDE81040F2F7D2B90222F2F7EFB903227F
:104EF000F2F7ECB90422F2F7E9B90222F2F72ABA82
:104F00000322F2F727BA14230B706FF4A873184426
:104F10000388A1F80330B0F84830A1F80530B0F8A4
:104F20004C30A1F80730B0F84A30A1F80930B0F899
:104F30004E30A1F80B30704708B5CB1E012B04D8BA
:104F4000800100F5747080B208BD012902D10E30D5
:104F5000C000F8E7022902D10F308000F3E74FF4D8
:104F60002E710620EBF75CFC30B587B004460D4689
:104F7000F2F710F890B3A4F5AD7469462488204682
:104F8000FEF70DFC20B14FF484712C20EBF748FCA8
:104F9000BDF8063003A8ADF80C40ADF80E30BDF8F2
:104FA0000830ADF81030BDF80230ADF81230BDF861
:104FB0000430ADF81430FEF7D0FB10B140F21111FF
:104FC000E3E7ADF80C009DF80C30002063F3070018
:104FD0009DF80D3063F30F2007B030BD2B463A2209
:104FE00003F8032BD4F80920C5F80320D4F80D20CA
:104FF0005A60B4F811201A810423ADF80C30E2E7AE
:1050000040687047033901298CBFC08A4FF429607A
:10501000704770B590F874608D88033E0C89012E3E
:1050200004D943B11678033E012E04D8B5F5296F93
:1050300038BF4FF4296590F87560033E012E04D9FE
:1050400043B15378033B012B04D8B4F5296F38BF23
:105050004FF42964CB884A88A0F86030A0F85C201F
:10506000A0F85E50A0F8624070BD8383BDF80030A8
:1050700001834283C38370471B2200294FF01B1119
:105080000CBF4FF4A4734FF4296382840284028519
:1050900002F1A472C160C3844384C38383834382C7
:1050A0000382C0E90521704738B5CB1E0446012BA9
:1050B00010D9C58B438C9D4228BF1D46207AFFF72F
:1050C0003BFF6389AB4228BF2B46984238BF184646
:1050D00080B238BD4FF42965F0E72DE9F8439946D1
:1050E00007460D46808919461446FFF725FF0646F8
:1050F0009DF8208049463846FFF7D6FF8642414654
:10510000A8F1030828BF0646B88AFFF715FFB8F1D3
:10511000010F0346B6B28CBFFA8A4FF4296290425F
:1051200004F1060028BF134628449BB233441844B8
:10513000BDE8F8830346028F13B53C3049B9D98ED8
:1051400093F87540009493F87430FFF7C6FF02B0EF
:1051500010BD998EF4E770B50C46154619464BB94B
:10516000868EFFF7E7FF28443044A04294BF201A00
:10517000002070BDC68EF4E738B50D4611460446D2
:10518000FFF7D8FF2844206438BDC369C06B98423C
:1051900028BF184601F19C0383423DBF401A9C384A
:1051A000400800207047002803DB884204DB08B277
:1051B00002E049428142FADC704700F055034008A2
:1051C00000F05500034403F033009B0803F0330361
:1051D000034403F00F0000EB1310704743680022F4
:1051E00083F88E2083F8CA20A3F8C620704703787E
:1051F00042682BB9A2F8CC30012382F8CE30704738
:105200000023A2F8CC3092F8CE3001335BB2F4E741
:1052100008B50378426813B982F8CE3008BD92F819
:10522000CE30013B5BB2002B82F8CE30F6DA522151
:105230004A20EBF7F5FA436883F8131183F812213B
:105240007047A0F10B03042B0CD9A0F14403012BF0
:1052500008D9A0F121032F2818BF062B94BF0120E5
:1052600000207047012070474268D2F8803010B5A6
:1052700013F0080409D143F0080382F81011C2F8B2
:105280008030FFF7B4FF204610BD0120FCE7C26963
:1052900041F64B539A4296BF4AF6C8730623B3FBB6
:1052A000F2F3828C408E1344584380B270474368B7
:1052B000002093F89020073A012A81BF0A7983F8E9
:1052C0009120072283F890207047426892F890302E
:1052D000073B012B84BF082382F890307047426857
:1052E00070B592F88F50F5B9B1F80930B2F888600E
:1052F000A2F8A032013B9B1B47F6FD769BB2B3425E
:1053000006D9282382F8B130F2F75CFC284670BD3C
:105310004B68C2F8A2320B7A82F8A6320B2243689D
:1053200083F88F20F2E70125F0E72DE9F74F0646D5
:10533000894690460193FFF7AAFFD6F8E471044628
:105340005FB90023C8F80030B6F8883023449CB217
:10535000019B1C8003B0BDE8F08FF2F77BFF0028B3
:10536000EFD1D6F81CC0D6E972320CFB04FE1EEB5E
:10537000030ED7E9021342F100020B44D7E90015EE
:105380005B1845F10005734575EB020114D2BEEBC5
:1053900003016FF0010B62EB050A8B4570EB0A0A03
:1053A00003D239215620EBF73BFA3869471E3944BE
:1053B000B1FBF0F1E0FB0135B3EB0E0365EB020549
:1053C0006FF001029A424FF00002AA4101D244213B
:1053D000E8E7B3FBF9F209FB1233B3FBFCF291B23D
:1053E0000CFB1133C8F80030B6F888301C44144464
:1053F000A4B2ADE70B46082203F8032BD0F809202E
:10540000C1F80320D0F80D205A60427C1A720023A4
:10541000CB707047436870B593F88F5006460C46C2
:10542000002D60D193F87D102046FFF7D3FC014694
:1054300028B9E1783046BDE87040FFF715BF7268C3
:10544000B4F80D30B2F88800A2F8A032013B1B1A64
:1054500047F6FD709BB2834207D92823304682F875
:10546000B130F2F7AFFB284670BDB4F807306FF4E7
:1054700050601818062895BFA3F5506340F2E2412A
:105480004FF47A704B438CBF29464343C2F8A8328D
:105490002379E1B103EB830303EB83039B00A2F8C1
:1054A000A232B4F80530D9B164214B43C2F8A4321A
:1054B000B4F80930A2F8AC32B4F80B30A2F8AE322E
:1054C000002382F8B4320E2382F88F30CBE7C3EB8F
:1054D000431003EB800303EB83035B009BB2DEE727
:1054E00040F2E241E1E70125BDE737B50C46098905
:1054F00005461A2919D96389B3F5A47F15D3A28863
:105500001A2A12D9E088B0F5A47F0ED36C680090F7
:1055100004F13C00FFF7A9FD6968204601F2511132
:10552000F1F724FF012003B030BD0020FBE708B5F0
:10553000436893F88E201AB12621A320EBF770F967
:105540001E2283F88E2008BD38B54568044695F8BC
:105550008E301E3B022B0CD8FFF7C7FF18B1062177
:105560006068F3F737FD002085F8CA0085F88E00E3
:1055700038BD0120FCE74268D2F88030D90610B56A
:10558000044603D4B021A320EBF74AF9990601D5CC
:10559000B121F8E723F01003C2F88030FFF738FE9E
:1055A00060680621BDE81040F3F714BD0B230B70B3
:1055B000D0F80930C1F8023070470B460C2203F8CE
:1055C000022BB0F809204A80C27A9A70704738B529
:1055D0004368054693F88F4034B1123C0B2C8CBFC6
:1055E00001240824204638BD93F89420002AF9D0DD
:1055F000D3F81C3133B9FFF7FAFD6B68122283F838
:105600008F20EFE70C220A21FFF715FE6B6832228C
:10561000284683F88F20FFF7EAFDE3E708B54368E3
:1056200093F88F20162A04D04FF4BD711F20EBF79A
:10563000F7F8012283F8CF20172283F88F2008BDC6
:10564000436893F88F20132A05BF142200200220FC
:1056500083F88F207047436810B593F88F30044665
:10566000192B07D1FFF7D4FD63681D22002083F8B2
:105670008F2010BD0220FCE708B5436893F88F2007
:10568000122A04D040F2A3111F20EBF7C9F801221F
:1056900083F8CF20132283F88F2008BD08B5436814
:1056A00093F88F20172A04D040F2AB111F20EBF79C
:1056B000B7F8192283F88F2008BD08B5436893F81E
:1056C0008E201AB1DD211C20EBF7AAF8042283F802
:1056D0008E2008BD08B5027843683AB983F88F2058
:1056E000A3F8CC20BDE80840FFF792BDD3F8802096
:1056F000D10703D4EB211C20EBF792F822F0010232
:10570000C3F88020EEE70E23A0F5A4700B70038889
:105710004B8070474368017893F88E2061B9052A61
:1057200008BF00224FF0000002BF83F8BE2083F8BC
:10573000CA2083F88E207047102AF1E738B5057823
:10574000446855B994F88F305BB9FFF750FD55B9EF
:10575000022384F88F30002038BDD4F880305B07F6
:10576000F3D50120F8E7D4F8803043F00403C4F8FF
:105770008030F0E7037833B14268D2F8803023F00C
:105780000403C2F88030FFF743BD08B5436893F8BF
:105790008E201AB170214B20EBF742F80278002AD4
:1057A00014BF1022052283F88E2008BD10B5D0E961
:1057B0000D42A24206D38B8C121B498E05334B43FC
:1057C000934202D3012380F83E3010BD01230B70B9
:1057D00000238B7030F8D23CA1F80330437A4B7130
:1057E0004389CB8083890B81704710B5446894F856
:1057F000D12092070ED494F88E301BB17421402032
:10580000EBF70EF80122A4F8C63084F88E2084F855
:10581000CA2010BD037843B994F88F300BB9FFF755
:10582000F7FC002384F83231F3E7D4F880309B078B
:10583000F7D5FFF7EDFCD4F8803023F00203C4F86D
:105840008030EEE710B50B7901284C790A6843EAFD
:105850000421104608BF41F4803110BD07B5FFF7A1
:10586000F1FF0DF10702F2F72BFC03B05DF804FB2A
:10587000037C0BB900207047037C012BFAD0007C1D
:10588000073818BF01207047037C012BDAB201D022
:10589000FFF7EEBF1046704710B5FEF735FF002842
:1058A00014BF14240024FBF7B1FD404200F01400A3
:1058B000204410BD30B585B01546089BC01A099B21
:1058C00061EB0304002C214602DA404264EB440100
:1058D00003AB2A46009302AB01F0BAF8002C039800
:1058E00001DA00B1281A05B030BD38B50546F8F721
:1058F000D3FA00F544434FF47A72033D4933B3FBC6
:10590000F2F4FFF7C9FF012D00F1CD038CBF002099
:1059100028202344184438BD10B5044690F875007B
:10592000FFF7E3FF012201462046BDE81040FFF7E4
:1059300023BC002313B51A4680F80432A0F858326D
:10594000194600930446F2F741FD20B140F21D21B3
:105950003020EAF765FF0123C4F80002C4F8F8011B
:1059600084F80432A4F81A02A4F8180284F81D027C
:10597000B4F88830A4F85A02013BA4F8883002B089
:1059800010BDF8B50D460023D0F81411044680F878
:105990001831D0E9526781F8D62180F858310121B9
:1059A000D0F81401FEF7B6FDD4F81401C0E99067F1
:1059B00094F81031C0F85C5280F82032C0E9946746
:1059C000FFF7B7FFF7F792FFBDE8F840F9F755BDCD
:1059D000D0F81401704710B5044690F85831EBB177
:1059E000FF2380F86031012100F03EFB94F858312C
:1059F000A3B194F81001F9F715FE94F81001F9F726
:105A0000BBFE94F81001F9F74DFD20B940F20921D1
:105A10003020EAF705FF002384F85831002010BD3C
:105A200008B590F8602142B990F8182142B1D0E948
:105A30004731994202D9F5F713FB0022104608BD01
:105A40000122FBE710B50446FFF726FF00F295118F
:105A50002046FFF79AFBB0F5296F28BF4FF4296065
:105A600080B210BD70B5044621B1012978D040F64E
:105A7000280172E000F07FFA94F8593105460E468D
:105A8000DBB150EA010318D0D4E94A32D4E952011B
:105A9000C01A334661EB02012A4600F0E5FF05FB20
:105AA00001F300FB0633A5FB00021344D4E94A21AD
:105AB000121843EB0103C4E94A23E08C30B1F1F73B
:105AC000DBFCE38CB0FBF3F202FB1300D4E94A32B7
:105AD000ED184FF0000346EB02062D184FF00202BE
:105AE00084F8383146F1000684F85931A4F8402191
:105AF000C4E94A56C4E9525694F8603103F0FF01F4
:105B0000DBB96FF00043D4E954029A4208BFB0F108
:105B1000FF3F18D02046D4E9525600F0DDF9AE30F0
:105B2000D4E954325B1B62EB06021B1A62F10002DD
:105B3000002A08DA2046F5F793FAF7F7D7FEBDE812
:105B40007040F9F79ABC04F59C7194F81001F9F7CC
:105B500037FD0028F1D14FF4EA613020EAF760FE0A
:105B6000002380F81831E8E790F85801003818BF92
:105B7000012070470B46062203F8032BB0F80920DA
:105B8000A1F80320C27A9A7070470B46172203F8D7
:105B9000032BD0F80920C1F80320D0F80D205A605B
:105BA00070473E2301F8033B00F10903293053F805
:105BB000042B834241F8042BF9D11B880B807047DA
:105BC0008B88F7B513F0180506460C461FD10868F8
:105BD00020B940F2CF312D20EAF722FE00F0D4FAAE
:105BE000217CF3F7E5FA677CA38801463A46304604
:105BF00000932B46F3F7FAFAA430D4E90223824249
:105C000073F100032CBF0120002003B0F0BD012080
:105C1000FBE710B50446F1F72FFC82B204F16901ED
:105C200004F13600FEF7CFFD84F8440010BD37B50F
:105C300004460D46FFF7EDFF01222B466179204611
:105C400003B0BDE83040F3F741BC38B513220B4632
:105C50000C4603F8032B00F10902293052F8041B0B
:105C6000824243F8041BF9D1127802211A700123F1
:105C7000A588A3712846EBF7B3FAB8B1E37863B10E
:105C80000088F0F701FD02212846EBF7BFFA68B162
:105C900040F22B212D20EAF7C3FDF0F79BFB4B04CC
:105CA00004D52846BDE83840FDF797BA38BD70B531
:105CB00004460D46963019461646FEF76CFD84F8EC
:105CC000745084F87550FF2384F87630E91E04F18F
:105CD0003C0001298CBF00210121FFF7CDF931469D
:105CE0002046F1F733F894F87E30002B14BF4D2393
:105CF0009623E386A3860023238770BD38B5CB693E
:105D00000446104641F27072A3F57A75954295BF2C
:105D10004FF47A7240F2E242B3FBF2F3B3FBF2F3D8
:105D200098BF03F5506304F1A0029BB2A4F8AC3015
:105D30008B8CA4F8AE30CB8CA4F8B03091F87F30C7
:105D400084F8B230637F63B394F86830012B28D1B4
:105D500094F86E3003F0C003402B22D1D4F86930A0
:105D6000C4F8A030B4F86D3093800828236A04F199
:105D7000A6019A7803F1030584F8992004F19A02A8
:105D8000D3F8033018D0C4F8A630AB888B8004F168
:105D90009901F0F767FE40B940F6BB312D20EAF7D4
:105DA0003FFD0023C4F8A030DEE794F8993043F0BB
:105DB000020384F8993038BDC4F89A30AB889380D8
:105DC0000023C4F8A6308B80F5E70B46162210B5E9
:105DD00003F8032BD0F80920C1F80320427B1A7185
:105DE000CB78BBB130F8B43C1B0713D4B1F80540F5
:105DF00002212046EBF7F4F960B10088F0F744FC8B
:105E000002212046EBF702FA20B140F26B212D204F
:105E1000EAF706FD10BD0121F3F70CBFFFF7FBBF4A
:105E200008B590F894300BB1012008BD90F8CC3043
:105E3000002BF9D190F8BE3003F0FF00002BF4D016
:105E4000F0F78AFA80F00100C0B2EEE730B54FF407
:105E5000B47285B00D460021044600F04EFEFF23CB
:105E600023701323638042F21073E384EBF7C4FAC8
:105E700000220146E0646846EBF704FB00220121A2
:105E8000E06CFCF72EFA0422E16C6846EBF7FAFAB4
:105E90000022E06C1146FCF724FA04F13000E574AE
:105EA00000F022F902A8F0F7B7FF20B940F20B3159
:105EB0002D20EAF7B5FC02A904F13600FEF76BFCD1
:105EC00005B030BDFF23C86C0B70FCF7D7B9007864
:105ED000FF3818BF01207047F7B5044630300E4632
:105EE00000F052F961880746CA0605D52822F5F761
:105EF000FFF86D3003B0F0BD8B07E06C0FD5FCF7F9
:105F000092FA217905463846F3F752F9638801463B
:105F10002846009333466279F3F768F9E9E7FCF71E
:105F200072FAEEE74388092B10B5044607D1F4F75F
:105F300063FD20460121BDE81040F4F79FBC10BD71
:105F4000034608465A8812F0180F30B587B010D1B2
:105F500003F13001ADF80420D3E902459B8800919C
:105F60006946ADF81030CDE90245FFF729FE07B0CC
:105F700030BD0120FBE7D0E9020170470B68C0F893
:105F800016308B884383012303777047438813F0CF
:105F9000100005D013F0040F14BF00201F2070471D
:105FA0009A0704D4DB0701D4EBF754BAEE2070470C
:105FB00008B5FFF7EBFF003818BF012008BD4FF40C
:105FC0000043A0F8483043881D2B08BF00214174CE
:105FD000704790F913007047408800F00100704747
:105FE0008078C0F3400070478078C0F3C0007047ED
:105FF00010B54488C06CE30654BFC4F340040024C9
:10600000FCF7F8F984F001042043C0B210BD807899
:10601000C0F3001070474088A0F10903584258416E
:1060200070474079C31E012B05D8B1F87230012B9F
:1060300014BF04200320704710B50446F1F71CFA82
:10604000C0F30B00A042F9D010BD90F86830016297
:106050004B72D0F86930C1F80A30B0F86D30CB819E
:1060600070477047F3F7FEBC80F888107047FF2335
:1060700080F88B30704780F8241080F82520704716
:106080008278034612F0010002D0D978C90710D5F2
:10609000900702D5D97889070AD512F0040008D0F4
:1060A000D878C0F3800080F001008000C0B2704753
:1060B00002207047C0F34002C0F3800300F00100EB
:1060C000134418447047022808B507D0042807D0A5
:1060D000012807D039212E20EAF7A2FB262008BD8F
:1060E0002720FCE72520FAE70023C0F8023001232F
:1060F0004370037070478170704710B5427014464A
:1061000001708078FFF7D6FF484304FB00F2FE2AB7
:1061100003DD5C212E20EAF783FB10BD0023C37052
:1061200043710371704710B50446FFF7A9FF637907
:1061300062780133DBB29A4263710CD1E3780022BA
:10614000A17803436271DBB29942E37001BF237906
:10615000E27001332371BDE81040FFF7B4BF38B5DA
:1061600004468078FFF7A6FF0146E078FFF7A2FF1C
:106170002378227965789B1A6B4359436379C91A4E
:1061800000FB1510C0B238BD014608B58078FFF796
:1061900091FF4A780B7853435843C0B208BD08B505
:1061A000427903462AB1FFF76BFFBDE80840FFF7CD
:1061B0008ABFC07881070BD410F00100F5D19B781D
:1061C0005A0707D413F0020F14BF02200120ECE796
:1061D0000220EAE70420E8E7042806D1920102F54C
:1061E0003472803201FB02F07047032803D11201A0
:1061F00002F5E772F5E702280BBF0B320A32920074
:10620000D200EEE740F2EE20704740F25A33584396
:10621000704708B590F81631FE2B04D040F6CB013C
:106220003120EAF7FDFA002380F8161180F81731C3
:1062300012B9A0F8CC2008BDA0F8C630012380F820
:10624000CA30F8E708B5436893F88F20172A04D0BE
:1062500040F262513120EAF7E3FA1B2283F88F20E3
:1062600008BD08B5436893F88F20322A06D1002272
:1062700083F88F20BDE80840FEF7CABF172A03D174
:106280001B2283F88F2008BD40F277513120EAF7B6
:10629000C7FA037D63B9C37BA3F11102032A07D9AF
:1062A00090F8500028B11D2B8CBF002001207047B2
:1062B00001207047037D63B9837BA3F11102032A98
:1062C00007D990F8500028B11D2B8CBF0020012069
:1062D00070470120704738B50E38536814460D4694
:1062E00093F88E2009283FD8DFE800F0053E3E3EB7
:1062F0000F3E173E3E26042A05D12046FEF76EFFCC
:106300002046F1F707FE002038BD102AFBD12046B9
:106310000021BDE83840FFF7FDB91E2AF3D1204621
:10632000FEF75CFF002DEED0626892F8E03023F0BB
:10633000200382F8E030E6E793F88F20242AE2D1A8
:106340000025204683F88F50FEF762FF636893F8BC
:106350002C31012B03D129462046F0F76FF86368F2
:10636000002283F82C21CEE740F256213120EAF7B3
:1063700057FA024640680B4690F8E01041F00401DD
:1063800080F8E01059791879F5F778B938B50D46E5
:106390000446D1E90501EAF7D3FF95F82002202849
:1063A0000FD0F9F73FF995F82002F9F7E5F995F8DC
:1063B0002002F9F777F820B940F635113120EAF7D5
:1063C0002FFA0F212046EAF721FF10212046EAF795
:1063D0001DFF12212046EAF719FF11212046EAF796
:1063E00015FF13212046EAF711FF20461421BDE8CE
:1063F0003840EAF70BBFEBF78DBD0022A0F88E20E6
:1064000080F8922090F8D33113B10221F2F7E2BD67
:106410000321FBE738B50446084694F8903213B1DF
:106420000C25284638BD94F88F30163B012BF7D841
:1064300094F8C03203F0FF05002BF1D191B194F82C
:10644000EE3123B940F6AC213120EAF7E9F9052312
:1064500004F1F80204F5EF7100F0ADFA012384F8BD
:106460009032DEE70223FAE7F1F7C4B8F6F788B90D
:1064700010B50446FFF710FA00F24B112046FEF764
:1064800084FEB0F5296F28BF4FF4296080B210BD9B
:1064900070B50D4604210646EAF7A2FE044648B947
:1064A00006213046EAF79CFE20B115B190F8BD30C8
:1064B00003B90446204670BD007DA0F1FF03584299
:1064C000584170471D2310B50446C370EFF7AEFF67
:1064D000207110BD1E2310B50446C370EFF7A6FF50
:1064E000207110BD01234380038000238380C3807B
:1064F0004FF44863038170471021EAF771BE73B50A
:1065000069460546FDF7F0FF044618B11F215420E7
:10651000EAF786F92846019EFFF7EEFF28B101232E
:106520007386848144810482C48102B070BD3C239F
:1065300003804FF4FA4343800123C3808380002308
:10654000038143814FF448638381704708B5F6F7B0
:1065500053FFF6F719FCF6F781F9BDE80840F6F7A6
:1065600079BAC82108B5F6F72DFA022807D1013902
:1065700011F0FF01F7D1EB213B20EAF751F9431E5F
:106580005842584108BD10B5F6F77CFF0446F9F7AC
:106590000DF9201841F1000110BD07B501ABF7F767
:1065A00061FD03B05DF804FB38B504461546F6F707
:1065B00041FD01462A462046BDE83840F7F726B996
:1065C00019B943780BB1C3788370704710B504468E
:1065D0000846F7F761FC4FF47A73B0FBF3F0201A2A
:1065E00010BD10B504460846F7F756FC4FF47A7212
:1065F00000F2E733023CB3FBF2F3E01A10BD08B53A
:10660000431E072B09D8DFE803F00D0F0504080D22
:106610000D06022008BD0420FCE740F2FE410620E2
:10662000EAF7FEF80020F5E70120F3E708B5FAF7EE
:10663000EDFDBDE8084000F038B8801A00F307000F
:1066400038B50D46144659B240B2F9F715FC00238F
:10665000287020446B7040B238BD0023036070473F
:106660007047002070474FF0FF3070474FF0FF3009
:10667000704770474FF0FF30704700207047002090
:1066800070470023037070479DF800300022FFF729
:10669000D4BF4FF0FF307047002070474FF0FF30FD
:1066A00070474FF0FF307047704770470020F9F790
:1066B0004BBC0020F9F74CBD0020F9F75DBD002070
:1066C000F9F742BC7047F9F7A3BDF9F7B5BDF9F783
:1066D000A5BD38B5054691F82B000C46F8F7E2FE4B
:1066E00018B9F6216A20FAF7A9FB002309212846E8
:1066F000238584F82A30236A984718B103780BB1B0
:10670000FA21EFE738BD426A08B5034611441A780A
:10671000A1F196005962012A06D1F9F79DF840B916
:10672000DA216A20FAF78AFBF9F796F808B9DF212F
:10673000F7E708BD70B50024FAF724FB05462646A6
:10674000E0B2854200D870BDFAF722FB013406851D
:1067500080F82A60F4E7F8B504460D460027FAF7FA
:1067600011FB0646F8B2864204D8082D0CD96FF00A
:10677000150008E0FAF70CFB90F82A300137002BDF
:10678000F0D04FF0FF30F8BD2CB129462046BDE8CF
:10679000F840FAF709BB21462046F8E710B5044651
:1067A000FAF7F6FA014688B190F828308BB990F8DC
:1067B0002A3073B1013B012B04D82046FFF789FF33
:1067C000002010BD012380F82830F9E76FF00100A8
:1067D000F7E76FF02200F4E770B50D46FAF7D8FA44
:1067E0000446002848D090F82A60731E012B49D82F
:1067F000002D44D02846FAF79FF800283FD02B7888
:10680000FBB9012323702B79003B18BF012363726E
:106810006B79002B14BF042302232372AB68A533CA
:106820006360EB6823610323214694F82B0084F80E
:106830002A30F8F7C5FE40BB40F2E2216A20FAF7A1
:10684000FDFA022E1ED1002323702B79003B18BFC6
:10685000012363726B79002B18BF04262672EB6844
:10686000A968A5336360D4E906325B1842EBE17294
:10687000C4E904320423D7E76FF0010070BD6FF064
:106880001500FBE76FF02200F8E70020F6E7F8B507
:10689000037904461BB11B219D20FAF7CFFA4679F4
:1068A000017126B901234371217909B96171F8BDDC
:1068B000276820462671B84702280546F4D10321EF
:1068C0002046B84708B12F21E6E72368294620462D
:1068D00098470028E8D03021DEE703460068884268
:1068E00004D109B10A681A600846704728B9704790
:1068F000884202D10A681A60F6E703460068002859
:10690000F6D1704701F11003013813F8012D8B42C5
:1069100000F8012FF9D170472DE9F04713F0010F6E
:106920008EB004460D4617469A46DDE9168924D0F6
:1069300006A8FFF7E7FFA30735D002AA04F1100568
:106940002068083454F8041C1346AC4203C31A46AA
:10695000F6D106AD02AC1AF0020F4346CDF8009016
:1069600023D0294620460AAAFAF710FB0AA938467E
:10697000FFF7C8FF0EB0BDE8F08713F0040F0DD18C
:1069800006AB0E4601F1100C1D463068083656F86D
:10699000041C1A46664503C21346F6D1214602A8D6
:1069A000FFF7B0FFD6E706ADD5E73A4629462046C1
:1069B000FAF7ECFADEE713B50024CDE90044FFF75F
:1069C000ABFF02B010BDFAF7FDBB20BF704720BF80
:1069D00070479142F8B503D373219620FAF72EFA47
:1069E000B2FA82F33BB1C3F1200499409A4020FAF5
:1069F00004F4984021434FEA124C93B2040C87B23E
:106A0000B1FBFCF50CFB151E05FB03F64FEA0E4E21
:106A10000EEB1040864205D9361A964294BF0126E5
:106A20000226AD1B04EB0141280405FB1211B1FB4A
:106A3000FCF40CFB1411634307EB0147BB4205D97F
:106A4000DB1B934294BF01230223E41A2043F8BDC9
:106A500070B5044615461E46FFF7BBFF049B00FBBE
:106A6000154430601C6070BD2DE9F0411D4607469D
:106A70000C46164652EA050303D1A6219620FAF7E2
:106A8000DDF985B9914204D2FFF7A3FF2946BDE89D
:106A9000F08108462946FFF79CFF054632463846F6
:106AA00006FB1541F0E7B5FA85F80123400803FA23
:106AB00008F3C8F11F0840EAC470A3FB0212610882
:106AC00003FB0522FFF785FF30FA08F04FF00001C5
:106AD00002D0013861EB010100FB05F3A0FB062C9D
:106AE00006FB0133BF1A634464EB0304B742AC41B5
:106AF000CDD3013041F10001C9E7F0B5C9B2044678
:106B0000A30726460ED14FF0013522F003034D4373
:106B1000E718BC420CD1334402F003021A449342FA
:106B200009D1F0BD002AFCD0013A04F8011BE7E7C7
:106B300044F8045BEDE703F8011BF0E700280CBF05
:106B40006FF0150000207047002070470723037086
:106B500000207047002070470020704710F8012B7C
:106B600011F8013B012A28BF9A42F7D0D01A70478A
:106B7000034611F8012B03F8012B002AF9D17047C5
:106B8000034613F8012B002AFBD1181A013870476D
:106B90002DE9F04786468C460846089E1546744601
:106BA0001946002B40F0C1808542B2FA82F245D9E5
:106BB0004AB1C2F1200300FA02FC954094402EFA3B
:106BC00003F343EA0C0C4FEA154EA8B2230CBCFBAE
:106BD000FEF80EFB18CC08FB00F943EA0C4399457C
:106BE00028D9EB1808F1FF3704D2994502D9A8F14A
:106BF00002072B44A3EB0903A4B2B3FBFEFC0EFB7C
:106C00001C330CFB00F044EA0344A04214D92C19B5
:106C10000CF1FF3304D2A04202D9ACF102032C44A0
:106C2000241A43EA07401EB1D44000233460736045
:106C3000BDE8F0874746DDE76346F1E792BB431BBB
:106C400001214FEA154EAFB2200CB3FBFEFC0EFB48
:106C50001C330CFB07F840EA0343984561D9EB1855
:106C60000CF1FF3004D2984502D9ACF102002B445C
:106C7000A3EB0803A4B2B3FBFEFC0EFB1C330CFB1E
:106C800007F744EA0344A7424DD92C190CF1FF330E
:106C900004D2A74202D9ACF102032C44E41B43EA1C
:106CA0000040C0E7C2F120039540944020FA03F170
:106CB0002EFA03F34FEA154E9040AFB20343B1FBF7
:106CC000FEFC0EFB1C10190C0CFB07F841EA0041FE
:106CD000884522D969180CF1FF3004D2884502D9C1
:106CE000ACF102002944A1EB08019BB2B1FBFEFC10
:106CF0000EFB1C110CFB07F743EA01439F420ED920
:106D0000EB180CF1FF3104D29F4202D9ACF1020121
:106D10002B44DB1B41EA004193E76046E3E7614611
:106D2000F7E76046A4E76346B8E7834206D916B999
:106D3000002108467CE7C6E900E0F9E7B3FA83F7EB
:106D40008FB9834201D3724508D8BEEB020460EBD1
:106D5000030301209C461EB9002169E73846FAE783
:106D6000C6E9004CF8E7C7F1200CBB400EFA07F566
:106D700022FA0CF42EFA0CF1BA401C4320FA0CF360
:106D8000B8404FEA144901431FFA84FEB3FBF9F8F7
:106D900009FB18300B0C08FB0EFA43EA00439A4536
:106DA00040D9E31808F1FF3004D29A4502D9A8F17E
:106DB00002002344A3EB0A0389B2B3FBF9F809FBF1
:106DC000183308FB0EFE41EA03418E452CD96118A9
:106DD00008F1FF3304D28E4502D9A8F10203214401
:106DE00043EA0040A1EB0E01A0FB02984145CE46CC
:106DF000434602D306D14D4504D20138B9EB020E09
:106E000068EB0403002EA7D0B5EB0E0261EB030183
:106E100001FA0CFC22FA07F3F9404CEA0303C6E935
:106E2000003199E74046C5E74346D9E70000000036
:106E3000F7B5494D04462B680E46834203D803F14B
:106E40002A02824209D201210093444A234644483F
:106E500028F049FC002003B0F0BD834235D1002961
:106E6000F8D1421C3BD13F4F3B78002B44D102214B
:106E70003D4A3B482AF0CCFD01233B7015F006FE4D
:106E800000232C606B6030460EF0C0F800233748BA
:106E900085F8A8312EA3D3E900231FF069FD4FF632
:106EA000FF7016F0C7FB32480FF018F80DF002F82B
:106EB000012847D1002019F001FA042015F002FC46
:106EC000052015F0FFFB0120C5E701338342CAD33B
:106ED00005D10EF035F80307C5D40029C3D00EF054
:106EE0002FF8C0F3C0008642B4D095F8A8315F2BCC
:106EF0000CD802211F4A05E095F8A831BF2BB6D85F
:106F000001211D4A16482AF083FDA3E78EB914F02B
:106F100085FBA8B10221194A11482AF079FD184BC6
:106F2000D3E8EF1F41F04001C3E8E21F002A91D0EF
:106F3000F6E72C6015F0B8FD00220A4B1A70A2E7A4
:106F40006E60A0E70CF0C0FF0128B6D1B2E700BF29
:106F500000BBEEA000000000980A00200CBE040058
:106F60008C7904001B7E00205ABE0400480C0020CF
:106F7000354A020077BE040033BE040099BE040007
:106F8000A00A00200000000010B52AF03BFC60B30E
:106F9000194C94F8A831E72B28BFE7231833DBB24C
:106FA0005F2B84F8A8310AD8042015F08BFB10A3BE
:106FB000D3E90023BDE8104010481FF0D9BC60227F
:106FC000B3FBF2F102FB1133DBB213B90C480EF044
:106FD00085FF0DF0B5FF0307E6D501200DF060FD3C
:106FE00000212068FFF724FFE1E710BDAFF3008028
:106FF00000BBEEA000000000980A0020480C002012
:10700000C319040000000000094890F8A8315F2B64
:1070100006D805A3D3E9002300F5D8701FF0A8BC5B
:10702000704700BFAFF3008000BBEEA0000000007F
:10703000980A002000000000094BDB7B023B012B7B
:1070400004D80023074AC0E90023704702A3D3E90C
:107050000023F8E7AFF30080389C1C00000000001C
:107060008C6D00207038390037B5134B0446186812
:10707000D8B1C3E90312114BDB7B023B012B10D8C3
:1070800000230F4A0F4D28461FF072FC0023009387
:10709000224603210C4B55F8180C19F09BFE03B047
:1070A00030BD03A3D3E90023ECE76FF07F00F6E7E0
:1070B000389C1C0000000000984E00208C6D0020C1
:1070C00070383900B04E00203DFD02000000000085
:1070D00038B5194C0D462368834201D163683BB92A
:1070E00016480221164A28F0EBFA6FF07F0038BDEF
:1070F0008B883BB911480221124A28F0EAFA6FF056
:107100001500F4E7104BDB7B023B012B0CD800236E
:107110000E4A0F481FF02CFC63680E482A46DB68B5
:10712000A16898470020E2E701A3D3E90023F0E734
:10713000389C1C0000000000984E0020A479040038
:10714000BBE9040067E904008C6D00207038390049
:10715000B04E0020508B040010B5114C2368BBB911
:1071600008F0F2FB0F4B2060DB7B023B012B0BD8BE
:1071700000230D4A0D481FF0FBFB63680C481B6899
:10718000A1689847002010BD03A3D3E90023F1E7CD
:107190006FF00F00F7E700BF389C1C0000000000F4
:1071A000984E00208C6D002070383900B04E0020C1
:1071B000508B04000000000008B5094BD3E8AF3F36
:1071C00043B1F9F727FB04A1D1E90001BDE808406C
:1071D0001CF0FCBC08BD00BF389C1C000000000077
:1071E000B87300200000000037B50024164D6FF082
:1071F00009034FF480622846144900941FF00EFAE8
:10720000134928461FF07EFC124913481FF086F8E8
:10721000224604211C2003F0CBFE01220F4BD3E8B1
:10722000EF1FC3E8E02F0028F9D105A1D1E9000143
:107230001CF0CCFC204603B030BD00BFAFF3008093
:10724000389C1C000000000028640020C8B6002004
:1072500007F50400953B0300EC730020B873002091
:1072600070B4174E0C46B042154608D00136B042F5
:107270000FD0023EB04210D070BC24F0BDBE0AA3B5
:10728000D3E90023C5E900230E4B0020236070BC26
:10729000704707A3D3E90023F4E707A3D3E900234A
:1072A000F0E700BFAFF3008002C0FF7F00000000E6
:1072B00003C0FF7F0000000001C0FF7F000000004E
:1072C00002C0FF7F03004E80014610B520B1164872
:1072D000BDE8104027F053BB144827F050FB1BF0CB
:1072E000C1FA014608B11248F2E712481BF03CFB14
:1072F000014608B11048EBE71CF0E4FB044600F03F
:10730000FFF8014620460CF091FC014608B10B48FD
:10731000DEE728F0C1FA032017F0CCFDBDE81040ED
:10732000074827F02CBB00BFF89104001892040016
:107330002F920400A3E40300529204007892040008
:107340009B92040008B5064827F019FB054806F093
:107350001FFB014610B1044827F011FB002008BDB7
:10736000AD920400C9720100F89104000022014BA3
:107370001A707047527C00200122034B03481A7098
:10738000002200231FF0F4BA527C0020802F00203E
:10739000F8B50025104B114AC31ADB1053430446BD
:1073A0000121D8B21BF06EFB47F6122640F2E730FF
:1073B0002946D4F8C0704FF47A720023E7FB060127
:1073C000FAF730F802460B4604F190001FF0D0FAAD
:1073D000C4F8C050F8BD00BF28060020295C8FC249
:1073E00037B5056BA0F190042DB1204603B0BDE880
:1073F0003040FFF7CDBF0A4B0A4AE31ADB10534374
:1074000090F83410D8B21BF03DFB6946204627F0B7
:107410005AF86A46294620462CF0CEFB03B030BD10
:1074200028060020295C8FC2F8B51D4690F8C410CC
:1074300013780446994213D080F8C43053681BB1C6
:10744000D3E90013D94212D100231748C4F8C03041
:10745000201A164BC01058431178C0B21BF012FB13
:1074600005B329462046BDE8F84027F02CB8C0F8FF
:10747000C01053685E6896B147F6122740F2E730B5
:1074800000214FF47A720023E6FB0701F9F7CAFFE7
:1074900002460B4604F190001FF06AFAE0E7FFF79E
:1074A00077FFDDE7F8BD00BF28060020295C8FC20A
:1074B00007B50F4B01930F4B1878A0B10E4A136814
:1074C000591C03F0030308336B4413F8040C1160D8
:1074D0002CF04BFA40F2AA320023084803B05DF8C2
:1074E00004EB1FF045BA03B05DF804EB2CF03DBA95
:1074F00001020408527C0020B0680020802F002088
:1075000038B50D4D0D4C0E490E481FF0EDF82946CB
:1075100020461FF0E9F8294604F1C8001FF0E4F8FE
:10752000294604F5C8701FF0DFF804F516702946E7
:107530001FF0DAF8044838BDE1730100B8060020F6
:10754000B1740100802F002088820400032873B5E5
:1075500005461CD8C823002643430E481C18903308
:1075600018441FF00BFA94F8C410E8B281F001013E
:1075700084F8C410C4F8C0601BF084FA6946204641
:1075800026F0A1FF6A46314620462CF015FB02B0DA
:1075900070BD00BF2806002010F00302F0B542D1F4
:1075A00021F00304264D274E274F0444A04218D152
:1075B00001F00303E018002384423CD120484A40F4
:1075C0005843204B4FEA70405843204B504080EACC
:1075D000104058431E4B80EA5030584380EA104018
:1075E000F0BD50F8043B6B434FEA73437343534081
:1075F0004FEAF34303EB8303DA19D7E71B68043C34
:1076000073434FEA73437B4353404FEAF34303EB27
:10761000830303EB0C02032CA5EB0403EED821F04B
:1076200003040444C4E70C460022054E054FDFF86E
:1076300018C04518EFE714F8015B45EA0323BBE7E0
:10764000512D9ECC9335871B646B54E66BCAEB853A
:1076500035AEB2C270B589B306680122304626F055
:1076600096FF01460446304626F059FFC30708D46A
:107670001349AF22134827F098F9AF21104827F09B
:107680008BF92146304626F060FF25182946002256
:10769000304626F044FF2D1AAC4206D00849B722E6
:1076A000084827F082F9B721E8E72146304626F05E
:1076B00052FF2146BDE8704027F087B870BD00BF7B
:1076C000BE920400E1920400B2F5802F2DE9F04152
:1076D0000CD2042A20D83F4940F21A223E4827F013
:1076E00064F940F21A213B4827F056F90823D21AD0
:1076F000CC1D114424F0070421F00701091B1729B0
:107700004FEAD1060AD8334940F22322324827F003
:107710004CF940F22321E6E70423E8E70025046062
:1077200031462046A660E56026F03BFFB6F5004FE7
:107730002CBF08230423421D92000833D11DDB080F
:1077400003EBD103B3424FEAD10739D801302946C0
:10775000A2F1100204F11000B8BF2A462FF030FA4F
:107760003A462946204626F00EFF2B462A46294651
:10777000204626F0DFFEA6EB070820462946012218
:1077800026F0E9FE4246394626F0FDFE3B462A46F3
:107790003946204626F0CEFE3146204626F0F3FE3E
:1077A00043462A463146204626F0C4FE314620464E
:1077B000012226F0D0FE3946BDE8F04126F0C3BFD5
:1077C00004494FF40E72044827F0EFF84FF40E719D
:1077D00089E700BFBE920400E19204002DE9F04F5A
:1077E00091B0009302F004030293C2F3C203013389
:1077F000840705460E46DDF868800392059340F045
:10780000E181041D30B1072909D86FF01B0011B0C8
:10781000BDE8F08F01F007063444C6F10806009B6E
:107820004FF000094FF0040A591E4FF0FF334F4646
:107830000193CB465346CDF810900DB1009A2260CB
:107840000598002800F3D7809548009A824203D318
:1078500094488242C0F0CF80039AA4EB050E9207B1
:107860004FEA9E0040F1DE804FF0000CCCE07A2819
:107870005DD84B280ED8472859D829282DD8252837
:1078800052D054D820287AD02338D0F1000B4BEBBB
:10789000000B74E04C382E2849D8DFE800F070481F
:1078A000484848484848484848484B484848484855
:1078B00048484859484B4B595959704B6D48704886
:1078C000184B18484883804B48484B48800000209C
:1078D0004FF0000B4FF0040A38E001222A38C0B202
:1078E00002FA00F010EA0E0F49D110F0625C2FD1BD
:1078F00010EA020B43D06046013C5444B4FBFAF456
:107900000AFB04F4002D60D0A3EB050CA444B4459D
:107910003FF67BAF002867D1042B48D158F8043BD1
:107920002360042304342AE0019A013A01924FF0C3
:10793000000B24E011F8010C6C2835D1002011F85F
:10794000023C83466C2BC5D14FF0080A5346D3E75F
:1079500008F1070828F00708073424F00704F8E8BE
:1079600002AB35B106982044B0423FF64EAFC4E9B1
:1079700000AB4FF0000B08344FF0080A534611F8E3
:10798000010F002800F0AA80BBF1000F7FF46FAF59
:107990002528F4D14FF0010B019B013301934FF0E7
:1079A000040AEBE7584693E700208346A4E7082B38
:1079B00040F08B8008F1070828F00708F8E8022358
:1079C000C4E9002308230834D9E768B9042B02D19D
:1079D00008F10408A5E7082B77D108F1070828F07B
:1079E000070808F10808EDE7059A013A059258F8EA
:1079F000042B009221E7039A900744D54FF0010C25
:107A0000A4EB050E4FEA9E00BEF5007F1BD326496E
:107A10004FF41F72254826F0C8FF4FF41F7122480B
:107A200026F0BAFF0F2F10D8002D41D007F14002E9
:107A30000DEB020C019A0CF8200C0CF8102C049899
:107A4000013004901EE00F2F08D9174940F281221F
:107A5000164826F0AAFF40F28121E0E7D5B107F1F0
:107A600040020DEB020E019AC0B20EF8200C0EF887
:107A7000102CBCF1000FE2D060F07F000EF8200C5B
:107A800009F101090137C5F108024FF6DA7E043425
:107A9000069274E7BCF1000F0AD00136F2E700BF8E
:107AA0001C6D04003CFE0400F9920400E192040005
:107AB000029802360028E5D10098CDE90631FFF79B
:107AC0005FF8DDE906310644DCE7404940F2C622B2
:107AD0003F4826F06AFF40F2C621A0E7631BB3F5DA
:107AE000806F08D3394940F2D222394826F05DFF31
:107AF00040F2D22193E71DB9A6F10804E01886E60A
:107B0000029A9B0828602B709DF81030C2B1EB7070
:107B100085F80290B9F1000F05D0002208A8C5F140
:107B2000010C97420ED14FF0000AC5F101030DF18F
:107B3000200801930DF1300B574512D1601B66E60A
:107B40006B70E5E710F8013B190608D50CEB040E45
:107B5000B64503F07F033FF658AE04F8013B01320F
:107B6000DFE7B9F1000F03D098F90020002A17DBF6
:107B7000029BD3B11AF80B2004F8012B0022019BC1
:107B800018191044B0423FF640AE98F80000009932
:107B900004F8010B204603922EF0EBFF039A1444E5
:107BA0000AF1010A08F10108C6E798F8002055F823
:107BB00022300093029B009845F82230FEF7E0FF48
:107BC000421CDCE76FF00D0021E600BFF9920400D3
:107BD000E19204002DE9F04F97B000AF89460446CA
:107BE000D7F880B0FA623B6250B9A84940F29932A6
:107BF000A74826F0DAFE40F29931A44826F0CCFEE0
:107C0000CBF3C00390F802A07B6141B945780078BE
:107C10000AEB800020444D4517D8A0EB0409E37817
:107C2000FB61BAF1000F02D01BF0010F16D1FB6906
:107C300053BBFB6A1BB1494620463A6A98474D46FA
:107C400028465C37BD46BDE8F08F461C3046FEF73F
:107C500097FF0130304409F10109DCE762682378BD
:107C60007A62FA6A9900B96104EB8301002A40F054
:107C700002810E464FF000084D4601EB0A094E45C1
:107C80004CD101EB0A0610E01BF0020FD1D0237893
:107C90009A00BA61626804EB83017A62FA6A002A88
:107CA00077D14D46904601EB0A061BF0050F0CBF3D
:107CB00002230123FB62FB6906EB430A0BF002037C
:107CC000BB625645BCD016F8021B16F8013C54F8AE
:107CD0002390704B994502D36F4B994536D37B69FE
:107CE000002B40D0786A26F021FE00283BD0E946E0
:107CF0008AB06A46694B53617B6AC2E906314FF428
:107D000000731384664B42F8103F00234FF4125166
:107D1000644801F07BFD023DCD46D2E716F8013BF9
:107D2000F96254F82300FEF72BFFD7F88430F96A84
:107D300001304BB1D7F8883098453EBFD7F8843032
:107D400023F8180008F10108054498E77B6923B17E
:107D5000786A26F0EBFD0028C9D11BF0010F05D190
:107D6000FB6AED1AADE7BB6A002BAAD04846FEF7C6
:107D700007FFD7F8843053B1D7F8883098453FBF14
:107D8000D7F88420431C22F8183008F10108054474
:107D900097E7BAF1000F74D01BF0040674D0D046F8
:107DA000002607F1480052463B61B9622EF0E1FE21
:107DB000B96A3B6901EB0A02BA62FA69F9695200D1
:107DC000FA60BA6A02EB41023A610BF00202BA6051
:107DD000BA6A39698A4267D162781BF0020F18BF0C
:107DE00000217A6208BF4FEA5801B2181BF0010F58
:107DF000D2B240F0DE801BF0040F14BF40460020DA
:107E00007B616270A070E17020463A6AB969FB6AD2
:107E10009847051EFFF614AF7B69414623707B6AC5
:107E20003A6A6370FB6984F802A0E37007F14800C6
:107E3000FB6A9847B0F10008C0F2EF80BB69A9EB7C
:107E40000A01C91AFB683A6AC91AD7E90A039847AE
:107E50000028C0F2E4804FF0000BA84408EB0005B6
:107E600007F1380AB345C0F0A68000213A6A0846F7
:107E7000FB6A9847E4E656464FF0000807F13800E1
:107E800091E75646D04695E7B04693E7F99204004D
:107E9000E19204001C6D04003CFE040027930400E2
:107EA000040000011C7A0400BA6A12F8021B12F8DE
:107EB000015CBA6254F825005A4A904202D35A4AE9
:107EC000904217D37A693AB1786A7B6026F02EFD2A
:107ED0007B6800287FF47CAFBA68002A49D00F2E57
:107EE0003DD9524940F24D42514826F05EFD40F2E4
:107EF0004D4182E67A693AB1786A7B6026F016FDD8
:107F00007B6800287FF464AF1BF0010F0AD00F2EAE
:107F100025D9464940F24342454826F046FD40F205
:107F200043416AE61BF0040F3FF452AFB8F10F0F64
:107F300008D93E4940F246423D4826F036FD40F21F
:107F400046415AE608F1280207F1300008F1010124
:107F500002EB000808F8105C5FFA81F838E706F1D8
:107F6000280207F13000711C161806F8205CCEB20A
:107F70002EE7B8F10F0F08D92C494FF48A622C482C
:107F800026F013FD4FF48A6137E608F1280207F165
:107F9000300C08F10100944407F1580208F102087E
:107FA00052FA80F00CF8101C5FFA88F800F8105CA8
:107FB0000EE7002024E71BF80A3054F8239087F8D6
:107FC0003730D7F884302BB3D7F888309B4521D28F
:107FD000D7F8843033F81B8001213A6AFB6A07F135
:107FE0003700984700281ADB0544B8F1000F06D186
:107FF0004846FEF7C5FD00F101081FFA88F8414622
:1080000048463A6AFB6A9847002808DB05440BF1AA
:10801000010B27E74FF00008DEE7454610E605466E
:108020000EE600BF1C6D04003CFE0400F992040043
:10803000E1920400014B1860704700BFE40F00207C
:1080400080B505460E46174698461FF051FC03467C
:108050002EF05AFE0446DFF81890424649F80030E8
:1080600039463046A84754F8090002F023FF00BF04
:108070000800000038B50D460446202200212EF0ED
:108080009FFD0022EB68E361AB68A3612B6823626C
:108090006B68A26263622A6923B1591E194208BF44
:1080A00042F0010222610122002104F12C002CF097
:1080B00011F840B1044905482F2226F076FC2F2103
:1080C000014826F069FC38BDDB930400E19204000E
:1080D0002DE9F04F002689B0CDE90123436A04461B
:1080E0008B428846B2460596079652D34FF0400B16
:1080F00000F11407EFF3118300938BF31288BFF3A1
:108100006F8F3846DDF800901FF060FE40B9464999
:108110008822464826F049FC8821434826F03CFC4A
:1081200038461FF077FE079A2AB13146204626F0DE
:1081300026FD0023079306A9204626F043FC069956
:10814000054641452ED32268236A204613F82210A3
:1081500003EB820A21F0030103F822102168424652
:1081600026F054FCE3682060984216D0002538467B
:108170001FF03AFE50B389F31188BFF36F8F059952
:1081800029B1A3690BB12046984700230593002D20
:10819000B0D1504609B0BDE8F08F236943F0080321
:1081A0002361E3E718B1204626F04AFCDFE7DDE96A
:1081B0000132134330D003912CF001F8039958BBDE
:1081C000009B4BBB38461FF00FFE40B916494FF4D9
:1081D0009A72164826F0E9FB4FF49A719DE785F3F1
:1081E0001188BFF36F8F04F12C00DDE901231DF02E
:1081F000F3FD0546EFF311898BF31288BFF36F8F00
:1082000038461FF0E3FD002881D0B5FA85F53846E1
:108210001FF000FE6D09AAE7204607AB05AA2668F5
:1082200026F02DFC0546A2E701940400E19204002B
:108230002DE9F0410446C36908460D46984704F10C
:1082400014060746EFF31188402383F31288BFF327
:108250006F8F30461FF0BAFD40B916498822164884
:1082600026F0A3FB8821134826F096FB30461FF02A
:10827000D1FD2B783A4643F001032B70616820460C
:1082800026F0C4FB6060204626F094FC30461FF0C8
:10829000ABFD40B907494FF49A72074826F085FBB9
:1082A0004FF49A71DFE788F31188BFF36F8FBDE851
:1082B000F08100BF01940400E19204002DE9F8432D
:1082C000044600F11407EFF31188402383F312886A
:1082D000BFF36F8F38461FF079FD054640B930492E
:1082E0008822304826F061FB88212D4826F054FB77
:1082F00038461FF08FFD2369A26813F0080F02D1E2
:1083000063689A4200D9636A9B1A002B3AD0216AAB
:1083100011F8223001EB820913F0030035D0022856
:1083200003D151F82260B60805D1D8071AD44846BF
:10833000E36998470646A1683246204626F066FB68
:108340003146A060204626F06FFB38461FF04CFDFA
:10835000E8B913494FF49A72124826F026FB4FF4FD
:108360009A71C2E743F0020301F82230E3694846FC
:10837000A568984729460246204626F047FB002577
:10838000A060E2E71D46A946DFE70546FBE788F364
:108390001188BFF36F8F002D95D14846BDE8F88353
:1083A00001940400E19204002DE9F0410446C36900
:1083B00008460D46984704F114070646EFF3118866
:1083C000402383F31288BFF36F8F38461FF0FEFC03
:1083D00040B923498822234826F0E7FA882120481B
:1083E00026F0DAFA38461FF015FD2B786FF30003FC
:1083F0002B7023699B0705D5E268236A03EB820390
:108400009D421DD12B786FF341032B70D4E90231CB
:10841000994204D13246204626F0F8FAA06031464F
:10842000204626F001FB38461FF0DEFC68B90C49F7
:108430004FF49A720B4826F0B8FA4FF49A71CEE7CF
:108440002B6866F39F032B60EDE788F31188BFF379
:108450006F8F04F12C00BDE8F0411DF053BC00BF4C
:1084600001940400E192040070B5044600F1140583
:10847000EFF31186402383F31288BFF36F8F2846F2
:108480001FF0A4FC40B916498822164826F08DFA40
:108490008821134826F080FA28461FF0BBFC236988
:1084A000A06813F0080F02D1636898420ED9646A7D
:1084B000241A28461FF098FC50B909494FF49A72C3
:1084C000084826F072FA4FF49A71E2E71C1AF0E7B6
:1084D00086F31188BFF36F8F201E18BF012070BD77
:1084E00001940400E19204002DE9F84F0446A38BA7
:1084F00008461907164612D4022803F0070162D174
:10850000204626F0DDFB88B10138042800F22581E1
:10851000DFE810F0590023017E00C800F5000128B3
:108520000CBF43F0100143F02001A18304F11400BB
:108530001FF05AFC002800F0AB8086F31188BFF3CF
:108540006F8FBDE8F88F03F00702501F01281ED877
:108550000020062A2768C4E9000014D13A4603E047
:10856000E08B0130E0831268002AF9D123F0070381
:1085700043F002022046A28326F0A2FB90B342F011
:108580002002A2832EE023F007039AB2F2E7042A26
:1085900033D123F007039AB22046A28326F090FB42
:1085A00010B142F02002A283A38B03F00709894592
:1085B00040F0DC80A18BCA0640F1218121F010033C
:1085C000A38301F00701D4F81880A38BB8F1000F42
:1085D000B9DA0022276823F00703C4E9002243F038
:1085E0000103A383A38B03F00709894540F0BF80F3
:1085F000002FDFD00025AA4640E0854940F21B123B
:10860000844826F0D2F940F21B11814826F0C4F9C3
:1086100041B17F494FF4AB727E4826F0C6F94FF462
:10862000AB71F2E7236843B9794940F257127948B0
:1086300026F0BBF940F25711E7E723691D6845B9F9
:1086400073494FF4AD72734826F0AFF94FF4AD7132
:10865000DBE70F4688464FF00609A38B23F007039C
:1086600043F006039BB2A383A268002A40F08180F6
:10867000002F40F08180002D9CD0BA4643F00803C3
:1086800004F1140B5846A3831FF0AEFB002875D1EC
:1086900061494FF49A725F4826F087F94FF49A7156
:1086A0005D48B3E7022908D0594940F25D125948A4
:1086B00026F07BF940F25D11A7E7E78B47B15449FB
:1086C0004FF4AF72534826F070F94FF4AF719CE746
:1086D00023695D6845B94E4940F261124D4826F064
:1086E00064F940F2611190E7A38BB84623F00703C9
:1086F00043F004039BB24FF00409A383B4E70129BC
:1087000008D043494FF4B272424826F04EF94FF474
:10871000B2717AE7236843B93D4940F265123D489A
:1087200026F043F940F265116FE723699D6845B96A
:1087300037494FF4B472374826F037F94FF4B47123
:1087400063E70027A38BB84623F0070343F0050334
:108750009BB24FF00509A38386E72D4940F26B12C7
:108760002C4826F022F940F26B114EE70027002535
:108770007AE74FF0010A81E792467FE786F3118896
:10878000BFF36F8FBAF1000F16D147BB15B120466A
:108790002249A847EFF31186402383F31288BFF3E1
:1087A0006F8F58461FF012FB08BB1B4988221948DF
:1087B00026F0FBF8882173E7A1680029E5D00E6850
:1087C0000029E2D043464A462046D1F804A0D047CB
:1087D0001EB1336831461E46F2E73346FAE73946A2
:1087E00043464A4620463F6826F096FACDE758466B
:1087F0001FF010FBA38B23F00803A383DAE68B069C
:108800007FF594AE21F02003A38301F0070177E602
:108810002E940400E19204000194040021880100D8
:10882000F8B504460D4600F11406EFF31187402316
:1088300083F31288BFF36F8F30461FF0C7FA40B939
:1088400009490A48882226F0B0F88821064826F00F
:10885000A3F830461FF0DEFAA5613A462046BDE88F
:10886000F8400121FFF740BE01940400E1920400AA
:108870002DE9F04704460F4626F03EFA051E5DDB63
:1088800004F11409EFF3118A402383F31288BFF334
:108890006F8F48461FF09AFA804638B933498822CC
:1088A000334826F082F8882130483CE048461FF0E3
:1088B000B1FA4FF6FF72E38BA68B934206F00706E0
:1088C0003FD0022E10D135460133E38348461FF0D6
:1088D0008BFA00283BD125494FF49A72244826F0A0
:1088E00064F84FF49A71DFE7062E13D8DFE806F03C
:1088F000092C1212090409006FF085054FF00008D9
:10890000E4E700233B6063687BB9C4E900777EB18C
:108910003546F3E7174916484FF4E47226F045F858
:108920004FF4E471134826F037F81F606760EEE7F4
:10893000524602212046FFF7D7FD35462846BDE8BE
:10894000F0876FF00A05D9E76FF00405D6E78AF3E0
:108950001188BFF36F8FB8F1000FEFD000233246BC
:108960003946204626F0D8F9E8E700BF0194040014
:10897000E19204002E94040008B54268034602F018
:108980000302022A81600AD0032A4FF0000103D0BB
:10899000012A0AD1596006E01868596008BD1868B4
:1089A00000225A6050B90020F8E7064906484522DF
:1089B00025F0FBFF4521034825F0EEFF20F07CF871
:1089C000F1E700BF53940400E1920400064B420F0C
:1089D00003EAD00302F00202134300F0010018433F
:1089E000C0F30800704700BFFCFFFF072DE9F04F00
:1089F0009FB0044602AF58B98F4A01218F4826F034
:108A0000E4F96FF0150948467437BD46BDE8F08FAC
:108A100000F1240840462BF024FBA06B8368DB6840
:108A200098470246E06308B9854AE6E7102126F038
:108A300022FA20641368013B1F2B01D9814ADCE72D
:108A4000A26900EB80039A4205D201217E4A7B484D
:108A500026F03FFED5E7E369012B01D87B4ACCE73E
:108A600000220023C7E90223C7E904234FF0000ACC
:108A70004FF0FF324FF0FF3340461CF0A1FED346CB
:108A8000554607F15006E3699D420BD3E3695B4508
:108A90005CD1BAF1000F59D1404626F0F6F96FF0DB
:108AA0008509B0E7226CA1695000884294BF2B462B
:108AB0006B1EA1EB420207F14001C7E902232046E9
:108AC000CDE9006126F049FA814610BB97F8513094
:108AD00084F82030FB6D03F47023B3F5803F33D26C
:108AE0003146204607F1400226F09FF960B3FB6D46
:108AF0000BF1010B03F47F42B2F5844F0ED1DBB2D0
:108B0000012B0AD00121524A4C4826F05EF96FF041
:108B10007A09404626F0B9F975E78246204607F102
:108B2000080126F047F907F14003CDE9006320462C
:108B3000D7E9022326F035FAB0F10009E9DB97F80E
:108B4000513084F82030A1D001359CE79D4261D19D
:108B5000D7E90223216C07F13005521A4FF01001BA
:108B600020460191009563F1000326F013F9814638
:108B70000028CED1284694F8201026F031F920B9EB
:108B8000204607F1080126F015F9D7E902AB07F1F5
:108B9000400307F15005019352465B46204600957D
:108BA00026F0DBF981460028B3D1FB6D03F4702376
:108BB000B3F5803F17D2284626F023F998B1FB6D14
:108BC00003F47F42B2F5844F15D1DBB2012B12D0F2
:108BD00001211F4A194826F0F8F8404626F055F9B9
:108BE0006FF07A090FE752465B46204626F0DAFA24
:108BF000814600288DD104F12003009352465B4644
:108C0000204626F08CF910F1020F814610D1002386
:108C100084F82030204607F1100207F1080126F001
:108C200036F90546B0B1404626F02FF9A946EAE6E6
:108C30000028EFD06DE700BF79940400647A040047
:108C400098940400BA940400D79404000395040097
:108C5000449504001026D7E90223C4E90223D7E98A
:108C60000423C4E9042307F12005D4E90223D4E94D
:108C70000401824273EB010110D32046CDE9005676
:108C800026F088F8814600287FF443AF284694F800
:108C9000201026F0A5F8002840F0C080226CA369BF
:108CA0005200E1689B1A61F10001C7E902312046D8
:108CB00007F1080126F07EF807F14003019307F160
:108CC000500300932046D7E9022326F06AF9B0F159
:108CD0000009FFF61EAFB9F1010F3FD14FF0100AA6
:108CE00097F85130256C84F82030D4E90236ED181D
:108CF00046F1000607F1600B226CA369C7E9025632
:108D0000A3EB42039D42C0F09B800321854A864825
:108D100026F05BF8D4E90223204626F043FA814688
:108D200000287FF4F6AE216CA26901EB4101521AD2
:108D3000E16812EB0902C4E90491A26004F1400366
:108D400004F5825043F8082F98425960FAD1204622
:108D500026F010FB814600287FF4DBAE4FF0FF3B8E
:108D60004FF48052FF2104F148002DF029FFD4E98F
:108D70000223C7E90623D7E906A6204607F16002C9
:108D800007F1180126F04BF9814600287FF4C1AEA7
:108D9000786E431C28D0FFF719FE04EBC005D5E917
:108DA0001212B2F1FF3F08BFB1F1FF3F1CD14FEAF1
:108DB000EB72914508BF5E450DD0FB1D00935246F6
:108DC0003346204626F0ABF810F1020F814654D10D
:108DD0004FF00003FB71F97907F1600026F000F80D
:108DE00008B1C5E912A6B346D4E90202D7E90613D1
:108DF0009A4208BF8842BED1236CA26903EB4303A9
:108E0000D21A90423CD1204626F02BFA81464046A9
:108E100026F03BF8B9F1000F35D0F4E5D4E9023281
:108E2000D4E904018A4208BF834202D1798C002927
:108E300062D1216C5B1A62F10002C4E9023214E7CC
:108E40002A4633462046CDE900BA25F0A3FF8146E5
:108E500000287FF45EAE584697F8611025F0C0FFF9
:108E600028B1B7F8622012B97A6E013247D0236C6C
:108E70005B191D4646F100063EE70028ABD048E6E8
:108E8000404626F002F8012384F82130D4E9062375
:108E9000032100922448254A26F025FCD4E9023219
:108EA000E9468AB002AD00264FF0060AA8462049DE
:108EB000C5E90626C5E90836696148F810AF4FF4E0
:108EC000435133464246184800F0A0FCD4E904322E
:108ED000CD468AB01749C5E90763C5E905126E6238
:108EE000C5F810A04FF44351334642460E4800F0F7
:108EF0008DFCCD46B14686E56FF01C0987E703215E
:108F00000D4A094825F061FFE268204607F1080193
:108F1000C7E9029225F04EFFD7E90223204626F04A
:108F200041F917E7B8950400647A040061950400DC
:108F3000789504008E950400A39504002DE9F04F68
:108F4000894617461E46044685B038B901214F4A66
:108F50004F4825F03AFF6FF0150509E090F82130F1
:108F600053B901214B4A4A4825F02FFF6FF00C05F9
:108F7000284605B0BDE8F08F3146C06B25F07BFF79
:108F8000236CA26903EB8301521A96428246E2D80F
:108F9000B6F5803FDFD2002E43D1002818BF9A4695
:108FA00004F124084FF0FF324FF0FF3340461CF02D
:108FB00007FC4FF0000BE3695B4564D0D4E9022164
:108FC000002A39D0D4E904531AEB050043F1000319
:108FD0008242994130D3236C9A422BD01022002137
:108FE00068462DF0EDFD94F82030082ECDF8049061
:108FF000ADF802608DF801302AD8731E072B04D813
:109000003246394602A82DF0B4FD684625F0DFFE51
:109010006946204626F0A1F8002814BF05463546CB
:1090200022E0002F97D00028BAD0082E94BF9A468D
:109030009A44B5E7002ED1D0204626F02BF90546FC
:10904000B0B10346144A0121114826F042FB0BE05F
:109050006846029525F0BBFE32463946204626F08A
:109060006FF905460028D3D0404625F00EFF7FE774
:10907000204626F07FF9054610B1084A0346E2E78C
:109080000BF1010B97E76FF01B05EDE779940400F6
:10909000647A040084940400DF95040009960400B7
:1090A0002DE9F04F15469846002200238BB00E465E
:1090B0000446CDE9042348B937480121374A25F051
:1090C00084FE6FF015000BB0BDE8F08F90F82130F2
:1090D0003BB931480121324A25F077FE6FF00C0090
:1090E000F1E70846FFF772FC093004EBC00354F8BF
:1090F00030205B68B3F1FF3F08BFB2F1FF3F02D100
:109100006FF00100DFE74FF000090DF1100A0DF1DB
:10911000180BCDE902BAD4E90201CDE900013146CC
:109120002046CDE9042325F08EFF0028CBDBE7D0D5
:1091300051462046059F09F1010925F042FF00280C
:10914000C1D1DDE9042314994945E2D2079BB3421A
:10915000D6D1BDF81A60002ED2D0082E0AD83DB163
:10916000B0454246284628BF324608A92DF001FDE9
:109170003046A8E7089A002DFAD002443B46204624
:10918000464594BF0196CDF80480009525F002FE77
:109190000028EDD097E700BF647A040079940400BA
:1091A0008494040030B5002289B00F490F482BF099
:1091B000CFF8002200230024CDE906230E230C4D16
:1091C000CDE903344FF400622846CDE90144094B50
:1091D000094900941DF04AFD084928461DF092FCFB
:1091E000204609B030BD00BF359301008034002017
:1091F000B02F0020359601006084002039960400CD
:109200002DE9F047044607464FF00109DFF850808A
:1092100014B93846BDE8F08794FAA4F5B5FA85F597
:1092200009FA05F32E0108EB05156FEA030A24EA93
:1092300003042B7B002BEBD058F806301B694BB98D
:109240004644736804222846196807EA0A0726F08C
:10925000C7F9DDE7284698470028D9D1F0E700BFD5
:10926000DC7A04002DE9F047DFF8B4902D4C8046FD
:10927000A9EB04038F2B0F460AD92B494FF4A67292
:109280002A4825F092FB4FF4A671274825F084FB6D
:10929000274826F089F9064658B300252846BDE838
:1092A000F087237B83B12368DB680BB120469847A6
:1092B000636883F806A023681B6993B96368042276
:1092C0002046196826F08CF9013610344C4514D923
:1092D00015494FF4AC72154825F067FB4FF4AC719B
:1092E000D3E7204698470028E8D00AFA06F31D4342
:1092F000EAE705464FF0010AE8E7D2D3B8F1000FDC
:10930000CCD0002DC9D02846FFF77AFF0546002FA4
:10931000F7D0002140F239101EF064FAF1E700BFE7
:10932000EC7A0400DC7A040041960400E192040027
:10933000E868002001481CF0E5BC00BFCC18002004
:10934000014B53F820007047CC82040008B5034657
:1093500008462BB1044A136000F062FD002008BDEE
:109360006FF01500FBE700BFE80F002010B5044CBC
:10937000237813B903481CF0C5FC0123237010BDEA
:10938000537C0020CC18002010B50446094826F074
:109390000BF93CB1084BD3E8EF1F0139C3E8E21FDA
:1093A000002AF8D105482AF0DFFFBDE81040044844
:1093B0001CF0A8BCE0680020E46800208034002095
:1093C000CC18002000200146034BD3E8EF0FC3E880
:1093D000E21F002AF9D17047E068002070B5FFF75E
:1093E000F1FF05460D4C0E4EB44215D90D490E48FD
:1093F0004FF4037225F0D9FA4FF40371094825F0B0
:10940000CBFA63685B792BB123685B6813B129469B
:10941000204698471034E7E7F3D370BDDC7A0400A8
:10942000EC7A040041960400E192040010B5044C6B
:1094300004492046FEF71EFE034B1C6010BD00BF12
:10944000BC160020B8820400D46800200023134A10
:1094500010B51370124A13491360134A134813606E
:10946000FFF774FFFFF7E2FF114B124918468B42DA
:1094700011D91149114840F2271225F096FA40F20D
:1094800027110D4825F088FA1A1A5C68121101326A
:1094900022711033EBE7F7D310BD00BF547C0020DE
:1094A000E068002040420F00E4680020A5F50300BA
:1094B000DC7A0400EC7A040041960400E192040096
:1094C0000146002200230148FEF702BEBC16002020
:1094D0000148FEF7F3BE00BFBC160020024B014658
:1094E0001868FEF761BF00BFD46800200148FEF78E
:1094F000BBBF00BFBC16002070B52D4B18780028EC
:1095000055D0FFF7E5FF0546002840D1294B2A4CEE
:109510001B68002B19DD2AF0D3FE4FF47A75A0FBEF
:10952000050647F61222002305FB0161F7F77AFFD3
:10953000D4E90032C01A40F2E93361EB02019842EB
:1095400071F1000101D3FFF749FFD4E9003213F5AF
:109550007A7342F10002C4E90032BDE87040FFF7BF
:10956000C5BF63685B7923B12368294620461B6821
:1095700098471034B4420DD9104911484FF4007285
:1095800025F013FA4FF400710C4825F005FA0D4C44
:109590000D4EEFE7E5D32846FFF7A0FF0B4BD3E8CE
:1095A000EF1F0139C3E8E21F002AAFD0F7E770BD13
:1095B000537C0020E06800207834002041960400AD
:1095C000E1920400DC7A0400EC7A0400E4680020F4
:1095D00070B5134D297809BB0120FFF743FE114CEC
:1095E000114EB44213D91149114840F2C51225F069
:1095F000DCF940F2C5110D4825F0CEF963685B79BE
:109600001BB1236820469B6898471034E9E7F5D3DF
:10961000FFF772FF0028FBD101232B7070BD00BF44
:10962000547C0020DC7A0400EC7A040041960400AB
:10963000E19204002DE9F0472D4B2E4FFB1A1B0938
:109640000AD12D4940F2A9322C4825F0AEF940F25A
:10965000A931294825F0A0F900210846FFF702FEAC
:10966000044650B340F21B684FF000092DF04CFB4C
:10967000234B244A1B58136033B1234B1B68092B1F
:1096800002DD22481CF03EFB0025DFF880A044B13B
:109690002046FFF7B5FD044618B94FF0FF384FF0EC
:1096A000FF39FFF729FF064628B95DB942464B4608
:1096B00050461CF091FB3546E9E74FF0FF384FF07C
:1096C000FF39D3E70A4D08E0F0D22B689B691BB144
:1096D00000222846114698471035BD42F4D9064964
:1096E00040F29D32054825F060F940F29D31B0E727
:1096F000DC7A0400EC7A040041960400E192040054
:1097000008000000DC680020E4680020CC1800207D
:1097100013B5264825F048FF254B1B785BB3EFF3C4
:109720001184402383F31288BFF36F8F21481EF00A
:109730004DFB40B920498822204825F036F9882180
:109740001D4825F029F91B481EF064FBFFF7D4FEE5
:1097500018481EF049FB40B917494FF49A72174850
:1097600025F023F94FF49A71EAE784F31188BFF3E7
:109770006F8F02B010BD124B1B68002BF9D050B98F
:10978000002200230F48CDE9002347F612220023D0
:109790001EF0B6FEEDE70928EBD10A482AF0E4FDF9
:1097A000094802B0BDE810401CF0ACBAE4680020E3
:1097B000547C0020D868002001940400E192040049
:1097C000DC68002080340020CC18002010B5064B47
:1097D00004461B6898472146A0600448FEF728FD10
:1097E000BDE81040FFF794BFE80F0020BC16002032
:1097F000044A054B9B1AB1EBD30F34BF52F831002A
:1098000000207047BC780400DC7A04002DE9F04F9A
:109810008FB0C1F34A2804AF0D469146B8607B6013
:109820000C0DB8F1000F67D000264FF0040B4FF07D
:109830000A0A07F11403C7F80C80C7E907667E62BD
:109840000193CDF808B0CDF800A007F11C03324613
:109850004846F968FEF7BEF9B0F5006F03461CD321
:109860006C468AB0D9F8041004AB2C481A46C3E9F8
:10987000050140F2FF71D9614FF400711984284B42
:1098800042F8103F4FF4125133462648FFF7BEFF0F
:10989000A5462C37BD46BDE8F08FC0F30A0804F199
:1098A0001700184420F0070080083B60FFF708FE0F
:1098B00068F35325044638B33B6800F11001C7E94B
:1098C000083607F11403F961CDE900A3CDF808B01B
:1098D0004846154AF96807F11C03FEF77BF9002892
:1098E00012DA124912484FF4A37225F05EF84FF4D1
:1098F000A3710E4825F050F804F1170020F007007E
:109900008008FFF7DDFD044668F353252A4620460C
:109910007B68B96825F084FEBBE700BF7B96040036
:10992000040000017C7A0400F3F50300BA960400F9
:10993000E19204002DE9F04F87B00446DDE9106A9A
:10994000DDE912799346984603911FB33B46524690
:1099500010210020CDF80090CDF81490FDF73EFFC7
:10996000051E0ADA254940F26512254825F01DF842
:1099700040F26511214825F00FF8B5F5006F0ADBBC
:1099800040F2FF7302211F4A1F4807B0BDE8F04FA5
:1099900025F09FBE3D4606F11700284420F0070041
:1099A0008008FFF78DFD04F007040BF0070BE400BF
:1099B00044EA8B1444EA452444EA0654064698B126
:1099C00097B13B4652462946CDF800901030FDF73E
:1099D00005FF002808DA09494FF4C472084824F04A
:1099E000E4FF4FF4C471C5E743462246304603996D
:1099F00007B0BDE8F04F25F013BE00BFBA960400D3
:109A0000E1920400E69604007C7A0400406820B1EC
:109A1000034BC01A40F3CF0070474FF0FF30704740
:109A2000BC7804000EB403B503AB53F8042B014615
:109A30000448019301F0C6FD02B05DF804EB03B0E9
:109A4000704700BF659A0100CA0605D48B064CBF5B
:109A500002490349FFF7E6BF704700BF1F970400A4
:109A60001E97040038B54B6805461A68CB680C464B
:109A70009A4202D1084625F050FE6368D3E8EF2FE2
:109A8000511CC3E8E01F0028F8D1A3689D54636807
:109A90001A68E3689A4208D905490648722224F0F8
:109AA00084FF7221024824F077FF002038BD00BFF8
:109AB00021970400E19204002DE9F04F89B09B4604
:109AC000149B9DF84CA00693159B04460593169B8A
:109AD0000D469046179E0493BAF1000F00F0AC803B
:109AE000BAF1040F0AD9A24940F24622A14824F053
:109AF0005CFF40F246219E4824F04EFF06F480733E
:109B0000079325F06BFD06F00209024600283FD0BE
:109B100020469949FFF786FF0746B9F1000F08D0A4
:109B200016F0440F36D12A4620469449FFF77AFFB3
:109B3000074406F0010353B1914B204653F82A2005
:109B4000904B9149002A08BF1A46FFF76BFF06F4B5
:109B50008073002B4AD006F00803002B64D1B8F1C3
:109B6000000F67D0424620468849FFF75BFF054655
:109B7000069B3D44002B6ED1049B002B40F082805D
:109B8000F30700F1EF8031462046FFF75DFFE3E089
:109B90000746C2E77E4B18680028C9D07D4B4FF4BA
:109BA0007A791B684FF03C0CB5FBF3F5B5FBF0F18F
:109BB0004FF4616300FB115509FB05F5B1FBF3F2AE
:109BC000B5FBF0FE03FB121100FB1E55B1FBFCF3CD
:109BD00009FB05F5B5FBF0F50CFB131120460091D0
:109BE000CDE901E56C49FFF71DFFA1E706F0080389
:109BF000EBB16A4B204653F82A206949FFF712FF60
:109C00000546B8F1000F05D0424620465F49FFF7F0
:109C100009FF0544BBF1000FAAD05A46204661490E
:109C2000FFF700FF0544A3E74FF0000BE1E706F064
:109C30000805E6E745469BE7BBF1010F069B06D109
:109C4000D3B9049B002B00F0878000251AE0002B7D
:109C5000F7D0554811E055482246069B544924F058
:109C600034FE00280BDA42494FF42872414824F0B0
:109C70009CFE4FF428713EE74C485546ECE7049BA8
:109C8000002B65D0DFF82C81DFF82C91049F314642
:109C9000102F204628BF10274FF0000BFFF7D4FEEF
:109CA0005D4542DC059B494620461A78FFF7BAFE1F
:109CB0004FF0010B1BF0070F03D141462046FFF781
:109CC000B1FE5F4538D9059B4946204613F80B2065
:109CD000FFF7A8FE0BF1010BBBF1100FEAD14FF01B
:109CE000000B20463549FFF79DFE5A46059B20464E
:109CF0009A5CA2F120015F2928BF2E223049FFF78C
:109D000091FE0BF1010BBBF1100F1AD01BF0070FE6
:109D100003D141462046FFF785FE5F455A46E5D808
:109D200041462046FFF77EFEEBE741462046FFF71F
:109D300079FE0BF1010BB3E720462249FFF772FED3
:109D4000C8E7059B3B440593049BDB1B04939DD113
:109D5000BAF1000F7FF414AF204609B0BDE8F04F10
:109D600025F0DBBC2046074A0749FFF75BFE0AE700
:109D700021970400E19204005597040059970400CC
:109D8000DC82040050970400DAE604007E970400A9
:109D9000F0680020EC68002062970400F082040064
:109DA000829704008897040035F70300659A010044
:109DB000C5B50100959704008D970400979704009E
:109DC000999704009397040042F20F7373B58B4286
:109DD00028BF0B4605680446052168460D4A23F056
:109DE000E7FF0646636828460B225B680A4925F0B0
:109DF00086FC63683246694628465B6825F07FFC2E
:109E000063681B2228465B68044925F078FC02B091
:109E100070BD00BFB3DD0400B89704009C97040038
:109E200000210123064A904206D8064A01B90123BF
:109E30001360054B18607047012140085B00F2E792
:109E400040420F00EC680020F0680020F8B50D4695
:109E50000446064F4618B44201D12846F8BD14F80E
:109E6000011BBB6801485B689847F4E7746E040007
:109E700010B543681C6808482AF0BCF840B9074987
:109E80000748992224F091FD9921044824F084FD8B
:109E900023685B685C6010BD746E0400E497040086
:109EA000E1920400014B03600020704738830400F6
:109EB00070B5104B0D461C68B4B10F4B19680023E8
:109EC0008B4202DB6FF0010070BD224612F8106B6E
:109ED000864202D014460133F2E7E0682AF08AF89D
:109EE00028B100202C60EFE76FF00C00ECE76FF07A
:109EF0001200E9E7101000203883040010B5436811
:109F000088B0029383680C46CDE9033200230A68C7
:109F1000C068CDE90623054901AA059329F0E5FBB0
:109F2000079808B9059B236008B010BD23F803000B
:109F30002DE9F0410C4B05461C680E4617467CB1D6
:109F400000F08AF963682046D3F8108032463B4619
:109F50002946C047044600F089F92046BDE8F08153
:109F60006FF00104F9E700BF2069002000230360BF
:109F7000044B5A6812B9C3E900007047106058607A
:109F8000704700BF24690020014B1860704700BF74
:109F900020690020002330B585B0CDE902330546A5
:109FA000019000F059F9094B1C6844B9284600F0AB
:109FB000E3F8044600F05AF9204605B030BD636866
:109FC00020461B6801A998472468EEE72469002011
:109FD0001FB5CDE90101039200F03EF9074B1C6863
:109FE00024B900F043F9204604B010BD6368204650
:109FF0001B6801A998472468F2E700BF2469002084
:10A000000022024BC3E90022704700BF24690020F0
:10A010000022024BC3E90022FFF7F2BF2C690020A7
:10A020002DE9F74307460C4609B100230B600026D3
:10A03000234DDFF890904D4520D9234923489D2298
:10A0400024F0B3FC9D21204824F0A6FCD5F8008024
:10A050003846414601AA25F026FC50B116B954B93C
:10A060002E4606E000224046316825F01CFC002800
:10A07000F5D11835DFE7019B2360F1E7E6D3144BF8
:10A080001D68C5B155F8188C3846414601AA183DDF
:10A0900025F009FC50B116B954B92E4606E000224D
:10A0A0004046316825F0FFFB0028F5D1AD69E8E7AF
:10A0B000019B2360F1E7304603B0BDE8F08300BFA9
:10A0C000307B0400E07C04003C980400E192040032
:10A0D0002C6900202DE9F04784B002AFD7F8289012
:10A0E00004460D46164698467860B9F1000F07D031
:10A0F000D9F8001031BBD9F804A0BAF1000F28D16B
:10A100002046391DFFF78CFF08B3D0F80C9043466A
:10A11000324629467868C847C8B16D468AB002AA57
:10A12000124BD061C2E905344FF400731384104B15
:10A1300042F8103F00234FF411510E48FFF766FB21
:10A14000AD4604E03A1D25F0AEFB0028D3D1002037
:10A1500007E0D9F80830324600932946434678682C
:10A16000D0470837BD46BDE8F08700BF6E980400B1
:10A1700004000001C47A04002DE9F04780464FF046
:10A1800000470026DFF8BC90DFF8BCA03D462F4C0E
:10A190004C452CD92E492F484FF4897224F005FCE8
:10A1A0004FF489712A4824F0F7FB2F46EEE7B8F107
:10A1B000000F03D122694AB91834E9E70022414669
:10A1C000206825F070FB0028F4D1F5E76368BB42F6
:10A1D00005DDAF4209D09D42A8BF1D46ECE7EBD19B
:10A1E0009047002E08BF0646E6E71D46E4E7DED3AB
:10A1F000DAF8004004B3183CB8F1000F03D122692B
:10A200004AB9A469F6E700224146206825F04BFBD5
:10A210000028F4D1F5E76368BB4205DDBD4209D0F3
:10A220009D42A8BF1D46ECE7EBD19047002E08BF2A
:10A230000646E6E71D46E4E7AF42B6D13046BDE844
:10A24000F08700BFE07C04002C690020307B040014
:10A250003C980400E19204004FF0FF324FF0FF33CE
:10A2600001481BF0ADBA00BFB818002001481BF030
:10A270005DBB00BFB818002038B5094DFFF7ECFFF3
:10A280002B783BB9FFF7C4FE00F034F9044610B94F
:10A2900001232B700024FFF7E9FF204638BD00BFE3
:10A2A000567C00202DE9F04F9BB080460F46CDE94B
:10A2B0000223002900F0C0804A2138462CF0BAFC65
:10A2C000029B0090A3B3039BB3FA83F464094FF09D
:10A2D000000A38460099FDF75FF94FF0FF35D14687
:10A2E00020F0404020F01F0040F00043019308F1AF
:10A2F000080B019B584603EB4A063146492307AA3F
:10A3000025F028F9831C15D1B5F1FF3F08BF55464C
:10A3100008F5805393F85C200AF1010A5245E8DA07
:10A320004A4529D3002C76D000201BB0BDE8F08F21
:10A330000124CCE70028F8DB49280ADD40494148E0
:10A340004FF4E07224F031FB4FF4E0713C4824F00C
:10A3500023FB002200F168036B4403F84C2C009BA4
:10A36000984206D11A46384607A92CF031FC00283D
:10A370004AD009F10109CBE7B9F10F0F07D93248EB
:10A380000121324A25F09CF96FF01B00CDE783F8DC
:10A390005C90002CC8D1019B43EA49060124DDE909
:10A3A0000223584606F18041FEF7C8FD0028BCDBB9
:10A3B000002CB9D0002308F580540693636D002B60
:10A3C0002FDA636D46F001050593294608235846A8
:10A3D00005AAFEF7B3FD0028A7DBA36D5846059339
:10A3E000616D082305AA0695FEF7A8FD00289CDBF1
:10A3F000636D3A46C4E9155331465846009BFEF753
:10A400009DFD00EAE07090E7002CC8D03146404640
:10A4100025F0E2FA89E7019E6D0005F01E052E4346
:10A42000BCE702210A4A084825F04AF9404625F0CF
:10A4300078FA0028C5DA78E76FF0150075E700BFF5
:10A4400093980400E1920400C47A0400C9980400BF
:10A45000E99804002DE9F04F00F108059BB007468C
:10A46000894608234FF00041284607AA25F072F8D4
:10A47000002826DB0020089E1EB326F0010A49238F
:10A4800007AA5146284625F065F80AF1804B59463F
:10A490000446284625F06BF80823804631462846B6
:10A4A00005AA25F057F800280BDB002C069E02DDDC
:10A4B000B8F1000F08DC5146384625F08DFA002827
:10A4C000DADA1BB0BDE8F08F04F168030DEB03048A
:10A4D0000023414604F84C3C054ACDF8009003ABFC
:10A4E00007A8CDE9035BFFF7F5FD0028C4D0E8E736
:10A4F00017F903007FB50125694628460195FFF746
:10A50000D7FC0446002835D1284602AA01A925F027
:10A51000AAF9044610B110F10C0F2BD100221346FA
:10A52000009903988C680244944202D30133082BAB
:10A53000F9D1134DC5E908034B6805F58056AB60AA
:10A54000CB6833652B64C3B105F10800FEF74EFA02
:10A55000044678B986F85C00284625F0E2F90446FE
:10A5600040B9084E28466E60FFF700FD28466E6031
:10A57000FFF70AFD204604B070BD6FF01204F9E742
:10A58000B8340020F40F002008B5054824F0F7F98E
:10A59000044824F0F4F9BDE80840034824F0EFB97A
:10A5A0001D9904004D9904008099040007B5CDE978
:10A5B00000320B46054A212123F0FAFB20288CBFEC
:10A5C0006FF09100002003B05DF804FBAE99040029
:10A5D000F0B58DB00C46DDE9127611461D4607B385
:10A5E000FBB1F2B10246234603A8FFF7DFFF0446A2
:10A5F000A0B96FF001036A460B4903A8CDE90057E3
:10A600000293FFF7E5FC002804DA0DB0BDE8F04046
:10A6100025F0BBBA02980028F7DB306020460DB069
:10A62000F0BD6FF08604F9E773FB03001346014A9F
:10A6300025F0F7BAA0DF04001FB5079C0294069C22
:10A64000CDE900341346024A25F004FB04B010BDE6
:10A65000A0DF040013B5049CCDE900341346024A80
:10A6600025F06CFB02B010BDA0DF0400014A25F00C
:10A67000E1BB00BFA0DF0400F0B50C4693B0054677
:10A68000164600211C220BA81F462CF099FA1F2CFD
:10A690001DD94FF480720F4B2946CDE90D230E4A88
:10A6A00000960B921E9A0BA808921D9A07921C9A6C
:10A6B00006921B9A05921A9A0492199A0392189A72
:10A6C000CDE9017222461FF0FBFE13B0F0BD6FF022
:10A6D0008600FAE70005100504200001F0B50C46DD
:10A6E00093B00546164600211C220BA81F462CF0ED
:10A6F00067FA1F2C1DD94FF400720F4B2946CDE984
:10A700000D230E4A00960B921E9A0BA808921D9AD2
:10A7100007921C9A06921B9A05921A9A0492199A09
:10A720000392189ACDE9017222461FF0F3FE13B08E
:10A73000F0BD6FF08600FAE7000510050420000167
:10A7400070B50D46044620B30C2925D1144E33783C
:10A750004BB91FF0EBFAD8B9294612481FF0B6F8EA
:10A76000B0B90123337000200E4B1A6859680132CA
:10A7700041F100011A600A4308BF9A68596004BF9A
:10A7800001329A601A6822605A6862609A68A26010
:10A7900070BD6FF08600FBE76FF08500F8E700BF43
:10A7A000577C0020587C002008B50348034A00214C
:10A7B000121A25F07EFB08BD301B00205C840020AF
:10A7C000074808B5074A0849121A25F074FBBDE886
:10A7D00008400648064A0749121A25F06CBB00BF1C
:10A7E000400000202C1B00203CFE04004000002004
:10A7F000400000203CFE04002DE9F04706460C46D0
:10A8000000AF002936D0D1E90012E9468AB06D4682
:10A81000A3684FF0050AA8461F48C5E90723C5E904
:10A82000050148F810AF002342464FF421511B4860
:10A83000FEF7ECFFD4E90312CD466369AD46184834
:10A84000C5E90723C5E90501C5F810A00023424664
:10A850004FF421511148FEF7D9FFCD46E36901219C
:10A86000104A0E4824F035FFA36901210E4A0B4817
:10A8700024F02FFF012E07D1EFF305830B4A314659
:10A880000648103B24F025FF214630461AF022FCF2
:10A89000BD46BDE8F08700BFF2990400BC7A040011
:10A8A000219A0400509A04005F9A04008D9A0400D3
:10A8B00030BFFFF7FDBF00BF2DE9F04105460B4E4D
:10A8C000DFF82C80324606EB0807CC1B20460949EE
:10A8D0002CF04FF9A01942460021083C2CF070F9E9
:10A8E000C5F8B84007F10800BDE8F081000000009D
:10A8F00008000000E07C0400054B5A699B689A42FE
:10A900001FBF044A536843F080535360704700BF31
:10A910004474002000ED00E070B5324C06460D4650
:10A920003148324925F0D4FAA36AD90649D52E48D0
:10A930002F4925F0CDFA1120A36A1A0704D52A4819
:10A940002C4925F0C5FA1220264CA36A9B0712D584
:10A950002949254825F0BCFA636BA26A110609D57E
:10A960000121264A204824F0B4FE1EB1A36A23F038
:10A970008003A36213201B4CA36ADA0704D51A488C
:10A980001F4925F0A5FA1420A36A9B0604D5164892
:10A990001C4925F09DFA1520124B9A6AD60602D45E
:10A9A0009A6A94070FD59B6AD9060CD516491748A1
:10A9B00040F22D1223F0F9FF40F22D11124823F03E
:10A9C000EBFF1020B8E7074B9A6A920642BF5A6A1B
:10A9D00022F400525A629A6A42F0FF029A620023FD
:10A9E0002B7070BD00ED00E0BC7A0400A09A04005A
:10A9F000B69A0400E99A0400FC9A0400149B04002F
:10AA00002A9B0400499B0400789B0400E192040007
:10AA100010B5244C2449254825F05AFAA36A990117
:10AA20003ED52248224925F053FA1E20A36ADA01B6
:10AA300004D51E481F4925F04BFA1F20194CA36A64
:10AA4000DB0204D519481C4925F042FA0220A36A0A
:10AA50001C0304D51548194925F03AFA2120114C58
:10AA6000A36A590304D51148154925F031FA22206B
:10AA7000A36A9A0304D50D48124925F029FA232028
:10AA8000084CA36ADB0304D508480F4925F020FAD7
:10AA90002420A36A6FEA03436FEA1343A36210BD45
:10AAA0001D20C3E700ED00E0AA9B0400BC7A04006F
:10AAB000C29B0400D59B0400EF9B0400199C04007A
:10AAC000379C04005C9C0400769C040070B5294C03
:10AAD00006460D462848294925F0FAF9A36AD90403
:10AAE0003CD52548264925F0F3F91720A36A1A0515
:10AAF00004D52148234925F0EBF918201D4CA36A01
:10AB00009B0512D51C48204925F0E2F9A36BA26AE7
:10AB1000100409D501211D4A174824F0DAFD1EB1A1
:10AB2000A36A23F40043A3621920124CA36A5905B7
:10AB300004D51148164925F0CBF91A20A36ADA0585
:10AB40000ED50D48134925F0C3F91B20094A936A15
:10AB500043F47F43936200232B7070BD1620C5E73A
:10AB6000A36A9B04F2D504480B4925F0B1F91C20D7
:10AB7000ECE700BF00ED00E0BC7A0400A19C0400FB
:10AB8000B79C0400E99A0400C89C0400E19C0400FE
:10AB9000F69C0400119D0400499B0400F0B58BB0A5
:10ABA000724B04465868002600AFC0F3080386F3D2
:10ABB0001188BFF36F8F02F07F45B5F17F4F07D14A
:10ABC00002F00C05082D0ED169496A4825F080F97C
:10ABD000694940F21442694823F0E7FE40F214410B
:10ABE000654823F0D9FE15074CBF0C460126002C02
:10ABF000EED00022FA71DA1E092A00F29580DFE811
:10AC000002F0058B8E769393939393915C49594808
:10AC100025F05EF90023554DFB71EB6A9A0705D5C7
:10AC20005849544825F054F9002329E0EB6A002BD9
:10AC300001DA5549F5E7EB6A5B0064D553494D48A5
:10AC400025F046F96B69A26943F480736B61BFF329
:10AC50004F8FBFF36F8F6B6932F8022C23F4807330
:10AC60006B61BFF34F8FBFF36F8F4DF602739A4244
:10AC700027D123680121464A3E4824F02AFD236853
:10AC8000FA79DAB907F1080504F1200C2A462068A0
:10AC90006168083403C264451546F7D17A6A002E0C
:10ACA0005ED0C2F3080121B96FEA52226FEA422254
:10ACB0007A62184607F10801FFF79EFD2C37BD4662
:10ACC000F0BDAB6ADBB22BB10120F91DFFF724FE0A
:10ACD0000346D5E7AB6A13F47F4F04D00120F91D7A
:10ACE000FFF7F4FEF4E7AB6AB3F5803F02D3FFF75A
:10ACF0008FFEEDE7204940F2ED22204823F055FE7B
:10AD000040F2ED216CE71C494FF43C721B4823F0E4
:10AD10004CFE4FF43C7163E70020F91DD6E700209C
:10AD2000F91DDDE71B497CE71B4A6D4610F4F87FEF
:10AD30008AB01A4918BF11466A46103BD3614FF4D6
:10AD4000007317481384174BC2E9050142F8103FFE
:10AD500000234FF411510748FEF758FDAD4663E755
:10AD600022F4FF7222F00102A2E700BF00ED00E032
:10AD7000579D0400BC7A0400789B0400E192040013
:10AD8000829D0400999D0400BA9D0400C89D0400A2
:10AD9000E79D0400039E04003E9D0400299D0400DD
:10ADA000279E040004000001064B5A6942F010027D
:10ADB0005A615A6942F480625A615A6922F0080263
:10ADC0005A61704700ED00E0EFF30880EFF309816E
:10ADD00001B57246FFF7E2FE01BD00BF002080F31F
:10ADE0001488BFF36F8F002080F30A8880F30B88EC
:10ADF000104880F3088800200F49087019F0F0F817
:10AE000000200E490860BFF34F8F00F02DF840205E
:10AE100080F311880A484FF40061401880F30988D4
:10AE2000EFF314800221084380F31488BFF36F8F7F
:10AE300000F0F4F808D400203A84002094ED00E0FB
:10AE4000C8BA0020002318460649D1F89020C2F362
:10AE50000722934200DB7047C1F89830C1F8A00088
:10AE60000133F6E700ED00E010B572B6002484F37C
:10AE70001388FFF7E7FF23464FF0FF300C4A03F13A
:10AE800020010133102B42F82100F8D100234FF0AC
:10AE9000FF30074A03F160010133102B42F8210013
:10AEA000F8D162B6BFF34F8FBFF36F8F10BD00BFF5
:10AEB00000E100E0084B9B6883420BD1EFF3058370
:10AEC00043B1064B5A6842F080525A605A6A22F4E3
:10AED00000425A621CF012BD4474002000ED00E0F4
:10AEE00016498A684FF030001044EFF3098C80E86F
:10AEF000F01F402080F31288BFF36F8F104F4FF088
:10AF000000664A698A603E60D2F8B8000D4C206045
:10AF1000D2F8BC000023C2F8BC3080F3118802F1E3
:10AF2000300090E8F01F8CF3098802F1000004B5AE
:10AF300024F0D6FFBDE804407047000044740020B0
:10AF400004ED00E0346900201EF0040F0CBFEFF3A5
:10AF50000880EFF30980816911F8021C0229FFD0F3
:10AF600001B5724624F0A9FF01BD00BF00B2002860
:10AF700007DB01234109034A00F01F00834042F828
:10AF80002130704700E100E000B200280CDB012214
:10AF90000649430900F01F008240203341F8232076
:10AFA000BFF34F8FBFF36F8F704700BF00E100E02A
:10AFB00008B5D3070BD40231072909D90D490E482A
:10AFC0006B2223F0F2FC6B210A4823F0E5FC002100
:10AFD00000B20028ACBF00F16040084B4FEA4111BD
:10AFE000C9B2ABBF00F5614000F00F0080F800135C
:10AFF000195408BD3A9E0400E192040014ED00E0EB
:10B00000044B054A23F07F039360BFF34F8FBFF3D8
:10B010006F8F70470000000000ED00E008B5FFF7FB
:10B02000EFFF074AD2F8883023F47003C2F8883063
:10B03000FFF7BAFBFFF7C4FB00F048F81AF096F9E7
:10B0400000ED00E042F8203C009B0B4942F81C3C1C
:10B05000019B21F0010142F8183C029B42F8081CB8
:10B0600042F8143C4FF0807342F8043C0023203A2D
:10B070000265C0F8BC3070474180010000B50E4B3E
:10B0800015469860D0F8B8200C4B0E461A60D0F8E0
:10B09000A83083F30B882C4686F309880020044BE4
:10B0A00098472046002100220023024C2047000040
:10B0B000F1FE030041800100447400203469002047
:10B0C0001022014B1A61704700ED00E0002340217F
:10B0D0000448C2180133B3F5917F82F80013F8D108
:10B0E000704700BF00E100E008B5EFF30583064AB2
:10B0F000103B02EBC30152F8330049688847BDE8B2
:10B100000840FFF7F9BB00BFD46E04001FB5094C1F
:10B11000094A23460121094800F012F9002303934C
:10B12000074B0121E41A01A80193029400F022F9CF
:10B1300004B010BD00FC0720000000205C83040068
:10B14000301B002010B50C7A0B6804F01F0223F0AE
:10B150001F031A43CB68640923F01F03054943EA20
:10B16000440343F00103C1F89800C1F89C20C1F8E2
:10B17000A03010BD00ED00E010B50A4BD3F89030C0
:10B18000C3F30723013B984208D901210346064A2D
:10B19000064824F09EFA6FF0150010BDFFF7D2FFAD
:10B1A000FBE700BF00ED00E0759E04009C7A040000
:10B1B0002DE9F04F8946144606464FF00008514DE0
:10B1C00085B0C84527DAD6F804A0BAF1000F44D0FC
:10B1D000BAF11F0F17D91AF01F0F14D1D6F800B00B
:10B1E0001BF01F0F0FD1584624F0A5FE07460AEBAF
:10B1F0000B00013824F09FFE874210D06FF0150736
:10B20000414A3B4601E04346404A0121404824F080
:10B2100060FA6FF01504204605B0BDE8F08F17F115
:10B22000160FEDD0BC42EBDDC5F89870D5F89C1038
:10B23000C5F89870D5F8A03021F01F0143F01F0B1E
:10B24000D6E900321A44994202F1FF3A1DD1D345A2
:10B2500007D13146F8B224F077FE08F101080C3628
:10B26000AFE73146C5F89870D5F89C3022F01F0240
:10B2700003F01F031343C5F89C30E0B224F064FED2
:10B2800010F1160FC5D0441CE7E7C5F89870D5F843
:10B29000A020013B23F01F0302F01F021343D345FC
:10B2A0003146E0B2C5F8A030E8D024F04DFE10F1F0
:10B2B000160FAED0C5F89870D5F89C209DF80830D0
:10B2C0000BF1FF3B62F304038DF80830D5F8A03092
:10B2D0009DF808205B0863F347128DF80820D6E933
:10B2E00000321344009323F01F035B44A3EB0A03D3
:10B2F000013023F01F036946C0B20393FFF73CFF00
:10B30000BEE700BF00ED00E0BE9E04009B9E04006F
:10B310009C7A04000522044BC3F89420BFF34F8F9E
:10B32000BFF36F8F704700BF00ED00E0BFF35F8F8A
:10B330000022024BC3F89420704700BF00ED00E0EC
:10B3400010B5094C2278FFF733FF207016300AD170
:10B35000064907484FF4BF7223F027FB4FF4BF7133
:10B36000024823F019FB10BD647C0020E19E04001C
:10B37000E19204002DE9F74F2E4D8A4606464FF024
:10B380000008AB462C4FD04502DB03B0BDE8F08F80
:10B39000D6F80490B9F1000F47D031680846019102
:10B3A00024F0C9FD0199044609EB0100013824F09D
:10B3B000C2FD84424FF01402204B10D002FB08F370
:10B3C0006FF015024BF803201D491E484FF4C77259
:10B3D00023F0EBFA4FF4C771194823F0DDFA14F1AA
:10B3E000160F2C60F0D01978A142EDDD02FB08B0F9
:10B3F000C7F89840C7F89840D7F89C4000F108017A
:10B40000007B64F304000871D7F8A0000C794008B1
:10B4100060F347140C71D7F89C1021F01F0169608C
:10B42000D7F8A01021F01F01296108F10108143597
:10B430000C36A8E73869002000ED00E0647C0020AD
:10B44000E19E0400E19204002DE9F0414E494F4C89
:10B45000D1F890302568C3F307239D4286B00AD9FE
:10B460004B4940F2F7124B4823F09FFA40F2F71194
:10B47000474823F091FA0020FFF758FF464BC1F8E8
:10B48000C03085421AD1454C01A82570FEF70AFD4F
:10B49000002506464FF04108414FAE4215D100202D
:10B4A00023783949D1F89020C2F30722934265DB13
:10B4B0000020FFF72FFF06B0BDE8F081616801EBC7
:10B4C0000011FFF73FFE0130DBE7019A290102EB93
:10B4D0000513D3F80CC00CEA0700B0F5001F23D009
:10B4E000B0F5800F38D0B0F5801F45D1586852585C
:10B4F0009B68CDE902022122013B20F01F010B4491
:10B5000023F01F038DF810200593207802A9FFF780
:10B5100033FE00282DDA1E4940F221221D4823F077
:10B5200044FA40F22121A3E758689B685258013B36
:10B5300020F01F010B4423F01F031CF0010FCDE985
:10B5400002028DF810800593DFD011498322114843
:10B5500023F02BFA83218BE758689B685258013BF4
:10B5600020F01F010B44CDE9020223F01F03022249
:10B57000C8E723780133237001358EE7C1F898308E
:10B58000C1F8A00001338DE700ED00E068830400FE
:10B59000E19E0400E1920400AAFF4400647C0020C4
:10B5A0000000F0FF054C064821461B2208B523F099
:10B5B000FCF91B21204623F0EFF900BF1F9F040078
:10B5C000E1920400F0B587B007460E46144600210C
:10B5D000102268461D462BF0F3FA02238DF8023044
:10B5E000054B2A4621466846CDE90476019322F0B0
:10B5F000E7FC07B0F0BD00BF7BFF030008B50248C1
:10B6000022F0B6FBFEE700BF4D9F040008B5024BD9
:10B610001B689847002008BD4C690020034B044A72
:10B620001860937843F00203937070474C690020D0
:10B630001410002008B50549054A21F00701054806
:10B64000521AFCF741F8002008BD00BF3911012053
:10B6500000FC07205069002070B541690446867AD5
:10B660000A4D59B1437ADB0706D4342303FB065352
:10B67000DB6A1B689B68984700236361342021467E
:10B6800006FB0050BDE8704028F016BD8C19002064
:10B690003422024B02FB0030704700BF8C1900209F
:10B6A0003421827A064B01FB02331A6B93F8243063
:10B6B000801A1B3323F00303B0FBF3F0704700BF85
:10B6C0008C19002038B53424827A064B04FB0233EF
:10B6D000DB6AD3E901240C601568FFF7E1FF04FB86
:10B6E000005038BD8C19002008B5437A43B10B498E
:10B6F0005A220B4823F059F95A21084823F04CF9F3
:10B70000436833B105495B22054823F04EF95B21BC
:10B71000F3E703824369C36008BD00BF529F040082
:10B72000E19204002DE9FF470546684691461C4614
:10B73000039128F0C7FDDDE900674DB957494FF483
:10B740008172574823F031F94FF48171534813E067
:10B7500005F11C08EFF3118A402383F31288BFF32D
:10B760006F8F40461CF032FB40B94E4988224C484E
:10B7700023F01BF988214B4823F00EF940461CF0BA
:10B7800049FB6B8C002B56D02A8C9A4233D900226D
:10B79000002328461AF03EFA044660B340461CF0E7
:10B7A00023FB40B93F494FF49A723D4823F0FDF81E
:10B7B0004FF49A71DFE78AF31188BFF36F8F039D0F
:10B7C000002D5AD032463B46684628F0A0FD342171
:10B7D000A27A354B204601FB0233DB6A03A91B68C2
:10B7E0001E68DDE90023B0476061002839D120469A
:10B7F000FFF732FF30E06C8C4046631E6B841CF018
:10B80000F3FA0028CED08AF31188BFF36F8F95F832
:10B8100024302A8C1B33121B2C6B23F0030302FBF6
:10B820000344214B214AEB1A9B105343A37295F812
:10B830002430E372C3E740461CF0D6FA0028B1D0AA
:10B840008AF31188BFF36F8F23464A4628461AF0C1
:10B85000E1F904460028B2D10024204604B0BDE836
:10B86000F087039B9D4209D90C4940F257120C48BE
:10B8700023F09BF840F2571168E76561012300212E
:10B880002381039BE27A6160638204F118002BF04C
:10B8900097F92046FFF728FFDFE700BF529F04001B
:10B8A000E1920400019404008C190020C54EECC400
:10B8B00070B50C46054650B922494FF4CF72224864
:10B8C00023F073F84FF4CF711E4823F065F841B9A7
:10B8D0001C4940F29F121C4823F067F840F29F1168
:10B8E000F2E7EFF31186402383F31288BFF36F8FE3
:10B8F00016481CF06BFA38B915498822124823F013
:10B9000054F888211248E0E710481CF083FA00231D
:10B9100023606B6873B9C5E900440C481CF064FAF5
:10B9200058B90B494FF49A72074823F03EF84FF488
:10B930009A71E7E71C606C60EFE786F31188BFF34C
:10B940006F8F70BD529F0400E19204005C6900207B
:10B950000194040070B5044650B91E491E4840F2D7
:10B96000AB1223F022F840F2AB111A4823F014F87E
:10B97000EFF31186402383F31288BFF36F8F1748CC
:10B980001CF024FA38B916498822134823F00DF820
:10B9900088211348EAE711481CF03CFA25682DB1CC
:10B9A00062682B689542236008BF63600B481CF0F7
:10B9B0001BFA40B90A494FF49A72074822F0F5FF82
:10B9C0004FF49A71E5E786F31188BFF36F8F28462D
:10B9D00070BD00BF529F0400E19204005C6900202A
:10B9E0000194040070B5044670B13426154D20460C
:10B9F000037A64689BB914494FF4E172134822F04A
:10BA0000D4FF4FF4E17107E00F494FF4DE720F48A5
:10BA100022F0CBFF4FF4DE710B4822F0BDFF013B5B
:10BA2000DBB203724BB9C3604360837A06FB0353F6
:10BA30009B6A1BB19847002CD9D170BDFFF70CFE53
:10BA4000F9E700BF8C190020529F0400E192040026
:10BA500008B550B90749084840F2E71222F0A5FF9F
:10BA600040F2E711034822F097FF027A0132027296
:10BA700008BD00BF529F0400E192040008B50346D0
:10BA800050B90849084840F2322222F08EFF40F2B5
:10BA90003221044822F080FF18465B68002BFBD15E
:10BAA00008BD00BF529F0400E192040070B50D462E
:10BAB000044650B90E4940F23D220E4822F075FF6F
:10BAC00040F23D210A4822F067FF41B9084940F29F
:10BAD0003E22084822F069FF40F23E21F2E7466824
:10BAE0001EB10846FFF7CAFF4660656070BD00BF23
:10BAF000529F0400E192040038B505460C4651B946
:10BB00000B490C4840F2492222F04FFF40F24921F4
:10BB1000074822F041FF20B9BDE838400846FFF74A
:10BB200097BFFFF7ABFF2146FFF7C0FF284638BDA0
:10BB3000529F0400E1920400034610B5084651B933
:10BB4000154940F25E22154822F02FFF40F25E2197
:10BB5000114822F021FFBBB15A6842B90E4940F2A8
:10BB600061220E4822F021FF40F26121F0E78A4273
:10BB700008D0094940F26222084822F016FF40F23C
:10BB80006221E5E74A685A60002344684360FFF792
:10BB900029FF204610BD00BF529F0400E19204001F
:10BBA00008B540B90A492B220A4822F0FEFE2B2193
:10BBB000074822F0F1FE838833B105492C2205485D
:10BBC00022F0F3FE2C21F3E783680B44036008BDE9
:10BBD0007F9F0400E192040008B5034600689A685C
:10BBE000821A91420AD90849084840F2551222F0B7
:10BBF000DCFE40F25511044822F0CEFE9A88401A2D
:10BC000011441860998008BD7F9F0400E1920400F0
:10BC100008B5828803468A420AD20849084840F299
:10BC2000C31222F0C2FE40F2C311044822F0B4FE57
:10BC3000521A828000680844186008BD7F9F040083
:10BC4000E192040008B503469A8800688A420AD245
:10BC50000749084840F2CF1222F0A7FE40F2CF1168
:10BC6000034822F099FE521A01449A80196008BDD7
:10BC70007F9F0400E1920400F8B5858803680E46B2
:10BC800004465F1924F0E2F9B04208D20649074899
:10BC90003E2222F08AFE3E21034822F07DFE3544FA
:10BCA000A5803846F8BD00BF7F9F0400E1920400E4
:10BCB00008B5234A234B1A6015F0EEFB4FF47A6166
:10BCC0002148D0F82436C3F30802C3F309434B4399
:10BCD00082F480721D49883201FB02334FF4FA214D
:10BCE0005B00B3FBF1F201FB12331949B3F57A3F64
:10BCF00028BF0132C1F80429D0F820364FF47A6009
:10BD0000C3F30802C3F30943434342F21C5082F4D5
:10BD1000807202F2172200FB02334FF47A701B0A82
:10BD2000B3FBF0F200FB1233B3F5FA7F4FF00103DF
:10BD300028BF0132C1F81C27C1F80036002008BD19
:10BD40000020A1071416002000C0FF00F82A008080
:10BD50000000125048B1054B054A1B68B3FBF2F3D3
:10BD60005843044B43F00103184770471416002052
:10BD700040420F0070820400BFF34F8F0549064B0D
:10BD8000CA6802F4E0621343CB60BFF34F8F00BF79
:10BD9000FDE700BF00ED00E00400FA050E4B40296E
:10BDA00028BF402170B51D460C4C4618B04203F127
:10BDB000020304D1002305F81130074870BD027852
:10BDC0001209A25C03F8022C10F8012B02F00F02FA
:10BDD000A25C03F8012CE9E7A87C00201DA0040068
:10BDE00030B503788BB0044607AD032B21D8DFE8CC
:10BDF00003F0021A1C1E12492846FAF7B9FE0595EF
:10BE000063781E210493A3780E4A0393E3780E48C7
:10BE100002932379019363790093A37921F0C8FFFA
:10BE200009480BB030BD0949E6E70949E4E709498B
:10BE3000E2E70A212846084A21F0BAFFDFE700BFFF
:10BE4000D89F0400FA9F04008A7C0020DF9F040032
:10BE5000E69F0400F09F040050E9040010B5034C75
:10BE60002522214600F0ECF9204610BD657C00201B
:10BE70002DE9F3410446174698461F4DD5E8AF3FDC
:10BE8000DA071DD538B901211C4A1D4823F018FCDA
:10BE90006FF0010015E001A923F029FD19490246C0
:10BEA00020462AF0A5FE0028F2D1D5E8AF3FC3F323
:10BEB000C0061B0708D50221134A114823F000FCD5
:10BEC000002002B0BDE8F081A5F1A80407222146B8
:10BED0004046B84706280AD801210C4A084823F0F2
:10BEE000EFFB45F8A86CE671C4F80360E8E70723A8
:10BEF000B0FBF3F0E071E3E7F00900202EA00400AE
:10BF0000047A0400ED9F04004FA0040073A0040015
:10BF10002DE9F04188B0DDF838809C795D791E7993
:10BF2000DF7893F802C093F801E01B78B8F1000FB6
:10BF30000ED0CDE90638CDE904CE1346CDE902672F
:10BF4000CDE90045084A21F033FF08B0BDE8F08193
:10BF5000CDE905E3CDE9037C1346CDE90156034A5B
:10BF6000009421F025FFF0E798A00400BCA0040095
:10BF700010B5FEF781F9044628B101210346034AB2
:10BF8000034823F0A6FB204610BD00BFDDA004003F
:10BF9000047A040070B504461E4615468CB0A2B162
:10BFA00029B10A4602A8042122F011FE02A900913B
:10BFB0002B462246242103A8FFF7AAFF3146109AF8
:10BFC00003A8FDF7B5FF0CB070BD03462421044A59
:10BFD00003A821F0EDFE0028F0DA6FF01500F2E77B
:10BFE00002A1040007B50B4B0B48DA79C2EBC20281
:10BFF000009200221146FFF7CDFF034638B1012120
:10C00000064A074803B05DF804EB23F062BB03B0B7
:10C010005DF804FB48090020ED9F040008A104001E
:10C02000047A040030B5044615468DB092B129B1AA
:10C030000A4602A8042122F0CAFD02A900912B465B
:10C040002246242103A8FFF763FF03A823F027FC5F
:10C050000DB030BD03462421044A03A821F0A8FEF8
:10C060000028F2DA6FF01500F2E700BF02A1040029
:10C0700007B5009313460A4601460348FFF78AFFB7
:10C0800003B05DF804FB00BF80B904000A46014616
:10C090000148FFF7C7BF00BF80B9040007B5009390
:10C0A00013460A4601460348FFF774FF03B05DF8E4
:10C0B00004FB00BF7AB9040007B5009313460A4693
:10C0C00001460348FFF766FF03B05DF804FB00BFBD
:10C0D000C9B8040007B50022034600910348114681
:10C0E000FFF758FF03B05DF804FB00BF72B904000E
:10C0F00008B502481AF006FA002008BD8C1100208D
:10C10000F8B5194DD5E8AF3F13F0010F2E4628D0F2
:10C1100015F8A13CA5F1A8078BB901F081FF0446F1
:10C1200030B10121114A124823F0CAFA2046F8BD65
:10C13000FB7923B901F084FF04460028F1D1D5E84A
:10C14000AF3F5A0701D400F0ADFED6E8EF3F23F42D
:10C150000062C6E8E12F0029F7D11B0501D5FFF7E2
:10C16000C7FF0024E2E700BFF009002023A104007C
:10C17000047A040030B500240A4D0B4B87B02846E2
:10C180000393CDE904441AF033FA03AB2846009335
:10C1900040F638020A2305491AF040FA204607B053
:10C1A00030BD00BF1845002056A10400608C00205F
:10C1B000014601481AF000BB18450020014601481D
:10C1C0001AF06CBB18450020037830B5012B13D052
:10C1D000022B27D07BB90A46184B03F1100453F801
:10C1E000045BA34242F8045BF9D11B7813704388C7
:10C1F0004B731B0A8B7330BD0A46104B03F11004BE
:10C2000053F8045BA34242F8045BF9D11B78137026
:10C210004368C3F307224B731B0CCB731B0A8A734F
:10C220000B74E8E700F1100350F8042B984241F832
:10C23000042BF9D103780B70DDE700BF7CA104006B
:10C24000034610B51C780846012C114686B009D06B
:10C25000022C0AD0FCB95B88124A06B0BDE8104037
:10C2600021F0A6BD5B68104AF7E7B3F801200492FD
:10C27000D3F803200392B3F807200292B3F8092001
:10C280000192B3F80B200092D3F80D30074A21F049
:10C290008FFD06B010BD002106B0BDE810402AF0A9
:10C2A0008FBC00BFE5B904001C9A04005FA1040024
:10C2B00010B523F0A0FF27F082FF0B4C18B1D4E893
:10C2C000AF3F63B910BD1BF0DDF8D4E8AF3F1BB939
:10C2D000BDE810401BF028B90A209847F8E70A206B
:10C2E000BDE81040184700BF60690020811EC9B238
:10C2F0001E2938B5044604D8184820FA01F1C907A8
:10C3000008D4174917487A2222F04FFB7A211448A3
:10C3100022F042FB144823F03CFE0546C8B1082C2D
:10C3200019D00BD8022C0FD0042C14D00F490D4873
:10C33000522222F03AFB52210C48E9E7102C01D09E
:10C34000202CF3D1052100E0042105F10C0023F09D
:10C3500091FE284638BD0221F7E700BF41000040AA
:10C360008DA10400E1920400C41A0020BCA10400C5
:10C37000034BD3E8EF2FC3E8E10F0029F9D1704751
:10C38000606900200F2810B50CD80D280CD90A4878
:10C3900023F0FFFD044618B104210C3023F06AFE9F
:10C3A000204610BD1328F2D009B10448F0E702205E
:10C3B000BDE81040FFF79ABFF81A0020F4190020DA
:10C3C00038B50B6805460C4643B90D490D48FA22AD
:10C3D00022F0EBFAFA210A4822F0DEFA4A68DA6023
:10C3E0000B684A895A820868FFF7FCFA2046102237
:10C3F00000212AF0E5FB2846BDE8384023F0FBBECB
:10C400008DA10400E19204002DE9F84305460C4695
:10C410001F46164642B92449D622244822F0C5FABE
:10C42000D621214822F0B8FA30B91F49D7221F4837
:10C4300022F0BBFAD721F4E701F10C09484623F0BA
:10C4400001FE30B91849DB22184822F0AEFADB2190
:10C45000E7E7204623F0E7FE804630B11249DD22AF
:10C46000124822F0A2FADD21DBE705F10C01484673
:10C4700023F0A2FD484623F0E5FD012310FA86F0E3
:10C4800068826B72314648462E82FFF7C1FBE36833
:10C4900028467B60638AC4F80C807B81A4F81280F4
:10C4A0003C60BDE8F88300BF8DA10400E192040068
:10C4B000C36802211B78024A024823F0DDBE00BF98
:10C4C000FDA10400EC78040070B5C6683378B6F8B6
:10C4D000014083B90F21204603F0B0FBF3780546F5
:10C4E00050B90A4A118831B96FEA04506FEA105006
:10C4F0001080074A137070BD4372012103F0B4FA33
:10C500002846BDE8704003F043BA00BF9A7B002084
:10C51000297D002070B5C3681D78BDB9B3F80160EE
:10C520000F21304603F08AFB044638B93346BDE894
:10C5300070400121064A074823F09EBE294603F0B9
:10C5400093FA2046BDE8704003F022BA70BD00BFE8
:10C5500025A20400EC78040010B5C36801211C88F2
:10C56000204603F06BFB38B92346BDE8104001219B
:10C57000034A044823F080BEBDE8104003F008BA27
:10C580004BA20400EC780400012110B50C30FFF739
:10C5900059FBBDE8104003780121024A024823F00C
:10C5A0006BBE00BF6FA20400EC780400014610B51A
:10C5B0000848FFF77DF90849084827F0F0FD031EF9
:10C5C00006DABDE810400121054A064823F054BEB2
:10C5D00010BD00BF6C0A0020AC11002000460020F6
:10C5E00091A20400EC7804000121024A024823F0E1
:10C5F00036BE00BFAEA20400EC78040098B53C281B
:10C6000000AF13D06C468AB06A46094B4FF4125102
:10C61000C2E90530074B0848D36140F20133138467
:10C62000064B42F8103F23F029FEA546BD4698BDB3
:10C63000C8A204003EC50400EC7804000400000118
:10C640000B46B0B50D8A00AF04462946D868FFF7FF
:10C65000A5FB8AB06A46094BC2E90750C2E9053416
:10C6600040F202439384064B4FF43251054842F89E
:10C67000103F23F003FEBD46B0BD00BFE4A204009E
:10C6800005000001EC78040070B5C5680121B5F81B
:10C690000160304603F0D2FA044638B93346BDE8AB
:10C6A000704001210B4A0C4823F0E6BD2B783BB9C2
:10C6B000D5F80330C0F89930D5F80730C0F89D3070
:10C6C000201D4FF4803123F0CCFD2046BDE87040A2
:10C6D00003F05EB94BA20400EC78040073B5C568A2
:10C6E0000121B5F80160304603F0A8FA044640B9CC
:10C6F000334601213B4A3C4802B0BDE8704023F07C
:10C70000BBBD2B78061D1A2B19D1C378012B50D134
:10C710004FF48041304623F0A4FD42040FD4D4F8F6
:10C720008C3069460093D4F894302046019304F08D
:10C7300015FA204602B0BDE8704003F029B92B7805
:10C74000BBBB40F2E242B5F8033028495343C4F87A
:10C750008830B5F80520A4F89020B5F80720A4F893
:10C760009220A3F5EA520C3A8A4204D90221204AC7
:10C770001D4823F081FDB4F89030B3F5FA7F04D35F
:10C7800002211C4A184823F077FD40F67641B4F8A0
:10C790009230A3F10A0292B28A4204D90221164AC7
:10C7A000114823F069FD6FF48051304623F069FD94
:10C7B00013E0D6E8AF3FDB04F5D52B78202BF2D180
:10C7C00094F89830002BEED0013B84F898300B4A57
:10C7D000002304F140001AF05BF8204603F0E4FC6B
:10C7E000A7E700BF4BA20400EC78040095F03C00E2
:10C7F00006A304002DA3040054A304005A620200FF
:10C800002DE9F3470023074688461646DFF81491C2
:10C81000D9E8EF4FC9E8E23F002AF9D144B93B46D5
:10C820000121414A414802B0BDE8F04723F024BD50
:10C830002046FEF735FF4FF00C0A3D4D0AFB005035
:10C840004388BB421FD02046FEF72AFF0AFB005058
:10C85000438801210093374A3B46344822F043FF86
:10C86000D9E8EF3FC9E8E24F002AF9D1002B55D0B3
:10C870003149324840F6042222F097F840F604216C
:10C880002D4822F089F8A64208D02046FEF72CFF5A
:10C89000328AF16804F10C0023F0E0FB2046FEF739
:10C8A000FFFE0C2606FB00504368ABB1B8F1000F49
:10C8B00012D12046FEF7F4FE012106FB005042682B
:10C8C000D2E90003127A03F01F06B1405B09FAB106
:10C8D00000EB830023F0C5FC2046FEF7E1FE0C26AA
:10C8E00006FB005083686BB12046FEF7D9FE70430B
:10C8F00005F800802046FEF7D3FE06FB0055A86829
:10C9000019F000FA204602B0BDE8F047FFF76AB818
:10C91000C94300EB830023F0B4FCDDE702B0BDE8BF
:10C92000F08700BF680A002080A30400EC780400B0
:10C9300064690020A8A30400DBA30400E1920400C2
:10C9400037B50446084602EBC3039A4202D16FF0A2
:10C950005E0010E0114611F8085BA54211D1038A70
:10C960005178994209D908480121084A009422F0D7
:10C97000BAFE6FF0150003B030BD53689847002031
:10C98000F9E70A46E1E700BFEC7804000FA40400D1
:10C990002DE9F8430C461AF075FDE168238A0A7800
:10C9A000022A70D0042A0BD0134601213B4A3C488E
:10C9B00023F062FC2046FFF715F86FF015040AE03B
:10C9C000022B0DD8374A3648012123F055FC20466A
:10C9D000FFF708F800241AF0A7FD2046BDE8F88309
:10C9E00048783E280AD1032B01D12F4AEBE7CB78B8
:10C9F000012B01D00A2B46D1032604E023F01CFCB6
:10CA00000646F0073DD504F10C05284623F01AFB35
:10CA1000012107462846B4F81090FFF7F9F80221E3
:10CA20002846FFF70FF9804600783E2815D1E368C5
:10CA30001B78012B2BD00A2B29D0022541F245125D
:10CA40001A491B4821F0B1FF002383F31188BFF37B
:10CA50006F8F0323184602DF04E023F0EDFBC107CC
:10CA60000546EBD5134A0623214698F8000023F02B
:10CA700011FCAA070DD56369A4F8109013FA87F783
:10CA8000E760B307A6D52046FFF790FDA2E7032590
:10CA9000E8E72046FEF7A6FFF3E700BF6DA4040019
:10CAA000EC78040031A404004DA40400DBA30400CE
:10CAB000E19204001484040010B5012104460C30F6
:10CAC000FFF7C0F82146BDE810400223014A007874
:10CAD00023F0E0BB4484040073B53D48FEF73AFF01
:10CAE0000446002872D000F10C05284623F087FA8E
:10CAF0000228034603D0042847D0364A03E0238A9D
:10CB0000032B05D8344A0121344823F0B5FB13E048
:10CB100004212846FFF796F8FF23428806882376EB
:10CB2000238AC6F30B009A42608309D00121009248
:10CB30002A482B4A22F0D7FD2046FEF753FF12E089
:10CB40000F2103F07BF8054610B9638B254ADAE71D
:10CB500003F09AF821462076320B284602F07AFE3E
:10CB6000284602F015FF204BD3F8243173B31F4938
:10CB70001F4827F014FB031E28DA01211D4A17481D
:10CB800002B0BDE8704023F077BB28460221FFF7D2
:10CB900059F8054600783E2811D023F04DFB10F0DF
:10CBA00002060CD140F6A8421349144821F0FDFEBC
:10CBB00086F31188BFF36F8F0323184602DF042327
:10CBC00021460F4A287823F065FBB5E702B070BD17
:10CBD0006C0A0020E8A4040081A40400EC7804009E
:10CBE000A2A40400C6A4040048090020AC1100203F
:10CBF0000046002091A20400DBA30400E19204009F
:10CC00005484040010B5012104460C30FFF71AF8D3
:10CC10002146BDE810400B23014A007823F03ABBBF
:10CC200074840400F8B50121044600AF0C30FFF70E
:10CC300009F80678002321463046104AFFF780FEA7
:10CC40005F3018D1258AE0682946FFF7A7F86C46BF
:10CC50008AB06A460A4BC2E90750C2E9053640F27B
:10CC600002439384074B4FF43251074842F8103F78
:10CC700023F004FBA546BD46F8BD00BFCC840400EC
:10CC8000FCA4040005000001EC7804002DE9F04F3D
:10CC900083B00123D0F80C80018A98F8004000AFDF
:10CCA00003EB84038B4275D96D468AB06A46C2E9AC
:10CCB000073105233A484FF42151C2E905043948A8
:10CCC00042F8103F23F0DAFAAD460C37BD46BDE816
:10CCD000F08F4B465A460121324823F0CDFA0135F8
:10CCE00098F800309D42F0DA08EB8503B3F8019024
:10CCF0000F214846B3F8036002F0A0FF0446002865
:10CD0000E7D000F1C0091EB9204602F041FEE6E777
:10CD100063697BB90121244A224823F0A0FA234900
:10CD200040F29D22224821F040FE40F29D211F4802
:10CD300021F032FEA1691A688B422046626108BF69
:10CD4000A2617B6002F01AFD18F0DCFF7B68C3F87B
:10CD500000A0226A7AB9C4E90733D9E8AF3F013E9F
:10CD6000B6B25BB9114940F2A622114821F01DFE6E
:10CD700040F2A621DBE713602362EEE7D9E8EF3F3C
:10CD8000013BC9E8E23F002AF8D10021204602F029
:10CD9000FFFCB8E70025DFF81CB0AA46A0E700BFFB
:10CDA0002EA50400EC78040075A50400DBA30400A4
:10CDB000E192040059A5040008B502F043F9064BBE
:10CDC000D3E8AF2F02F00B02D3E8EF1FC3E8E02F48
:10CDD0000028F9D108BD00BFF009002010B5C1E955
:10CDE00000239DF808300C460B72FEF759FC0C220C
:10CDF000024B02FB00335C6010BD00BF6469002081
:10CE0000F8B502460B46104823F0C3F80446C0B1FB
:10CE100004210C30FEF7C4FE2046FEF741FC0C272F
:10CE200000260A4D07FB005046802046FEF738FCDE
:10CE300007FB005086602046FEF732FC07FB0055DA
:10CE40006E602046F8BD00BF901A00206469002083
:10CE50000138C0B202289ABF014B185C002070470D
:10CE600088A9040010B5044692B04422064901A8DE
:10CE700029F07FFE102C9DBF12AB03EB840454F805
:10CE8000440C024812B010BDE07C04008CA50400E4
:10CE9000034B0146D3F8480182689268104700BFEF
:10CEA000480900202DE9F84F042100AF464823F03F
:10CEB000D8F96D4602F0C6F888B06A46434B4FF485
:10CEC000E6515361424B434893614FF4007393839F
:10CED000414B424C42F8103F23F0D0F9AD46E27985
:10CEE0003F4B404E2046012A88BF1E46FEF778FF82
:10CEF0008AB06A463C4BD061C2E905363B4B4FF4E1
:10CF0000235113623A4B334842F8103F23F0B6F9ED
:10CF1000A346AD460125374EDFF8DC80DFF8B4903C
:10CF2000E3790BF1070B9D4238DB94F843506E46D2
:10CF30002846FFF797FF8CB06A46B4F84610B4F85D
:10CF40004A30C2E907514FF400755362DFF8ACC0B4
:10CF50002B4BC2E905C015854FF4535142F8103FE1
:10CF60001C4823F08BF9B54694F844603046FFF72F
:10CF700079FF8AB06A46B4F848302249C2E90763AB
:10CF8000214BC2E9051095844FF43351114842F802
:10CF9000103F23F073F9BD46BDE8F88F5846FEF701
:10CFA0001FFFEA468AB06A4640F20133C2E90565CE
:10CFB000D06113844FF41351484642F8108F23F088
:10CFC0005DF90135D546ABE7F009002098A50400CE
:10CFD000AAA50400EC780400030000014809002021
:10CFE00094A504003EC50400AEA5040000020103A0
:10CFF00004000002BDA5040004000001CEA5040049
:10D00000060000010CA604000500000108B5084850
:10D01000C37933B90321074A074823F020F90020D8
:10D0200008BD0821A83023F01CF9FFF73BFFF6E705
:10D030004809002033A60400EC780400004870473B
:10D0400060A60400014819F05DBA00BF9C110020E1
:10D0500070B505460C4659B94FF0FF304FF0FF311F
:10D06000FFF7CEFE044618B96FF06805284670BD7C
:10D070002046FEF715FB0C22184BA61802FB0033C6
:10D0800030465D8022F0DEFF03280BD903213046B5
:10D09000FEF7A2FD0580238A0121033B8370304601
:10D0A00022F09AFF40F635439D420FD12046FFF70C
:10D0B000EFFE05460028D9D003460121084A094859
:10D0C00023F0DAF82046FEF78DFCCFE7214606482C
:10D0D00026F0E7FF0025FFF7B5FFC7E764690020EA
:10D0E0006BA60400EC780400740A002073B5C368D2
:10D0F000D9789A781E8842EA0122ADF80020597941
:10D100001A79B4B242EA0122ADF80220D9799A79AB
:10D11000204642EA0122ADF804201A7A5B7A012106
:10D1200042EA0323ADF8063002F088FD054658B9FF
:10D1300001211D4823461D4A23F09EF80221204666
:10D1400023F0DDF802B070BD694603F089F838B904
:10D150001E21204623F0D3F8284602F019FCF1E7FF
:10D160004FF0FF304FF0FF31FFF74AFE0446002832
:10D17000F2D00E210C30FEF77FFD00230680C0F8B0
:10D180000A30BDF8003021464380BDF8023083806C
:10D19000BDF80430C380BDF80630038142F22000A0
:10D1A000FFF756FFD8E700BFEC7804004BA204005D
:10D1B00038B502460B462B4DD5F82C1109B9002085
:10D1C00038BD05F5847018F007FE0028F7D100225D
:10D1D000002305F5967018F01DFD044660B940F671
:10D1E000B8422149214821F0E0FB84F31188BFF3C4
:10D1F0006F8F0323184602DFD5F820315BB1012180
:10D200001B4A1C4823F02BF8D5F82001FEF7EAFB57
:10D210000023C5F820312046FEF71AFCC5F820018E
:10D220002046FFF735FE0346C8B10121124A1148D6
:10D2300023F022F8114818F065FD2046FEF730FA79
:10D240000C220F4B02FB0033588818B122461F21D5
:10D25000FFF7D6FA2046FEF7C5FBFFF7F3FE0120E5
:10D26000AEE700BF48090020DBA30400E192040000
:10D270008DA60400EC7804006BA60400500A002080
:10D28000646900202DE9F04F87B0804616460C46B1
:10D2900000AF71B94FF0FF304FF0FF31FFF7B0FD35
:10D2A0000446B8B96FF0680528461C37BD46BDE88E
:10D2B000F08F887AFEF7ECF9484B83420AD0484950
:10D2C000484840F2C51221F070FB40F2C5114448B5
:10D2D00021F062FB01220021384626F0FBFE2046A9
:10D2E000FEF7DEF90C23DFF800A103FB00A0876046
:10D2F0002046FEF7ADFB01464046FFF7A9FE054676
:10D3000018B12046FEF76EFBCEE729F0FDFC374B47
:10D310001A58374B9A4218D1364826F0D7FE0021CA
:10D3200081463548FFF744FF834660B94FF4F972F0
:10D330002B492C4821F039FB8BF31188BFF36F8FF9
:10D340000323184602DF4C45E6D1002338462A4A1B
:10D3500018F042FD68B14FF4FC722149214821F0D8
:10D3600024FB002383F31188BFF36F8F0323184638
:10D3700002DF2046FEF794F90C2358431AF8009078
:10D38000B9F1000F23D06D468AB06A461B4BC2F834
:10D390001C90C2E905381A4B4FF43251136240F227
:10D3A00002439384174B184842F8103FA9F109092A
:10D3B00022F064FF2046AD465FFA89F9FEF712FBC2
:10D3C000B9F1090F07D8114B13F909506CE7002E7A
:10D3D00097D0346068E76FF0040565E7901A002085
:10D3E000DBA30400E192040064690020080000004F
:10D3F000A0660020740A0020B4C40400A8A604009B
:10D400003EC5040005000001EC7804007EA904007C
:10D4100073B506460D4642F22F00002101AAFFF720
:10D4200031FF044638B10121144A154822F017FF94
:10D43000204602B070BD0198C368B3F80120328065
:10D44000B3F803302B80FEF7CDFA3388A3F11B022B
:10D45000E02A04D902210B4A094822F00DFF44F2C8
:10D4600048112B88A3F5A47292B28A42E0D9022116
:10D47000054A034822F000FFDAE700BFC7A6040010
:10D48000EC780400E7A604000CA704000022F0B525
:10D4900085B0114640F6034002AFFFF7F3FE0446A5
:10D4A00000285BD1FFF788FC214641F203003A1DBA
:10D4B000FFF7E8FE0446002850D17A68B54DD168E0
:10D4C00005F14C03D1F80100D1F8051003C3104653
:10D4D000FEF788FA214641F201003A1DFFF7D2FE1D
:10D4E000044600283AD17868C3685A7885F8432002
:10D4F0005A88A5F846201A7985F84420B3F8072001
:10D50000A5F84820B3F80530A5F84A30FEF76AFAC6
:10D51000214641F202003A1DFFF7B4FE0446E8B985
:10D52000D7F804C005F15406DCF80C20531C413236
:10D53000344618685968083303C493422646F7D125
:10D540006046FEF74FFA95F850305B060AD4012189
:10D55000914A924822F083FE6FF0120420460C3765
:10D56000BD46F0BD002142F203003A1DFFF78AFEDE
:10D5700004460028F2D17A68894BD168D1F80100BD
:10D58000D1F8051003C31046FEF72CFA214642F2EB
:10D5900002003A1DFFF776FE04460028DED17E68C1
:10D5A000F468B4F801309AB292B1E27882B1A5F889
:10D5B000DC30E378042B06D0042202210092774865
:10D5C000784A22F090F8E2787748114626F082FDFA
:10D5D0003046FEF707FA002142F23A003A1DFFF703
:10D5E00051FE0446002840F0BE807868C368B3F856
:10D5F0000130A5F8F830FEF7F5F995F8506016F00F
:10D60000200619D14FF0FF304FF0FF31FFF7F8FB44
:10D610000446002800F0A48002210C30FEF72CFB09
:10D620000123214603704670324640F66D40FFF7F5
:10D6300029FE0446002891D195F870301C0712D5B8
:10D64000002142F21C003A1DFFF71CFE0446002890
:10D6500084D17868C368D3F80120D3F80530C5E9D0
:10D660002E23FEF7BFF995F8B030980622D538463C
:10D67000B91CFFF7CDFE044600287FF46FAF4FF0D2
:10D68000FF304FF0FF31FFF7BBFB0646002867D0A5
:10D6900004210C30FEF7F0FA3B88224603807B8899
:10D6A0003146438042F22400FFF7ECFD0446002897
:10D6B0007FF454AF4FF0FF304FF0FF31FFF7A0FB86
:10D6C000044600284CD008210C30FEF7D5FA95F816
:10D6D000B020364912F0020F354B18BF0B469106A9
:10D6E00048BF43F040030370122300224370072316
:10D6F00021468370C270027142718271C27142F21E
:10D700000100FFF7BFFD044600287FF427AF95F81E
:10D710005030B5F8DC109A0631D4C9B941F2050091
:10D720003A1DFFF7AFFD044600287FF417AFB5F8A8
:10D73000DC307C684BB9E368B3F80120A5F8DC2045
:10D740009A881948114626F0C5FC2046FEF74AF98A
:10D750004FF0FF304FF0FF31FFF752FB044668BB3C
:10D760006FF06804FAE6461D7FF4F8AE0221114A14
:10D770000A4822F074FD1F23A5F8F8303DE7002980
:10D78000E6D101210C4A054822F069FD6FF004043E
:10D79000E4E600BF480900202FA70400EC7804004D
:10D7A000F809002053A70400280A00202E120700C1
:10D7B0000E12070099A70400F6A7040008210C30F8
:10D7C000FEF75AFA102303708823002243700226C2
:10D7D000202321468270C670027142718271C3712A
:10D7E00040F60140FFF74EFD044600287FF4B6AE38
:10D7F00001463A1D4FF60140FFF744FDA0B1514AE2
:10D800000221514822F02BFD22F091FE044600280F
:10D810007FF4A4AE02F038FF044600287FF49EAEE9
:10D82000FFF7F4FB044699E67B686E46DC688AB035
:10D83000B4F80130032B96BF444A454952F82310EF
:10D8400002AAD3614FF4007342481384424BC2E9E9
:10D85000050142F8103F4FF413513B4822F00EFDF2
:10D86000B4F80120B546022AB4F8033049D1052B9B
:10D8700047D83A4A52F823106E468AB002AAD361BA
:10D880004FF4007336481384334BC2E9050142F864
:10D89000103F4FF413512C4822F0F0FCB546637949
:10D8A00094F806C0032B98BF2E4AB4F80760D4F84A
:10D8B00009006C468CB094BF52F82310244902AA88
:10D8C000C2E9073C4FF40073DFF89CE09385274BD7
:10D8D000C2E905E1C2E909604FF4735142F8103F13
:10D8E000194822F0CBFCA5467868FEF77BF80021AA
:10D8F0004FF602403A1DFFF7C5FC044618B11C4A1A
:10D900007EE71349B8E77868C368B3F80130A5F833
:10D910009530FEF767F895F895305B077FF574AFA3
:10D9200021464FF603403A1DFFF7ACFC08B1114AFF
:10D9300066E77868C3685B7885F89430FEF752F83C
:10D9400062E700BF19A80400EC7804000484040016
:10D950008CA504003DA8040004000001EC83040031
:10D9600056A80400DC8304006EA804000700000130
:10D970009BA80400C4A8040010B5FFF787FD034B63
:10D980001B6813B1BDE81040184710BD886900201E
:10D9900073B52D4D0646D5F8480126F02BFB48B946
:10D9A00001212A4A2A4822F05AFC6FF0120420462C
:10D9B00002B070BD6FF0020105F1A80022F061FC19
:10D9C000012122F04EFCC3073AD4FEF7D1FA0446F7
:10D9D0000028ECD11F4B1E60012205F58470114612
:10D9E00026F078FB05F5967026F04EFB1A4818F0E5
:10D9F000FFFD6FF007034FF4A0521849164800943A
:10DA000018F00CFE1649144819F07CF8D5F84801B6
:10DA1000144983681B689847044630B103460121C6
:10DA2000114A0B4822F028FCC1E726B902B0BDE834
:10DA30007040FFF72BBD05F1980018F063FDB6E7C5
:10DA40006FF07704B3E700BF48090020EDA8040099
:10DA5000EC7804008869002000460020989400209B
:10DA600005A9040091C901000EA904002DE9F04F99
:10DA700085B00478054600AF54B16049604840F273
:10DA8000975220F092FF40F297515C4820F084FFBB
:10DA90005C4BB0F80180198848F47042914205BF90
:10DAA0001C80594BA14693F80090C378061D012BAA
:10DAB00008BF564B304608BF93F8424022F097FB10
:10DAC000314668B34FF0010A07F1080022F084FBE9
:10DAD000D5F81130C7F80130B5F81530A7F8053082
:10DAE000EB78012B2FD03046FEF77AF96C4688B0E0
:10DAF0006A46474B4FF4E251C2E905304FF40073D8
:10DB00009383444B444842F8103F22F0B7FB132163
:10DB1000A546404622F00FFC1437BD46BDE8F08F05
:10DB2000204622F07EFC0346006895F804A0B86009
:10DB30009A889B796868BA81BB73B288B379386078
:10DB4000BA80BB71CCE7DFF8C4B006229BF8420074
:10DB500007F1080102F04CFC044640B905222F49A8
:10DB60009BF8420002F044FC04460028BBD0234648
:10DB7000B5F8012023F8702BBA7BB868B989206703
:10DB80009A7140F2E2429980B5F81730534300226F
:10DB9000C4F88830B5F81930A4F89030B5F81B30C7
:10DBA000A4F89230EB786272012BE37012D187F8FF
:10DBB00000A0BB793868BA88C4F87700A4F87B2045
:10DBC00084F87D30D5F80B30C4F87F30B5F80F30CD
:10DBD000A4F883300721204601F046FFB9F1000F79
:10DBE00005D00121204684F8099001F03DFF204630
:10DBF00002F0BCF8204601F0CBFE8DE7DBA3040069
:10DC0000E19204009A7B0020297D00204809002031
:10DC10002AA9040003000001EC780400BE9F040060
:10DC200010B5C378012B22D1037803BB124B93F8B4
:10DC3000B120D2061BD51A7F72B903F11D0200F183
:10DC40001C0150F8044B884242F8044BF9D101887A
:10DC5000118001221A7710BD0849094840F2675225
:10DC600020F0A3FE40F26751044820F095FEBDE885
:10DC70001040FFF7FBBE00BF48090020DBA30400F3
:10DC8000E192040000B5C36889B0187820B109B0EA
:10DC90005DF804EBFEF7B2BCB3F801208DF800008C
:10DCA000ADF80120DA788DF80320B3F80B20ADF839
:10DCB0001720B3F80D20ADF81920B3F80F20ADF8F8
:10DCC0001B205A7C8DF81D20586801901A899B7A78
:10DCD000ADF808208DF80A30084B68461A689B8812
:10DCE000CDF80B20ADF80F30CDF81120ADF8153080
:10DCF000FFF796FF09B05DF804FB00BFD29F040058
:10DD000038B5042104460C30FDF79CFF03464088DB
:10DD10005D7818B122461978FEF772FD35B10448D6
:10DD200017F0F0FFBDE83840FFF78CB938BD00BFF1
:10DD3000500A0020B0B50446032100AF0C30FDF7B7
:10DD400081FFE3680578197840F63543B0F80100A3
:10DD5000984215D16C468AB06A460F4B0F48C2E90B
:10DD600005310F4B4FF41251D36140F2013313844C
:10DD70000C4B42F8103F22F081FAA546BD46B0BDDB
:10DD800010B12246FEF73CFD002DF7D0064817F0F3
:10DD9000B9FFFFF757F9F1E746A90400EC78040052
:10DDA0003EC5040004000001500A0020F8B50646F4
:10DDB0000024094DEF79E3B29F4202D86FF00100D1
:10DDC00007E02946304622F022FB0735631C08B1E4
:10DDD0002046F8BD1C46EEE74809002037B504464A
:10DDE0000D46D1B128461C4922F011FBA8B91B4AA7
:10DDF0002968C4EBC4041151A318AA889A80AA798F
:10DE00009A71174BD3E8AF3F5B0703D5FEF770F964
:10DE100022F084F9002003B030BD684622F0CEF92C
:10DE20000028F8D16846FFF7C1FF0028F5DA0B4A51
:10DE30000098C4EBC40410519DF80610BDF804000E
:10DE4000A31898809971002DDBD012592A609A8806
:10DE5000AA809B79AB71D4E7C59F040048090020D4
:10DE6000F0090020F7B5002841D16D46062128466B
:10DE700015F0E2FC044648BB9DF805301D4F03F049
:10DE80003F030622394628468DF8053028F0A0FECB
:10DE900040B34FF0FF304FF0FF31FEF7B1FF0646C1
:10DEA00010B3062229460C3022F0D8F8224631461B
:10DEB00042F20500FFF7E6F9044650B110F10D0FEC
:10DEC00004D102210C4A0D4822F0A9FA204603B0E1
:10DED000F0BD3B4695E80300012243F83C0983F876
:10DEE0003B20B9800024F1E76FF06804EEE76FF0A3
:10DEF0001504EBE7840900209AAA0400F4780400D2
:10DF000070B50446B1B9C0B11F4922F080FAA0B97A
:10DF10002046FFF74BFF00282FDA2378012B04D18E
:10DF2000A37903F0C003C02B07D00121174A18487A
:10DF300022F075FA6FF0150070BD164DEB79012BCC
:10DF40001ED005F1A803D3E8AF3FDB0707D4002CB0
:10DF5000F0D020460C4922F05AFA0028EAD1EE7996
:10DF60002146731C3046EB71FFF738FF08B9304685
:10DF7000E2E7EB79013BEB71DEE76FF07700DBE77F
:10DF80006FF00B00D8E700BFC59F0400A9AA0400EA
:10DF9000F4780400480900202DE9F341044640B913
:10DFA0001A4A02211A4822F03AFA002002B0BDE8CB
:10DFB000F081002141F2090001AAFFF763F905464B
:10DFC00008B1144AEDE7019E0622D6F80C801249EA
:10DFD00008F10107384628F0FBFD28B10622384633
:10DFE0000E4928F0F5FD18B93046FDF7FBFCDCE7DB
:10DFF000D8F801303046C4F80130BB882570A4F849
:10E000000530FDF7EFFC0120D0E700BFD7AA0400E0
:10E01000F4780400F0AA0400D29F0400CC9F04000E
:10E0200007B56846FFF7B8FF044BD87118B16946C9
:10E030000020FFF7D3FE03B05DF804FB4809002081
:10E04000F0B5304D89B0EC79002C53D195F896603D
:10E0500016F0010610D12C4A02212C4822F0DFF9DB
:10E06000EC71162600240127EB79E0B298422CD3FC
:10E07000002B3FD000203BE06A4621464FF6094086
:10E08000FFF700F908B1224AE6E7DDF800C0DCF846
:10E090000C104B7823B96046FDF7A4FC1D4ADBE762
:10E0A0008B1C02AA01F1120417461868596808333C
:10E0B00003C7A3423A46F7D11868344638609B88B4
:10E0C0006046BB80FDF78EFCCAE708AB06FB003359
:10E0D00053F8182C33F8143C6946CDF80120ADF8FC
:10E0E00005308DF80070FFF779FE01340028BBD0B1
:10E0F00009B0F0BD0021084609B0BDE8F040FFF7C7
:10E10000FFBE00BF480900200EAB0400F4780400F5
:10E110003AAB04005AAB04002DE9F0410D46174616
:10E120001C46064650B14BB10A03037811D56D0762
:10E1300008D501212D4A2E4822F071F96FF0150003
:10E14000BDE8F08122F0C3F90028F9D10123237042
:10E15000F6E7A9072ED027480FB1AA0608D4C3EBCB
:10E16000C302825C012A13D002B922700020E7E7C3
:10E1700090F8B020510635D5C3EBC302825C012A6A
:10E1800006D002B92270237843F002032370EDE732
:10E190004FF00108072111FB03810144304622F0B2
:10E1A00045F90028CCD184F80080002FDED0AB06E2
:10E1B000DCD5E8E76A0712D50E49C3EBC3028E5CD3
:10E1C000012E09D1072212FB0363194422F02EF914
:10E1D0000028B5D12670EAE7002EE8D1FAE722F050
:10E1E00076F9B3E76FF08500AAE700BF83AB0400C0
:10E1F000F478040048090020F8B50469064645682B
:10E2000044B140F203432B403BD005F48263B3F5A5
:10E21000806F36D015F4806302D115F4F84F30D1F9
:10E22000194F3078FB7983422BD9C0EBC00007220D
:10E230001649384428F0CCFCA8B115F0030306D1E8
:10E2400097F84320082A02D8B2689F2A19D915F0F6
:10E25000300F09D0ACB1EA060AD405F46035B5F543
:10E26000603018BF0120F8BDEB0601D4002CF4D1BA
:10E27000D6E902239A4204D81F2A02D9B3F5804F67
:10E28000EBD90020EFE700BF48090020C59F04003C
:10E2900070B500F10F0604460D46072230460C49C2
:10E2A00028F096FC0346207873B90522094902F04C
:10E2B0009FF8044658B14572002101F0D5FB204675
:10E2C000BDE8704001F064BB06223146EFE770BD47
:10E2D000C59F0400BE9F0400F8B5044614F80F7BE8
:10E2E000154B05460E4607222046144983F8427016
:10E2F00028F06EFC70B93846114901F0FDFF044664
:10E3000010B96FF00B00F8BD052101F0ADFB002046
:10E310003460F8E72146384602F032F840B9214629
:10E32000287801F0E9FF04460028EAD00621ECE74E
:10E330006FF01500E7E700BF48090020C59F040003
:10E34000BE9F040000232DE9F04F14461D468FB0F8
:10E350000491516802908B421DD1FB2D23D9029B61
:10E36000082103F1180022F0E4F80646002840F0E6
:10E370005381AB4BB3F8F8309D4240F28C80A948F2
:10E38000009302212B46A84A21F0ADF96FF020003E
:10E390000FB0BDE8F08F226802EBC3025278013360
:10E3A00002321544D7E79E4BB3F8F8309D42E6D8C9
:10E3B000029B0B2103F1180022F0BBF810B91F2DAE
:10E3C00028BF1F254FF0FF304FF0FF31FEF718FD3B
:10E3D00005F104080746002800F01B8141460C3077
:10E3E000FDF74AFC4FF0000B06464246D846002196
:10E3F00028F0E6FBD4F800A0331D6268934510D3E3
:10E40000029B86F803805B78002233700323394631
:10E41000737001230498B3700FB0BDE8F04FFEF79E
:10E4200031BF9AF8012008F1020011188D429AF8C4
:10E4300000C013D2BCF1090FA5EB000201D1002AE4
:10E440000ADC78480121794A21F03AF93846FDF78B
:10E45000C9FA6FF015009BE74FF0080C5FFA82F9DC
:10E4600009F1010103F8081008F10101C9B203F82C
:10E4700001C009F10209DAF8041053FA80F0C1442E
:10E4800003935FFA89F828F074FB0BF1010B039BEF
:10E490000AF1080AB1E7102201460AA828F090FB09
:10E4A00001233246099340F272653346606808944E
:10E4B000824209D106B10D9301234FF00009039365
:10E4C0000D9D65B9284663E7216801EBC2014978D3
:10E4D00002310B44AB42BCD801260132E8E7FB2DE8
:10E4E0004FF0FF304FF0FF31AA4628BF4FF0FB0A34
:10E4F000FEF786FC0AF104068046002800F08980B9
:10E5000031460C30FDF7B8FB00268346029B5FFACC
:10E510008AF25B780592037080F80290031D0A99D5
:10E520000B9A54F83100BDF830C000EBC2004078BF
:10E5300004EBC107023084450BD178680132824276
:10E5400008BF0131ADF8309006BFCDF82C900A918C
:10E550000B920A9A012A15D00B9954F8322012EB2B
:10E56000C10C0FD0BDF830709819B7B901279CF8CD
:10E57000012001329A550136F6B2059AADF8307095
:10E580009642CCD3B54229D229492A48B12220F05B
:10E590000CFAB121264820F0FFF9012F06D112F81C
:10E5A0003120013602270270F6B2E6E79CF801201E
:10E5B000AAEB0601D21B02328A4228BF0A46DCF8C7
:10E5C00004C0B91E61440793069228F0D2FA069A55
:10E5D000079B17443244BFB2D6B2CEE7039BAD1BB4
:10E5E00093B1002D0CBF0323012300224146049860
:10E5F0008BF803608BF801300D95FEF743FE002881
:10E600007FF4C6AE03905BE7B5FA85F35B095B0068
:10E61000EBE76FF06800BBE66FF00A00B8E600BFFA
:10E6200048090020BC780400A8AB0400D6AB040065
:10E63000EFAB0400E192040038B500240F4D002137
:10E64000284621F076FF90B958220D4B02FB043387
:10E65000184628F0B5FA0346D5E8EF2F42F001023C
:10E66000C5E8E12F0029F7D15C70184638BD0134A8
:10E67000052C05F15805E2D10B46F6E700470020CE
:10E68000E84600202DE9F347D1F810900D4649687F
:10E690009046B9F1000218BF012201650DF1030394
:10E6A0000646FFF739FD0446002840F0EF8006F1EA
:10E6B0000F03B9F1000F00F089802A6911684FF04B
:10E6C000FF30C6F80F109188998092794FF0FF3192
:10E6D0009A71FEF795FB8246002800F0FA80192116
:10E6E0000C30FDF7C9FA04460021192228F068FA17
:10E6F00073782370AB68E370C3F307221B0C22719D
:10E700006371EB68A371C3F307221B0C2372E271E0
:10E710006A6812F4004F0CBF07230623D10348BFD9
:10E7200003F00503920348BF03F0FB0363729DF8F7
:10E730000330A3727F23E374012323756B6803F412
:10E740004063B3F5806F14BF01230223A3756B6888
:10E75000DF0442BF03232375A3756A6882F48063D4
:10E76000C3F3802350044FEA031348BF43F0400330
:10E77000910444BF43F020039BB2D70544BF01225C
:10E7800022766A6812F0030F02F4007100F08E80A6
:10E7900043F00107BFB2B9F1000F1ED0C1B143F081
:10E7A00003039BB2D106296948BF43F004020868FD
:10E7B00058BF43F00C02C4F80B00888892B2A4F84A
:10E7C0000F0089791F466174134612E0424A75E7CB
:10E7D000B8F1000FE3D13B46E4E750055AD521B12B
:10E7E00043F003039BB21F4603E03B46B8F1000F22
:10E7F00058D16A785146E275AA7842F236006275BD
:10E80000A4F8013001AAFEF73DFD044600283DD1E1
:10E81000019806F11808C36893F90130B370FDF749
:10E82000E1F8D8E8EF3F43F00203C8E8E23F002AEE
:10E83000F7D16FF01001404621F081FEC2063FD4AF
:10E840006A68092112F0030218BF0122404621F034
:10E8500081FE0A214046C7F3400221F07BFE6A6830
:10E860000C214046C2F3800221F074FE6A680B213D
:10E870004046C2F3802221F06DFE9DF80320032163
:10E88000531E5A4240465A4121F064FE204602B0CF
:10E89000BDE8F08743F003039BB20029A3D1B8F190
:10E8A000000FA0D043F002039BB204E00029F9D18D
:10E8B000B8F1000FF6D1B9F1000F7FF473AF92E712
:10E8C000304606F1090121F0B1FD0028B8D0044618
:10E8D000DCE76FF06804D9E7C59F0400042808B599
:10E8E00001D9002008BD582310FB03F3054A03F1AA
:10E8F00018000021104421F01CFE0028F1D09818C7
:10E90000F0E700BFE846002010B5054CA06930B123
:10E910006FF00101183021F012FE0023A36110BD39
:10E9200048090020F8B504460F461646154BD3E8B3
:10E93000AF3F5B071CD5F2B1FFF75EFCD8B1FFF724
:10E940007BFE0546D0B12378214603706378002210
:10E95000C3704760FFF796FE044638B16FF00101BF
:10E9600005F1180021F0EBFD2046F8BD3560FBE70E
:10E970006FF00A04F8E76FF01504F5E76FF00B0489
:10E98000F2E700BFF00900200023F7B50E46054668
:10E99000019300285BD000F118070821384621F0C8
:10E9A000C8FD002856D10921384621F0C2FD80BBA0
:10E9B000002E38D132460721384621F0CBFD0921FF
:10E9C000384621F0B6FD70B90C21384621F0B1FD72
:10E9D00048B96FF00801384621F0B1FD03072BD488
:10E9E000284621F074FD32460121284621F0F1FD30
:10E9F000044640B30121194A194820F061FE019DE7
:10EA000075B12846002101F02FF8284600F0C0FF1C
:10EA100006E0284601A9FFF75FFC04460028C7D09E
:10EA2000204603B0F0BD338823B9B278003A18BF4E
:10EA30000122C0E70122BEE70E21384621F079FD10
:10EA40000028CDD1CFE701980028DFD1E8E76FF0AB
:10EA50001504E5E76FF07704E2E700BF1EAC0400A1
:10EA6000BC7804002DE9F743C7687878FFF736FFD4
:10EA7000B7F80290044638B90121414A414803B031
:10EA8000BDE8F04320F01CBE04F1180821F0E4FDBD
:10EA90000821404621F04DFD6FF480710546404647
:10EAA00021F04DFD384E237886F842300023317F27
:10EAB000F28B23B33B787BBB0121484601F0BEF8C3
:10EAC0000546002835D16FF08001404621F037FD22
:10EAD00003060CD5204621F013FD63683BB11B688B
:10EAE0002BB13A7920468DF8042001A99847B369E3
:10EAF0009C4241D103B0BDE8F043FFF705BF0029B8
:10EB0000D8D07B889342D5D115B12048FEF7AEFF0F
:10EB1000002333770123CAE70921404621F009FD8C
:10EB200018B120463978FFF7B3FB3B78002BCAD1E8
:10EB3000C2E7236D00F17E02190312D5A368C0F865
:10EB40007E30A3899380A37B937163682BB15B684C
:10EB50001BB12046019501A99847284600F018FFEF
:10EB6000B1E7037AC3EBC303F118F358C0F87E3062
:10EB70008B8893808B79E7E703B0BDE8F08300BF13
:10EB800039AC0400BC780400480900206509002065
:10EB90007FB5C5682878FFF7A1FE044638B9012182
:10EBA000134A144804B0BDE8704020F089BD4368A2
:10EBB0008BB19B687BB10135284621F018FB02AE72
:10EBC000294650B1304621F007FB636820469B6818
:10EBD000019601A9984704B070BD207821F021FC6E
:10EBE0000346006802909A889B79B280B371ECE783
:10EBF00039AC0400BC7804000022034B99689A8069
:10EC00001960024B1A727047BC1100202A7D002047
:10EC1000F0B505460F464FF0FF304FF0FF3187B09B
:10EC20001646FEF7EDF80446C0B106210C30FDF79C
:10EC300023F8468000264770057006714671094A20
:10EC4000204603A905230095FEF7C8F83246214661
:10EC500042F24200FEF716FB07B0F0BD6FF068000D
:10EC6000FAE700BFF009002038B50546407A0C46A7
:10EC7000FEF7EEF82073A87AFEF7EAF8607395F9CC
:10EC80000C30A37195F90D306371EB7A2371EB8928
:10EC900063812B88103BDBB20B2B8EBF0523054A0B
:10ECA000D35CE3712B8883F0100303F01F032381EF
:10ECB00038BD00BF06AE040008B50C4B0246400943
:10ECC00003EB800021F040FD02F01F0340FA03F344
:10ECD00013F0010006D122B9054821F035FD40F3BB
:10ECE000C01008BD6FF07700FBE700BF8C69002003
:10ECF000F00900202DE9F04788B000220023874862
:10ED000016F05EFD002840F09780854821F01CFD3C
:10ED100010F00103824D4AD02B1D93E8070008AB89
:10ED200003E907007F4821F00FFDC0F340137C4842
:10ED300021F00AFD024600286FD073B10C227A49F7
:10ED400005A827F045FF002871D000221146104683
:10ED5000FFF75EFF044600286AD19DF815301907B9
:10ED600003F004056BD5002D40F08F8028462E4619
:10ED7000BDF81A3043B16B4BD3E8EF1F41F04001AF
:10ED8000C3E8E21F002AF7D10DF1030121F0C2FB15
:10ED9000044600284CD14FF0FF304FF0FF31FEF712
:10EDA0002FF8074600287BD16FF0680440E05D48EB
:10EDB00021F0CAFC10F0800F5C4A0ED04FF4807432
:10EDC0009089D1891269ADF81440ADF81600ADF8FC
:10EDD0001810ADF81A300792A4E7554C05AB20681F
:10EDE000616803C3A068186092F8B1304C481E07F0
:10EDF00044BF05238DF8153021F0A6FC840706D505
:10EE00003023ADF818306023ADF816308AE7444857
:10EE100021F09AFC4007F3D484E743B10146FFF7A1
:10EE2000F7FE044620B9404B2861C3E901000024E5
:10EE30003A4816F07BFD204608B0BDE8F087BDF8E3
:10EE400016309DF81400ADF80530BDF818308DF877
:10EE50000400ADF80730D5B101AEBDF81C200AB9E9
:10EE6000BDF81620BDF81E300BB9BDF818309DF85E
:10EE70001410ADF80D208DF80C10ADF80F305EB108
:10EE80003078012808D103AD72E70026E5E7421E7D
:10EE90005042504101AE6BE74B1E58425841F2E7D9
:10EEA00000F10C0903214846FCF7E6FE9DF803300B
:10EEB0009DF815800370C8F3400382468470437048
:10EEC00036B10123052283703146484621F0C6F849
:10EED00055B19AF80230052243F00403294648460A
:10EEE0008AF8023021F0BAF80022394642F2410095
:10EEF000FEF7C8F9044600289AD10120BDF81A206F
:10EF000008F00101FFF784FE0446002890D1064B6B
:10EF100008AA12E9070083E8070088E7A86900202B
:10EF20008C690020F00900209C690020480900201D
:10EF30004C8204002DE9F34705463A4821F004FCD1
:10EF4000994603463748144621F0FEFBDA070E4681
:10EF500002D50B895B0761D4284621F048F90028C7
:10EF600046D02946684621F037F92F4F3B68A3B1B8
:10EF7000204621F067F80546B4F80480A4F8049010
:10EF8000234668463F68F27996F90510B847A368AA
:10EF9000A4F8048013FA85F52560244BC6F800D048
:10EFA0001B68002B38D01D6805B1083D53F8082CAC
:10EFB000AAB12F46A3F10805204621F043F8804668
:10EFC000B4F804A0A4F804902B683D4621463046CE
:10EFD0009847A368A4F804A013FA88F32360DDB16E
:10EFE000AF682B68B7B1083F002BE5D13D46F7E786
:10EFF0002B78FF2B09D10E4B186800909A889B79CB
:10F00000ADF804208DF80630AFE7294621F009FA63
:10F010000346F1E7002BCFD10023336002B0BDE8F7
:10F02000F08700BF8C690020D8690020D0690020DB
:10F03000C59F04000022024B1A60FFF7DDBD00BF30
:10F04000D869002010B5094C44220021204627F041
:10F05000B7FD04F11C0025F004F804F1300025F0A0
:10F0600000F8BDE81040FFF7E5BF00BF8C69002045
:10F07000032870B5054603D1BDE87040FFF73ABEDE
:10F08000FFF71AFE0446B0B9012605F01F039E40A3
:10F090000A4B6D0903EB8505D5E8EF3F3343C5E81F
:10F0A000E23F002AF8D1FFF725FE044618B1F143EC
:10F0B000284621F04CFB204670BD00BF8C69002023
:10F0C000032808B50AD0012100F01F039940054B21
:10F0D0004009C94303EB800021F039FBBDE808403B
:10F0E000FFF708BE8C69002010B50020FFF7E8FF8D
:10F0F00058B118F091FA0020FFF7E2FF034620B163
:10F100000221144A144820F0E4FA6FF04001134839
:10F1100021F01DFB6FF48071104821F018FB104B9B
:10F120001B68B3B11C6804B1083C53F8043C03B13C
:10F13000984774B1A268234642B15B68A2F1080403
:10F14000002BF5D1F6E7BDE8104018476368002BA7
:10F15000F9D110BD4DAC0400EC790400F009002099
:10F16000D06900202DE9F04F00F10C098BB08046EA
:10F17000484620F044FF0746634821F0E5FA00F0D6
:10F1800001036148049321F0DFFA604DC0F380036E
:10F19000DFF87CA10393A7B1049B5BB1B8F81030F2
:10F1A000172B11D801215B4A5B480BB0BDE8F04F2B
:10F1B00020F086BA2B7A0BB1FFF71EFD039B002BC4
:10F1C000ECD10BB0BDE8F08F18214846FCF73AFDB2
:10F1D000B8F81020C37DB0F800B09342CBF34116CD
:10F1E00004460BF0100B0FD94B48009202214B4AFA
:10F1F00020F079FA4046FCF777FABBF1000FE0D136
:10F200000222424B1A72DCE7BBF1000F0FD006A9B5
:10F21000FFF72AFD4A46E37D06A9A01CFFF78AFEF8
:10F220004846E17DFCF7F4FC013FFFB2B3E795F8F7
:10F2300008B0BBF1000F05D1FEB1022E36D1FFF7A9
:10F24000DBFCEDE7C17AEA79914215D1811C0722F6
:10F250002846059327F0BCFC70B9022E059BEED022
:10F26000BAF80420BAF806101A448A422ADD0223AA
:10F270002B72012ED4D0E2E716B9204606A9C7E7C3
:10F28000BBF1010F05D10221254A234820F018FACD
:10F29000C6E7022ED3D0234940F29F3222481FF006
:10F2A00084FB40F29F311F481FF076FBD0F802101C
:10F2B000C27A2960C188EA710122A980017A2A7282
:10F2C000A971CDE72A7A022AD3D01A465046D8F837
:10F2D0000C1020F0C3FE012EA6D046B1114940F219
:10F2E000BD3211481FF061FB40F2BD31DBE7204623
:10F2F00006A9FFF7B9FC5246BAF8043006A9A01CCB
:10F30000FFF718FE9BE700BF8C6900202A7D0020D4
:10F31000BC11002076AC0400EC7904008FAC040032
:10F32000B9AC0400D6AD0400E19204002DE9F04F21
:10F3300000F10C0785B00646384620F060FE054611
:10F340002A4821F001FA00F00109284821F0FCF9CF
:10F350004FF0010ADFF898B0C0F3800815B905B086
:10F36000BDE8F08FB9F1000F02D1B8F1000FF6D06F
:10F37000338A082B07D801211E4A1F4805B0BDE873
:10F38000F04F20F09DB909213846FCF75BFC037A69
:10F39000328A01339A420446EDD37F23ADF80CA0A4
:10F3A0008DF80630037A694603445B7A01308DF8A4
:10F3B0000530FF238DF804300023ADF80A3010F833
:10F3C000012C013D042A98BF1BF802308DF807205C
:10F3D000ADF80830C3793A46FFF7ACFD217A3846DC
:10F3E0000131FCF715FCEDB2B8E700BF8C690020D5
:10F3F00012AE040076AC0400EC790400F8B50546C2
:10F40000224821F0A1F943070F463CD52A78012A6A
:10F4100003D96FF015042046F8BD6B780F2BF8D890
:10F4200043F6FC746888031F9BB2A342F1D8A988F5
:10F430000B1F9BB2A342ECD88842EAD37AB90022D0
:10F440000023134816F0BCF904460028E3D1FFF767
:10F4500033FC044640B10E4816F068FADBE721F0B1
:10F460004DF80028EBD1D4E728686968094E0A4BAB
:10F4700003C6A8681F6030602046FFF7F9FD044608
:10F4800006F12400E8E76FF00A04C4E7F009002061
:10F49000BC69002090690020D869002008B5FFF7FA
:10F4A000C9FD0022094B6FF0400109481A6021F0A4
:10F4B0004EF9430604D56FF48071054821F047F9F1
:10F4C000BDE808400020FFF7FBBD00BFD869002061
:10F4D000F009002010B50446FCF7E2F8044901EBFE
:10F4E00000112046FCF76CFFBDE81040FDF7AABDF7
:10F4F000DC69002070B50546114B1C6844B154F816
:10F50000143C143C13B12846697A98476469F5E7BE
:10F510000C4C0D4EB44211D90C490D4840F2797291
:10F520001FF043FA40F2797108481FF035FA23685A
:10F5300013B12846697A98471834EBE7F7D370BDC2
:10F540001C6A002068780400987804001FAE04004C
:10F55000E192040070B5044641B90D490D484D22B1
:10F560001FF023FA4D210A481FF016FA0022D1E9B4
:10F5700001560948C1E9012224F093FD3DB131460D
:10F5800020462B46BDE870406FF06D02184770BDF5
:10F590001FAE0400E19204007019002010B50C4663
:10F5A000817801290AD00B490B4840F2F1321FF053
:10F5B000FCF940F2F13107481FF0EEF9A16904F1BE
:10F5C00018001160E26900211A60E27ABDE810407B
:10F5D00027F0F6BA1FAE0400E192040070B50546AC
:10F5E00000220023144816F0F7FB18BB134B1C68CD
:10F5F00034B154F80C3C143C03B198476469F7E704
:10F600000F4C104EB4420FD90F49104840F27B62A4
:10F610001FF0CBF940F27B610B481FF0BDF9A368E6
:10F6200003B198471834EDE7F9D32846BDE8704098
:10F6300016F068BF70BD00BFE41800201C6A0020EF
:10F6400068780400987804001FAE0400E19204007A
:10F650002DE9F843044627F057FB1E4BD3F8C8208A
:10F660001D4B1B589A4211D140270025DFF86C80B2
:10F67000EFF3118387F31288BFF36F8FE16981B9CC
:10F6800083F31188BFF36F8FBDE8F88314491548E1
:10F690004FF493721FF089F94FF4937110481FF0E3
:10F6A0007BF9206A0A68814208BF2262E26183F323
:10F6B0001188BFF36F8FD1E901694046C1E9015557
:10F6C00024F0EFFC1EB1002249462046B047FDF76A
:10F6D000B9FCCDE7A06600200800000070190020EA
:10F6E0001FAE0400E192040037B50446031DD3E8C1
:10F6F000EF2F42F48061C3E8E51F002DF7D15105DB
:10F7000031D4D3E8AF3F13F4803F184D1BD095F8A8
:10F71000B0309A0627D520F0CBFD20B30DF10601BD
:10F7200001A8FDF775FEF0B92046BDF80620BDF82A
:10F73000041020F03FFE0346A8B101210C4A0D48F9
:10F740001FF0C7FF0FE095F8B0301B07DFD520F0A2
:10F7500016FE034620B10121074A06481FF0B9FFF3
:10F76000A37A072BD3D003B030BD00BF48090020D7
:10F7700070AE0400D47804004FAE04000348B0F823
:10F78000DC30E030002B08BF002070474809002023
:10F7900030B5044627F0B8FA0D46134A13498BB02A
:10F7A0000858D2F8C810884205D120460BB0BDE8F1
:10F7B0003040FFF74DBF24342146104624F0EFFCC3
:10F7C00000280ADA0A490B484FF4AF721FF0EDF82F
:10F7D0004FF4AF7106481FF0DFF81DB169462046AF
:10F7E00016F096FE0BB030BDA066002008000000A9
:10F7F0001FAE0400E192040038B5002204468A429C
:10F8000002D10024204638BD012004F1C803D3E80A
:10F81000EF5F002D04D1C3E8EC0FBCF1000FF6D16F
:10F8200002D0D0340244EAE7002CEAD0C8220021FA
:10F83000204627F0C5F904F14000044916F054FFB2
:10F84000034904F1240016F069FDDBE769050200B5
:10F8500071070400F7B516460D4601210446FFF76F
:10F8600097FF012E23D0022E50D123693BB130489F
:10F870000121304A1FF024FF204620F09DFF256122
:10F8800021690B8A012B51D9CA681288043292B2BD
:10F8900093424BD341D9012100922548264A1FF0BB
:10F8A00022FF204603B0BDE8F04020F085BF20696C
:10F8B00040B9224A31461E481FF002FF204620F080
:10F8C0007BFF01E02F8A2FB9284603B0BDE8F04046
:10F8D000FCF788B80C3020F0B9FB87420CD9184AE5
:10F8E000314613481FF0ECFE00222046216901F04A
:10F8F00009F900232361E7E720692A8AE9680C30C7
:10F9000020F0ACFB2846FCF76DF8B9E7012133463F
:10F910000C4A07481FF0DDFED0E7002301222046F5
:10F92000236103B0BDE8F04001F0ECB803B0F0BDD6
:10F93000D47804008CAE04000CAF0400A9AE04001F
:10F94000C7AE0400EEAE040010B580B100F1C802ED
:10F95000D2E8AF3FB3B1591CD2E8EF4F9C4204D17B
:10F96000C2E8EC1FBCF1000FF6D1F1D110BD064981
:10F97000064840F2B9521FF018F840F2B951024857
:10F980001FF00AF81846F1E71FAE0400E1920400E8
:10F9900010B5044650B91B4940F2E1521A481FF015
:10F9A00004F840F2E15117481EF0F6FF243016F03B
:10F9B00021FDC834D4E8EF3F5A1EC4E8E12F0029E6
:10F9C000F8D1002B08DC0F4940F2F3520E481EF02C
:10F9D000ECFF40F2F351E6E7012B11D140B10949A8
:10F9E00040F2FC5208481EF0E0FF40F2FC51DAE71A
:10F9F000064816F087F9BDE81040054816F082BDAC
:10FA000010BD00BF1FAE0400E1920400E418002006
:10FA1000D811002010B50446FFF796FF17F032FD0D
:10FA2000104B04F1BC02D3F8FC1049B9C4F8BC1067
:10FA3000D3F8001189B9C3E93F2217F075FD06E03C
:10FA40008A4208D117F070FD2046FFF7A1FFBDE8FC
:10FA50001040FDF7F7BA0968E7E70A60C3F800212C
:10FA6000EBE700BF48090020F8B5867A04468E42CD
:10FA70000D4600AF1BD1082E98BF554B6C4688B081
:10FA800094BF53F82630534B6A465349C2E90513D5
:10FA90004FF400739383514B42F8103F00234FF40F
:10FAA000E4514F48F9F7B2FEA546BD46F8BD817254
:10FAB0000EB9FFF749FFA37A082B00F2858001A257
:10FAC00052F823F019FB01006FFB0100ABFA0100B3
:10FAD000ABFA0100ABFA0100ABFA0100ABFA01008E
:10FAE000E9FA0100ABFA010000213E4818F0E4FFFA
:10FAF0000023C4E90D33E378012BD6D1A3783A4A29
:10FB0000012B08BF032304F1400008BF84F898309C
:10FB1000002316F0BDFEC8E7082EC6D8DFE806F0C1
:10FB20002005171C1C1C1720200004F14005284646
:10FB300016F024FF01212046FFF72AFE204620F080
:10FB40003BFE00220023284616F012FFADE7637A41
:10FB500013B12046FFF7CEFC2046FFF719FFA4E7BC
:10FB60002B46224A02211E481FF0B3FD9DE7637A0F
:10FB70003E2B0FD16D4688B06A461D4BC2E9053455
:10FB8000032342F8103F00234FF4C4511448F9F7FF
:10FB90003DFEAD46174D05F1E006616911B9FDF76F
:10FBA00051FA82E7A2690B68914208BFA36120461F
:10FBB0006361FFF7CFFCB5F8DC30002B14BF304693
:10FBC000002016F09FF8E8E70B4A2B46CAE700BF73
:10FBD000E084040027AF040031AF040003000001FB
:10FBE000D4780400E81100205A62020042AF0400F9
:10FBF00059AF04004809002080AF0400F8B507465B
:10FC000009480D461646FFF79FFE044650B183781B
:10FC10001F4203D1BDE8F840FFF7BABE3146A847FE
:10FC20002046F7E7F8BD00BFA048002000220120D1
:10FC30000149FFF7E3BF00BFAD07040070B50546FB
:10FC40000E480E46FFF780FE0446A0B1837A012BD2
:10FC500002D0073B012B0CD82388AB4208D1A378F4
:10FC60001E4209D102212B46054A06481FF031FDEC
:10FC70002046FFF78DFE0024204670BDA0480020DE
:10FC80009CAF0400D478040008B50F4B98420AD307
:10FC900003F1D002904206D2D022C01AB0FBF2F398
:10FCA00002FB130353B10949094840F21A621EF0DE
:10FCB0007CFE40F21A6105481EF06EFE054B0011F5
:10FCC0005843C0B208BD00BFA04800201FAE0400CA
:10FCD000E1920400C54EECC42DE9F84305460F46F9
:10FCE00016461C469046994624F069FA50B11849C8
:10FCF000184840F236621EF058FE40F23661144851
:10FD00001EF04AFE34430DD026F0FEFF124BD3F80E
:10FD1000C820124B1B589A4207D10221104A1148A1
:10FD20001FF0CEFC4FF00008C1460F4942464B463B
:10FD3000002D14BF2846084620F02BF9044618B1C0
:10FD4000791D0C30FBF72CFF2046BDE8F88300BF7F
:10FD50001FAE0400E1920400A0660020080000002D
:10FD6000B3AF0400D47804008C19002010B5044609
:10FD7000054816F0C7FB204600F0E6FD2046BDE82A
:10FD80001040FFF7B7BB00BFC811002010B5837A41
:10FD90000446023B062B24D8DFE803F00B042323A0
:10FDA00023190900417200212046FFF75DFE002063
:10FDB00010BD8378012BFAD00B490C4840F26372D6
:10FDC0001EF0F3FD40F2637107481EF0E5FD008868
:10FDD00020F0B1FA0028EBD1A37A072BE7D1082154
:10FDE000E2E76FF07F00E3E71FAE0400E19204005A
:10FDF0002DE9F04F002387B000AFFB607B61964B8D
:10FE00005A8C3AB1954DD5F8FC403CB91C37BD46EB
:10FE1000BDE8F08F1B68002BF4D1F7E754F8BC392C
:10FE200003B1BC3B00268E4913E01346B5F8DC2035
:10FE3000002A00F0AA81D5F8E820BAB904F1BC067E
:10FE4000002BE3D0D3F8BC201C46002AEDD0A2F151
:10FE5000BC039C42EAD183494FF46F7282481EF082
:10FE6000A4FD4FF46F717F481EF096FD0A68002ACA
:10FE7000E4D0D4F8A820002AE0D0D4F8AC20002A9E
:10FE8000DCD0D4F8B020002AD8D0A37A072B40D1F8
:10FE90002046904700283CD004F1C003D3E8AF3F90
:10FEA000022B36DC2046FFF74FFD04460028ADD07C
:10FEB000A37A072B40F066812046D4F8A830B5F825
:10FEC000DC1007F1100298478046002800F04A81B4
:10FED000B5F8DC203B699A4208D30146D4F8AC60FF
:10FEE000204607F1140307F10C02B0473B69D7F82D
:10FEF0000CA07B60B8F81030D7F81490002B39D1E3
:10FF000058494FF4247258481EF04FFD4FF42471A5
:10FF1000A9E704F1BC03B34208D1524940F2D932F7
:10FF200051481EF042FD40F2D9319CE7D4F8BC2084
:10FF3000C6B9D5F80011C5F8FC208B4201D1C5F82F
:10FF4000002100232046C4F8BC30D4F8B0309847D4
:10FF50000028ADD0A37A072B40F014812046FFF78C
:10FF600059FDA5E73260D5F80021934208BFC5F8D6
:10FF70000061E6E7404620F056F940B1394940F2C9
:10FF8000972239481EF011FD40F297216BE7B5F832
:10FF9000DC303648002B08BF00200022002315F07B
:10FFA0001BFF40B12F4940F2A7222F481EF0FDFC55
:10FFB00040F2A72157E700220023294815F02AFE26
:10FFC000064640B9274940F2B22227481EF0EDFC10
:10FFD00040F2B22147E7C0E901A97B68B5F8DCB07F
:10FFE0005B4598F8083098BFB7F804B0013B012B87
:10FFF00008D91C4940F2D2221B481EF0D6FC40F220
:020000040002F8
:10000000D22130E7404620F00EF9814630B1154943
:10001000AC2215481EF0C9FCAC2124E701460022A1
:1000200000230D48FBF77EFB824658B1FBF738FBF7
:100030000F4B414603EB00135A465046FCF7E4F9D8
:100040008046B8B9074940F2DB2207481EF0ADFCF4
:1000500040F2DB2107E700BF281A002048090020F2
:10006000701900201FAE0400E1920400280A00204D
:10007000DC690020B5F8DC307A6894F8C4A09A42B4
:100080008EBF4FF001090AF1020A5FFA8AFA84F87A
:10009000C49004F1C00BDBE8EF3F0133CBE8E23F53
:1000A000002AF8D100233360A369002B5ED1C4E994
:1000B000056694F80290B9F1010F5AD108F10C03CA
:1000C000042118467B60FBF787FD22880AF0FD0AB1
:1000D00042EA0A320280B8F810207B68043A428073
:1000E000022118461FF078FF4046FCF7D1FE8246F9
:1000F000002847D0DBE8EF3F013BCBE8E23F002A96
:10010000F8D1314604F1140020F035FB204A534663
:10011000494620481FF0DDFA4046FBF763FC2046C5
:100120003146FFF717FAB5F8DC301B48002B08BF43
:10013000002015F0E7FD6D4688B06A46174B536105
:100140006FF00403C2E90634042342F8103F4FF471
:10015000015110480023F9F759FB1321AD46204601
:10016000FFF714FE2046FFF713FC4FE61E60A66162
:100170009FE70B4940F2FF220A481EF016FC40F2AE
:10018000FF2170E6FCF75EFFECE79368FFDE00BF3F
:100190006BA60400D4780400280A0020DCAF040019
:1001A0001FAE0400E192040040F2E2432DE9F04169
:1001B000D0F888600446B6FBF3F6031DB6B2D3E868
:1001C000AF2F920413D5B0F88C20B2420FD8B0F8FC
:1001D0008E20B2420BD3D0E92412914207D1D3E84A
:1001E000EF1F21F40051C3E8E21F002AF7D1174B9B
:1001F0001D6865B155F8047C143D37B13146204681
:10020000B4F89230B4F89020B8476D69F1E7104D1A
:10021000DFF84080454515D90F49104840F2BF72BC
:100220001EF0C3FB40F2BF710B481EF0B5FB2F69F7
:1002300037B131462046B4F89230B4F89020B84730
:100240001835E7E7F3D3BDE8F08100BF1C6A002052
:1002500068780400987804001FAE0400E19204005E
:100260002DE9F041074608460D4620F023F80646E2
:1002700018B900263046BDE8F0811A4B1C6884B1DD
:1002800054F8083C143C0BB96469F8E72946384631
:1002900098470028EDD0284620F00CF80028F3D12C
:1002A000E7E7114CDFF84480444514D91049114860
:1002B0004FF400621EF079FB4FF400610C481EF011
:1002C0006BFB2946384698470028D2D028461FF0B5
:1002D000F1FF20B9CDE7CDD2E368002BF1D118347E
:1002E000E2E700BF1C6A00206878040098780400E8
:1002F0001FAE0400E192040038B505460C460E48D6
:100300000121FFF779FAB0B1057223680367A3886A
:10031000A0F87430A37980F8763001238370074BFE
:10032000C0F8A830064BC0F8AC30064BC0F8B0306F
:10033000054BC0F88C3038BDA048002001080200F1
:100340009DF50100650704001800280070B50546FA
:100350000A480E46FFF7F8FA044620B18378012BCD
:1003600004D0FFF715FB0024204670BD3246294615
:1003700020F02BFA0028F7D12046F2E7A048002011
:10038000B0B500AF0D46FFF7E1FF044610B32846B5
:10039000FBF726FDA37A6D46082B98BF0E4A8AB05C
:1003A00094BF52F823300D4B6A46C2E907030C4B49
:1003B0000C4953620C4BC2E9051442F8103F00236C
:1003C0004FF442510948F9F721FA2046AD46FFF7AC
:1003D000DFFA0120BD46B0BDE084040027AF040071
:1003E00001030204FFAF040005000002D4780400FA
:1003F000F8B505460E480E461746FFF7A5FA04461F
:1004000020B18378012B03D0FFF7C2FA00240DE05E
:1004100036B13246294620F0D8F908B92046F3E72C
:10042000A37ABB42FAD1237AAB42F7D12046F8BD7A
:10043000A048002010B583780B70C3784B70037A06
:100440008B70837A082B0ED8294AD35C81F8203030
:10045000012381F8213000234B848378012B0DD0B8
:100460006FF0150010BD2349234840F6FC221EF012
:100470009CFA40F6FC211F481EF08EFA00F1700332
:100480008B60037A1D4AC3EBC30313444B60C478EB
:1004900000F17E0300F1770214B11C461346224698
:1004A000C1E9032340F2E242D0F888304B61B3FB4C
:1004B000F2F30B83B0F890304B83B0F892308B831B
:1004C000D0F8A4302BB15B7BDA0644BF012381F85E
:1004D0002330D0F8A43013B15B7B9B0601D40020FD
:1004E000C0E791F8233043F0020381F82330F6E7A8
:1004F00087B004001FAE0400E19204004809002008
:1005000038B5044608460D461FF0D4FE38B3154BE7
:1005100093F8B030990707D4E37873B129462046A1
:10052000BDE8384000F01ABB94F899309A07F3D52B
:10053000231DD3E8AF3F5B04EED42946204620F0CC
:100540006AF958B92B88A4F88C306B88A4F88E30DF
:10055000AB88A4F89430EB88A4F8963038BD6FF0DF
:100560001500FBE748090020F7B510F8363C0446B3
:10057000A0F140066BBB304620F097F9394B1D685F
:100580004DB155F8103C143D1BB1304614F8371CE2
:1005900098476D69F4E7344D344FBD4212D9344960
:1005A00034484FF4F1621EF000FA4FF4F161304824
:1005B0001EF0F2F96B681BB1304614F8371C9847EF
:1005C0001835EAE7F6D3304603B0BDE8F040FFF750
:1005D000DFB910F83E3C012B25D1A0F13C05D5E850
:1005E000EF3F23F40052C5E8E12F0029F7D1990429
:1005F00021D5E36C69460093636D30460193FFF7A4
:100600007FFF034688B9D5E8EF3F23F48053C5E860
:10061000E23F002AF7D1D5E8EF3F43F40063C5E895
:10062000E23F002AF7D103B0F0BD134A022113487C
:100630001FF04FF8EFE74FF42813114A6946304690
:10064000CDE90023FFF75CFF034640B9D5E8EF3F53
:1006500043F48053C5E8E23F002ADCD0F6E7094ABC
:10066000E4E700BF1C6A0020687804009878040062
:100670001FAE0400E192040038B00400D4780400F6
:10068000180028005DB0040070B50C4823F0FCFC95
:1006900000240B4D094E29463046013423F001FD5C
:1006A000042C05F10C05F6D120F046FD21F097F859
:1006B000044608B920F0A1F9204670BD7019002049
:1006C000EC69002010B50268D2F8B43053B90C4977
:1006D0000C4840F2FA221EF068F940F2FA2108486C
:1006E0001EF05AF9D2F8B8401968A34200F14C0044
:1006F00008BFC2F8B8108342C2F8B410E7D110BDE9
:1007000019B10400E192040008B503460121034A2F
:1007100003481EF0DEFF002008BD00BF4AB1040000
:10072000FC78040080B500AF88B06A46074BC2E988
:100730000530032342F8103F00234FF4C251044810
:10074000F9F764F86FF00B00BD4680BD72B104008C
:10075000FC780400044B1A680AB1FFF7E3BF0348B2
:10076000586010460B607047246A00202C850400F6
:1007700070B5044652EA03000AD026F0C5FA074DC8
:10078000074ED5F8C8503058854204BF00221346A2
:100790002046BDE870400431FFF79EBAA0660020F5
:1007A0000800000073B5054618462B680BB39B7A0A
:1007B000072B1ED1002A14BF022301230E7A9E426A
:1007C00009DD01210C4A0D4800961EF08CFF6FF0E8
:1007D000150002B070BDCB7A072BF8D9C8618A61C9
:1007E00005F1300023F05DFC284620F03EF80020A3
:1007F000EFE76FF07F00ECE799B10400FC780400AC
:100800002DE9F04780460E469146D0F8B44000AF3F
:100810004CB14C3C236B6BB104F1300A504623F0D1
:1008200055FC054658B9FCF70DFC00252846BD4689
:10083000BDE8F0872046FFF745FFE46CE8E798F84D
:100840000A30072B0AD03B494FF478723A481EF021
:10085000ACF84FF4787137481EF09EF81FF0E3FCB7
:1008600080B16C4688B06A46344BC2E90535032333
:1008700042F8103F00234FF4C2513148F8F7C6FF49
:10088000A546D2E72846FBF7E3F8236D0546B3B942
:10089000A38CB0F81080403B9BB23F2B03D8238D34
:1008A000984528BF9846042105F10C00FBF794F900
:1008B000A0F80080A38C438008F104032365236D16
:1008C0002A8AB3420ED8934215D0A38C403B9BB2E8
:1008D0003F2B2BD92046FFF7F5FE236B13B12046A3
:1008E0001FF0C3FF236D9E422CBF00269E1BC9F83C
:1008F000003026659AE700220023504615F08AF959
:10090000854208D00B4940F212420B481EF04DF8C8
:1009100040F212419FE7FBF765F8A38CA3F1400278
:100920003F2AD7D8074AAA61EB61D3E700221346D2
:10093000F9E700BF19B10400E1920400B9B1040065
:10094000FC780400AD0904002DE9F34104464FF0A2
:100950000008364E364FBE4263D936494FF4D7723F
:1009600035481EF022F84FF4D7710BE031884B1E4A
:100970003E2B0AD92F4940F2B1122F481EF015F82C
:1009800040F2B1112B481EF007F8204620F005F880
:100990000546019040B1274940F2B51226481EF0A5
:1009A00004F840F2B511EDE72046736801A99847B5
:1009B000002831DB019B32889A829A8403F110026D
:1009C000D2E8EF1FC2E8E05F0028F9D1DD641D65C1
:1009D0009D60A16B03F1080201BBC4E90D221C60FC
:1009E000C3F80C8003F1300023F04EFB01984368FC
:1009F0001B6803B19847019B1033D3E8EF1F41F008
:100A00000101C3E8E21F002AF7D101984368DB69BE
:100A100013B100F11001984708369CE70A60A26301
:100A2000DDE7A3D302B0BDE8F08100BF5078040039
:100A30006878040019B10400E192040073B50D4612
:100A40000646042105F10C00FBF7FCF82B8A4288CE
:100A500004469A4207D000921C4A01211C481EF00D
:100A600042FE02B070BD43783BB90121194A1848D3
:100A700002B0BDE870401EF023BE0378012BF0D019
:100A8000132B06D1022AECD0022300931346124AFC
:100A9000E3E70221114A0E481EF01BFE6178022294
:100AA000012035681FF05EFF04460028D9D00221DE
:100AB0000C30FBF7E1F80023214603704370284611
:100AC00002B0BDE870401FF07EBF00BFD1B104008E
:100AD000FC780400F2B1040013B204003EB204003A
:100AE00008B50B8A032B06D80121044A04481EF0DE
:100AF000E7FD002008BDFFF7A1FFFAE766B204009A
:100B0000FC78040038B50B8A0546032B0C4609D83F
:100B100001210F4A0F481EF0D3FD2046BDE83840A2
:100B2000FAF760BF042104F10C00FBF78BF8418851
:100B300028461FF059FF30B9074A0B4605480221E5
:100B40001EF0C7FDE9E7436821465B699847E4E783
:100B500084B20400FC780400A1B2040070B5124B0A
:100B60000C46197805460131C9B2012938BF012167
:100B70000822122019701FF0F5FE064688B10821E0
:100B80000C30FBF779F82288314602806288428077
:100B9000A2888280E288C2802846BDE870401FF0AB
:100BA00012BF6FF00B0070BD187E002023281FD8E5
:100BB0001A2804D8431E182B0ED906207047A0F11E
:100BC0001B03082B1ED8DFE803F0051D1B231D198E
:100BD000251D05000320704701230F4A83401A405A
:100BE000C2B90E4A1A40002A14BF012006207047DD
:100BF00000F07F03522B05D1002070470120704781
:100C00000520704710F0400F0CBF062000207047F1
:100C10000420704702207047AAAA8A025455450151
:100C2000011F014814F018BD2417002010B5044618
:100C3000807AFAF72DFD0B4B83420AD00A490B4804
:100C400040F221121DF0B1FE40F2211106481DF0C4
:100C5000A3FE2046FAF724FD1822054B02FB0030C4
:100C600010BD00BFC0190020DDB20400E1920400F5
:100C7000786A00202DE9F047074608460C46FFF742
:100C8000D5FFE3680646D0F8089007F15802D2E88D
:100C9000AF2FD20709D40121284A29481FF0D0FEDE
:100CA0006FF015052846BDE8F087228A52B925491C
:100CB000254840F26D121DF078FE40F26D1121487A
:100CC0001DF06AFEE26812780271002202601B7851
:100CD000D22B0FD13B682146186820F07DFD0546D8
:100CE00040B10121194A16481FF0AAFE2046FAF722
:100CF00079FED7E704F10C001FF0A4F90023B4F843
:100D000010A080461A462146B760381DFFF74AFDFD
:100D100005460028C6D010F1690F04D101210C4A04
:100D200007481FF08DFE6369A4F810A013FA88F33A
:100D3000E360C6F808903560B4E700BF0CB3040068
:100D4000C4780400DDB20400E192040026B304007C
:100D500039B304000121024A02481FF071BE00BFEE
:100D60005CB30400C478040010B5044600F15403D9
:100D7000D3E8EF1F41F00101C3E8E21F002AF7D1D9
:100D8000201F1FF0FFFE04F17C00044915F0ACFCAD
:100D90002068BDE8104002F019BE00BF691D0200C6
:100DA00070B503788AB004460E4607AD032B20D8F1
:100DB000DFE803F002191B1D11492846F5F7D8FE9C
:100DC000059563781E210493A37830460393E37856
:100DD0000C4A02932379019363790093A3791CF061
:100DE000E7FF0AB070BD0849E7E70849E5E70849A9
:100DF000E3E70A212846074A1CF0DAFFE0E700BFD4
:100E0000D89F0400FA9F0400DF9F0400E69F0400BF
:100E1000F09F040050E904002DE9FF414FF0000865
:100E20004FF4205305460E46006802A91446176881
:100E30008DF80880ADF80A301FF072F9A0B142F6C3
:100E40000103286803A98DF80C80ADF80E301FF05F
:100E500067F948B123691BB15A88B24200D25E805B
:100E6000012004B0BDE8F081616828681FF058F9DE
:100E700010B100232361F3E7E368A0681A786AB130
:100E8000B7F81AC0798D038A8C4594BFC3EB0C0365
:100E9000C3EB0103934201DA0020E2E704210C30A6
:100EA000FAF7EAFE20610680236929465E80074B37
:100EB0000194009338460023A2681FF0FCFE00282E
:100EC000EADB2069003818BF0120CAE7EB0B0400F9
:100ED00073B50E46438D418B01328B4228BF0B46C2
:100EE0009A42054609D9022100921A481A4A1EF070
:100EF000FAFB0024204602B070BD3046FFF756FED4
:100F0000022812D0042810D025F0FEFE134B1958E9
:100F1000134BD3F8C83099421AD0124B1B685A1A97
:100F200018BF4FF0FF32134601E000230E4A0021A4
:100F30000E48FFF71DFC04460028DBD0FFF776FEC5
:100F40000121856004F10C00FAF796FE0670D1E7E6
:100F50000022E8E7C478040079B304000800000028
:100F6000A0660020D86A00201C4E0E00C019002088
:100F7000F0B51D4603680E460039044618BF01212E
:100F800087B01868174620F0C5FB40B904F1580037
:100F90001FF051FF002846D0002007B0F0BD002D03
:100FA00043D018220021684625F00AFE6FB10022C6
:100FB00039462046FFF78CFF019030B91C480121CB
:100FC0001C4A1FF03DFD1120E7E7236829461B68F6
:100FD000284600930023ADF812300C9B164A039369
:100FE000BDF834308DF80860ADF8103001238DF86D
:100FF00014306B461FF05FFD9DF8143063B1002F75
:10100000CAD00198FAF7EEFC2A46314620469DF8F0
:1010100014301FF01BFFBFE701990029BCD0204608
:101020001FF022FEB8E71220B7E70120B5E700BFA6
:10103000C47804009EB30400450A04002DE9F34778
:10104000176805468946006851681446D7F804A019
:101050001FF066F8804600284BD19522294650465D
:1010600020F005FB0646207540B1E3681B780BB104
:1010700084F81480002002B0BDE8F087294650466D
:1010800020F082FB10B908232375F3E7A0682675CA
:10109000FAF7F4FC02210C30FAF7EEFD164B206152
:1010A000A0F8009000930194334629463846A26880
:1010B0001FF001FE002807DA10F1FF0F32BF0E20EB
:1010C0004042C0B22075D5E72369002BD2D0A0687A
:1010D0001FF09EFC7B8D7A8B9A4294BFC0EB02007E
:1010E000C0EB0300E3681B78984294BF0020012006
:1010F000C1E70120BFE700BF210A0400F7B50B8A52
:1011000004460D4607683BB90121284A28481FF0CC
:1011100097FC002003B0F0BD012105F10C00FAF7A7
:1011200091FDBB7A0646072BF3D154F8043C002B03
:10113000EFD0002203781F48043C10F8327000EB17
:10114000C2019F420FD12A8A48788F78904220D9D5
:101150000121009316481346174A1EF0C4FA012FC6
:10116000D7D104231EE001320C2AE6D10221104817
:10117000124A1EF0AEFA31780846FFF717FD002834
:10118000C7D00528C5D00623002220461FF05EFEEA
:10119000BFE74B68204629469847012F0346B8D140
:1011A0000028B6D000223178EFE700BFB7B30400C3
:1011B000C478040054850400ECB30400D2B30400E6
:1011C0002DE9F04F42F60103002591B016688046E4
:1011D0000F4600680BA9D6F8049014468DF82C50E1
:1011E000ADF82E301EF09CFF002870D04FF4205335
:1011F000D8F800000BA98DF82C50ADF82E301EF059
:101200008FFF38B1A3681BB15A88BA4200D25F8001
:1012100001200EE0616808461FF0FAFB728D738BA7
:101220009A4294BFC0EB0200C0EB0300032803D82E
:10123000002011B0BDE8F08F0846FAF71FFC054604
:1012400060681FF0E5FB728B738D05F10C0B9A4201
:1012500094BFC0EB020AC0EB030A58461EF0F6FE2C
:10126000824537D260681FF0D3FB728D738B9A4230
:1012700094BFC0EB0200C0EB030070B96368987ABA
:10128000FAF706FA002200231EF083FE0546002826
:10129000CED001466068FAF72FFC00230093D8F8FF
:1012A000046010234146484602AAB047061E0EDBE2
:1012B000227CE068B2422BD001460BA81EF05EFFF4
:1012C00060B9237C144A022114481EF002FA00235C
:1012D000A3609DE758461EF0B9FECEE7F2B202A920
:1012E00006A81EF04BFF10B90D4A3346EBE706A9DE
:1012F0000BA81EF015FF0028E9D100230421637418
:1013000005F10C00FAF7B8FCA0600780A3687EE73F
:1013100002A925F05DFCEEE70BB40400C4780400DC
:101320002AB40400F8B5104A074600230F480D46BA
:101330001EF02FFE044638B901212B460C4A0D48F9
:101340001EF0C7F92046F8BD00F10C060921304611
:10135000FAF726FC2046FFF769FC0121876030463A
:10136000FAF78AFC0570EDE71C4E0E00C01900204C
:101370004AB10400C47804002DE9F0410E8A044605
:10138000043EF6B2022E08468CB001D0102E64D175
:1013900004210C30FAF756FC0DF10808058847883F
:1013A000011D324640461EF0E9FE002857D09DB38D
:1013B000002687B3AF422FD34FF42053404601A9F4
:1013C0008DF80460ADF806301EF0AAFE40BB142272
:1013D000002107A825F0F4FB11212046FFF7A2FF0A
:1013E0000990002837D001210C30CDE90748FAF7E1
:1013F00043FC00230A90394603701A4A0B9328468F
:1014000007AB1FF058FB0A9B1B78FBB90998FAF74A
:10141000E9FA0A2301E03D4601232A4610210EE0A5
:1014200042F60103404607A98DF81C60ADF81E3056
:101430001EF076FE0028CAD010232A461946204600
:101440001FF004FD00200CB0BDE8F0812046099992
:101450001FF00AFCF6E71120F5E70420F3E70E2061
:10146000F1E700BF190E02002DE9F04303680446BE
:101470000D4685B00121186820F04CF940B904F1FF
:1014800058001FF0D8FCB0BB122005B0BDE8F083B7
:1014900010220021684625F093FB21212046FFF70A
:1014A00041FF029048B34FF00108DFF854900094D8
:1014B00005F10C072B8A012B04D8204602991FF056
:1014C000D3FB18E038461EF0A2FD6B464A460146A3
:1014D00006468DF80C801FF0EEFA9DF80C30002BBC
:1014E000E8D00298FAF77EFA3246202120469DF88D
:1014F0000C301FF0ABFC0020C7E71120C5E700BF90
:101500003B0F04002DE9F043036804460D4685B007
:101510000121186820F0FEF840B904F158001FF0CE
:101520008AFCB0BB122005B0BDE8F0831022002178
:10153000684625F045FB0F212046FFF7F3FE029099
:1015400048B34FF00108DFF85490009405F10C0700
:101550002B8A012B04D8204602991FF085FB18E046
:1015600038461EF054FD6B464A46014606468DF845
:101570000C801FF0A0FA9DF80C30002BE8D00298E8
:10158000FAF730FA32460E2120469DF80C301FF053
:101590005DFC0020C7E71120C5E700BFDB0E04009B
:1015A000F0B51D46036804460E4685B00121186853
:1015B000174620F0AFF838B904F158001FF03BFC93
:1015C00048BB122005B0F0BD65B31022002168466B
:1015D00025F0F6FA39462046FFF7A4FE029018B32C
:1015E000BDF828302946ADF80430012328468DF88F
:1015F0000C300E4A6B4600941FF05DFA9DF80C30DB
:101600005BB10298FAF7EEF92A46314620469DF87A
:101610000C301FF01BFC0020D4E7204602991FF07D
:1016200023FBF8E70120CDE71120CBE7DB0E040018
:101630002DE9F0410E8A0446043EF6B2022E084619
:101640008CB001D0102E76D104210C30FAF7FAFAC2
:101650000DF1040805884788011D324640461EF0FA
:101660008DFD002869D085B377B3BD422DD8012107
:10167000606820F04FF8064678BB42F602038DF80A
:10168000000069464046ADF802301EF049FD20B327
:1016900042F60303404606A98DF81860ADF81A30EB
:1016A0001EF03EFDC8B1012D03D14FF6FF739F42DE
:1016B00013D004F158001FF0BEFB002814BF002017
:1016C00012200CB0BDE8F0813D4601232A460821D6
:1016D00020461FF0BBFB0020F3E7182200210DEB92
:1016E000020025F06DFA09212046FFF71BFE089045
:1016F000F8B101210C30CDE90648FAF7BDFA002314
:10170000099003700A2339468DF82C30284606AB21
:101710000B4A1FF0D0F99DF82C302BB10898FAF73E
:1017200061F99DF82C30D1E7204608991FF09CFA0A
:10173000D1E71120C5E70420C3E70E20C1E700BFB1
:101740003D1002002DE9F0430F460446062187B004
:1017500007F10C00FAF776FA0588B0F80280828863
:10176000D7F80C90C5B10023B8F1000F13D0454550
:1017700012D88DF800308DF804304FF420536846AD
:1017800001A9ADF80220ADF806301EF0C9FC0646EE
:1017900060B10A2301E0454601232A46062120467E
:1017A0001FF054FB002007B0BDE8F083014614226F
:1017B00001A83F7C25F004FA07212046FFF7B2FD7F
:1017C0000290D8B10A2341468DF81530284601AB66
:1017D0000B4ACDE9036901948DF814701FF06BF981
:1017E0009DF815302BB10298FAF7FCF89DF81530EA
:1017F000D3E7204602991FF037FAD3E71120D2E74A
:10180000C11102007FB5CB6804461D885E8885B192
:1018100076B1B5420DD810220021684625F0D0F9E6
:1018200005212046FFF77EFD019058B9112007E001
:10183000354601232A46042120461FF007FB0020DD
:1018400004B070BD6B4631462846084A00941FF02C
:1018500032F9029B23B90198FAF7C4F80A23E9E7A1
:10186000204601991FF000FAE9E700BFCD0A040005
:101870002DE9F04182B000AF0446884600220023E3
:1018800039463B4813F076FE0546B0B16D4688B048
:101890006A46384BC2E90534032342F8103F00235F
:1018A0004FF4C2513448F7F7B1FFAD466FF00B0665
:1018B00030460837BD46BDE8F08125F025FA2F4BAC
:1018C0003E681A582E4B29461A60301D2C2225F0EE
:1018D00077F934603C6800220023C4E90155C4E96B
:1018E0000A552848391D7D6013F044FE064688B12C
:1018F00023686C4688B06A462349C2E9051303236E
:1019000042F8103F4FF4C4512B461B48F7F77EFFB7
:10191000A546CBE77B680146B822184625F050F96A
:101920001A4A8260603022F0AFFB7B685833D3E8FC
:10193000EF2FC3E8E16F0029F9D17B681C60A36A2F
:101940007D681BB904F10C0022F09EFBA26A05F130
:10195000B003C5F8B020E26AA36202B9E3621722BD
:101960007B685A855A830433C8F80030A0E700BF6B
:101970000417002049B40400C478040008000000E3
:10198000D86A0020241700206EB40400F81100204B
:1019900008B5837A072B06D002210C4A0C481FF0A9
:1019A0004FF8002008BD04211FF01EF810B9094AA5
:1019B0000121F3E700F15403D3E8AF3FDB0701D483
:1019C000054AF5E750F8040CECE700BF93B40400B7
:1019D000C4780400A1B404000CB304002DE9F14F55
:1019E0000446FFF723F90021D0E902561822D0F867
:1019F00000A090F80490C788D0F8108025F0E0F897
:101A0000A07AF9F745FE6169834651B1637AD80738
:101A100005D4DBF82C3020461B689B6898470023D0
:101A200063612146584622F047FBB9F1000F47D0C9
:101A3000002D45D02B68002B42D01B68002B3FD0D7
:101A4000BAF1000F08D001215346284A284801B0B6
:101A5000BDE8F04F1DF03DBE281D1FF0F0FA4846CE
:101A6000FFF7A4F8052836D8012303FA00F010F098
:101A7000140425D110F0090F05F1580319D110F005
:101A8000220F28D0D3E8AF3FDA0707D40121194A43
:101A9000174801B0BDE8F04F1EF0D2BFEB6D7BB12F
:101AA0000023154A05F1800001B0BDE8F04F14F0A5
:101AB0005FBF2A681568D3E8AF3FDB07E6D536B9C4
:101AC00001B0BDE8F08F41462846B0470134A3B2CB
:101AD000BB42F8D3F4E70949094840F2CF221CF091
:101AE00064FF40F2CF2105481CF056FFBCB404004F
:101AF000C47804000CB304001C4E0E00DDB20400D8
:101B0000E1920400F8B50F461646FFF741FFB0B169
:101B1000846A20461CB150F8B04904B1B03C731C33
:101B2000194638B1428D458BAA4228BF2A469A42AF
:101B300007D264B902210A4A0A481DF0CAFD0020F2
:101B4000F8BD32463946BDE8F840FFF7C1B9D4F8D0
:101B5000B05005B1B03D20460B462C46E2E700BF31
:101B6000DBB40400C478040007B50B46002102462C
:101B700025F0CAF801910F4909580F4800688842BA
:101B800004D00E48D0F8C800884201D10022134684
:101B900001A90B4813F0EEFC014648B9019B102245
:101BA000184625F00DF80346184603B05DF804FB0F
:101BB0000023F9E708000000D86A0020A066002092
:101BC000C417002010B50446806818B1F9F70AFF61
:101BD0000023A3602146BDE81040014813F03CBD3E
:101BE000C41700202DE9F347044680300E461746FF
:101BF0001D4614F0C3FEE06D58B918480221184A7A
:101C00001EF01EFF204600F08FF8002002B0BDE855
:101C1000F087144B4FF00008984205D12068C4F8B3
:101C20005C801FF03DFAF0E7D0F80490C0F8048023
:101C3000E06DD0F80CA0FFF7C5FF2068C4F85C8009
:101C40001FF02EFAB9F1000FDFD02068CDF800A008
:101C50003B46324629460068C847D6E7C4780400A8
:101C6000F6B40400DC6A0020F7B550F8044C0546D1
:101C7000002C55D000F1AC0104F128001FF0C2F88F
:101C80002E1F05F15C0700220023384613F0C2FF27
:101C9000024658BBAB6D2BB101466FF0670330466F
:101CA000FFF7A0FF002345F8043C05F15403D3E8F7
:101CB000EF1F21F00101C3E8E21F002AF7D1A36A58
:101CC00073BB04F10C0600220023304613F0A2FF80
:101CD00078B9666886B921461248266013F0BCFCC4
:101CE000286803B0BDE8F04001F0C2BEF9F77AFE03
:101CF000C9E7F9F777FEE6E7A268336896426360C2
:101D000008BFA36077683FB1F3686FF06701009385
:101D1000002320681A46B8473046FFF753FFD8E73C
:101D200003B0F0BD0417002030B50546044655F851
:101D3000043B89B018681EF068FD6946FFF730F86B
:101D40002846FFF791FF13216068FEF71FF803464E
:101D500020B10121024A03481DF0BBFC09B030BD8F
:101D60000DB50400C4780400B0B588B0044654F83A
:101D7000803D00AF18681EF048FD3946FFF710F8A7
:101D80006D4688B06A460B4BC2E905374FF40073C5
:101D90009383094B42F8103F00234FF4E251074868
:101DA000F7F734FD2046AD46FFF7BEFF2037BD46AE
:101DB000B0BD00BF2BB5040003000001C4780400CF
:101DC00070B50E4650B9204940F67F721F481CF08E
:101DD000ECFD40F67F711C481CF0DEFD41B91A494C
:101DE0004FF4786219481CF0E0FD4FF47861F2E797
:101DF000FFF7CEFD044628B93046F9F7F3FD6FF042
:101E00007F0070BD00F10C052846314622F049F9EB
:101E1000A06A38B150F8B04904B1B03C29461EF070
:101E200031FF20B90020ECE71C466FF00100002CC8
:101E3000F8D0D4F8B03023B90230F5D020461C4693
:101E4000ECE7B03BF8E700BFDDB20400E19204002C
:101E500038B50C46054650B9174940F694721748F4
:101E60001CF0A3FD40F6947113481CF095FD41B998
:101E7000114940F6957211481CF097FD40F6957196
:101E8000F2E715F0FFFA2846FFF782FD20B915F0BA
:101E90004BFB6FF07F0038BD0023236083683BB9A4
:101EA000C0E901441FF0FCF815F03EFB0020F2E70A
:101EB0001C608460F6E700BFDDB20400E19204001C
:101EC00008B522F0DDFC38B1034601210348044A7D
:101ED0001FF0CBF96FF0040008BD00BFE4780400E8
:101EE0005EB5040010B51846144607491022A047F5
:101EF000041E07DA23460121044A05481FF0B5F9FC
:101F0000204610BD0024FBE7C049002074B5040042
:101F1000E4780400034610B5074C084622789A423C
:101F200007D1611C1FF0F6F9002814BF20460020DD
:101F300010BD0020FCE700BF046B002010B5074C6B
:101F40002378834207D1601C1FF0E4F9002814BFF6
:101F50002046002010BD0020FCE700BFA07B002031
:101F600070B5204B144682689A420FD1A568C668A6
:101F700075B92279304621681FF0D4F9024628B19C
:101F8000194901301FF0F3F915701581012070BD5A
:101F9000E0680028FBD02B888B420AD0F6D2E0689C
:101FA000A36801380433E060003818BF0120A36043
:101FB000EDE725682279294630461FF0B3F902463D
:101FC00060B9304608491FF0ADF902460028E6D056
:101FD000294601301FF0CBF923791370A3685B8881
:101FE0001381DCE751250200C59F0400102110B5C4
:101FF0000648FAF76FF8034630B1BDE810400121FA
:10200000034A04481FF031B910BD00BFB049002099
:1020100095B50400E478040008B530B907490848CC
:102020001FF078F938B1074808BD054A12F8011CBD
:102030001EF0CBFBF6E70020F6E700BFC59F0400CB
:10204000056B0020046B002010B54A1C0C4638B10B
:1020500009781EF0BAFB08B1204610BD0020FCE74D
:10206000104602491FF056F9F5E700BFC59F04006E
:102070002DE9F04105460E4617461EF03EF9194976
:1020800004460B78AB421AD1304601311FF042F9B9
:10209000A8B13CB9BDE8F0813146D01F1FF067F907
:1020A00002F8085C01211048B9401FF04AF9BDE868
:1020B000F04147F6122200230C4814F059BC002CC2
:1020C000E8D0094A10461FF059F90028E4D0084921
:1020D000084840F2C9521CF068FC40F2C95104485B
:1020E0001CF05AFC704900207849002080490020EB
:1020F000BBB50400E19204000246014610B504237A
:1021000011F8010B0832F9F7B3FF034630B1BDE80F
:1021100010400121024A03481FF0A7B810BD00BFBC
:10212000EBB50400E47804002DE9F04180460F4649
:1021300016461D46FFF702FF044680B91549FFF712
:10214000FDFE044630B9BDE8F0410121124A1348B2
:102150001FF017B9394600F8018B1FF008F92289E2
:1021600063896AB973B926816581214611F8010B2B
:102170001EF0C3F840B12046BDE8F041FFF7BCBFF8
:10218000964203D39D42EFD8BDE8F0819D4226815F
:10219000EBD9E9E7C59F040007B60400E478040022
:1021A000022110B510481FF0CCF808401BD10F4990
:1021B0000F4A0B880F4CA24212D900B10B800E4976
:1021C0000E4840F20A621CF0F0FB40F20A610A4835
:1021D0001CF0E2FB5068083203449BB20120EAE79E
:1021E000F8D300B10B8010BD146B0020AC7B002035
:1021F00098780400A8780400BBB50400E1920400BC
:1022000008B50121024A03481FF0BBF8002008BDB1
:1022100026B60400E478040038B514460E4B8268F4
:102220000D469A4215D122792168C0681FF07AF8CC
:1022300078B1D4F8C8302F2B03D9BDE83840FFF768
:10224000DFBF04EB83021581018901335181C4F89A
:10225000C830012038BD00BF5125020008B501215A
:10226000034A04481FF08DF86FF0150008BD00BF49
:102270007AB60400E47804001FB519464FF4281319
:102280001046064ACDE902230823BDF81820009322
:102290006B441FF0B6F805B05DF804FB1800280089
:1022A00008B513468168074A914209D11A7919681D
:1022B000C0681FF037F818B1002303604360038142
:1022C000012008BD5125020040F2391200230148C7
:1022D00014F04EBB484A002008B5042108481FF0FE
:1022E00030F86FF0020106481FF036F804481FF07E
:1022F00045F8C30701D5FFF7E7FF002008BD00BF81
:10230000784A0020024608B5074901301FF02FF82F
:1023100000230C3202F8043CD2E8EF1FC2E8E03F91
:102320000028F9D108BD00BFC59F040010B5FFF714
:1023300005FE044678B1014611F8010BF9F7A6FE37
:10234000034620B10121054A05481EF08EFF0023F7
:1023500023606360A360002010BD00BF86B6040048
:10236000E478040070B500F1700605463146007A45
:102370001DF0C3FF04463146287A54B1FFF7D6FF5B
:10238000034660B1BDE870400121054A05481EF0D2
:102390006CBFFFF7D3FD10B104604460846070BD72
:1023A000A3B60400E47804002DE9F04385B00E469E
:1023B00090469946044600AF58B90121344A354841
:1023C0001EF0DFFF6FF0150528461437BD46BDE847
:1023D000F08307F108011DF07DFE054698B16D46BA
:1023E00088B06A462C4BC2E905344FF400739383DE
:1023F0002A4B42F8103F00234FF4E2512548F7F7EB
:1024000005FAAD46DEE72046391D1DF070FA786802
:1024100058B10A2229461BF06DFD034628B101215F
:102420001F4A1C481EF021FFCCE7002007F10801DD
:10243000FFF784FD044620BB002EC5D01949FFF7E5
:102440007DFD044638B90121174A12481EF099FF54
:102450006FF00B05B8E7002307F1080100F8013B16
:102460001EF085FF04F1080104224846C047041EFF
:10247000AADA234601210D4A06481EF0F6FE25463B
:10248000A2E7002EEED10660466086609CE700BFA2
:102490002EA00400E4780400B9B604000300000193
:1024A000D5B60400C59F0400F0B6040074B504005E
:1024B0002DE9F041234B1546826807469A4202D126
:1024C000C468638933BB0120BDE8F081FDF760FA81
:1024D0000021E3686181002BF5D038469847F2E788
:1024E00005F170084146287A1DF007FF68B9164BC0
:1024F0009C4202D12846FFF735FF304613491EF0B3
:1025000036FF002323702381E2E7414630461EF068
:102510002EFFDDE72389002BDAD0264616F8011BB3
:10252000284632461EF051F90028D9D1314620788C
:10253000FDF70CFF0028CBD0837A072BC6D1FDF71F
:1025400027FAC0E75125020038120020C59F040079
:102550002DE9F0471F46BDF8203006468846D1F8E1
:102560000C90002B4ED17B1E012B4ED8012F4946DB
:10257000157818BF1588FFF767FD0446B8B915B977
:102580003846BDE8F0874946FFF75EFD044638B996
:102590001F4802211F4A1EF0F4FE6FF01000F0E702
:1025A00006F1700101301EF0E2FE337A2370D9F893
:1025B0001030DBB9B4F808A02581B9F80A30AB4275
:1025C00003D0494640461EF004FFAA4505D000222C
:1025D000307A06F17001FFF74BFD002DD0D10E4986
:1025E000601C1EF0C4FE25702581C9E72A464146BD
:1025F000304698470028C4DB01380128DAD96FF04B
:102600000D00BEE76FF00600BBE76FF00C00B8E707
:10261000E478040012B70400C59F040038B50546ED
:102620000C460F4801211EF08CFE10F0010F0D4BDF
:102630000AD11D835C830A481EF0A0FE830709D4DB
:10264000BDE83840FFF740BE198B5A8BA94202D82B
:102650009442EFD838BD94421D83ECD9EAE700BF1D
:10266000784A0020284A00202DE9F0411F46BDF895
:1026700018300646012B904635D83B44012B3D4689
:1026800034DCFFF7C9FC044668B9FFF7C5FC044613
:1026900048B90221184A19481EF073FE6FF0100560
:1026A0002846BDE8F08197B10023217A98F80020F0
:1026B00021FA03F0C70703D522FA03F0C00718D5A3
:1026C0000133032BF4D102F007021143217206F10A
:1026D0007001601C1EF04BFE337A012120462370EE
:1026E0001EF03EFFDCE76FF00605D9E76FF00C0542
:1026F000D6E76FF01205D3E72CB70400E4780400A6
:1027000010B56FF0020104460E481EF025FE0D487C
:102710001EF034FEC20704D5002200230A4814F03C
:1027200027F920461EF038FD58B12046FFF774FC0B
:1027300038B1037ADB0704D5BDE8104001211EF053
:102740000FBF10BD784A0020484A0020F8B56FF04E
:10275000080117481EF000FE002340F23912154808
:10276000F9F72CFD0023144D144F6E1C2C7A04F045
:10277000010403B1F8BD394630461EF0CBFD0028F8
:10278000F8D1002CF6D03146FDF7E0FD044620B12B
:102790001EF004FD2046FDF7FBF86FF0020108482B
:1027A0001EF0DAFD002128461EF0DAFE0123DDE7E7
:1027B000784A0020D0490020046B0020C59F040007
:1027C000106B00202DE9F04385B0894616469846E7
:1027D000044600AF58B90121414A42481EF0D1FDDC
:1027E0006FF0150528461437BD46BDE8F08307F1A4
:1027F00008011DF06FFC054698B16D4688B06A4629
:10280000394BC2E905344FF400739383374B42F8D8
:10281000103F00234FF4E2513248F6F7F7FFAD4680
:10282000DEE72046391D1DF062F8786858B10A22AB
:1028300029461BF05FFB034628B101212C4A294899
:102840001EF013FDCCE7002007F10801FFF762FB43
:10285000044690B9FFF7E0FB044638B90121254A48
:1028600020481EF08EFD6FF00B05BBE7002307F13B
:10287000080100F8013B1EF07AFDB9F1000F2AD0E3
:10288000022239464046B047061E07DA3346012188
:10289000194A14481EF0E9FC3546A3E73B78022E9E
:1028A000237209D00221154A0E481EF06AFD00214C
:1028B00020461EF055FE95E77B78012B05D9314661
:1028C0000F4A08481EF0D1FCF1E7204603F0010151
:1028D0001EF036FE86E72046FFF714FD82E700BFB4
:1028E0002EA00400E4780400B9B60400030000013F
:1028F000D5B6040058B7040074B504007AB70400D4
:10290000CEB7040037B504460D46FFF703FB024679
:10291000C0B1037A0C308DF804301EF02FFD022375
:1029200000F001008DF8050001AA29462046F9F7BC
:10293000B5FB034620B10121034A04481EF095FC73
:1029400003B030BD0346F0E71FB80400E47804008C
:1029500010B5094C094920461EF0DCFC014648B977
:10296000601E1EF0EDFD214614F8010CBDE810407C
:10297000FFF7C8BF10BD00BF056B0020C59F040056
:1029800008B501210F481EF0DCFCC30719D4FFF77E
:1029900007FC0D490D4813F0A7FE002340F2391241
:1029A0000A48F9F705FC0A490A4813F09DFE02217E
:1029B00009481EF0C6FCBDE808400849084813F065
:1029C00093BE08BD146B00205B160400D0490020A4
:1029D00035360200484A0020784A00205F1604007D
:1029E0008049002003462DE9F04178B3008A68BB96
:1029F00001244FF0140C1749DFF85CE0714524D92D
:102A00001649174840F286721BF0CFFF40F28671DC
:102A100012481BF0C1FFD1E90076BB4204D30CFB86
:102A20000672143A93420ED93444A2B214460831C5
:102A3000E4E70CFB057843450AD001356219B5423D
:102A400092B2F6D1F2E70025F8E7E4D3BDE8F081D1
:102A50001046FBE798780400A8780400BBB5040092
:102A6000E19204002DE9F04F89B09946BDF8483055
:102A700004460F4690461BB94FF6FF73ADF8483039
:102A8000374B1B88A34226D2BDF84830ADF81E3024
:102A9000344B1D68002D3AD109B0BDE8F08F149B6E
:102AA00028680493139B2246039312ABCDE901934C
:102AB0000BFB06003B46CDF800801EF064FC0028AE
:102AC000EAD001366B680AEB0601B34289B2E6D858
:102AD0000DE00026F6E74FF0010A4FF0140B224DEF
:102AE00007E0D1D269685144A142F2D289B28A4644
:102AF00008351E4B9D42F4D91D491E4840F64E0232
:102B00001BF053FF40F64E0119481BF045FF4FF0F4
:102B1000140A083D0DF11E0BAE68BEB96B689E42EB
:102B200019D22868149B0AFB0600018A0493139BA0
:102B30002246CDE902B3CDE900893B461EF023FCD5
:102B40000028A9D00136E9E70026E7E756F8083C57
:102B50001B8AA342F8D8AD68002D9DD0083DDBE765
:102B6000AC7B0020186B002098780400A878040043
:102B7000BBB50400E1920400002110B5ADF52E7D37
:102B8000182205A8CDE90011CDE9021124F018F8AA
:102B90004FF41053ADF8103080231022ADF81230EE
:102BA0004FF48063234C6946CDE906340DEB0200F7
:102BB000ACAB16F0D5FD034638B11F4A01211F48C2
:102BC0001EF053FB0DF52E7D10BD01464FF4217212
:102BD0000BA823F0F5FF2246AC990BA821F04DFE7F
:102BE000034608B1164AE9E74FF6FF710120154A7E
:102BF0000BAB1EF027FD1022134904AB0BA821F0EC
:102C000053FE0446AC9816F049FD14B123460F4A12
:102C1000D4E721460C4B03F11002187812F8014D4D
:102C20000131082903F8014B1070F6D108481EF055
:102C300088FBC7E70002C00348B80400E47804003A
:102C400071B804006F120400B04900208FB804006E
:102C5000784A00202DE9F04118490446A1F13000DE
:102C600015461E46BDF8187013F0CEFE14481EF02F
:102C700085FB010705D4FFF77FFFFFF769FEFFF72C
:102C8000B5F92046FFF7C8F968B1037ADA070AD523
:102C900000F10C0420461EF071FBC30703D402218F
:102CA00020461EF04EFB10233A4606933146284636
:102CB000BDE8F041034B1EF0A4BB00BF004A00205A
:102CC000784A0020B049002010B51B481EF056FB82
:102CD000C0F3C00080F0010408B9FFF74DFF1648AB
:102CE0001EF04CFB034614481EF048FBDA0622D5C2
:102CF000830606D5FCB1FFF72BFEBDE81040FFF7B9
:102D000075B920210C481EF01CFB10220B498818B5
:102D100023F05EFF48B90A4813F030FEBDE81040CA
:102D20006FF0010104481EF017BB4FF6FF71012040
:102D3000FFF774FCDFE710BD784A0020B04900209F
:102D4000484A002008B5102103481EF0FAFAFFF7A0
:102D5000BBFF002008BD00BF784A00202DE9F74FD7
:102D6000044650B9734940F2D36273481BF01DFE0C
:102D700040F2D3616F481BF00FFE036843B96D4901
:102D800040F2D4626C481BF010FE40F2D461F1E7CF
:102D9000436843B9674940F2D56267481BF005FEB6
:102DA00040F2D561E6E765481EF0E8FAC10711D4A4
:102DB000FFF7F6F92368002518684FF4C0536946F9
:102DC0008DF80050ADF802301DF0AAF960B96FF02F
:102DD000770006E05A481EF0D1FA4207E8D46FF0B7
:102DE000150003B0BDE8F08F236801A9186841F60B
:102DF00001038DF80450ADF806301DF091F900285C
:102E0000E5D0504D14F03EFB2B682668B4F80490D2
:102E1000ABB94D4A1788002E65D1002204F1080392
:102E2000A2606A68002A66D1C5E9003343481EF0F3
:102E3000A5FAC3076FD414F077FB0020D1E76B68C5
:102E4000002B75D053E90232142101FB023333F811
:102E5000047C002E4DD1002FDFD023681E8ABE4295
:102E6000DBD829680029E1D00022A1F10803186805
:102E7000008AB04248D904F10803002A3ED0916884
:102E8000A1600029CDD09360D0E7F37C318A6FF345
:102E9000C713F37489B9791CDBB289B243F080039C
:102EA0003182F3740F4609F1FF3914361FFA89F99C
:102EB000B9F1000FE9D14746CDE7B942F2D801ABED
:102EC0005A460846CDF804A01EF0BCFB019B43B156
:102ED0000121338A1D4A1E481EF0C7F914F024FB55
:102EE0007DE73946DEE798464FF0000ADFF864B028
:102EF000DEE7B846F8E713606B6097E76A68A160A1
:102F00002B60002A92D1F7E7986800288ED01A46E5
:102F1000A0F10803ABE71421D4E9002301FB03234C
:102F2000108A33F8041CFFF779FBFFF70FFC82E7E8
:102F30001B68FFDEBBB50400E1920400146B0020A7
:102F4000784A0020186B0020AC7B0020A5B8040054
:102F5000E47804002B1204002DE9F04FB9B000AF63
:102F60000C46904637493A46D7F8080199461CF076
:102F70009AFC38B9FFF772F905462846E437BD4692
:102F8000BDE8F08F3E68391D30461CF0B0FC3EB9FC
:102F900001212D4A2D481EF0F4F96FF015043EE092
:102FA0007868F8B94FF0000B07F1080A514630462F
:102FB00087F814B01DF08EF8054600B36C4688B053
:102FC0006A46234BC2E905364FF400739383214BC5
:102FD00042F8103F4FF4E2515B461C48F6F716FCEE
:102FE000A546DAE70A2200211AF084FF03460028EA
:102FF000D8D00121184A15481EF037F9CDE7C7F897
:1030000010A0E4B1C022484607F12001C047041EC9
:1030100007DA23460121114A0C481EF026F92546FD
:10302000ABE7A40807F12003C7E906344FF6FF71A8
:1030300001200B4A07F110031EF004FB9DE7234615
:10304000F2E700BFC6B804002EA00400E478040034
:10305000B9B6040003000001D5B6040074B504003D
:10306000611F0200002330B5B5B001918DF8080052
:103070003393044601AB0D4601204FF6FF710B4A16
:103080001EF0E0FA339B73B19B0003AA2946204649
:10309000F9F712F8034620B10121054A05481EF050
:1030A000E4F835B030BD1A46F0E700BF192202003F
:1030B000CDB80400E47804002DE9F74F054650B977
:1030C0004249434840F205721BF06FFC40F2057123
:1030D0003E481BF061FC142103684268B3F810A05D
:1030E00001FB023333F804BC14F0CCF9394805F184
:1030F00008011EF07FF800285BD114F015FA6FF07C
:10310000010003B0BDE8F08F14222B6802FB0434E9
:10311000314AA368934219D094F91330002B05DA91
:10312000236923F000431B0C1B04236108F10108F1
:103130006B681FFA88F4A342E6D828481EF01EF9EF
:10314000C3073BD414F0F0F90020DAE70023E66867
:103150004946771C384673811EF0DCF80190002840
:10316000DAD139463078FDF7F1F8034628B1817A93
:10317000019A07290BD0FCF70BFC394630781DF07B
:10318000BCF870B139463078FFF76CFF09E000F108
:103190007001007A0193FEF76BFF019B1846FCF764
:1031A000F7FB494638461EF0E2F8002333703381BE
:1031B000B2E74FF00008DFF82890B9E759465046CB
:1031C000FFF72CFAFFF7C2FABCE700BFBBB504005B
:1031D000E1920400186B002051250200146B0020BE
:1031E000C59F0400F8B5204C054623780E4683425F
:1031F00003D0BDE8F8401DF080B8611C30461EF0D9
:1032000089F831460028284608BF00241DF075F8CB
:1032100048B344B304F108076FF0010138461EF0CB
:103220009BF8C20703D531462846FFF71BFF6FF016
:10323000020138461EF090F8830703D53146284630
:10324000FFF760FB38461EF099F860B9234603F893
:10325000010BC4F80100C3F80300D7E8EF3FC7E84B
:10326000E20F002AF9D1F8BD70490020002307B50C
:103270000193FFF7B7FB411C89B20846034A01AB33
:103280001EF0E0F9019803B05DF804FB1D15040081
:103290002DE9F04387B00C461646804602AF50B980
:1032A0006B4940F6AD526B481BF07FFB40F6AD51C9
:1032B00067481BF071FB41B9654940F6AE5265485D
:1032C0001BF073FB40F6AE51F2E7837A072B40F018
:1032D000B98000233B7342F603032068FB8107F1AA
:1032E0000C011CF01DFF054600283ED1D4F80490C7
:1032F000B9F1000F05D10121574A58481EF041F895
:10330000A0E001232146009007F10802C847031EF0
:1033100011DA6E4688B002AAD36104235049C2E98B
:10332000051442F8103F4FF401512B464B48F6F775
:103330006DFAB54686E0012B05D00121494A474880
:103340001DF093FF7EE03B7A13F0300F7AD02046D9
:10335000FFF78CFF044640B93D4940F6CC523D484A
:103360001BF023FB40F6CC51A2E7002320683B73FF
:1033700042F6021307F10C01FB811CF0D1FE68B18B
:103380002046FFF773FF044640B9314940F6D25258
:1033900030481BF00AFB40F6D25189E7002542F67F
:1033A0000219206839463D70A7F802901CF0B8FE5B
:1033B00010BB002320683B7342F6021307F10C0197
:1033C000FB811CF0ADFE054600283BD1D4F80490EB
:1033D000B9F1000F8FD0022300902146404607F13B
:1033E0000C02C847031E94DB022BA6D1BB891E42E8
:1033F00014BF0120002026E042F603032068391D97
:103400003D71FB801CF08CFE0028D2D04FF420537D
:10341000206807F108013D727B811CF081FE0028C5
:10342000C7D042F60103206807F10C013D73FB8110
:103430001CF076FE0028BCD02046FFF717FF04469C
:103440000028AED100201437BD46BDE8F08300BF90
:10345000BBB50400E1920400EBB80400E47804007A
:10346000FFB8040025B904002DE9F84389465168E6
:103470000746B1F81280154618F094083BD1022295
:10348000FFF706FF002839D000211E48AE8AFEF75C
:103490006BFB0236044660B11B4B32464360C5608D
:1034A0001D213846FEF72EFB064638B92046FEF7AA
:1034B00089FB6FF00B052846BDE8F88301234246DF
:1034C00041461DF08BFEA98A06F10C000231F8F787
:1034D000D3FB20F8029BAA8A296923F04AFB2146E4
:1034E0003846A660FEF7B4FC05460028E3D0204627
:1034F000FEF768FBDFE74FF0FF35DCE76FF01505FF
:10350000D9E700BF1C4E0E003112040030B505464D
:103510000C468BB051B9424940F6524241481BF02B
:1035200044FA40F652413E481BF036FA4B6853B914
:103530000B6843B93A4940F653423A481BF035FA12
:1035400040F65341EFE738481DF018FF420761D5B8
:1035500015B1AB7A072B60D160680590FFF742FA8E
:103560002268ADF818003AB305A902912F4900234B
:103570000191012100914FF6FF710593FFF772FA57
:10358000059B1BB96FF001000BB030BD6360059B5C
:1035900004A9186800238DF8103042F60303ADF833
:1035A00012301CF0BDFD70B90598C3689B799B066D
:1035B00005D46FF01500E7E70028E8D1E2E71DF039
:1035C000FAFFADF81800BDF818003DB1012301461F
:1035D00022462846A375FFF747FFD5E76FF07F0324
:1035E00007930223ADF8203042F60213ADF81230F3
:1035F00005ABA57502930E4B4FF6FF7101930123A6
:1036000004AA00932B4609948DF81050FFF72AFA6C
:103610000798B9E76FF00A00B6E76FF07F00B3E7ED
:10362000BBB50400E1920400F00900205F12040021
:10363000D1380200F7B500F130050446A0F12007AB
:1036400028461DF09BFE8307C0F340060AD51749A4
:10365000174840F259521BF0A8F940F2595113484B
:103660001BF09AF954F8083C6FF0010128460193C9
:103670001DF072FE0F4B394644F81C3C0E4B304691
:1036800044F8183C01AB44F8103C042324F8086CBF
:1036900024F8066C24F80C3CFFF738FF18B9022117
:1036A00028461DF04EFE03B0F0BD00BFBBB50400C0
:1036B000E1920400F085040001270200F8B5334BC5
:1036C0001568826804469A4200AF1FD1C6683389E4
:1036D000721CDBB1284631781DF077F8B0B14FF499
:1036E0009572214628461DF0C2FF032811D16D4670
:1036F00088B06A46264BC2E9053442F8100F002311
:103700004FF4C4512348F6F781F8AD460120BD4679
:10371000F8BD314620461DF05CFE1F4B9E42F5D1A0
:10372000287A05F17001FEF709FC04460028EDD067
:10373000038913B94389002BE8D02846FCF7A4FA83
:103740002389164A618922F8203002EB80035980D0
:1037500018231349134C03FB001300B202EB800241
:103760001A61042200EB40005C600F4C01EBC001C9
:1037700028469C609A82FFF7C9FE0028C6D0012126
:103780000A4A04481DF0FDFDC0E700BF51250200B4
:103790003EB90400E4780400381200209C7B00202D
:1037A000EC6A0020F08504007D15040052B9040085
:1037B00030B505460C468BB051B9404940F67132E0
:1037C0003F481BF0F2F840F671313C481BF0E4F83A
:1037D0004B6853B90B6843B9384940F672323848E0
:1037E0001BF0E3F840F67231EFE736481DF0C6FDF6
:1037F00042075DD515B1AB7A072B5CD160680590A7
:10380000FFF7F0F82268ADF818003AB305A9029165
:103810002D4900230191012100914FF6FF7105937D
:10382000FFF720F9059B1BB96FF001000BB030BD0D
:103830006360059B04A9186800238DF8103042F6D8
:103840000303ADF812301CF06BFC70B90598C36827
:103850009B79DB0605D46FF01500E7E70028E8D177
:10386000E2E71DF0A8FEADF81800BDF818002DB174
:103870000146224628461DF018FFD7E76FF07F0368
:1038800042F6021207930123ADF8122005AA029214
:103890000E4AADF82030CDE900324FF6FF712B46CD
:1038A00004AA09948DF81050FFF7DCF80798BDE7DB
:1038B0006FF00A00BAE76FF07F00B7E7BBB504000E
:1038C000E1920400F00900205F120400D1380200E8
:1038D000F8B51446394B826807469A4201D0012058
:1038E000F8BDC668364B9E424FD03289A389711C01
:1038F0009A42F4D13078FCF729FD05460028EED035
:10390000837A072B05D0FCF743F8E8E7FCF740F88B
:10391000EBE7736923B13946984708B92846F2E7BF
:103920007B8A13F09407F9D1A389022B14D1338930
:1039300013F0020604D12846FCF72AF8A660CEE769
:1039400028462269A188FFF78FFD0646A8B922699B
:10395000937D01339375EEE7012B04D02846FCF7E5
:1039600017F8A760BBE7338913F00106E3D02846B8
:103970002269A1881DF099FE06462846FCF708F842
:10398000002EA660ABDA0020AAE70E4D0E492846AD
:103990001DF0C0FC0028A8D10722294615F8010C0B
:1039A000FCF726FD0028B1D1236929461A6915F8CC
:1039B000010C53881288FEF7B7FB96E751250200E9
:1039C00038120020A17B0020C59F0400012330B5E0
:1039D00000F170058FB0044603902946007A8DF8F7
:1039E00010301CF08AFC90B1227ACAB102AC0421DA
:1039F00020461BF0ECF8009424210A4A05A82B4627
:103A0000F8F786FA05AA10460749F6F7E1FA4FF6E5
:103A1000FF710120054A03AB1DF014FE0FB030BD4D
:103A20000092E9E7C9B80400592F0200BD36020030
:103A3000F8B50E4B05461B680E461746A3B11C6829
:103A400004B1043C53F8043C1BB13A4631462846C5
:103A500098474CB1234664681B681CB1043C002B9A
:103A6000F3D1F7E7002BF0D1F8BD00BF206B0020A9
:103A700073B5044603464FF6FF710120184A04F15E
:103A800070061DF0DFFD3146207AFFF7ABFB3146B3
:103A9000207A1CF032FC50B1237A4FF6FF718DF87A
:103AA000043001206B460F4A00961DF0CBFD2046E6
:103AB000FEF7B2FA054688B13146207A1CF01DFCAB
:103AC00028B9284602B0BDE87040FEF71BBC31465D
:103AD000681C02B0BDE870401DF049BC02B070BD6A
:103AE000B1240200A122020080B500AF88B06A466E
:103AF000074BC2E90530032342F8103F00234FF47F
:103B0000C2510448F5F782FE6FF00B00BD4680BD40
:103B10008BB904000C7A0400044B1A680AB1FFF751
:103B2000E3BF0348586010460B607047286B0020C5
:103B3000F486040010B500F07BF918B301F0D2F858
:103B400000F07EFC0AF070FD20B1114B5B681B7821
:103B5000012B03D10CF038FA0CF04AFE0AF0DAF827
:103B6000002002F0CBF9044604F058FA0146208800
:103B70000AF066FD02F0FAFF0021064803F034FE69
:103B8000002010BD00F05EF90128D9D1D6E700BFB2
:103B90008C6D0020E3170400014BD3E8AF0F704792
:103BA000A00A002038B5FFF7F7FF82073BD5FFF7E3
:103BB000F3FFC30737D51C4C00252046012140F8F0
:103BC000085F256084F8A85165601DF010FE00F0C4
:103BD00065FC04F5D87012F0D1FE1EF041FD06F030
:103BE000D7FB00F055FA08F033FA02F0EDFC02F0D2
:103BF0009BF94FF6FF7001F0F9FB09F005FD0CF0A1
:103C000063FE1DF01DFF04F5F0701EF0C4FBC4F848
:103C1000E05101F07FF804F0EBF908F0E9FDBDE8B0
:103C200038400AF015BD38BD980A002070B5054629
:103C30000E46144801211DF0DAFDC3071FD41EF003
:103C400021FB0446C8B9304604F0A4F90446A0B9E3
:103C500028460AF00FFD044678B900F019FA01F081
:103C600031FE08F003FA1EF0F9FC02F065FF00F0E7
:103C700009FF08F083FB08F099FD204670BD6FF046
:103C80007704FAE7A00A002010B508F0BBFB044651
:103C900018B9BDE81040FFF74DBF0121024A0348A3
:103CA0001BF00EFD204610BDB7B904007479040066
:103CB0002DE9F74381469846BDF82870FFF76CFF61
:103CC0001646C2070D464FD52A483B4603212A4ACD
:103CD0001BF0FFFCFFF760FF830748D46A4605200E
:103CE0000B9903F0DFFA044640B10121234A214831
:103CF0001BF0E6FC204603B0BDE8F08349460320F4
:103D000001AA03F0CFFA044640B11A4801211C4A27
:103D10001BF0D6FC68461EF03EFBEBE743463146FF
:103D2000284601AA01F0D0F9044648B10121154AFC
:103D300010481BF0C5FC68461EF02DFB01A8EAE701
:103D4000114DF3F761F938466C6004F03BF9009BC4
:103D5000C5F8E0311DF071FE022105F108001DF0EB
:103D600046FDFFF791FFC5E76FF01204C2E76FF061
:103D70007704BFE774790400D2B90400EAB90400FB
:103D800006BA040023BA0400980A0020012938B5B5
:103D900005461CD8114C01F0010320461DF03DFDE5
:103DA00040FA05F202F00102934213D00121A9402A
:103DB00023B120461DF034FD002038BDC943D4E8AE
:103DC000EF3F0B40C4E8E23F002AF5D0F7E76FF081
:103DD0001500F2E76FF07700EFE700BFA00A0020C0
:103DE00008B5124B024618461DF017FDC0F3C0205F
:103DF00082421AD082B14FF4006118461DF010FDC6
:103E000000F070FF09481DF008FD83070DD5BDE8DF
:103E10000840072008F056BCD3E8EF1F21F40061EA
:103E2000C3E8E21F002AEDD0F6E708BDA00A002093
:103E300008B503481DF0F1FCC0F3C02008BD00BF69
:103E4000A00A002008B503481DF0E7FCC0F380304D
:103E500008BD00BFA00A0020014B93F8AC017047D9
:103E6000980A002038B5014605460C20FFF78EFF62
:103E7000044690B9012D12D025B901460B4802F035
:103E80001BF880B1022002F049FE09481DF0C5FC74
:103E9000830702D5072008F015FC204638BD0146EF
:103EA0000F20FFF773FF08F02FFBEBE7111804005A
:103EB000A00A002008B503481DF0AFFCC0F3003095
:103EC00008BD00BFA00A002008B503481DF0A5FCEE
:103ED000C0F3C03008BD00BFA00A0020012808B50B
:103EE00014D0020612D40B4B93F8AB21824201D1BD
:103EF000002008BD83F8AB0103F108001DF08DFC24
:103F00008307F5D5072008F0DDFBF1E76FF015001A
:103F1000EFE700BF980A0020014B93F8AB01704710
:103F2000980A002038B5014605460D20FFF72EFF00
:103F3000044668B9042002F0F1FD06481DF06DFC4E
:103F4000830702D5072008F0BDFB0DB909F05CFB23
:103F5000204638BDA00A002008B503481DF05DFCCE
:103F6000C0F3403008BD00BFA00A002008B5094BCF
:103F700093F8A92182420CD083F8A90103F108002B
:103F80001DF04BFC830704D5BDE80840072008F06E
:103F900099BB08BD980A0020014B93F8A90170470E
:103FA000980A002010B50C4601460A20FFF7EEFEE5
:103FB00010F1160F12D010F1780F0B4B03D193F8BC
:103FC000AA21A2420AD0012083F8AA4102F0A6FD4C
:103FD00006481DF022FC830701D4002010BD0720F5
:103FE00008F070FBF9E700BF980A0020A00A002043
:103FF00073B51C481DF011FC10F001040E46154667
:1040000019460CD05EB307236A46284608F034FBF5
:10401000044638B10121144A14481BF051FB2046D4
:1040200002B070BD9DF80000FFF7A0FF9DF80210E0
:104030009DF80100FFF7B6FF9DF80300003818BF98
:104040000120FFF7CDFE9DF80400FFF70BFF9DF860
:104050000500FFF767FF9DF80600FFF73FFF00240C
:10406000DDE700BFA00A002049BA04002C79040053
:1040700008B503481DF0D1FBC0F3802008BD00BF88
:10408000A00A0020014B93F8AA017047980A00206B
:1040900008B50A230C484FF4806180F8A9314FF429
:1040A000E1630830A0F8A2311DF0BAFB4FF40061C3
:1040B0001DF0B6FB4FF480511DF0B2FBBDE8084087
:1040C0004FF400511DF0ACBB980A002007B51F4803
:1040D0001DF0A3FB83072AD51D4A694692F8A93132
:1040E0008DF80030FFF7C4FF92F8AA318DF8010077
:1040F0008DF80230FFF79CFE8DF80300FFF7DAFE23
:104100008DF80400FFF728FF92F8AB318DF8050019
:10411000072210488DF80630F5F70AFF20B101217B
:104120000D4A0E481BF0CCFA03B05DF804FB0948B9
:104130001BF0B5FB03460028F6D00121084A0748CA
:1041400003B05DF804EB1BF0C4BA00BFA00A002066
:10415000980A00205DBA040069BA04002C790400B2
:104160008DBA0400F7B50C4617461E46184BD3E827
:10417000AF3F5B0707D50221164A17481BF0A0FA8C
:10418000002003B0F0BD01A9DDE9082311F0F2F928
:1041900005460028F4D1012301981D2280F8203023
:1041A00000F1210114301BF001FF019804F0030419
:1041B000C36905614361037C44EA071403F00C03FF
:1041C0001C4305838560C56004744674D9E700BF4D
:1041D000A00A0020C1BA04000C7904002DE9F041C6
:1041E00007460C46A388012B01D8BDE8F081204684
:1041F0001BF005FF05460028F7D0A388834206D2AE
:104200000221BDE8F041164A16481BF059BA204673
:104210001BF018FF06462046B4F804801BF0EFFEA2
:104220006B1E2A28A38007D02B2815D0292808D157
:1042300020460BF017FD04E000223946204601F02D
:1042400011FAA368294613FA86F620462660A4F8D8
:104250000480F7F7DDFCC5E7204600F0B9FCF0E785
:10426000EDBA04000C79040008B590F82020FF2A6C
:1042700008D1064906487B221AF097FB7B210348A8
:104280001AF08AFB013280F8202008BDFABA040037
:10429000E192040008B590F82030014643B90F4977
:1042A0000F4884221AF081FB84210C481AF074FB19
:1042B000013BDBB280F820307BB9037C03F0F003D4
:1042C000102B08D00748084A302B18BF1046BDE80D
:1042D000084011F0C1B90548F9E708BDFABA040071
:1042E000E19204004417002064170020A417002066
:1042F000012913460A4603D101460448FFF732BF9D
:10430000032901460CBF02480248F7E7A417002022
:10431000441700206417002030B587B005460C46CE
:104320001022002101A822F04BFC04238DF811304B
:104330000F4B059301212A46234601A814F0C0FA29
:1043400010B1002007B030BD049BC3F38633042BAB
:1043500008D013F0770FF4D00221064A06481BF06C
:10436000B8F9EEE705980022002311F053FCE9E7C5
:104370001C19002029BB04000C79040030B4044649
:1043800014F008051046194603D0084830BC11F057
:1043900041BC14F0010F01D10548F7E7630702D4CF
:1043A00030BCFFF7B9BF284630BC70473819002031
:1043B0005419002070B504460E4615461A4BD3E832
:1043C000AF3F5B0704D50221184A19481BF078F962
:1043D000237C204643F00803237403F0F003302BC2
:1043E000C4E9026509D1FFF73FFF014611481FF0FC
:1043F00058FEBDE8704008F0A3B8102B09D1FFF7B4
:1044000033FF01460C481FF04CFEBDE8704008F039
:1044100087B8FFF729FF014608481FF042FEBDE8B4
:10442000704008F077B800BFA00A00204ABB040023
:104430000C79040038190020541900201C190020A0
:1044400030B5124B85B01B7800258DF80430302331
:104450000F4901A8CDF80550CDF80950ADF8063048
:104460000395ADF80830FAF7C9FF044640B110F1E2
:10447000780F08D001210346064A07481BF029F9A6
:10448000204605B030BD2C46FAE700BF197E00205B
:104490008B18040070BB04000C79040010B5FAF707
:1044A000FDFF044640B110F1780F07D0012103460B
:1044B000034A04481BF00DF9204610BD0024FBE719
:1044C0008EBB04000C790400F8B5FFF7C5FC044668
:1044D0001FF0F6FE4FF47A75A0FB050647F6122290
:1044E00005FB01610023ECF79DFF06460D46FFF733
:1044F000A9FC01280FD174B142F2107044430E4A56
:10450000D2E90432F71A65EB0201A74271F100010A
:1045100001D213430ED1094C0D2120460FF08CF926
:1045200048B934F8023CC4F80E60013324F8023C68
:10453000C4F812500020F8BD804A0020824A0020B2
:10454000F8B50C46054601F017FB07460121204649
:104550001BF090FDAE783946B31E5E4220465E41A8
:104560001BF088FD282303FB0651082220465C31FE
:104570001BF074FD064B204619681BF0A0FD0822B5
:10458000204605F11A011BF069FD0020F8BD00BFAF
:10459000980A00202DE9F34704460D46FFF794FFE3
:1045A000064640BBDFF88880B4F84020B8F80030F9
:1045B00004F1430A9A4204F1360924D0A778204630
:1045C000BB1E5F425F4101F0D7FA282303FB074778
:1045D000CDE900A9174A0146126807F16C0008F1FD
:1045E000020302F0B5FC074648B10121124A134804
:1045F0001BF066F83E46304602B0BDE8F087B8F8DA
:104600000030A4F84030022128461BF033FD0D2273
:1046100028460B491BF022FD5146052228461BF077
:104620001DFD0822494628461BF018FDE3E700BFA0
:10463000804A0020980A0020BCBB040024790400B2
:10464000824A002000220023014812F091B900BFE5
:10465000984A002010B50C461DF090F9064B2060DA
:104660001B683BB1BDE8104040F2712200230348B3
:1046700012F07EB910BD00BF7C6B0020984A00206C
:104680002DE9F04F87B090F848500E4602AF00F188
:104690005C08002D4ED0002508224146706822F0AB
:1046A00097FA002846D107F10803317D009342466E
:1046B000336908F10C001DF0A2FD8146002839D1B4
:1046C0000822F468B918204622F082FA002839D06E
:1046D00008212046F7F762FBC7F804D088B002AC87
:1046E0004FF4007B22461B4BDFF86CA0C4E9053079
:1046F000A4F81CB042F810AF4FF4E4514B461748F1
:104700003A60F5F783F80821D7F804D07818F7F75E
:1047100045FB88B0124BA4F81CB0C4E90530C4F8BE
:1047200010A04FF4E4514B463A680C48F5F76EF888
:10473000D7F804D008F1280855B918F8140C012549
:1047400010B1A9E7012075751437BD46BDE8F08F9B
:104750000020F9E7D9BB040003000001247904001C
:10476000FFBB040008B5FFF763FB28B9034BD3E890
:10477000AF0FC0F3001008BD0120FCE7A00A002025
:1047800008B50B4659B10121054A06481AF0A1FFA8
:10479000054B1B681BB1BDE80840FFF753BF08BDC0
:1047A00013BC0400247904007C6B00202DE9F04F39
:1047B00089B01DF027F8002800F0A780FFF7D2FF8E
:1047C00008B38D4D2B6843B98C4A137883F00103ED
:1047D000137013B98A4801F081FB002001F08EFBB1
:1047E0008146286801F08AFB8145044612D12B6876
:1047F00083B10023834A2B600023834809B0BDE8BE
:10480000F04F12F045B8FFF71DFB0128D9D009B0D1
:10481000BDE8F08F04F1080302932C60FFF7A2FFBC
:104820007A4B8DF80C00049304F124030593FFF7F1
:1048300009FB6FF0220B4FF00008431E584258410D
:10484000734B8DF81800079302AE3379002B47D0D5
:104850003768D6F808B01DF091F83A686D4B821AA7
:104860009A4279680FD842F2107397F808C00CFB8F
:104870000333A3F59C53083B9A42B2D342F20F7321
:10488000401A9842ADD9002200230021CDE900232F
:1048900002200822FFF72CFD824698B901215E4ACA
:1048A0005E481AF00DFF6FF00B0B2B681B8801217F
:1048B0005B4A5A48CDF800B01AF015FF91E74FF067
:1048C0000108C2E700F114012046D847834688B9A1
:1048D00050463A465349FFF76DFD5046FFF7DAFC64
:1048E0000C36B8F1000FEAD0BBF1000F08DB7FF403
:1048F00078AF8CE75046FFF7CDFCBBF1000FEFDA45
:104900001BF1230F3FF46DAFCFE709F08DFE054695
:1049100098B9002200230146CDE90200CDE9040048
:10492000CDE9002302200A22FFF7E2FC064630B957
:10493000394A012139481AF0C3FE3B4A5CE709F0C5
:104940006DFE044606F11407294638461BF092FB1B
:104950001022384621681BF081FB65685DB328464C
:10496000F2F70EF902AA014628461DF093FA10BB91
:10497000218941F0020138461BF08CFB042202A978
:1049800038461BF06BFB002230461146FFF712FD44
:104990003046FFF77FFC6368002BCED00022002357
:1049A0000021CDE9002303200A22FFF7A1FC0546E0
:1049B00018B91E4ABDE72189DDE76068F2F7E0F823
:1049C00005F11407064638461BF040FB864208D91D
:1049D0000221174A11481AF073FE2846FFF75AFCC5
:1049E000ABE73246616838461BF038FB00222846A8
:1049F0001146FFF7DFFCF0E77C6B00201A7E0020F9
:104A0000EB180400B4C40400984A00204145020099
:104A100095450200BF27090031BC04002479040039
:104A20004FBC04001C8704005A62020075BC0400DD
:104A300090BC0400F7B5054601F09EF8AB780F4C2A
:104A40009A1E5342534122880026013AA5F840207D
:104A5000282200275343014603F15C0203F168005A
:104A600005F11A03C4E904670093054B2A441B6847
:104A700028441DF0C4FB03B0F0BD00BF804A0020F5
:104A8000980A002008B50449044811F02DFEBDE83D
:104A90000840FFF719BD00BFAD470200984A00204B
:104AA0000D4B78B1D3E8EF1F41F01001C3E8E21FCE
:104AB000002AF7D10022094B09481A60002200237E
:104AC00011F0E6BED3E8EF1F21F01001C3E8E21FAA
:104AD000002AEFD0F6E700BFA00A00207C6B002080
:104AE000984A002070B504460846214601F0E4F9D2
:104AF0000546002848D08178022907D1637D2BB96B
:104B0000BDE87040214A22481AF0DABD237803B389
:104B100005F12406E26828461368C6F80A3053688F
:104B2000C6F80E30217D627D01F001011DF03BF8D9
:104B3000002001F04FF878B12B886BB10221154AA3
:104B400013481AF0BDFD30462178BDE870401CF0D6
:104B500024BF05F10806DDE70F4BD3E8AF2FD206DF
:104B60000BD5D3E8AF2F237DC2F3C002C3F34003BC
:104B70009A4202D10020FFF793FF217D2069C1F303
:104B80004001F2F755F9DEE770BD00BFB5BC040087
:104B900024790400E6BC0400A00A002038B50446CD
:104BA0000D460146094801F087F940B1217821B14D
:104BB0002430BDE838401CF0F0BE0830F9E7294643
:104BC0002046BDE83840FFF78DBF00BF0119040043
:104BD0002DE9F0418388044686B03BB90121394A6A
:104BE000394806B0BDE8F0411AF06ABD1BF007FA7B
:104BF000012805462FD002284AD000285ED109F0AE
:104C00000DFD436B06460BB3A38823F00402122A62
:104C100007D02E4A01212C4806B0BDE8F0411AF019
:104C200058BD10212046F7F70DF8804620461BF0AE
:104C3000F6F9A3880746042B0BD120461BF0F9F99F
:104C40006A46009039464046736B984706B0BDE807
:104C5000F0812A46F6E7A388142B01D81C4AD9E72D
:104C6000002320468DF800301BF0C9F908218DF88B
:104C700014002046F6F7E6FF019020461BF0D9F914
:104C800023681449049003936846FFF787FFDDE724
:104C9000A388192B01D8104ABCE701230D21204617
:104CA0008DF80030F6F7CEFF052102902046F6F78A
:104CB000C9FF2368094901900393E5E702210346F0
:104CC000074AA8E713BD04002479040024BD0400AA
:104CD0004DBD0400814602006EBD04001F19040092
:104CE00090BD040010B51CF08DFD10B1064801F018
:104CF000F5F80022054B06481A60BDE81040002276
:104D0000002311F035BE00BFF71904007C6B0020B2
:104D1000984A00200022024B02481A6011F02EBE71
:104D20007C6B0020984A00202DE9F84F1E460B6846
:104D300014461A780546077F307802F07F039842C0
:104D400002D00020BDE8F88FDFF81C812046D8F89B
:104D5000003003F0010383EAD2133A4663F3000202
:104D600000232A77A380A36823608A8809681BF040
:104D700075F92B7FD8F8001003F00103206806F1C5
:104D80000802C91A02F04EF80028DAD12368B3F8F5
:104D9000052052BA90B22A8112B2002AD1DD03F066
:104DA00057F90028CDD195F81C9019F0300F0DD18E
:104DB0002B68DFF8B8B0B3F800A02D4B1D8829464A
:104DC000C1B92021DFF8A4B08D4230D307F0300301
:104DD000A3F13001D8F800204B4209F001094B4102
:104DE000A2EB09022146301D1DF00FF9B0FA80F048
:104DF0004009A7E720680139B0F8053089B23BF8CF
:104E000031205BBAC2F30E029BB29A42D8D1023073
:104E10001CF0F6FD5BF83130C0F31000B0EBD33F6F
:104E2000CED10BEBC1039B885345C9D189E72068DC
:104E30000139B0F8053089B23BF831205BBAC2F3D2
:104E40000E029BB29A42BFD102301CF0D9FD5BF832
:104E50003130C0F31000B0EBD33FB5D10BEBC10341
:104E60009B885345B0D16CE7980A0020046C002061
:104E7000AE7B002070B5304D304E8CB0EC69002C0C
:104E800058D02A6A23689442EB6100D12B62202219
:104E9000002104A821F094FE636804F10B00049340
:104EA0001B88ADF814304FF6FF73ADF81630E38968
:104EB0005BBAADF81830238A5BBAADF81A30A37A22
:104EC00003F07F038DF8213001238DF824301CF08E
:104ED00097FD2B680A90627A03F0010383EAD213EC
:104EE0009DF82C2001A863F300028DF82C20636844
:104EF000D2B29B78991E4B424B4163F341028DF82D
:104F00002C20A37AD2B2DB09DB0022F0780243F036
:104F1000500313438DF82C30227A04F109011BF061
:104F200045F804A901A806F0E3FC2146304610F03C
:104F300093FBA3E70CB070BD980A002084170020F3
:104F4000014BD3E8AF0F7047A00A00207FB50D4694
:104F50001946FFF7F5FF10F00104164615D045B9C4
:104F6000114C03F045F820461DF015FA2560002489
:104F70000BE00623304602AA07F07EFB044638B158
:104F800001210A4A0A481CF043FD204604B070BDC6
:104F9000DDF80A30044801A901931DF0F3F9BDF8CA
:104FA000080003F00FF8E2E7780C0020BABD040017
:104FB0008C79040073B50D461946FFF7C1FF10F058
:104FC000010416460CD0BDB10323304601AA07F0F8
:104FD00053FB044638B10121094A0A481CF018FD68
:104FE000204602B070BD9DF80630BDF8045045EA79
:104FF000034525F07F057F35034B00245D60EFE717
:10500000CEBD04008C790400980A0020094B40B101
:10501000D3E8EF1F41F00801C3E8E21F002AF7D1EF
:105020007047D3E8EF1F21F00801C3E8E21F002A10
:10503000F7D17047A00A002073B50D461946FFF757
:105040007FFF10F00104164619D065B9154B43F8DF
:10505000085BD3E8EF1F21F00801C3E8E21F002A34
:10506000F7D100240BE005236A46304607F004FB25
:10507000044638B101210C4A0C481CF0C9FC2046FA
:1050800002B070BD9DF80400009B064C00F00100CA
:105090002360FFF7BBFF9DF80430C3F3460384F899
:1050A000A831DEE7980A0020E2BD04008C790400F4
:1050B00018B9044B5B685B0602D1052007F002BB00
:1050C000704700BF980A00202DE9F0410D461F46A9
:1050D00015F0010311461DBF134602210022194697
:1050E000064600F075FE044638B10121124A134805
:1050F0001CF08EFC2046BDE8F08101464FF4807222
:105100000F4821F05DFDDFF83C800F4BC5F34000F8
:105110001C80C8F80070FFF779FF002818BF6020D6
:1051200088F8A80130461CF00BFD042007F0CAFAED
:10513000052007F0C7FADDE7F5BD04008C7904000F
:10514000046C0020980A0020AE7B002038B50F4C7C
:10515000002065686B1C6360FFF7AAFFFFF7F0FE95
:1051600003461B07C0F3C0000ED46368B3F5000FFD
:105170000AD900F02FFD38B10120FFF791FC012181
:1051800020680844F1F754FE284638BD980A0020EC
:10519000F8B5436805465F884FF6FF739F420E4699
:1051A00014460CD110461AF051FF072807D81C4AA4
:1051B0001C4801211CF02CFC6FF01500F8BD2046A6
:1051C0001AF044FF032801D8174AF1E76B6820461C
:1051D00099881AF0F8FE298920461AF0F4FEFFF7A4
:1051E000B5FF014620461AF0FEFE4FF6FF739F42C0
:1051F0006B682046197C08BF41F080011AF0ECFE74
:105200000A4B1A78FFF79CFEC0F3C000121A46EA58
:10521000C2112046C9B21AF0DFFE0020CEE700BF5F
:10522000C8BE04008C790400EBBE0400980A00207C
:105230002DE9F041C37A07686FF30003C372BC78AD
:105240000D46A31E5C425C4128235C433B19164675
:105250000A4693F85010FFF79BFF70B9084B503483
:105260001A68FFF76DFEC0F3C0003346121A3919F1
:105270002846BDE8F0411CF0CDBBBDE8F08100BF81
:10528000980A00202DE9F04F9946C37AD0F800A083
:105290006FF30003C3729AF8023087B0023BD3F178
:1052A000000B4BEB030B01F114030193282303FBC9
:1052B0000BA30D46904601F1140293F850100446DA
:1052C000FFF766FF064600285AD1636898881CF0ED
:1052D000C2FAD0B16B69002202932B8B3E48019336
:1052E00005A9002310F046F9E0B13C4A02213C48F0
:1052F0001CF08EFB6368B3F90420002A02DC1B7CDF
:10530000012B49D16FF00B063AE06368988802F0F0
:105310009FFE0028DED163681B7C012B3CD16FF01F
:1053200015062DE0059F226803907A6007F10900B9
:10533000DDE9012121F01DFC019B3B72039B3B60D9
:10534000284B1A6A1ABBC3E90777274811F0DAF825
:105350006368B3F90420002A02DC1B7C012B1BD1FB
:10536000B8F1000F0CD0D8F800301BB100214A462C
:1053700008469847D8F8043013B1494600209847AA
:105380002846FEF787FF304607B0BDE8F08F17606C
:105390001F62DAE70646F3E7124B1F68FFF7D0FDFE
:1053A000282303FB0BA1C0F3C0020023BA1A50311B
:1053B00005F114001CF02EFB0028EBD1C5E9028991
:1053C0006368284699880BF0C5FA4A464146284644
:1053D000FEF7F0FFD4E700BF841700200ABF0400E7
:1053E0008C790400980A0020A40A00202DE9F843D3
:1053F000002506462F464FF6FF79114CDFF8448012
:10540000E16951B9C4E90775BDE8F88300230B6071
:105410000DB1296011E00F460FE0226A0B6891423E
:10542000E36100D123624E4503D04B681B88B34231
:10543000ECD1404610F010F929460D46E0E700BFD8
:10544000980A00208417002010B5036804461A78D3
:10545000124B1B6803F0010383EAD2130A7F63F344
:1054600000020A770368D2B25B78DB0963F3C302F8
:105470000A7703685B7803F07F034B74006802309F
:105480001CF0BEFA88612368B3F805305BBA0B8163
:105490002368B3F807305BBA4B8110BD980A00202F
:1054A0002DE9F843984683888146112B0E46144611
:1054B00000AF22D8604A022160481AF00AF9B9F810
:1054C0000410D9F80000F6F769FC6C4688B06A460B
:1054D0005B4BC2E905304FF400739383594B42F89C
:1054E000103F00234FF4E4515448F4F78FF9A546D8
:1054F0006FF01500BD46BDE8F8831D2B05D90221CC
:10550000514A4E481AF0E5F8F2E789BB0568DFF822
:105510003CC11D4415F8082C15F8073C15F8061C6D
:1055200043EA022315F8052C15F8020C42EA012281
:1055300042EA034215F8031C15F8043C41EA032132
:1055400015F8013C43EA002343EA014382EA0305DC
:10555000DCF800303E481946002942DC20218B420D
:1055600045DB03F01F035A1CCCF8002040F8235001
:10557000237F424666F30513237749462046354B81
:1055800000F0DEFC002854D04FF6FF73E380D8F81B
:105590000030227F587800F07F006074003818BF18
:1055A000012040422075D8F800305B78DB0963F3B6
:1055B000C3022277D8F8000002301CF021FAA06163
:1055C000D8F80030032EB3F807305ABA628114D0ED
:1055D0009BB91A480121204A1CF01AFA6FF04C00BE
:1055E00088E7013950F821209542B5D180E701398B
:1055F00050F821209542B2D17AE71849184A0B8811
:10560000258903F01F0332F8330065F30E0022F8FA
:10561000330052F83300A56965F3DF3042F83300F8
:10562000206802EBC3020088013390800B800020C9
:1056300060E76FF001005DE726BF04008C7904008D
:10564000DAE60400030000014EBF0400806B002076
:10565000846B0020294D020075BF0400AE7B002042
:10566000046C0020F0B517464FF4E8120C4697B0D2
:1056700006ABCDE904230546202200210EA80393A2
:1056800021F09EFA8DF848401CF0BCF898B33946DA
:10569000284603AB0EAAFFF703FF60BB03A81AF06E
:1056A000D1FC0446BDF84200BDF810601CF0D3F8F0
:1056B00018BBBDF8420002F0CBFC9DF85430022F1D
:1056C00060F386138DF8543019D12846BDF8401088
:1056D0000BF00EF9FEF7EEFB88B9FEF7F5FB9DF82F
:1056E000543003F040031843C0B240B903216C4A60
:1056F0006C481CF08DF917B0F0BD0120DDE70EA954
:1057000003A806F0F5F810F10B0F19D10221664A33
:1057100064481CF07DF9654A1388013B9BB21380F5
:10572000634A32F833106FF30E0122F83310002170
:10573000604A1368013B13605F4A42F82310DAE7BE
:105740004D30D8D0BDF94230002B03DD9DF85430E8
:105750003F2BD0D8059BADF8106013FA84F49DF868
:1057600049300394012BC6D99DF8543013F0340FFF
:1057700008D1FEF77DFC012807D19DF8543013F0C5
:10578000340F0BD0FEF708FC0AE0FEF793FB01286C
:10579000F3D0FEF799FB0128ADD1EEE7FEF772FCDE
:1057A000024600210020CDE9000101210846FEF754
:1057B0009FFD044600289ED0039A00F114055378FB
:1057C000284623F07F035370039A9DF8493051789F
:1057D000013B0B435370BDF8102003991AF03EFCB7
:1057E0000E9A9DF854009378991E4B424B41282104
:1057F0004B43400703F1500111440BD566691A442D
:10580000307820F07F003070606992F85020037883
:1058100013430370294B9DF85420186802F00102CD
:10582000821A002328461CF0F5F840B10121244AD1
:105830001C481CF0EDF82046FEF72CFD5BE79DF8B8
:1058400054305A0712D52046BDF842100BF082F8AA
:105850009DF8543013F0300FC3F301120FD0022A19
:1058600017D09DF854305B070DD4E4E7FEF722FB18
:105870000128E8D0FEF728FB0128E9D1E3E7FEF78D
:10588000F7FB0128EDD1002220461146FEF792FDDC
:10589000D1E7FEF70FFB0128F5D0FEF715FBF0E787
:1058A000A8BF04008C790400CCBF0400AE7B0020AC
:1058B000046C0020806B0020846B0020980A00207C
:1058C00001C0040010B5064C0649204610F00CFF3C
:1058D000A4F5D2700449BDE8104010F01FBD00BF10
:1058E000480C0020896F0100754E020007B5FFF7D4
:1058F00027FB83071AD5144A694613680093FFF7FC
:105900001FFB92F8A831C0F3C00040EA43008DF8B5
:10591000040005220D48F4F70BFB20B101210C4ACD
:105920000C481CF075F803B05DF804FB074819F04B
:10593000B6FF0028F7D00121074A064803B05DF8FA
:1059400004EB1CF065B800BF980A002016C00400E4
:1059500021C004008C7904003AC0040007B5FFF7A9
:10596000EFFA830716D502F059FB114BADF8000092
:10597000D3F8E031062269460E48CDF80230F4F73C
:10598000D7FA20B101210C4A0C481CF041F803B0B1
:105990005DF804FB074819F082FF0028F7D00121C9
:1059A000074A064803B05DF804EB1CF031B800BFAD
:1059B000980A00204DC0040059C004008C790400EE
:1059C00077C0040007B5FFF7BBFA830714D5114B66
:1059D00011489A88DB88ADF8042001A903228DF8CC
:1059E0000630F4F7A5FA20B101210C4A0C481CF04E
:1059F0000FF803B05DF804FB074819F050FF0028CA
:105A0000F7D00121074A064803B05DF804EB1BF00C
:105A1000FFBF00BF980A00208FC004009BC0040095
:105A20008C790400B4C00400F8B505460E460A4C53
:105A30000A4FBC420ED90A490A48462218F0B5FF5F
:105A40004621074818F0A8FF3146284654F8043B81
:105A50009847EEE7F8D3F8BDA8780400B8780400BA
:105A6000DAC00400E19204000023F0B5164685B0C8
:105A70008DF80F3000F11003019300F10C03009337
:105A8000054600F108030F46012230460DF10F01D3
:105A900001F0C4F8044630B11E491F481BF0F6FF60
:105AA000204605B0F0BD47B1314603202A1D01F064
:105AB000F9FB044608B11949EFE7304605F1140136
:105AC00001F006F9044608B11549E6E70246154912
:105AD000304605F11C0301F04DF9044608B11249A6
:105AE000DBE702223046114905F1200301F042F9BB
:105AF000044608B10E49D0E702460E49304605F18A
:105B0000240301F037F9044608B10B49C5E7012326
:105B10002B70C5E70CC104009479040038C104005F
:105B200055C104006FC1040074C1040093C1040096
:105B300098C10400B6C10400BBC1040003460121A2
:105B4000014A024819F0C5BDE1C10400947904007E
:105B500010B586B0034604461421064A01A818F081
:105B600027F901A819F09BFE10B12046FFF7E6FFC8
:105B700006B010BD04C2040018B18078821E5042E5
:105B80005041044BD3E8AF3F1B0748BF40F0020031
:105B9000704700BFA00A0020034BD87818B193F8D3
:105BA00042000130C0B270476812002010B54FF6B5
:105BB000FF74074B1B88A34204D01AB921B103809C
:105BC000012010BD0020FCE76FF00B00F9E700BFDB
:105BD00068120020034B1A8882420CBF184600202E
:105BE000704700BF6812002010B588B00146FFF76B
:105BF000F1FF044640B90B460221144A144808B08C
:105C0000BDE8104019F065BD0B46124A142103A8E7
:105C100018F0CEF8E36C6946CDF80130636F03A845
:105C2000CDF805309DF80030A27803F0FE0362F352
:105C3000470309228DF80030F4F77AF918B10649C4
:105C400003481BF023FF08B010BD00BF16C20400BC
:105C50009479040004C2040033C20400F0B4144D6B
:105C600081F001066C782A8814F0100FC2F30B073C
:105C700011D1C0F30B0343F4805343EA463322F4BB
:105C80007F52C3F30D0322F03F0213432B80012008
:105C9000F0BC06F017BD874203D031B9F0BCFFF766
:105CA00057BF66F345146C70F1E7F0BCFFF79CBF7B
:105CB000B07B002038B5154C054623880A4698422B
:105CC00003D04FF6FF718B421BD12388AB4207D123
:105CD000104604F14C011CF06CFB80B106200FE073
:105CE000012104F14800FFF7BFFE014658B960806A
:105CF00025802046FFF798FE20881BF021FF00201A
:105D000038BD0520FCE71020FAE700BF681200202C
:105D100030B5174B85B01A889B78ADF80C208DF8FC
:105D20000E30FFF757FF0D46044618B908700420DF
:105D300005B030BD0978837899420DD0022B0DD87B
:105D400003F110026A4412F8042CCA40D20705D5A8
:105D50001BF0F9FEA3782B700020E9E705480091BD
:105D6000054A022119F0BFFCA3780B202B70DFE756
:105D700078C204009479040050C20400022938B5A6
:105D80000D4620D0FFF726FF044608B9042015E091
:105D90004FF6FF730D4802889A4207D0C378012B53
:105DA00004D190F842300BB10AF0D8FC3DB100218B
:105DB00020460AF0C5FC06F0A7FB002038BD2046AF
:105DC0000AF0CCFCF7E70F20F8E700BF68120020CC
:105DD000F8B5174D1F462B88044698420E4603D04F
:105DE0004FF6FF718B421CD12B88A3421CD04AB9BD
:105DF0007FB92C8000242846AE70EC70FEF71AFEA6
:105E0000204605E0002128461BF044FE0028EFD084
:105E1000F8BD3A46012128461BF03CFE0028E8D098
:105E2000F6E76FF00B00F3E76FF07700F0E700BFE5
:105E300068120020F0B516461F4687B01A4BD3E80B
:105E4000AF4F14F0010406D040B9184918481BF0B0
:105E50001DFE6FF00104204607B0F0BD10220021A6
:105E600017F0D2FF092305463946304603AA06F04B
:105E700003FC044620B10F490D481BF007FEEAE77A
:105E8000DDF80D00DDF8111001AB03C39DF80C30F7
:105E900001AA012B4FEA5301A8B294BF234602ABDB
:105EA000FFF796FF0446D6E7A00A00202EA00400C4
:105EB000947904007CC204004FF6FF7210B50346CB
:105EC00005480488944205D00BB9034810BD984793
:105ED0000028FAD10020F9E7681200204FF6FF727F
:105EE00008B5034604480188914202D09847012032
:105EF00008BD0020FCE700BF6812002068B1084A16
:105F000000F19803934208BF03464FF6FF721888CA
:105F1000904214BF184600207047024BF5E700BFBF
:105F200000130020681200204FF6FF730348028818
:105F30009A4201D01BF046BE704700BF6812002095
:105F40002DE9F84304460E46174698462A4D05F5B6
:105F5000C079AB6B33B3236093F8483033B13A4622
:105F60003146204605F13C03C047C8B9236893F881
:105F70007030BBB13A463146204605F14803C04770
:105F800080B10123227F5B0043F0040322F006026C
:105F900013430120237723681B88A380BDE8F8837F
:105FA0000023EFE7C0354D45D3D14FF6FF72134BB9
:105FB00023601988914201D10020EFE793F848202F
:105FC0002AB13A46314620465033C04790B923683B
:105FD00093F87020002AEFD03A46314620467833B5
:105FE000C0470028E8D00122237F23F0060343EABC
:105FF0004203CEE70022F7E7980A0020681200204B
:10600000084A5378D9060CD56FF3041353701088DF
:10601000DBB29B06C0F30B0001D5FFF799BDFFF77C
:10602000E3BD7047B07B0020F8B504460E460B4D2B
:106030000B4FBD420FD90B490B48B52218F0B5FCE8
:10604000B521084818F0A8FC324655F8043B2188D1
:1060500060889847EDE7F7D3F8BD00BFB878040033
:10606000BC780400B4C20400E1920400B0B5044658
:1060700088B000AF07F10C0503461B4A14212846DF
:1060800017F096FE194B5A88A24212D11A88394647
:106090003A801A792846BA70DA685B69C7F8032033
:1060A0000B22C7F80730F3F743FF48B92037BD4646
:1060B000B0BD022123460E4A0E4819F00AFBF5E74F
:1060C0006C4688B06A460C4BC2E905354FF4007344
:1060D00093830A4B42F8103F00234FF4E2510548E6
:1060E000F3F794FBA546E1E7E8C2040000130020A3
:1060F000FAC204001C79040016C304000300000166
:1061000003460121014A024819F0E3BA36C30400EC
:106110001C79040010B586B0034604461421064AD3
:1061200001A817F045FE01A819F0B9FB10B12046EF
:10613000FFF7E6FF06B010BDE8C20400F0B4144D4E
:1061400081F001066C782A8814F0100FC2F30B0757
:1061500011D1C0F30B0343F4805343EA463322F4D6
:106160007F52C3F30D0322F03F0213432B80022022
:10617000F0BC06F0A7BA874203D031B9F0BCFFF7F4
:10618000C9BF66F345146C70F1E7F0BCFFF76EBF52
:10619000B27B002011F0FD0F38B50D4625D138BD7A
:1061A000042D1CD12379002BF9D004F10C001CF034
:1061B000F2F804F1100204F1080392E8030083E806
:1061C0000300002301216088236123715360FFF7DE
:1061D000B5FF29462046BDE83840FFF725BF032D0F
:1061E000DDD12379002BDAD0F4E74FF6FF73074CAB
:1061F00062889A42D3D0228803889A42CFD1012D57
:10620000CED12046BDE838401BF077BD00130020FA
:10621000F8B5054608460E461746FFF7DBFC002892
:1062200038D01E4C63889D4203D04FF6FF729342D4
:106230002ED16388AB420AD12388B3422AD1384693
:1062400004F10C011CF0B5F830BB0020F8BD384655
:1062500004F1080100F068FD78B9658020713946C5
:106260000420268004F10C0201F01CF8054630B130
:1062700001210B4A0B4819F023FA0F20E6E760884A
:106280000121FFF75BFF29462046FFF7CDFEDCE743
:106290000520DBE70420D9E70620D7E7001300201C
:1062A00059C304001C79040070B51F4C154663885F
:1062B000834231D14FF6FF739942208801D0884242
:1062C0002CD1FFF787FC58B38678012E19D123799A
:1062D00033B1284615491CF06CF818BB002070BD7E
:1062E0002846134900F020FD58B9294604200F4ADA
:1062F000267100F0D7FF30B10E4A31460E4819F032
:10630000DFF90B20EBE731466088FFF717FF02212A
:106310000548FFF789FEE1E70320E0E71120DEE70B
:106320000420DCE70620DAE7001300201413002025
:106330001013002059C304001C79040038B54FF62F
:10634000FF73994205460C4609D00846FFF742FC08
:1063500090B10A4B5A88AA4209D0002038BD074B99
:106360005B888342F9D105481BF0C7FCF5E71B8821
:10637000A342F8D01120F1E70420EFE7001300203A
:10638000F8B5154C1D466388064698420F4603D063
:106390004FF6FF718B421BD16388B3420ED00021B0
:1063A00020461BF08EFC10B16FF00400F8BD3DB923
:1063B000003D18BF01252780668025710020F5E784
:1063C0002A46012120461BF07CFC0028F0D0EBE798
:1063D0006FF00B00EAE700BF00130020F0B50F4696
:1063E00015461E4687B01E4BD3E8AF4F14F001048C
:1063F00007D048B901211B4A1B4819F061F96FF019
:106400000104204607B0F0BD1022002117F0FCFC6B
:106410000446CFB10B233146284603AA06F02CF9D7
:10642000002819DBDDF81310DDF80F0001AB03C302
:106430009DF80E30BDF80C1003B102ABA0B201AA5A
:10644000FFF79EFF044608B90024DAE70121074A56
:10645000054819F035F9D4E76FF01504D1E700BF0E
:10646000A00A00202EA004001C7904007AC30400B6
:10647000024B5B881B1A584258417047001300209A
:1064800070B54FF6FF76094D6C88B44209D0B04222
:1064900002D02D88854204D11BB922B101200C8085
:1064A00070BD0020FCE76FF00B00F9E7001300203F
:1064B000F8B51E4643881546DA1C92B2012A0446F6
:1064C0000F460BD91D4C62889A4225D12088FFF7D0
:1064D00081FB386010BB2388194A10E00088FFF761
:1064E00079FB38600028F6D04FF6FD7362889A4237
:1064F0000CD1A08801F0ACFD40B9A388114A124824
:10650000022119F0E6F86FF01500F8BD0F4B2B6073
:10651000002333700020F8E70D4AF0E78378022B60
:1065200006D1237923B1237C143433702C60F1E736
:10653000237A3370074B2B60ECE700BF0013002079
:1065400092C30400A8C304001C790400780C002046
:10655000BDC304000C130020F8B504461046069A8B
:1065600064B1B0F90A10002902DD1549984720B33B
:106570004FF6FF70F8BD04F1080515E04FF6FF7502
:10658000104C6688AE42F3D0056826882D88AE424E
:10659000EED1057FAD07EED5277904F1080504F1AA
:1065A0001006002F18BF35462E788E42E0D1291DE7
:1065B00098470028DCD16088DCE74FF6FE70D9E709
:1065C000780C0020001300204FF6FF730348428828
:1065D0009A4201D01BF091BB704700BF001300200E
:1065E000084A5378D9060CD56FF3041353701088FA
:1065F000DBB29B06C0F30B0001D5FFF78BBDFFF7A5
:1066000035BD7047B27B0020002370B50B4D0C4C9C
:106610000C4E6B60B4420ED90B490C48592218F04D
:10662000C4F95921084818F0B7F963680BB1284636
:1066300098470C34EEE7F8D370BD00BF046D00201E
:10664000BC780400BC780400F3C30400E1920400A9
:1066500070B50B4C0B4D0C4EAC420ED90B490C488F
:10666000282218F0A2F92821084818F095F9A36803
:106670000BB1304698470C34EEE7F8D370BD00BF3D
:10668000BC780400BC780400146D0020F3C304003F
:10669000E1920400F8B5144D0646EC68B4B16B887D
:1066A000012B13D94FF47A7347F6122740F2E730E3
:1066B00000215C434FF47A720023E4FB0701EAF700
:1066C000B1FE02460B46094810F052F94FF6FF7230
:1066D0006B8893421CBF03F1FF336B801EB9BDE88A
:1066E000F840FFF7B5BFF8BD146D0020C84A002080
:1066F00010B5054C23890121044A054818F0E9FF2B
:106700000023238010BD00BF146D002028C40400A6
:106710006479040030B58DB00E22002105460DF1DC
:10672000220020F04DFA4FF6FF73214CADF81E30D9
:1067300023882089ADF820302379ADF81C008DF82E
:106740002C300023CDE904330693FFF743FA07AB5F
:106750000593049001F062FCADF81800FDF71CFCF5
:106760008DF81A00049808B32088F8B123798DF8C1
:106770000C30FDF77DFC431E5C425C41FDF79AFB4B
:10678000012808BF44F00204FDF7E6FB00230128BE
:1067900008BF44F00404CDE90053240203230A2176
:1067A00003AA04A8ADF80D4005F002F80DB030BD05
:1067B000146D002008B50B4BDA6892B15A8882B18B
:1067C0001889FFF707FA18B9BDE80840FFF790BF2E
:1067D0000548FFF79FFF20B1BDE808400021FFF703
:1067E00059BF08BD146D0020248704002DE9F04135
:1067F0008B880746022B0D4608D830480121304AC5
:1068000018F05EFF6FF01500BDE8F081084619F042
:10681000F6FB0446284619F002FC2A4DBA68AB681C
:1068200006469A4297F8118001D00020ECE72648EE
:106830000FF080FF0028F8D004F07F04C8F10108B1
:10684000AB7B4444E4B2A34228BF2346AB73EB7B4B
:106850004FF6FF72A34238BF2346EB73AB899342D6
:106860001CBF0133AB816B897BB1184811F074FCFC
:106870004FF47A77A0FB070C002347F6122207FBA0
:1068800001C1EAF7CFFDB0FBF7F36B60104F114D7C
:10689000DFF83080BD4208D90F4910484E2218F069
:1068A00084F84E210C4818F077F8BED22B681BB143
:1068B00032462146404698470C35EBE764790400A0
:1068C0004AC40400046D0020F84A0020084B002050
:1068D000BC780400BC780400F3C30400E192040017
:1068E00038B5044608B1038873B90022174B18481D
:1068F000DA601A601A71DA801A8110F03FF81AF023
:1069000081FFF8B9002038BD0089FFF763F938B975
:10691000238910480121104A18F0DBFE0420F2E719
:10692000E3880A4D03F00F03E38094E80F0085E845
:106930000F001AF067FF0028E4D00022002304486B
:1069400010F016F8062005F0BDFEDBE7146D002000
:10695000C84A00206479040066C4040010B51046DB
:10696000194686B01F4BD3E8AF4F14F001040AD08C
:1069700008236A4605F080FE044638B101211A4A10
:106980001A4818F09DFE204606B010BDBDF8003034
:106990009DF80220ADF80830F2B1FF2A1ED0012385
:1069A000013A93409BB205939DF8033002A88DF8FD
:1069B0000C30BDF80430ADF80E30BDF80630C3F32E
:1069C0000B03ADF810309DF8073043F30013ADF81A
:1069D0000A30FFF785FFD6E70346E4E74FF6FF737B
:1069E000E1E700BFA00A00207CC404006479040031
:1069F00010B50446024B0FCB84E80F0010BD00BF5A
:106A0000146D0020030470B506460D46144606D5E5
:106A1000294A2A48022118F053FE012070BD81F452
:106A20000043B3F5804F01D2254AF2E701F58073A8
:106A30009BB2F82BF8D90BB2002B2DDD01F0EEFA4A
:106A4000A842F1D1B4F5803F07D91C482346022162
:106A50001C4A18F03EFE0F20E0E726BB00221A4B2E
:106A6000C3E9022200240025174B47F612261C60BA
:106A70004FF47A7340F2E73029465C434FF47A7260
:106A80000023E4FB0601EAF7CDFC02460B460F4863
:106A90000FF06EFF2846C1E7B2F5803FD5D8002839
:106AA000DCD00029DAD0002CDCD04FF4FE02064BFB
:106AB0001E815D81DA60D6E793C404006479040026
:106AC000ADC40400CCC40400046D0020F84A0020CA
:106AD0000022014B9A817047046D002070B5044676
:106AE0000C4D95E80F0084E80F00688978B10A48DA
:106AF00011F032FB4FF47A75A0FB050647F612221F
:106B0000002305FB0161EAF78DFCB0FBF5F0606046
:106B100070BD00BF046D0020084B0020044B1A8894
:106B20002AB1DB88184202D00248FFF7F3BD704754
:106B3000146D00202C8704004FF6FF7208B5064B39
:106B4000064907481A810FF0CFFDBDE80840054906
:106B500005480FF0C9BD00BF146D0020B5670200E5
:106B6000C84A002009660200F84A0020054B5A88EE
:106B700032B1DB6823B10022002303480FF0F8BED6
:106B8000704700BF146D0020C84A00207FB502A8DE
:106B9000FFF72EFFBDF808205AB91D4818F07FFEF8
:106BA00020B101211B4A1C4818F08AFD07B05DF88E
:106BB00004FB4FF6FF71BDF80A30ADF80020591AFA
:106BC0004B424B419DF8071063F30411059B8DF870
:106BD000071023B1B3FA83F3C3F12003DBB28DF8BE
:106BE00002309DF80C30BDF810208DF80330BDF850
:106BF0000E306946ADF80430BDF80630044862F343
:106C00000B030822ADF80630F3F792F9C8E700BF8E
:106C1000F0C40400FEC40400647904002DE9F041CE
:106C200094B006468846294802A915461F461BF01F
:106C30003FF90446002845D1102231460AAB02A88C
:106C40001BF0A8F8044600283CD10126CDE91085A8
:106C50000DF1070306ADCDE90E00CDE91236032292
:106C60002B460EA90AA88DF807601BF060FB0446AE
:106C700040BB9DF82730032203F07F033B701023B5
:106C80000F9302230EA98DF807300AA82B460E9504
:106C90001BF04DFB0446A8B9294630461A9A00F06D
:106CA00001FB044670B903222B460EA90AA88DF8F1
:106CB00007201BF03CFB044620B929461B9A00F034
:106CC000F1FA0446204614B0BDE8F0812FC5040057
:106CD00030B5134B054618688BB01B7900900C46F5
:106CE000104802A98DF804301BF0E2F8034698B969
:106CF00006AB1022294602A81BF04CF8034658B9EF
:106D000002AB0522694606A81BF044F8034618B9F1
:106D100004AA03CA2060616018460BB030BD00BFF2
:106D200039C5040034C5040030B5104B8BB005469E
:106D30000C460F4802A901931BF0BAF898B910222B
:106D4000294606AB02A81BF025F860B9042202AB65
:106D50000DEB020106A81BF01DF820B99DF81730B5
:106D600003F03F0323700BB030BD00BF69643601F0
:106D70003FC50400F0B58BB00646084602A914468C
:106D80001D461BF095F868B906AF10213046064B3A
:106D9000009702AA1BF0ADF820B92A4639462046D2
:106DA00000F080FA0BB0F0BD44C5040010B586B009
:106DB00002AB144600930A46094B20211BF099F8B8
:106DC00060B922460DF10B030DF1170153F8044B86
:106DD0008B4242F8044BF9D11B78137006B010BDFA
:106DE0004BC5040030B587B002AD1446064B0A46C9
:106DF000009520211BF07DF820B92246294601206C
:106E000000F050FA07B030BD50C5040007B5044B80
:106E100000920A4620211BF06CF803B05DF804FBD9
:106E200055C5040070B51A4B044618689B8888B095
:106E30000E46ADF804300023154600900DF1050113
:106E40003046CDF80630CDF80A30ADF80E301AF0E5
:106E50007BFFD4F807306946CDF80930B4F80B3021
:106E60002846ADF80D30637B04AA8DF80F3000F092
:106E7000D5F858B9234604AA063413F8015F12F86E
:106E8000011BA34281EA05011970F6D108B070BD5B
:106E900058820400FF2310B5054A0144884202D1FC
:106EA000D843C0B210BD10F8014B6340D35CF5E786
:106EB00087C50400FF2330B502688088074C104462
:106EC000824206D14B40E05CA0F1CF0358425841CA
:106ED00030BD12F8015B6B40E35CF1E787C504004D
:106EE00030B589B005460C460B4869461AF0E0FFFC
:106EF00080B910222946684604AB1AF04BFF48B906
:106F0000BDF81E305BBAC3F30D036FEA43436FEA6B
:106F10005343238009B030BD5AC5040013B504465D
:106F2000012C084606D100934021074B1AF0F9FFC7
:106F300002B010BD2CB900932021044B1AF0D9FFE8
:106F4000F6E76FF01500F3E75FC5040067C50400BE
:106F50002DE9F7430446DDE90A890F4616461D462A
:106F60000F480B46009202210E4A18F0BCFB414626
:106F7000304601F8017B1AF0E7FE4B462A464146AF
:106F800020461AF03BFF40B943462A464146204678
:106F900003B0BDE8F0431AF007BF03B0BDE8F083CB
:106FA0003C7904006CC5040000F1604005280CD851
:106FB00001238340DB43064AD2E8EF0F1840C2E8C2
:106FC000E10F0029F8D1002070476FF004007047EE
:106FD000246D00200123054A8340D2E8EF0F1843B7
:106FE000C2E8E10F0029F8D1704700BF246D0020EE
:106FF00010B50024084AD2E8AF3F2341DB0705D48F
:107000002046FFF7E7FF04F1005010BD0134062CC5
:10701000F1D10020F9E700BF246D00207FB505AB5A
:1070200002931023CDE900230A460068074912F0B5
:107030005FFC38B9059B102B18BF6FF0040007B038
:107040005DF804FB6FF00400F9E700BF0044400462
:10705000F0B50746ADF5237D0D46144600214FF4EB
:10706000217201A81E461FF0ABFD134A396801A822
:107070001DF003FCC8B908356CB96B4610223146C7
:1070800001A81DF011FC80B9009B102B0CBF2046FD
:107090006FF021000BE055E9021201A81DF0F0FB92
:1070A000083538B101A81DF08EFB6FF004000DF516
:1070B000237DF0BD013CDFE70002C0032DE9F04174
:1070C0000746ADF52A7D0D46144600214FF4217286
:1070D00009A81E461FF074FD1822002103A81FF006
:1070E0006FFD1F4B4FF48061DFF8788002A81BF022
:1070F000C7F82022029339466B46CDF8148012F06F
:107100002FFB08BB02A81DF0DAFC4246009909A833
:107110001DF0B3FBC0B9083564B92022314601AB7C
:1071200009A81DF0C1FB78B9019B202B18BF6FF097
:1071300021040BE055E9021209A81DF0A1FB083556
:1071400060B109A81DF03FFB6FF00404009812F035
:10715000A5FA20460DF52A7DBDE8F081013CDBE76C
:10716000001100010900800330B51A4D89B01C22BE
:10717000002101A81FF024FD686812F08FFA002397
:10718000154A4FF4804101A82B701BF079F8049246
:10719000124A291DCDE90123069312F04DFC38B1A6
:1071A0006FF0040401A81DF08AFC204609B030BD30
:1071B0006B464122686805F108011DF0D9FA0446C2
:1071C0000028EDD1009B412B0ABF01236FF0210461
:1071D0002B70E7E7286D0020000002091271000102
:1071E000034810F8093B002B08BF0020704700BF80
:1071F000286D0020002370B598B0044616460D4651
:107200000593002941D01946182208A81FF0D8FC80
:10721000214B4FF4804107A81BF032F80A931F4B13
:1072200020220793294605AB12F09AFA28B16FF095
:107230000404059812F032FA24E007A81DF03FFC80
:10724000042320468DF81C3004F140020DF11D038B
:1072500050F8041B904243F8041BF9D106AB02938B
:1072600020230599CDE900630B48412307AA1DF0AF
:10727000DAFB044668B9069B202B18BF6FF0210487
:10728000002DD6D1204618B070BD054B5B68059324
:10729000D6E76FF00404F3E7000002091271000161
:1072A000286D0020F0B5044689B00E46174600212F
:1072B0001C2201A81FF084FC052C61D8DFE804F033
:1072C0000332394050504FF4407101A81AF0D8FFF2
:1072D0002D4B002404932D4B1022019331463B4645
:1072E00001A812F03DFA10F18B0F05460FD10221D3
:1072F0002346274A274818F0ECF9204612F0CEF929
:107300003B461022314601A812F02AFA05462DB15B
:1073100014B12046FFF748FE6FF0040501A81DF0E8
:10732000CEFB13E04FF4407101A81AF0A9FF1A4BED
:10733000CFE74FF4806101A81AF0A2FF174BC8E70E
:10734000FFF756FE044620B96FF00B05284609B03A
:10735000F0BD0121069001A802911AF091FFBAE751
:10736000FFF746FE04460028EED0012302930A4BA5
:10737000069040F2013101A81AF082FF0493AAE7B7
:107380006FF00405E2E700BF0044400400248000E1
:1073900096C6040044790400008144050002C0033D
:1073A00008B50121034A04481BF056F86FF00A00A3
:1073B00008BD00BFECC6040004790400F7B5002640
:1073C0000D46074602210DF10600ADF806600CF0EF
:1073D00033FABDF8064040F2E730B4FBF5F331462E
:1073E00005FB134447F612251434A4B24FF47A7205
:1073F0000023E5FB0401EAF715F802460B4607F106
:1074000020000FF0B5FA041E07DA224604490548A9
:107410001BF060F8204603B0F0BD3446FAE700BF29
:107420000EC704000479040030B404460D462488D5
:10743000184664BA0299A3B202921DB1024A30BC46
:1074400016F0B6BC014AFAE733C7040043C704008C
:10745000074BD3E8AF2FD20708D539B1D3E8EF1FD8
:1074600041F08001C3E8E21F002AF7D100207047F5
:10747000A00A00202DE9F84300AF3D6A0446D5F884
:1074800000800E469146B8F1000F4FD183682BB1B2
:10749000186080682A4920300FF026F94FF6FF72F5
:1074A000238A98451EDB274B61681B68DB68F31A4B
:1074B0001B110B7062682449B9F1000F39D0F368D1
:1074C000E31ADB104B435370236A0C3353F8042C3C
:1074D00072B92A60636A4BB39B683BB320469847F6
:1074E000286023E0E36823F8182008F10108D7E7B3
:1074F00053F80C1C20888AB2824203F10C03E5D0B9
:1075000063886C468AB06A46C2E9073105230F4E8C
:10751000C2E9056042F8103F00234FF421510C48A6
:10752000F2F774F96FF01503A5462B60BD46BDE870
:10753000F883B368E31ADB104B435370CAE700BF0C
:10754000D97A0200746D0020CDCCCCCC53C7040096
:10755000047904002DE9F0418AB0154642680446DA
:10756000538802AF002B00F00381D90731D54FF0CB
:10757000000823F001035380018A43464FF6FF7051
:107580008B426BDB142307F10C060093294633462C
:107590008E4A6068FFF748FFB8F1000F6DD039469A
:1075A00030464FEA4802F2F7C3FC90B1E84688B093
:1075B00002AA874BC2E905364FF400739383854BCB
:1075C00042F8103F00234FF4E2518348F2F71EF9CE
:1075D000C546626853889E0740F18F80002623F0DD
:1075E000020353803346218B8B424ADB14230093E2
:1075F00029467A4A606807F10C03FFF715FF002E51
:107600004CD03946720007F10C00F2F791FCA0B1A2
:107610006E4688B002AA6E4B536107F10C0393616A
:107620004FF4007393836B4B42F8103F00234FF4E9
:10763000E2516948F2F7EAF8B546E369186890BB89
:1076400014232946664A009307F10C036068FFF78C
:10765000EBFE07F10C0018F022F938E0E26832F88E
:107660001320013382421FBF07F1200606EB4806B4
:1076700026F8202C08F1010882E7304618F00FF9AF
:1076800093E7626932F8132032B107F1200000EB72
:10769000460020F8202C01360133A5E707F10C0045
:1076A00018F0FDF8B3E7394603F0D0F91423294662
:1076B00000934B4A07F10C030028C7D16068FFF71D
:1076C000B3FE0222394607F10C00F2F731FCA0B1FB
:1076D0006E4688B002AA3E4B536107F10C039361DA
:1076E0004FF4007393833B4B42F8103F00234FF459
:1076F000E2513948F2F78AF8B5466268538858076C
:107700002BD523F0040353800023C7E900333B81CA
:10771000142307F10C06009329463346314A60686A
:10772000FFF782FEA3680BB19A882ABB304618F097
:10773000B6F890B16D4688B002AA254BC2E905366D
:107740004FF400739383234B42F8103F00234FF410
:10775000E2512148F2F75AF8AD466268538899061B
:1077600006D523F020035380636A20461B6998479F
:107770002037BD46BDE8F0813A809A89C2F30B02FA
:107780007A80DA89BA80FA88198A22F47F62C1F392
:107790000B0122F00F020A43FA805A7BF979C2F3F7
:1077A000001262F30411F9719A8882F40042B2F572
:1077B000804F04D2986807F1080103F047F90A22C4
:1077C00039463046F2F7B4FBB3E700BF98C7040070
:1077D0009DC704000300000104790400B6C704003B
:1077E000BAC70400BFC704002DE9F34706460F4699
:1077F00000254FF02809DFF864A0DAF800309A6815
:10780000AA4202D802B0BDE8F0874FF00008DC6859
:1078100004EB0514A379434506DC4FF00008E37937
:1078200043450EDC0135E8E7B5FA85F3A068002290
:1078300009FB0800214600975B09B04708F10108E1
:10784000E8E7B5FA85F3E068012209FB0800214664
:1078500000975B09B04708F10108E0E7746D00206C
:107860002DE9F74F04463F4B01911F6801AA398863
:107870001AF003FE2046798801AA1AF0FEFD204680
:10788000B98801AA1AF0F9FD0A21204601AA1AF0C6
:10789000F4FD0721204601AA1AF0EFFD4FF0000881
:1078A0004FF0020A4FF02809BB68434501D8002079
:1078B00022E0FD68019E05EB0815AA79EB790232FA
:1078C0001AFB0323B6EB430F4FEA430B05D3A6EB9A
:1078D0000B06019608F10108E6E7204618F0B6FB12
:1078E000C6F104065E44B04209D21F4801211F4A76
:1078F0001AF0B2FD6FF0060003B0BDE8F08F20462D
:10790000A98801AA1AF0B9FD2046A97901AA1AF09E
:10791000E6FD2046E97901AA1AF0E1FD0026AB79DF
:107920009E4215DB0026EB799E42D3DA09FB06F373
:10793000E968204601EB030B01AAC95A1AF09DFD24
:107940002046BBF8021001AA1AF097FD0136EAE7BB
:1079500009FB06F3A9682046C95A01AA1AF08DFD51
:107960000136DCE7746D002004790400C3C704000D
:1079700083682BB3187C8209022A18D0032A1BD0F3
:10798000012A0ED0642210FB02F05A7B520618D551
:10799000B8B15B7C03F00F0318416428B8BF6420C2
:1079A00070474FF47A7200F03F005043EDE742F227
:1079B000107200F03F00F8E7024A00F03F00F4E7E1
:1079C00018467047C02709002DE9F0410D468E6822
:1079D0001AF044FD7469AB680146071B587C0F28F8
:1079E00038D93222DB7B4FEAD30C0CFB022203F0A6
:1079F00007030133A3EB10135A432BD0974240D314
:107A0000224A022122481AF027FDB37CDA0704D566
:107A10000221204A1E481AF01FFDAB68DA7B322390
:107A2000D20802FB033347F6122640F2E73000216A
:107A300023EAE3744FF47A720023C4FB0601E9F7EA
:107A4000F1FCAD68024620352846BDE8F0410B4602
:107A50000EF01EBF2846FFF78BFF0246A0B18742FB
:107A60000FD302210C4A0A481AF0F6FCB37CDB075C
:107A700001D40123D7E70221084A05481AF0ECFC9B
:107A8000F7E7631A9B18CED1BDE8F081E0C7040088
:107A90000479040005C8040039C8040069C804005A
:107AA00038B504460D460246044905481AF012FD51
:107AB00029462046BDE83840FFF786BF99C8040034
:107AC00004790400034B42681B681078DB6803EB01
:107AD00000107047746D0020F0B530F81C3C04466F
:107AE000ABB0002B55D04E4BD3E8AF3F5A07C3F392
:107AF00080064ED410F80F3C0F2B1DD9F03300F840
:107B00000F3C14F9133C50F8200C002B43DA54F8C6
:107B1000042C002A3FD08368597CDB7B03F00703E9
:107B2000B3EB111F37D09047A8B354F8201C2BB0EB
:107B3000BDE8F040FFF748BF10F8112C02F0070233
:107B400062F3071300F80F3C50F8043C93B150F86F
:107B5000200C984705461AF081FC44F80C0C4DB1F6
:107B600014F80F3C66F3071304F80F3C284654F84A
:107B7000201CDCE714F80E3CDB070CD51E21A4F119
:107B80002000FFF71BFC30B914F80F3C103304F849
:107B90000F3C2BB0F0BD4FF4F0020CABCDE902234B
:107BA00054F8206C07AFB5681422002138460193C1
:107BB0001FF006F8AB893046C3F30B03ADF81E3057
:107BC000AB88ADF82030AB680993AB7B8DF82C30D7
:107BD0000023CDE905730493FFF774FF03689DF854
:107BE0001B201B8801A8ADF818306B7BC3F3001372
:107BF00063F30002AB698DF81B209A88196818F0AE
:107C00002DFA3346074A01A904A803F011FD0546E1
:107C10000028BED00246044904481AF05BFCA5E7E0
:107C2000A00A002034870400B3C8040004790400CB
:107C300038B5124C2468A568A94206D30A461049F3
:107C400010481AF047FC002038BDE46804EB01112D
:107C500050B1C879904201D80B49F1E7C86802EBEE
:107C6000820300EBC300EFE78879904201D807490F
:107C7000E6E7886802EB8203F3E700BF746D00203B
:107C8000CEC8040004790400E7C8040005C9040054
:107C90002DE9F04F87B002AF0546924699460C4653
:107CA000D7F838B059B90121994A9A481AF0D4FB4B
:107CB0006FF0010420461437BD46BDE8F08F102256
:107CC0000021204616F0A0F8C0F307265FFA80F8DE
:107CD000424628463146FFF7ABFF054640B9012131
:107CE00033468D4A8B48CDF8008017F0FCFCDFE767
:107CF0003946204617F0FBFD38680028D3D0002114
:107D000017F0F5FD03280446D7F8008069D0042851
:107D100040F0EA800246814940461EF069FFD0B932
:107D20004FF6FF732A8A904204DBBAF1000F06D1A6
:107D30000024BFE7EA6822F810300130F2E7E96872
:107D400052005846C847041EF2DA22467449714868
:107D50001AF0C0FBAEE72246404672491EF048FFCB
:107D6000064600BBEB691860BAF1000FE0D007F1DE
:107D70000408022241465846C847041EE5DBB146C6
:107D80006408A145D4D038F81900D5F81CA002F039
:107D90004FFE4AF82600EB6953F8263003B101364E
:107DA00009F10109EDE7224640465F491EF020FF38
:107DB0000446002840F098804046391D17F097FD92
:107DC0006B6A002B3FF476AF1E68002E3FF472AF53
:107DD000CDF800B04B46524628467968B047044675
:107DE00068E70246514940461EF002FF014658B975
:107DF0002C8B6869640022461EF0E2FEBAF1000F87
:107E000096D0224669699CE72246404648491EF0C2
:107E1000EFFE0446002867D1AB683BB90221454A12
:107E20003C481AF019FB6FF0150443E7BAF1000F54
:107E300018D19880AB689A8960F30B029A81AB687D
:107E40005A7B60F304125A73AB689873AB6818746A
:107E5000AB68D873AB685A7C60F307125A74AB688E
:107E6000986027E70A23594648463A1D04F004FC67
:107E7000064630B10121304A26481AF0EDFA344660
:107E800018E7BB8883F40043B3F5804F04D2B88968
:107E9000AE6802F0CDFDB060AB68BA889A80AB687E
:107EA000F9889A8961F30B029A81AA68FB7A517B5F
:107EB000C3F3001363F304115173AB683A7A9A73F6
:107EC000AB68BA7A1A74AB687A7ADA73AA68FB7A02
:107ED000517CC3F3030363F303015174AB685A7C11
:107EE0006FF307125A74E5E66C4688B002AA134B8A
:107EF000C2E905384FF400739383114B42F8103FE9
:107F000000234FF4E4510348F1F780FCA546CFE687
:107F10002EA004000479040020C9040098C70400BE
:107F20004FC90400BAC70400E9AE0400B6C7040094
:107F3000BFC704006EC9040090C90400AAC90400A8
:107F40000300000137B505460748D0E8AF4F14F0ED
:107F5000010006D00093002013460A462946FFF789
:107F600097FE03B030BD00BFA00A002037B505461C
:107F70000748D0E8AF4F14F0010006D0009301206D
:107F800013460A462946FFF783FE03B030BD00BF03
:107F9000A00A002007B568B183685BB1074B01A94F
:107FA0001860002306480193FFF71EFC019803B0F8
:107FB0005DF804FB6FF01500F9E700BF746D002059
:107FC0007574020030B5084B1880084B19680023FF
:107FD0008C68C2189C4292B200D830BDCD681C019A
:107FE0002C5901332280F3E7B47B0020746D00200C
:107FF0000023184610B5074A1380074A1268916893
:10800000994200D810BDD468190161580133088025
:10801000F5E700BFB47B0020746D0020014B188889
:10802000704700BFB47B002003B2002B0CDD074B70
:108030001968CA68896813681B88C31A9BB28B4287
:1080400002D202EB0310704700207047746D0020CD
:108050002DE9F84F03B2002B01460DDC4FF000096B
:1080600028271D4BD3F800A0DAF808801FFA89F5FD
:10807000454508D3002004E0FFF7D6FF003818BFBD
:108080000120BDE8F88F0026DAF80C3003EB051567
:1080900095F806B05E450BDB002695F807B05E4507
:1080A00010DB002409F10109002CDFD00120E8E7F2
:1080B000AC6807FB064420461AF088F90028F1D185
:1080C0000136E7E7EC6807FB064420461AF07EF924
:1080D0000028E7D10136E2E7746D0020014B1B68F0
:1080E000187A7047746D00202DE9F0470C464988D6
:1080F000074615461E46DDF820901AF050FA40B3A8
:10810000E37BC3B1B4F804804046FFF7A1FF20B180
:108110000FFA88F8B8F1000F0DDC3846FFF7D2FCF3
:10812000036829461A8820463346CDF82090BDE8DA
:10813000F04709F087B83846FFF7C4FC03682946C2
:108140001A8820463346CDF82090BDE8F0471AF053
:108150000EBA0A46034804491AF0BCF96FF015003C
:10816000BDE8F08704790400C0C9040010B5846834
:10817000002C3ED0A388002B3ED0A3690BB19B8876
:108180003BB91F4801211F4A1AF066F96FF015002C
:1081900010BD742B07D91A4801211B4A1AF05CF94B
:1081A0006FF07900F4E7637C0F2B04D90221174AA2
:1081B00013481AF051F9E37B627C03F007030133A3
:1081C00063F3071262741AF049F9A37C6061DB075C
:1081D00007D40022002304F120000EF0C9FB002088
:1081E000D6E74FF4F0712046FFF7E8F80028F0D109
:1081F000F5E76FF08500CBE76FF07C00C8E700BFC4
:1082000004790400E1C90400F8C904001ECA04008E
:10821000014B1868704700BF746D00201FB5002324
:1082200004460068ADF80C1001AA054901930290BC
:108230001AF0F7F9029B0198236004B010BD00BF4B
:10824000EF2304001FB500230446006801AACDE90E
:108250000201044901931AF0E4F9029B019823609A
:1082600004B010BD192404002DE9F7439846D2E963
:108270000235B8F5803F07463CBF1D4690790E4653
:1082800038BF4FF0FF324FF0000324BFD0791FFA00
:1082900088F2D9B2884203D8032003B0BDE8F08346
:1082A000511C02D029888A4204D1D5F82090D9F8EF
:1082B000081011B901332835EBE7D9F800108845CB
:1082C00067D009F10C09F2E7B7F90620FB88002A0C
:1082D000B96801951ADD334A11686A68C96812786D
:1082E00012018A581488E31A5C425C41002C4ED07B
:1082F000D9F80430B288002B2BDB93422ED94246AA
:1083000029492A481AF0E6F80420C6E783F4004217
:10831000B2F5804F06D201A8FFF794FF041E18BFE4
:108320000124E3E703F5804292B2B2F57C5F07D304
:108330006A68147803F5807292B2FE2A05D824B1D7
:10834000194601A8FFF76AFFE8E7B4FA84F4640964
:10835000CCE7DA4202D042461549D2E70123304643
:10836000FB7317F06FFED9F80830044632463946E1
:108370002846B6F804809847003818BF0120B36833
:10838000A6F8048013FA84F43460800085E70120A5
:1083900083E7284679881AF002F9002894D1022050
:1083A0007BE700BF746D002040CA0400047904001C
:1083B00064CA04002DE9F0470B6806461B780C469A
:1083C0009A09022A2CD0032A33D07F2B0DD1314AAF
:1083D000012131481AF040F80221304A2E481AF0A3
:1083E0003BF803273846BDE8F087084617F007FE3C
:1083F0000546DFF8AC90B6F90610D9F80030002930
:10840000F2889F6842DDD86803681988511A89B2DA
:10841000B9421DD3234920481AF05CF80127E1E74F
:108420008B88012B01D8204AD2E7084617F0F7FDC8
:10843000DEE78B88022B01D81C4AC9E7084617F0F3
:10844000DEFD0546204617F0E2FD40EA0545D0E78F
:1084500000EB01122B4621463046BDE8F047FFF7FE
:1084600003BFC9682B4601EB021230462146FFF7D5
:10847000FBFE002808BF002708F10108D9F800100A
:108480001FFA88F28B689342EBD8ABE74FF00008F5
:108490000427F3E78BCA040004790400E9CA040046
:1084A000746D002001CB04009FCA0400C4CA0400FC
:1084B00000210148FFF798B9557502002DE9F743EF
:1084C00031F08001054605D1114603B0BDE8F04307
:1084D000FFF7C6B9012954D14FF000082A4B019289
:1084E0001F68BB68434501D800201FE0FB68019C62
:1084F00003EB08139E79DB794FEA08191E44023614
:10850000B44204D3A41B019408F10108E9E728460A
:1085100017F09CFDC4F104043444A04209D21B4866
:1085200001211B4A19F098FF6FF0060003B0BDE867
:10853000F083FB6828464B44997901AA19F0CFFFD4
:10854000FB6828464B44D97901AA19F0C8FF0024DA
:10855000FB684B449B799C420CDB0024FB684B443A
:10856000DB799C42D0DA0021284601AA19F0B7FF36
:108570000134F3E70021284601AA19F0B0FF0134C5
:10858000E6E76FF01500D1E7746D00200479040070
:10859000C3C7040070B50B460546868829B101297A
:1085A00003D06FF00104204670BD09482A460949EE
:1085B00050F83300F1F70CFD044628B10246064995
:1085C000064819F087FFEEE7AB88B342EBD1E8E746
:1085D0003C8704009F24040018CB040004790400A5
:1085E00013B5194817F05BF930B100230090012151
:1085F000164A174817F077F8164817F050F930B1B7
:10860000012300901946114A114817F06CF8124CDA
:10861000D4E8EF3F23F08003C4E8E23F002AF7D11B
:108620000E4817F03CF9024618B10D49084819F0F8
:1086300051FFD4E8EF3F23F40073C4E8E23F002A7F
:10864000F7D102B010BD00BF3CCB04004ACB040000
:108650000479040064CB0400A00A002072CB04005B
:1086600083CB040000210148FFF7BEB8F9240400C1
:1086700008B517F0C4FC80280DD90B4BD3E8AF3FE9
:108680001A060ED4084BD3E8AF3F13F0800F0CBF8F
:108690000120802008BD0306F4D4003818BF012053
:1086A000F8E78120F6E700BFA00A002007B5012AFD
:1086B000ADF8060004D104480DF10601FFF794F867
:1086C00003B05DF804FB00BF6D2B0400F0B5174646
:1086D0004FF420221E4689B002AB04460D4605A881
:1086E00048F21701CDE90623059319F0BBFF9DF869
:1086F000381005A817F0BEFC394605A817F0C1FCD4
:10870000314605A817F0B6FC002329462046009301
:1087100005AAFFF7E9FC20B10121034A03481AF03A
:1087200035F8002009B0F0BDE2CB04003479040034
:10873000F0B517464FF420221E4689B002AB04461E
:108740000D4605A848F24801CDE90623059319F026
:1087500089FF394605A817F08DFC314605A817F0AA
:1087600090FC9DF8381005A817F084FC00232946DA
:108770002046009305AAFFF7B7FC20B10121034A68
:1087800003481AF003F8002009B0F0BD0ACC040039
:1087900034790400F0B516461F464FF4102289B014
:1087A00002AB04460D4605A848F24401CDE9062374
:1087B000059319F057FF394605A817F05BFC3146C1
:1087C00005A817F05EFC002329462046009305AA61
:1087D000FFF78AFC20B10121034A044819F0D6FFB3
:1087E000002009B0F0BD00BF2ECC04003479040095
:1087F0002DE9F04317464FF470221E468BB006ABAE
:1088000004460D4603A848F21F01CDE90423039353
:108810009DF85090DDF84C8019F024FF394603A8EC
:1088200017F028FC314603A817F02BFCBDF84810C0
:1088300003A817F026FCB9F1000F17D0042103A8F4
:10884000F3F71AFAD8F800300360002329462046CF
:10885000009303AAFFF748FC20B10121074A08480A
:1088600019F094FF00200BB0BDE8F083022103A8AB
:10887000F3F702FAB8F800300380E6E74BCC0400C7
:10888000347904002DE9F04F92464FF4A0128BB0DA
:108890009DF858B005460E4602A848F219019946BF
:1088A00005ABCDE9032302939DF85080159C179FDB
:1088B00019F0D8FE594602A817F0DCFB514602A871
:1088C00017F0DFFBBBF1000F21D0072102A8F3F75F
:1088D000D3F900230360C0F80330B8F1000F38D09B
:1088E000042102A8F3F7C8F93B680360002331466E
:1088F0002846009302AAFFF7F7FB20B10121184A8E
:10890000184819F043FF00200BB0BDE8F08F49462E
:1089100002A817F0B6FBA36802A85A7B9B89C2F392
:108920000012C3F30B0343EA0233C3F30C0117F045
:10893000A8FBA36802A8997B17F09CFBA36802A878
:10894000197C17F097FBA36802A8D97B17F092FB5C
:10895000C3E7022102A8F3F78FF93B880380C5E73C
:1089600074CC040034790400F0B5064685B0104696
:1089700015460F4617F04BFB0446284617F03FFB01
:10898000B4F5805F8DF80F0009D323460D4A0E48D9
:10899000012119F0CFFE6FF0150005B0F0BD2046A3
:1089A0000DF10F01FDF7B4F90B289DF80F3001D13F
:1089B000064AECE70090224639463046FFF786FE2D
:1089C000EBE700BF9CCC040034790400B7CC040072
:1089D0007FB5054610460E4617F019FBB0F5805FCF
:1089E000044609D3034601210A480B4A19F0A2FEA6
:1089F0006FF0150004B070BD0DF10F0119F045F9CD
:108A000022460090314628469DF80F30FFF75EFE63
:108A1000F0E700BF347904009CCC040070B50E462A
:108A20004FF4302188B002AB05461046CDE906135D
:108A3000059317F0ECFA03B2002B044608DC194842
:108A40000221194A19F0A2FE6FF0150008B070BD9E
:108A500048F22E0105A819F005FE214605A817F0D9
:108A600010FB012321461A464FF6FF7004F09AFDD1
:108A700080B16422416891FBF2F105A817F013FB65
:108A8000002331462846009305AAFFF72DFB18B9AD
:108A90000020DBE70146F0E70121044A014819F014
:108AA00075FEF5E734790400DACC0400FBCC040051
:108AB00001480DF027BD00BF18130020F7B506468A
:108AC00010460F46154617F0A2FAB0F5805F04462F
:108AD00009D30346144A1548022119F02BFE6FF002
:108AE000150003B0F0BD284617F089FA01280546A5
:108AF00002D903460E4AEEE701462046FDF73EF94D
:108B00000428024603D100230093234605E00A28E7
:108B100008D1022300220093234639463046FFF74E
:108B200007FEDEE70095F0E79CCC040034790400F2
:108B300021CD04007FB5054610460E4617F067FAB2
:108B4000B0F5805F044609D3034601210A480B4A69
:108B500019F0F0FD6FF0150004B070BD0DF10F01BC
:108B600019F09EF89DF80F300246009331462346D7
:108B70002846FFF7DDFDEFE7347904009CCC0400C4
:108B80004FF4002230B589B003AB04460D4605A86A
:108B900048F24301CDE90623059319F063FD002255
:108BA000012102A8FDF702F8022834BF0246012283
:108BB00002A905A819F0C0FD00232946204600930C
:108BC00005AAFFF791FA20B10121034A034819F0E1
:108BD000DDFD002009B030BD3ECD04003479040035
:108BE00070B5064610460D4617F011FAB0F5805FD5
:108BF00004460ED22A88824206D10C2329463046EA
:108C0000BDE87040FFF7C6BD19F035F800232246D5
:108C1000F4E703460121034A034819F08BFD6FF086
:108C2000150070BD9CCC0400347904002DE9F0419E
:108C3000064610460F46154617F0E9F9B0F5805F75
:108C400004460AD2296818F0E8FF2246034639464E
:108C50003046BDE8F041FFF79DBD03460121044ABF
:108C6000044819F067FD6FF01500BDE8F08100BF02
:108C70009CCC0400347904002DE9F04106461046EE
:108C80000F46154617F0C3F9B0F5805F04460AD2C7
:108C90002968FDF70FF82246034639463046BDE8FD
:108CA000F041FFF777BD03460121044A044819F05B
:108CB00041FD6FF01500BDE8F08100BF9CCC0400C1
:108CC000347904002DE9F04714464FF4F002A6B0C1
:108CD00008AB81462046CDE9062305938A4617F066
:108CE00096F903B2002B054609DC30480221304AD0
:108CF00019F04CFD6FF0150026B0BDE8F087204656
:108D000017F085F90746204617F081F905AC0646AD
:108D100048F22C01204619F0A5FC2846FFF784F9FB
:108D2000C8B90121204617F0A5F92946204617F0B9
:108D3000A8F93946204617F0A4F93146204617F025
:108D4000A0F900232246514648460093FFF7CCF98C
:108D500028BB0020D0E73246394619F038FC80465F
:108D600008B90221DEE70021204617F083F92946E1
:108D7000204617F086F93946204617F082F9314629
:108D8000204617F07EF90494D8F8043040461B784A
:108D9000084903AAADF80C3019F043FCD1E70121D2
:108DA000054A024819F0F2FCD3E700BF3479040009
:108DB00059CD0400998E020074CD04002DE9F043D2
:108DC00014464FF4F002A7B008AB80462046CDE928
:108DD00006230593894617F01AF903B2002B0546BE
:108DE00009DC29480221294A19F0D0FC6FF015004E
:108DF00027B0BDE8F083204617F009F905AC064618
:108E000048F22A01204619F02DFC2846FFF70CF9FC
:108E1000A8B90121204617F02DF92946204617F060
:108E200030F93146204617F02CF9002322464946F6
:108E300040460093FFF758F9F8B90020D8E73146CB
:108E400019F0DCFB074608B90221E3E700212046C0
:108E500017F010F92946204617F013F9314620463D
:108E600017F00FF904947B6838461B78084903AA69
:108E7000ADF80C3019F0D5FBD7E70121054A0248BF
:108E800019F084FCD9E700BF3479040059CD0400FF
:108E9000998E0200A2CD0400F8B5436804461A7802
:108EA0000B880E469A421CD00120F8BD6369706899
:108EB000D95B17F0E6F80135238BAB42F4DD63692B
:108EC0006F0033F81530002BF5D0706817F0BEF83E
:108ED0000528EBD804480221044A19F057FC002069
:108EE000E3E70025E8E700BF34790400C9CD0400BA
:108EF00030B50D464FF4002189B003ABCDE9061320
:108F00001268059313780446012B08D916480221EC
:108F1000164A19F00FFC6FF0150009B030BD5178FA
:108F20001846FBF73FF848F2280105A819F09AFB0C
:108F3000FBF79EF8014605A817F09CF8FBF7A2F88E
:108F4000014605A817F096F800232946204600930D
:108F500005AAFFF7C9F808B90020DEE70121044A95
:108F6000014819F013FCF7E734790400E0CD040060
:108F7000FBCD04004FF4002230B589B003AB0446AA
:108F80000D4605A848F22801CDE90623059319F0FE
:108F900069FBFBF76DF8014605A817F06BF8FBF7C6
:108FA00071F8014605A817F065F800232946204608
:108FB000009305AAFFF798F820B10121034A04485D
:108FC00019F0E4FB002009B030BD00BF20CE040042
:108FD0003479040070B514464FF4E02288B003AB36
:108FE000CDE9062305932368054618780E46FAF75F
:108FF000BDFF48F2250105A819F034FB236805A838
:10900000197817F037F8002331462846009305AA4F
:10901000FFF76AF820B10121034A044819F0B6FBB2
:10902000002008B070BD00BF4CCE040034790400AD
:10903000F0B515464FF4E02289B003ABCDE9062325
:1090400005932B68064618780F46FAF747FF044643
:1090500048B12B6802211B780F4A104819F06AFBAF
:10906000204609B0F0BD48F20E0105A819F0FAFA41
:109070002B6805A8197816F0FDFF234639463046BF
:10908000009405AAFFF730F80028E9D00121044A2E
:10909000024819F07BFBE3E773CE04003479040047
:1090A00097CE040070B514464FF4E02288B003ABAD
:1090B000CDE906230593236805461B780E46012B50
:1090C00008D913480221134A19F034FB6FF0150038
:1090D00008B070BD03F00100FAF782FE48F20B0100
:1090E00005A819F0BFFA236805A8197816F0C2FF81
:1090F000002331462846009305AAFEF7F5FF08B97C
:109100000020E5E70121044A014819F03FFBF7E799
:1091100034790400C2CE0400E5CE040070B50E46DA
:109120004FF430218AB004AB05461046CDE9081350
:10913000079316F06CFFB0F5805F044609D3034631
:1091400001212048204A19F0F5FA6FF015000AB005
:1091500070BD07A848F2020119F084FA204618F001
:1091600055FD88B9042107A816F084FF214607A8F9
:1091700016F087FF002331462846009307AAFEF722
:10918000B3FFC0B90020E2E7002107A816F072FF84
:10919000214607A816F075FF012203A900232046E7
:1091A000FDF76EF9022834BF0246012203A907A881
:1091B00019F0C2FADEE70121044A024819F0E6FA82
:1091C000E0E700BF347904009CCC040012CF040017
:1091D0000121024A024819F0D9BA00BF2DCF04007C
:1091E000347904004FF4C02230B589B003AB044693
:1091F0000D4605A848F24A01CDE90623059319F06A
:1092000031FA0023294600932046054B05AAFEF7B4
:109210006BFF08B1FFF7DCFF002009B030BD00BFD5
:109220004C87040008B50121034A044819F0AEFA3E
:109230006FF0150008BD00BF4ECF04003479040064
:109240000121024A024819F0A1BA00BF83CF0400ED
:109250003479040038B5136804461B780D46012B99
:1092600008D81846FAF75EFE29462046BDE8384081
:1092700019F0C0BA0221034A034819F05BFA6FF0F3
:10928000150038BDA0CF04003479040008B50121D1
:109290000346044A044819F04DFABDE80840034863
:1092A0000DF030B9BCCF040034790400181300204D
:1092B0002DE9F04314464FF488128DB007ABCDE989
:1092C00005230493A388074623F002039BB2042BD3
:1092D000884609D035480121354A19F057FA6FF010
:1092E00079000DB0BDE8F083204616F090FE03B281
:1092F000002B064607DC2D4802212E4A19F046FABB
:109300006FF01500EDE7D4F80090FEF78DFE0546EE
:1093100058BBA38801241A1F534253418DF80F30C4
:109320009DF80F3063B348F24E0104A819F09AF982
:10933000214604A816F09EFE314604A816F0A1FEB0
:109340000422494604A816F089FE25B12A8AE96854
:1093500004A819F0F1F9002341463846009304AA05
:10936000FEF7C2FED8B90020BBE721460DF10F027F
:1093700019F069FAB0FA80F4640905466400CFE791
:1093800048F24C0104A819F06DF9214604A816F022
:1093900071FE314604A816F074FE0222D1E70121C5
:1093A000054A024819F0F2F9DDE700BF34790400FC
:1093B000E6CF040059CD040020D004002DE9F0438D
:1093C0009388064623F002039BB2042B0F46914676
:1093D00087B009D021480121214A19F0D7F96FF04F
:1093E000790007B0BDE8F083104616F010FE03B216
:1093F000002B054607DC194802211A4A19F0C6F964
:109400006FF01500EDE7D9F80080FEF70DFE044679
:1094100048B9B9F804301A1F5342534101228DF85C
:10942000173023460AE049460DF1170219F00BFAEE
:10943000044678B183687BB100229B88CDE902287D
:109440009DF817203946009230462A460194FFF7CE
:1094500019FAC6E70222E4E70722EFE734790400AD
:10946000E6CF040059CD04002DE9F041938806466B
:1094700023F002039BB2042B0F46144686B009D09A
:1094800021480121214A19F081F96FF0790006B0D5
:10949000BDE8F081104616F0BAFD03B2002B054678
:1094A00007DC194802211A4A19F070F96FF015000B
:1094B000EDE7D4F80080FEF7B7FD90B9A3881A1F36
:1094C0005342534101228DF817309DF81730394629
:1094D000CDE901830023304600932B46FFF788F93E
:1094E000D5E721460DF1170219F0ADF9044640B158
:1094F0000022084919F095F8204619F09FF800223B
:10950000E3E70222E1E700BF34790400E6CF04007C
:1095100059CD04002B2704002DE9F043938807461A
:10952000062B8846144687B00BD0082B09D02A4852
:1095300001212A4A19F02AF96FF0790007B0BDE835
:10954000F083204616F063FD03B2002B054607DCCE
:1095500021480221224A19F019F96FF01500EDE7B0
:10956000204616F054FD06462846D4F80090FEF733
:109570005BFD88B9A3881A1F534253418DF81730F9
:1095800001229DF817304146CDE9019338462B461C
:109590000096FFF72DF9D1E721460DF1170219F0DA
:1095A00052F9044698B143F6FE7206F580439BB229
:1095B0009342E5D8038B63B100220A4919F031F8D0
:1095C000636920461E8019F039F80022D9E702228B
:1095D000D7E70522D5E700BF34790400E6CF0400C1
:1095E00059CD04002B2704002DE9F0479388064647
:1095F00023F002039BB2142B0F46924686B009D08B
:1096000032480121324A19F0C1F86FF0790006B0F2
:10961000BDE8F087104616F0FAFC03B2002B0546B1
:1096200007DC2A4802212B4A19F0B0F86FF0150028
:10963000EDE710215046F2F705FB80462846DAF8A0
:109640000090FEF7F1FC0446A0B94FF00108BAF80B
:1096500004301A1F534253418DF813309DF81330D4
:109660004246CDE9019339462B4630460094FFF738
:10967000BFF8CCE751460DF1130219F0E4F8824629
:10968000E0B1048BF4B1404605A901F017F980461A
:10969000B0B902461049504618F0C3FF059ADAF8EF
:1096A0001430528850461A80059BDAF81C20043387
:1096B000136018F0C3FF059B5C88CFE74FF00208EA
:1096C0000024CBE74FF00508C8E700BF3479040059
:1096D000E6CF040059CD04002B2704002DE9F04704
:1096E0009388064623F002039BB2142B0F46924642
:1096F00086B009D038480121384A19F047F86FF090
:10970000790006B0BDE8F087104616F080FC03B281
:10971000002B054607DC30480221314A19F036F8A3
:109720006FF01500EDE710215046F2F78BFA8146F5
:109730002846DAF80080FEF777FC044698B9BAF8B4
:10974000043005901A1F5342534101228DF8133003
:109750009DF813303946CDE9018330462B460094FD
:10976000FFF746F8CDE751460DF1130219F06BF8FB
:109770000446059070B3484601F048F9044610B914
:109780000C220024E4E700F1040A514605A8FEF784
:1097900059FD0028F4D00023059AB2F818C063459B
:1097A00009DA5169B4F802E031F81390F1450FD1AC
:1097B000002221F813204FF00009C0F8009005980E
:1097C00018F03CFF5046648801F0B8F84A46BFE7FD
:1097D0000133E4E70222BBE734790400E6CF04005A
:1097E00059CD04002DE9F0479388064623F0020383
:1097F0009BB2142B0F46924688B009D041480121F4
:10980000414A18F0C3FF6FF0790008B0BDE8F08757
:10981000104616F0FCFB03B2002B054607DC394866
:1098200002213A4A18F0B2FF6FF01500EDE710215F
:109830005046F2F707FA81462846DAF80080FEF72C
:10984000F3FB0446A8B94FF00109BAF804300790B9
:109850001A1F534253418DF817309DF817304A466E
:10986000CDE9018339462B4630460094FEF7C0FF10
:10987000CBE751460DF1170218F0E5FF04460790BB
:1098800000283CD0484606A901F018F8814610BBD4
:10989000069907A80431FEF7D5FC30B106980430CC
:1098A00001F04CF8069B5C88D7E7494607A8FEF70D
:1098B000C9FC50B14B460799B1F818C063450CDBA1
:1098C0000022069B92B9181D01E00698043001F0B1
:1098D00035F84FF005090024BFE74C6904EB43025B
:1098E00034F81340002CECD00133E7E75B88138099
:1098F000069B04330360079818F0A0FED2E74FF0F0
:109900000209AAE734790400E6CF040059CD040027
:109910002DE9F04393880746062B8846144687B006
:109920000BD0082B09D029480121294A18F02EFF15
:109930006FF0790007B0BDE8F083204616F067FBB2
:1099400003B2002B054607DC20480221214A18F00B
:109950001DFF6FF01500EDE7204616F058FB064698
:109960002846D4F80090FEF75FFB90B9A3880590D5
:109970001A1F534253418DF8133001229DF81330C2
:109980004146CDE9019338462B460096FEF730FF5D
:10999000D0E721460DF1130218F055FF059090B164
:1099A00043F6FE7206F580439BB29342E5D83146FA
:1099B00005A8FEF733FC20B100230380059818F0BA
:1099C0003DFE0022DAE70222D8E700BF3479040026
:1099D000E6CF040059CD04002DE9F04393880746F3
:1099E000062B8846144687B00BD0082B09D02C488C
:1099F00001212C4A18F0CAFE6FF0790007B0BDE8CB
:109A0000F083204616F003FB03B2002B064607DC6A
:109A100023480221244A18F0B9FE6FF01500EDE743
:109A2000204616F0F4FA05463046D4F80090FEF7CA
:109A3000FBFA90B9A38805901A1F534253418DF841
:109A4000133001229DF813304146CDE90193384689
:109A500033460095FEF7CCFED0E721460DF1130208
:109A600018F0F1FE0590B0B143F6FE7205F58043A3
:109A70009BB29342E5D8294605A8FEF7CFFB0146E5
:109A800038B905A8FEF7CAFB38B10580059818F06B
:109A9000D5FD0022D6E70222D4E70522D2E700BF97
:109AA00034790400E6CF040059CD04000121024AB4
:109AB000024818F06BBE00BF4ED004003479040099
:109AC0000121024A024818F061BE00BF7CD00400A8
:109AD0003479040070B5136805461B780E46012BD7
:109AE00014460ED81846FAF7BDF923681B7813B14F
:109AF000002017F09DFE31462846BDE8704018F062
:109B0000E5BE0221034A044818F014FE6FF0150068
:109B100070BD00BF9DD00400347904000121024AC9
:109B2000024818F033BE00BF97CE04003479040019
:109B30000121024A024818F029BE00BFE5CE040008
:109B4000347904002DE9F04714464FF470228AB0AE
:109B500006ABCDE904230393A3880746062B88466A
:109B60000BD0082B09D040480121404A18F00EFEC6
:109B70006FF079000AB0BDE8F087204616F047FA8A
:109B800003B2002B064607DC37480221384A18F09A
:109B9000FDFD6FF01500EDE7204616F038FA05469A
:109BA0003046D4F80090FEF73FFAD0B9A3881A1FC8
:109BB000534253418DF80B3001233246CDE9003931
:109BC0009DF80B102B4603A818F0E8FE0023414631
:109BD0003846009303AAFEF787FA00283ED10020FA
:109BE000C8E721460DF10B0218F02DFE824688B31E
:109BF00043685C8814F0100406D001211D4A1A48FD
:109C000018F0C4FD0D23D8E72846FCF731FC18B343
:109C1000BAF81020944206DB00234FF6FF709A42F8
:109C200009DC0523C9E7DAF80C3033F81430AB420D
:109C30000CD00134EEE7DAF80C1031F8134084420E
:109C400006D1504621F8135018F0F0FC0023B4E779
:109C50000133E4E70223B0E70323AEE70121064A1C
:109C6000014818F093FDBAE734790400E6CF040008
:109C700059CD0400BDD00400EFD004002DE9F0431D
:109C800014464FF470228BB006ABCDE90423039346
:109C9000A3880746062B88460BD0082B09D02748F7
:109CA0000121274A18F072FD6FF079000BB0BDE872
:109CB000F083204616F0ABF903B2002B054607DC13
:109CC0001E4802211F4A18F061FD6FF01500EDE7F4
:109CD000204616F09CF906462846D4F80090FEF778
:109CE000A3F9C8B90120A3881A1F534253418DF824
:109CF0000B3033462A46CDE900099DF80B1003A826
:109D000018F04CFE002341463846009303AAFEF7A4
:109D1000EBF968B90020C9E721460DF10B0218F0F4
:109D200092FD18B1314618F0F1FEE2E70220E0E7BB
:109D30000121054A014818F029FDEBE734790400B8
:109D4000E6CF040059CD04001DD104002DE9F04FE9
:109D50009388814623F002039BB2192B8A4614464E
:109D60008BB009D041480121414A18F00FFD6FF036
:109D700079000BB0BDE8F08F104616F048F903B239
:109D8000002B064607DC02213A4A384818F0FEFC50
:109D90006FF01500EDE710212046F1F753FF8346E1
:109DA000204616F034F98046204616F028F9A0F136
:109DB0008003DBB27E2B074606D8034601212E4ADC
:109DC0002A4818F0B7FCE3E7204616F018F9069089
:109DD000204616F014F92368079030460593FEF7E5
:109DE00023F90546B0B9A3884FF0010B04461A1FAA
:109DF000534253418DF82330059B3246CDE902B3DF
:109E00009DF8233051460093484623460195FEF7BE
:109E100039FDAEE721460DF1230218F014FD054689
:109E2000F0B1584609A900F049FD8346E0B9099A06
:109E3000079B54880393069B2146CDE90173C8F321
:109E4000003300932846C8F30B03043218F0D1FD09
:109E500083460028D0D00998043000F06FFDCBE78E
:109E600004464FF0020BC7E70024C5E7347904002D
:109E7000E6CF040059CD04004DD104002DE9F04F88
:109E800093888BB00B2B8A46144606900BD00D2B73
:109E900009D036480121364A18F078FC6FF0790075
:109EA0000BB0BDE8F08F204616F0B1F803B2002BDE
:109EB000064607DC02212F4A2C4818F067FC6FF099
:109EC0001500EDE7204616F0A2F80746204616F0EA
:109ED0009EF88046204616F092F8A0F18002D2B299
:109EE0007E2A814606D803460121234A1F4818F0DE
:109EF00021FCE4E7204616F082F80790204616F091
:109F00007EF82368834630460593FEF78DF80546B4
:109F1000A0B90120A3881A1F534253418DF827305E
:109F2000059B3246CDE902039DF827305146009348
:109F300006983B460195FEF7A5FCB1E721460DF1D9
:109F4000270218F080FC054670B1079B0022CDE97E
:109F50000193C8F3003300933946CDF80CB0C8F331
:109F60000B0318F046FDDBE70220D9E73479040043
:109F7000E6CF040059CD04004DD10400F0B50F46E2
:109F80004FF4F001A5B006AB06461046CDE9041328
:109F90000393FEF76DFB0546022103A818F062FB50
:109FA000294603A816F066F81B4BD3E8AF3F1A0604
:109FB0001BD52B0619D4BDF812302946043B03A843
:109FC000ADF81230FEF7E6FA0446BDF8123004335D
:109FD000ADF8123084B101212B46104A104800948C
:109FE00015F081FB204625B0F0BD0022294603A8CC
:109FF000FEF764FA0446EDE72346394630460094FE
:10A0000003AAFEF771F80028ECD00121054A0448A4
:10A0100018F0BCFBE6E700BFA00A002066D10400F0
:10A020003479040082D10400F0B517464FF42022A1
:10A030001C4689B002AB05460E4605A848F203014E
:10A04000CDE90623059318F00DFB394605A816F057
:10A0500011F8BDF8381005A841EA043189B216F0AC
:10A0600010F8C4F3071105A816F004F800233146D0
:10A070002846009305AAFEF737F820B10121034ACC
:10A08000034818F083FB002009B0F0BDB4D10400F0
:10A0900034790400F0B517464FF470221C468BB09B
:10A0A00006AB05460E4603A80621CDE9042303931B
:10A0B00018F0D8FA394603A815F0DCFF218803A868
:10A0C00015F0DFFF2788B7B9072103A8F1F7D4FD02
:10A0D0000760C0F80370002331462846009303AAA6
:10A0E000FEF702F820B101211C4A1D4818F04EFB72
:10A0F00000200BB0F0BD618879B101290DD04FF679
:10A10000FE73994225D04FF6FF73994223D001394F
:10A11000B1FA81F1C1F12101C9B203A815F0AAFF7A
:10A12000E16821B1B1FA81F1C1F12001C9B203A8FE
:10A1300015F0A0FF217903A815F09CFFE18803A882
:10A1400015F09FFF218903A8C1F30B0115F099FFBA
:10A15000C1E71121E1E7FF21DFE700BFDBD1040008
:10A160003479040070B514464FF470228AB006ABFF
:10A1700005460E4603A848F23C01CDE904230393AB
:10A1800018F070FA002103A815F074FF218903A8C4
:10A1900015F077FF618903A815F073FF616821B19D
:10A1A000B1FA81F1C1F12001C9B203A815F062FF33
:10A1B0004FF6FF73A189994220D021B1B1FA81F104
:10A1C000C1F12001C9B203A815F054FFA17B03A877
:10A1D00015F050FFE17B03A815F04CFF002331463A
:10A1E0002846009303AAFDF77FFF20B10121044A0E
:10A1F000044818F0CBFA00200AB070BDFF21E2E756
:10A2000007D20400347904002DE9F043064685B0F6
:10A21000104614460F4615F0FAFE8046204615F00B
:10A22000F6FE8146204615F0EAFE1128054608D9BB
:10A23000034602211B4A1C4818F07CFA6FF01505F2
:10A2400026E02BD040B30124431E9C40A4B22246FA
:10A2500049464046FCF7D6FB0028EFD16846FCF79C
:10A260003DFCBDF8083003B115B97F238DF80E30E1
:10A270006A4639463046FFF775FF054640B9BDF8D6
:10A2800008302BB1BDF80A3013B10CB9FCF720FC33
:10A29000284605B0BDE8F0830446D8E74FF4803483
:10A2A000D5E700BF34D204003479040030B5126819
:10A2B00085B013880D46ADF8003099B29378044606
:10A2C000112B45D053B1FF2B17BF01204FF6FF7361
:10A2D00003F1FF3300FA03F318BF9BB2ADF802306D
:10A2E000D378112B37D053B1FF2B17BF01204FF676
:10A2F000FF7303F1FF3300FA03F318BF9BB203931C
:10A30000137981F400418DF80430B2F80530B1F5CD
:10A31000804FADF80630B2F8070083B2ADF8080000
:10A320002BD391781239C9B2EC2928D9D1781129C7
:10A3300025D8127982F080017E290FD81346114A60
:10A340001148012118F0F6F96FF0150005B030BD85
:10A350004FF6FE73C2E74FF48033D0E7B3F5805F6A
:10A3600001D30A4AECE76846FCF7BAFA02466B46A4
:10A3700029462046FFF78EFEE8E70122F7E70F2285
:10A38000F5E700BF4DD10400347904009CCC0400F3
:10A3900000210148FDF728BA952704004FF4E02278
:10A3A0002DE9F04389B003ABCDE90623059343685B
:10A3B000054658680F4618300DF0CEFE4FF47A76F9
:10A3C0000446894605A848F2070118F04BF9A4FB9A
:10A3D000060147F61222002306FB0911E7F722F8CF
:10A3E000B0FBF6F14FF00008C9B205A815F042FE27
:10A3F000434639462846CDF8008005AAFDF774FE8D
:10A4000020B10121034A044818F033FC002009B0B0
:10A41000BDE8F0836AD204006C79040010B50446EC
:10A42000104615F0ECFD0F28034607D90748022116
:10A43000074A15F04EF96FF0150010BDA268517C67
:10A4400060F3030151740020F7E700BF6C7904004A
:10A450008AD2040038B5436804465D683DB90E4AA7
:10A460000E48012118F005FC6FF0150038BD836817
:10A470000BB90B4AF4E70B4A0B49DA6105F1080006
:10A480000CF032F92C6063681B780BB10020EDE70B
:10A49000064B1D60FAE700BFA5D204006C790400EA
:10A4A000C7D20400C5A40200612C0400786D00200E
:10A4B0000121024A024818F0DCBB00BFF0D20400C0
:10A4C0006C7904002DE9FF47D0F808904368D9F86B
:10A4D0001850042107462846D3F804A018F0C2F803
:10A4E00001212846F1F7C8FB022106462846F1F76C
:10A4F000C3FB0446FDF78CFEDAF804308046002BDF
:10A5000040D01B68002B3DD0284615F09FFD2A68DF
:10A51000DAF80410AB888DF80D000DF10D000090F5
:10A520001344D1F800A0384631460DF10E02D04751
:10A53000034670B10121164A164815F0CAF8B8F85A
:10A54000003023701B0A6370002333708DF80D30C8
:10A5500009E0BDF80E30284623701B0A9DF80D1047
:10A560006370F1F789FB9DF80D300020003B18BFA8
:10A57000012399F80D2063F3861289F80D2004B0A9
:10A58000BDE8F0870221044A024818F072FBD6E7C2
:10A5900014D304006C79040032D304002DE9FF4188
:10A5A000144643680F46064605211046D3F804803A
:10A5B00018F058F801212046F1F75EFB39460546B0
:10A5C000204615F05EFDD8F804303BB35B682BB332
:10A5D000204615F03BFD04382268D8F80410A38803
:10A5E0008DF80F000DF10F0000901344D1F8048096
:10A5F0002A4639463046C047034638B101210A4A47
:10A600000A4815F066F800232B7004E020469DF8F8
:10A610000F10F1F731FB04B0BDE8F0810221044ACC
:10A62000024818F026FBEEE714D304006C7904000E
:10A6300032D304002DE9F04314464FF4F002A5B0E4
:10A6400006ABCDE904230393436805462046D3F8BF
:10A6500004900F4615F0D3FC8046204615F0D7FC39
:10A66000D9F8043006468BB1DB687BB1024641461F
:10A6700028469847044648B1022103460E4A0F482F
:10A6800015F027F8204625B0BDE8F083314628466E
:10A6900003AAFFF783FF002339462846009303AA45
:10A6A000FDF722FD08B90024ECE70121044A034824
:10A6B00018F0DFFAF7E700BF51D304006C7904000B
:10A6C00077D30400F0B50E464FF4F001A5B006AB09
:10A6D000CDE9041303934368044610465F6815F000
:10A6E00096FC7B6805467BB92946204603AAFFF7FE
:10A6F00055FF002331462046009303AAFDF7F4FCE2
:10A7000058B9002025B0F0BD9B68002BECD0014665
:10A71000204698470028E7D0F4E70121024A034881
:10A7200018F0A7FAEDE700BF77D304006C790400B6
:10A7300030B50D464FF4F001A5B006AB0446104607
:10A74000CDE90413039315F062FC03AA01462046E9
:10A75000FFF724FF002329462046009303AAFDF7B4
:10A76000C3FC20B10121034A034818F082FA0020FB
:10A7700025B030BD77D304006C79040070B50C4669
:10A7800038BB154B1D6835B90221BDE87040134A2E
:10A79000134818F06EBA286824B16B6813B11B69AE
:10A7A00003B198474FF47A7347F6122640F2E73028
:10A7B00000215C434FF47A720023E4FB0601E6F7C4
:10A7C00031FE02460B4605F10800BDE870400CF072
:10A7D000CFB843685D68DFE7786D0020A5D304003B
:10A7E0006C7904002DE9F041884616461F4686B074
:10A7F000294BD3E8AF4F14F0010407D050B9012121
:10A80000264A274814F05CFF6FF00104204606B08A
:10A81000BDE8F0811022002113F0F6FA0546B8F1E8
:10A82000000F06D11F4A02211D4814F049FF0024E1
:10A83000ECE714233946304601AA01F01DFF044617
:10A8400028B10121184A164814F03AFFDEE7BDF896
:10A8500004600EB9154AE6E7ADB2A5B9144A02ACD8
:10A8600006AD234603CBAB42106051601C4602F19B
:10A870000802F6D10F4BBDF806205A801A8866F3FD
:10A880000E021A80D3E702210B4A054814F018FF84
:10A890006FF06804BAE700BFA00A00202EA00400F1
:10A8A000E4790400D3D30400F3D3040013D40400E8
:10A8B000BA7B0020B67B002037D4040070B51D4C55
:10A8C000034622880D46C2F30E0292B11022211DCA
:10A8D0001CF07EF958BB05B12C6023880920013398
:10A8E0006FEA43436FEA5343238001F0EBFE0020FD
:10A8F00011E00246211D103052F8046B824241F8EB
:10A90000046BF9D10C4E18463146FCF7E9FA18B140
:10A9100000231020638070BD48F20103092026F84F
:10A92000023C01F0CFFE002DE1D02C60DFE70520D6
:10A93000F1E700BFB67B0020B87B002008B5104BC4
:10A94000021F9A4219D314339A4216D230F8043CAB
:10A95000C3F30E028AB103F5FF427F3262F30E03A6
:10A9600020F8043CC3F3072343F0800300F8033CC2
:10A97000092001F0A7FE002008BD0C20FCE700BF65
:10A98000B67B0020034670B5194839B30C1F8442CA
:10A990000AD300F11405AC4206D21426241AB4FBE3
:10A9A000F6F506FB154545B1124913487F2213F011
:10A9B000FCFF7F210F4813F0EFFF104DA4106C43F4
:10A9C00005884088C5F30E0554B94DB1984200D0B2
:10A9D00033B929B902B11080094870BD0C46EFE7C0
:10A9E00008480221084A14F074FE0020F5E700BF71
:10A9F000B67B00204DD40400E1920400CDCCCCCC39
:10AA0000BA7B0020E47904007BD4040010B5074C25
:10AA100001462388C3F30E0038B11022201D1CF01C
:10AA2000D7F800280CBF2046002010BDB67B0020C0
:10AA300040B9054830F8043BC3F30E03002B08BFB0
:10AA40000020704700207047B67B0020124A031F89
:10AA5000934210B51DD302F11404A34219D230F869
:10AA6000040CC0F30E00A0B19B1A1422B3FBF2F049
:10AA700002FB103040B109490948D12213F095FF7B
:10AA8000D121064813F088FF064A9B1053430B80E0
:10AA900010BD6FF00100FBE7B67B00204DD4040031
:10AAA000E1920400CDCCCCCC0023F0B5294C8BB086
:10AAB000294D00AF94F901200BB9002A02DB2C3795
:10AAC000BD46F0BD6278122163F3C712627038464A
:10AAD0002A4613F06DF92388C3F30E0212BB3846E1
:10AAE00014F0DDFE0028EAD022881C491C4B6E467B
:10AAF000C2F30E028AB0002A08BF0B466A46194903
:10AB0000C2E90770C2E90513174B5362174B42F8AD
:10AB1000103F00234FF441511548EEF777FE012313
:10AB2000B546C7E7C3F30E03BB82638807F1180677
:10AB3000FB82104B03F1100C324618685968083339
:10AB400003C263451646F7D114223846B918EFF709
:10AB5000EFF9C7E7B67B0020AAD404009DD4040017
:10AB6000A4D40400B8D404000002010305000002CC
:10AB7000E4790400BA7B0020054A1388C3F30E036E
:10AB800013B14FF400431380092001F09BBD00BFB7
:10AB9000B67B00202DE9F74F90469946002200230E
:10ABA000CDE900230446827A8A4601200021DDF89F
:10ABB00030B0F9F79DFB054648B90121344A3548C4
:10ABC00018F0E3F86FF0680003B0BDE8F08F00F113
:10ABD000140609213046F0F7E3FFBBF1000F26D041
:10ABE0009BF8001001F07F010127304615F042FA72
:10ABF000BAF80420DAF80010304615F02FFA63682E
:10AC00009A882368188800970023218903F0BEF8EA
:10AC100038BB6368B3F90430002B14DD39461E4A93
:10AC20001C4818F0B2F82846F9F734FBCAE7636805
:10AC30005F880337BFB2012F89BFE17A594689087F
:10AC400041F04001D0E70221144A124818F09DF863
:10AC50004B4642462946204603B0BDE8F04FFAF77E
:10AC600011BB00223B4611462046009603F070F9C6
:10AC70000028EDD06368B3F90430002BE8DD2846E6
:10AC8000F9F708FB4046494618F06DF800209BE7AD
:10AC9000EDD40400DC79040001D5040022D50400C1
:10ACA0002DE9F04391460E220D4604468BB000215B
:10ACB000DDE912670DEB020098461BF081FF6FEA99
:10ACC0009510238900F00100ADF80A3063898DF8F2
:10ACD00008008DF80990ADF80C30C7B13A6922F040
:10ACE0007F42174B0492227F1B6802F001015B1A1E
:10ACF00005935306CDE9078609970AD412F0800F11
:10AD00000CBF6FF0050000200BB0BDE8F083A26916
:10AD1000E7E702AB009322460A4B05F03F01FBF741
:10AD20001BFC4FF6FF739842E08006D0069B31462D
:10AD3000E360201D17F078FCE6E76FF00C00E3E716
:10AD4000980A0020852E04002DE9F843044630308F
:10AD50000D460BF013FE04F160000BF00FFE94F9AA
:10AD60001F30002B15DA0123E27F02F01F020132AF
:10AD70009340626A013B9A420BD00221154A164861
:10AD800018F003F8628B218B206804F1100303F0A4
:10AD900093F900262746B146DFF8408057F8041F94
:10ADA00021B140460AF058FCC7F80090E37F013615
:10ADB00003F01F029642F1DD6FF38613E37735B19E
:10ADC000002000210023C4E904012360A361BDE841
:10ADD000F88300BF3BD50400DC790400E4170020B1
:10ADE00010B504460221064A064817F0CEFF00219E
:10ADF000A4F16000FFF7A8FF002344F83C3C10BD1D
:10AE000069D50400DC79040070B50A24134B90F86E
:10AE10004B2093F8E43100F1600503FB044490F803
:10AE20004A308C4294BF0024641A9A4212D847F6E2
:10AE3000122640F2E73000214FF47A720023E4FB3F
:10AE40000601E6F7EFFA02460B462846BDE87040D9
:10AE50000BF08EBD00221346F7E700BF980A0020D2
:10AE60002DE9F0410446002560300BF087FD0020FD
:10AE700000212646A84694F85020C4E91555C4E997
:10AE80000C0165F300021C4F25602564A4F84450B2
:10AE900084F8502094F84C308BB156F8041F49B117
:10AEA00038460AF0D9FBC6F8008094F84C30013BD4
:10AEB00084F84C3094F84A300135AB42EADA00218C
:10AEC00094F8503084F84C1023F0600384F850302C
:10AED0000A4BD3E8EF2F22F04000C3E8E40F002C28
:10AEE000F7D1520605D5BDE8F04153F8080CEBF751
:10AEF0009FBFBDE8F08100BFE4170020A00A00203A
:10AF00002DE9F0410446D0E9156716480D4690F842
:10AF100050308442B0F84010B0F8422003F0010CE9
:10AF200013D0BCF1000F10D0B4F840C08C450CD148
:10AF3000B4F84210914208D16FF3000380F850300A
:10AF40000022002360300BF013FD2046FFF788FF3E
:10AF500036B1736823B139462846BDE8F041184739
:10AF6000BDE8F081B84B0020F0B590F84C300446B5
:10AF70008BB0002B3CD005AB1422002118461BF0EF
:10AF80001FFE22680346118894F85050ADF8141043
:10AF900045F34001ADF81610012194F84F60CDE95A
:10AFA0000223B4F84200B4F840308DF8246094F8DD
:10AFB000486094F84920ADF81800ADF8103000B2A0
:10AFC000C5F3001343EA860300288DF822108DF89C
:10AFD00012208DF813300DDD94F84E307BB9534AB2
:10AFE000534817F0D2FE6FF073012046FFF788FF39
:10AFF0000BB0F0BD94F84D302BB91946F5E794F835
:10B000004D30002B42D094F84A6094F84B10B14276
:10B010003ED90022013B904284F84B2084F84D3009
:10B0200007DD6B065EBF94F84E3003F1FF3384F802
:10B030004E3017F018FF94F85030A26B13F0400F09
:10B040003C4EA0EB020156D00A2596F8E4616FF35E
:10B05000861306FB055584F85030A94238BF121AF2
:10B0600047F6122640F2E7304FF0000138BFAD1826
:10B0700000234FF47A72E5FB0601E6F7D3F90246A6
:10B080000B4604F160000BF073FCB1E72A4AA7E716
:10B0900004EB81077F681FB9013184F84B10B4E7D6
:10B0A00000200021CDE9000100210120F9F720F95D
:10B0B00005460028BDD000F1140609213046F0F7FE
:10B0C0006FFD3246204694F84B1017F060FE234681
:10B0D00029461A4A02A8FAF7D5F80028A9D194F807
:10B0E0004B30013384F84B3094F8503060F38613C2
:10B0F00084F850307CE7B4F94230002B10DD96F82C
:10B10000E75194F84F30013543B196F8E861013BBF
:10B1100006FB03332B4419255D439EE71923FBE708
:10B12000192596F8EA3103FB055596E785D5040005
:10B13000DC790400980A0020B5D504004C8A04008C
:10B140002DE9F04F8C4C91B0CDE9032394F84C30AD
:10B1500005460E461A9FD3B91FBB43684FF00C0833
:10B160005B8803339BB2012B91BF8023C37AC3F367
:10B17000850363F03F0384F848300389A4F8403026
:10B1800043689B88A4F842308B88013B19E07B48D8
:10B1900001217B4A17F0F9FD6FF00F0011B0BDE8F7
:10B1A000F08F4FF008083B7863F07F0384F8483055
:10B1B0000389A4F8403043689B88A4F842308B8808
:10B1C000013B93FBF8F30022DBB284F84A3084F8A9
:10B1D0004B20B2886B49A4F846200A46013384F814
:10B1E0004C3052F8083BD2E8AF2FC2F3C0029B1A92
:10B1F0004A68180A42EA0362C4E90C20039B2868E3
:10B200006365049B2060A365B4F94230B4F8422022
:10B21000002BCCBF91F8E53191F8E9310133DBB275
:10B2200084F84D3091F8E63194F85010013384F8E9
:10B230004E30AB7A84F84930EB7AC3F3400363F3C2
:10B2400082013B1E18BF012384F85010E97A5B008D
:10B25000C1F3000143EA011394F8501021F03B01BF
:10B260000B4384F850306B681B7C84F84F3094F8A3
:10B270004A3000880133DBB200932989424B02F047
:10B2800085FD18B9B4F94230002B19DC3E4B002F74
:10B290000CBF1A4600224FF0000A303B059206937D
:10B2A000B3885FFA8AF9CBB963683348002B60D161
:10B2B000FFF7D6FDDDE9030117F055FD00206DE72E
:10B2C00094F84A3001330121304A2C4814F001FA35
:10B2D0002948FFF7C5FD6FF068005FE700220023F3
:10B2E0002B4808A90AF046F9074628B10121294A46
:10B2F000224817F04AFDEBE7B2883046424528BFA6
:10B3000042461146DDF820B00792F0F79BFC079A01
:10B31000014658461BF02DFC4FF48012089B04EBAD
:10B32000890BCBF804300CABCDE90A2349460698CB
:10B3300009AA099317F02BFD94F84A1009AA4B1C8F
:10B34000009249450CBF022101212846059ADBB233
:10B3500002F0FEFD50B16B68B3F90430002B05DD3F
:10B3600008990B480AF078F9CBF804700AF1010A41
:10B3700096E7FFF7F9FDA1E7B84B0020DC79040060
:10B38000D4D50400980A0020E84B002000D6040021
:10B39000E417002031D604002DE9F3470E4616F0DD
:10B3A0007F0604461146984613D00A2E00F0F58019
:10B3B000037F5B062ED5731E072B00F21181DFE899
:10B3C00013F0F1000F01F6000F01FB000001050171
:10B3D0000A019388052B07D80121864A864817F071
:10B3E000D4FC6FF04C0016E01046019214F017FEEA
:10B3F00094F91C20237F002A0199C0F38C090DDAEF
:10B400007E4A03F001031268D21A130A49EA026263
:10B41000C8E90023002002B0BDE8F0875A06F9D53C
:10B42000C0F3CF37084614F004FE2389744C054658
:10B43000226BB4F842E0C2F30C01B64208BF4945A2
:10B4400094F84A2094F84CC0B4F8440002F1010288
:10B4500040F0CD80734509D0002F00F0C88094459E
:10B4600002D0834240F0C380A4F84430B4F94230A3
:10B47000002B07DC634A6048012117F086FC6FF05F
:10B480001500C8E7D4E90C23C8E9002355B9022107
:10B490005D4A594817F079FC6FF08B015848FFF767
:10B4A0002FFDB7E7B5FA85F394F84A20C3F11F03DF
:10B4B0009A4269D395FAA5F30022B3FA83F3914631
:10B4C0000127DFF84881013303F1FF3A54F82330B4
:10B4D0007BB15FFA8AF604EB8606404671680AF093
:10B4E000BBF80122C6F8049094F84C30013B84F874
:10B4F0004C3007FA0AF325EA030595FAA5F3002D67
:10B50000B3FA83F308BF4FF0FF3303F10103DBD13C
:10B510002AB13A4B93F8E631013384F84E3094F86F
:10B520004C100029BAD094F84B307BBB0027B4F9FB
:10B5300042303E46BB4202DD94F84E30F3B194F8FF
:10B540004D30DBB10A2517F08EFC2C4BA46B93F821
:10B55000E43103FB0555031BAB420FD22C44241AE4
:10B5600047F6122540F2E73000214FF47A720023AB
:10B57000E4FB0501E5F756FF07460E463A4633461B
:10B5800023480BF0F5F945E7224A74E794F8503068
:10B5900043F0400384F850303CE702B0BDE8F04788
:10B5A000FBF724B902B0BDE8F04702F08BB902B056
:10B5B000BDE8F04702F062BA02B0BDE8F04702F021
:10B5C00069B802B0BDE8F04702F00CBA02B0BDE8BD
:10B5D000F04702F0BDB802B0BDE8F04702F01EB976
:10B5E000022133460C4A044814F073F8F9E66FF070
:10B5F000010010E748D60400DC790400980A002016
:10B60000B84B00205ED6040079D60400E417002071
:10B61000184C002086D60400A6D60400034B93F8ED
:10B620004C00003818BF0120704700BFB84B002005
:10B630002DE9F0431F468B8804460D4616468BB015
:10B640003BB9544A5448012117F09FFB6FF0150095
:10B6500008E0742B09D950480121504A14F039F8F8
:10B660006FF079000BB0BDE8F083084614F0EEFCF3
:10B67000032801D84A4AE5E7D4F8048098F8103046
:10B68000FF2B16D1F8F748FC88F81000AB880B2B7D
:10B6900082BF012263689A73606883883BB11BB2E2
:10B6A000002B0ADC438803339BB2012B05D83D4AAB
:10B6B000C8E71B06EAD53C4AC4E721460DF10F0353
:10B6C00004AAFAF7F5FE0028CCD1F8F765FCE37A76
:10B6D0009DF80F20A07262F38703E372636893F80A
:10B6E0000E90B9F1000F08D0284614F0AFFC0728DF
:10B6F00094BF4FF000094FF001091422E37A0DEBDB
:10B70000020069F34103E3720021DDF810801BF0B1
:10B7100057FA6368228959889B88033189B20129C5
:10B720008CBF00210121ADF81830204BADF8162058
:10B730005A688DF8141007928DF8159053F8082B5D
:10B74000D3E8AF3FC3F3C003D31A6268089393886A
:10B75000404683F40043B3F5804F38BF936805A992
:10B760002A4638BF099316F0A6FC00287FF47AAF6A
:10B7700063689B7B009033B13B46324629462046A6
:10B78000FFF7DEFC6EE73B46324629462046FFF7D0
:10B7900001FA67E7C3D60400DC790400DFD60400B1
:10B7A000F3D6040033D704001BD70400980A002006
:10B7B0002DE9F043D0F804901D4699F8103089B077
:10B7C000FF2B0446DDE9107816468DF80F101BD1CB
:10B7D000F8F7A2FB89F810002A46314605A814F0B4
:10B7E000E5FB0B2D82BF012263689A734FF6FF724F
:10B7F00063685A806268938823B183F40043B3F589
:10B80000804F0DD20F4A02E01B06E5D50E4A0F48C5
:10B81000012117F0BAFA6FF0150009B0BDE8F08306
:10B82000927B0DF10F03009343462AB13A4620461E
:10B8300005A9FFF785FCF0E73A46204605A9FFF782
:10B84000A9F9EAE733D704001BD70400DC79040028
:10B850007FB510F8113C04465A0645D5012203F085
:10B860001F01013150F80C0C8A40013A90423BD044
:10B87000DB09CDE90103A4F12003009314F8103C87
:10B8800034F8182C34F8161C54F8300C17F06CFBF4
:10B8900017F0E9FA14F80F3C44F8080C23B31349E5
:10B8A00014F8112C91F8EB0102F01F0282421BDD0B
:10B8B0000A25013B04F80F3C91F8EE3147F61226B9
:10B8C00040F2E730002103FB05554FF47A72002364
:10B8D000C5FB0601E5F7A6FD02460B46204604B06F
:10B8E000BDE870400AF0D4BF04B070BD980A0020D3
:10B8F0002DE9F04F4FF0FF329BB04FF0FF3304AF14
:10B90000C7E90A230B680C4606464989188802F0E5
:10B910002BFA237F092160F3C71323773046F0F712
:10B9200077F9304614F08EFBB388B860BB6133689A
:10B93000FB6193F90030002B237F80F2EA823F2BDA
:10B9400040F2EA820025BB697D62042B2BD80121DD
:10B95000BB69AE4AAE4813F0BCFE4FF0000B6FF06F
:10B960004C055946B368BA6813FA82F33360BB6971
:10B97000B38094F91C30002B80F2CF82002D40F070
:10B98000CC82D7E90A23B3F1FF3F08BFB2F1FF3FF2
:10B9900020465B4608BF2A46009618BF07F12802DA
:10B9A00002F02EFAB8E22A46204607F1240101F0FF
:10B9B00011F8D0B1E8468AB020896189A36904AA48
:10B9C000C2E907130523DFF84CC2C2E905C042F8FB
:10B9D000103F4FF422512B468D48EDF717FFAB4631
:10B9E000C54600216FF01505BCE701213046F0F790
:10B9F0000FF9304614F013FB4FEAC008C0F38C096E
:10BA0000304614F0FCFA08F0180848EA50185FFABB
:10BA100088F800F01F05A845786107D90121434641
:10BA20007D4A7B48009513F05EFE96E7A369DFF838
:10BA3000ECA1A3EB0909217FC9F30C09DAF8002076
:10BA400001F00101A3EB0903DFF8D491521A43EA94
:10BA5000026399F81F004FEA122C23F07F423A61EB
:10BA6000D9E904E2FA6000F04002A1687A60D9F8EE
:10BA70001820C7E90A3C8A4205F1010B11D1FA6886
:10BA80009E4572EB0C0280F0C4827B684BB1238927
:10BA900002215F48634A13F01CFE01214846FFF76C
:10BAA00053F9022D71D901215F4A594817F06DF9F8
:10BAB000207F237DC00922896189029000200190A6
:10BAC00007F128000090206817F04EFA00216FF06F
:10BAD000790547E7FB691A7899F81E309A4203D135
:10BAE00000F01F00A84202D0504A012199E2D9F883
:10BAF0001820A3689A4201D04D4AF6E799F81F1022
:10BB0000237FC1F34012C3F3C0039A4201D0494AD4
:10BB1000EBE74906D9F8242000F1D4800123013055
:10BB20008340013B93422ED117F09DF9D9F828307C
:10BB30009AF8EC11C01A03239AF8EE2103EB4103A3
:10BB400002FB033303EB8303984213D999F81F00D8
:10BB5000237DC009228961890290D9F824000190CF
:10BB600007F128000090206817F0FEF917F07BF924
:10BB7000C9F82800786A10B1214600F003FF0021BF
:10BB80006FF07705EEE62C4A4AE2237F03F0C0030C
:10BB9000802B22D1236807F1280A1888628921891D
:10BBA0005346CDF800B002F0F1F88146A8B9012162
:10BBB0005B46224A164813F08CFD207F237DC00986
:10BBC00022896189CDE90190CDF800A0206817F0A5
:10BBD000CBF900216FF06805C4E67B6A93B31A883D
:10BBE000C2F30E0272B35A683969B1EB122F29D829
:10BBF00093F90130002B02DA237FDA0722D50221E4
:10BC00003B690F4A024813F064FDB8E74FD70400C0
:10BC1000DC79040074D704009DD70400980A002042
:10BC2000284B0020BED7040078D80400F1D70400C8
:10BC300015D804003FD804005BD8040094D8040051
:10BC4000BDD80400B74B5A69DB699A420DD1022175
:10BC5000B54AB64817F099F80221B54AB34817F02B
:10BC600094F86FF00B0500217CE6B249CB7F13F00E
:10BC70004000F1D143F04003CB77236894F81CC017
:10BC80000B60D7E90A23C1E904237B69CA7FCCF39F
:10BC9000C00C03F01F0322F03F0243EA4C1313438E
:10BCA000CB77FB69CA7F1B788B77237D81F82030A7
:10BCB00023890B83638948624B83237FDB0963F30A
:10BCC000C712CA77DFF86C92D9F8243023FA08FA41
:10BCD0001AF0010A7FF453AF99F81F20B388C2F31A
:10BCE0004012002A0CBF0C220822A8451ED102FBDC
:10BCF00008339BB2242BA9F81C301BD901218E4A92
:10BD00008A4817F042F899F81F006189C009237D1D
:10BD10002289CDE901A007F128000090206817F0E2
:10BD200023F901214846FFF70FF8CFE69A4201D0E8
:10BD3000824ADAE641F2883C47F6122E40F2E730BA
:10BD400000217F4D4FF47A7295F8ED3103FB0CCC56
:10BD50000023ECFB0E01E5F765FB02460B46794834
:10BD60000AF096FD95F8EF31013389F82130B9F9E1
:10BD70001A30002B27DD99F81F1095F8EC0101F01F
:10BD80001F0188424FF002032BBF0120032113FB48
:10BD9000010313FB001347F6122C40F2E730002199
:10BDA00095F8EE21013203FB02F505EB85054FF412
:10BDB0007A720023C5FB0C01E5F734FB02460B4603
:10BDC00061480AF0D5FD08F10101C9B20022002343
:10BDD000544809EB810109F0CDFB054630B1022141
:10BDE00043465A4A514813F074FCF2E64FF0010AF8
:10BDF00009EB8803B288586831681AF0BAFED9F89E
:10BE000024300AFA08F80AFA0BF248EA0303013A66
:10BE10009342C9F824307AD14B480AF0AFFD99F823
:10BE20001F00237DC009228961890290D9F824006E
:10BE300007F128080190CDF80080206817F094F8E9
:10BE400017F011F8C9F82800237F1B0727D54FF4F6
:10BE5000C01207F14003C7E90E2336482A4607F10E
:10BE600034017B6316F0D3FFF96943462046097815
:10BE700007F13402FFF790FA054608BB786AF8B17B
:10BE8000214600F07FFD796A38694B68C3F31722B9
:10BE9000824238BF024662F31F234B6010E0FB6909
:10BEA000B9F81C205B78DB090CBF052309239A42F3
:10BEB0000CDA5146264A1D4816F067FF6FF015054B
:10BEC00000211C48FEF740FF02214BE5214B9968F9
:10BED00011B903F10C0199600020996898801960EC
:10BEE000FB6907F140055B782846DB090CBF04239A
:10BEF0000823D21A14F05AF8FB6920465A781978A8
:10BF0000D209CDE90059134BFEF7CAFEB4E75146FA
:10BF100028E513F0C80F1FD1002528465C37BD4621
:10BF2000BDE8F08FE4170020D9D80400DC790400C4
:10BF300002D90400284B002034D9040046D904005B
:10BF4000980A0020884B0020584B00206ED904002E
:10BF500090D90400341300204FF00008BB69C7F8E3
:10BF6000408053B90121314A314816F00EFF6FF07D
:10BF70004C054FF0010B0021F4E44246204607F146
:10BF8000400100F027FDC8B16D468AB02089628962
:10BF9000A36904A9C1E907230A460523DFF894C071
:10BFA000C1E905C042F8103F4FF4225143462048F2
:10BFB000EDF72CFCAD466FF01505DAE7304614F0CE
:10BFC0001EF8227F014612F008020FD032462046AA
:10BFD00007F12803FFF7E0F905460028C9D1386CBE
:10BFE0000028C6D0214600F0CDFCC2E7B388042B60
:10BFF00005D80121104A0E4816F0C7FEDBE7043BC6
:10C00000B3800E4B2046009301923346FEF748FE64
:10C01000E2E77345FB687CEB030CBFF45BAD084AB9
:10C020000221034816F0B1FEDBE400BFA4D90400EE
:10C03000DC79040074D7040090D904002813002090
:10C04000DCD7040001210148FEF77EBE284B00200A
:10C0500008B5FFF7F7FF0448FEF702FF00F016FDF2
:10C06000BDE80840FEF788BDB84B002010B5084C6D
:10C07000084909480AF038FB204608490AF034FB11
:10C0800004F130000649BDE810400AF02DBB00BFA6
:10C09000584B00203D2F0400184C002051B80200DE
:10C0A000E1AD02000221024A024813F009BB00BFC1
:10C0B000D0D90400147904002DE9F7439946836828
:10C0C00005468846174653B90121314A314813F0D5
:10C0D000F7FA6FF01204204603B0BDE8F083061DA6
:10C0E0000121304616F09DFFC30706D52A4A29488C
:10C0F00013F0E6FA6FF00F04EDE70321304616F077
:10C100007FFFC8B14146A86814F0A9FA044658B1A7
:10C110000346224A01211F4813F0DBFA6FF00101A8
:10C12000304616F073FFD6E705F12403984510D08A
:10C130000821304616F075FF0C9B49460093A8680D
:10C14000DDE90A2314F0D6FA044640B1144A034646
:10C15000E0E76FF00801304616F058FFECE718F002
:10C16000AFF84FF47A74A0FB040C47F6122204FBDC
:10C1700001C10023E5F756F939462861A868F2F7AE
:10C1800003FC04460028A6D0064A0346C2E700BFC7
:10C19000E8D904001479040004DA040017DA040072
:10C1A00036DA040052DA040038B5051D03460221D0
:10C1B000284616F025FF10B90024204638BD98689F
:10C1C00014F06FFA044630B101210346074A0848CB
:10C1D00013F07FFAF1E76FF00401284616F016FF1E
:10C1E0006FF00101284616F011FFE5E76DDA040053
:10C1F000147904002DE9F04FA0F1100889B005462C
:10C200000421404602AF16F0FBFE0446002840F031
:10C21000AB806FF00201404616F0F8FE800721D592
:10C220006FF00101404616F0F1FE6FF00401404648
:10C2300016F0ECFE55F8083CA3B103F1080207F133
:10C240000C0607CA86E807001A7C64F382021A7497
:10C2500055F8080CF8F71EF83146204615F02FFB6C
:10C2600045F8084CDFF808B1A5F1140900220023B5
:10C2700015F8140CF8F782F80446E0B955F80C3CB0
:10C28000002B71D015F8143C5A076DD54846FFF7BE
:10C290008BFF002868D10421404616F0C2FE4307F8
:10C2A00062D415F016FB00285ED06FF00401404602
:10C2B00016F0ACFE58E0237C190702D4F7F7EAFF2A
:10C2C000D4E74846FFF770FF04F1080AB8B16E469C
:10C2D00088B002AA274BC2E90534032342F8103F75
:10C2E0004FF4C45124480023EDF790FA5246B54666
:10C2F0006FF08B01002015F0CFFA2046DEE7237C9B
:10C30000627C60F3C303237403F003031BF8033060
:10C3100002F007013B73238BD2087B736369013200
:10C320003B61012302EB8202520002F10A0601FB8B
:10C33000066600930131484607F10C0316F07CFEB7
:10C34000B6B2014610B152463046D4E77860204676
:10C35000F7F78AFF524645F8080C7968304615F021
:10C360009BFA2046F7F796FF1C37BD46BDE8F08FD5
:10C37000ACBB040092DA040014790400F0B589B073
:10C380001422002103A81AF01BFC00264FF0200CF9
:10C39000164FCDE905CC07F1240403AD0FCD0FC432
:10C3A00001362B68052E236007F13807F1D10024F0
:10C3B0000F480AF01DF96FF008034FF400620D49B1
:10C3C0000B4800940AF02AF90B4909480AF09AFB35
:10C3D00002A88DF80840E5F79DFC034620B1012135
:10C3E000064A074813F075F909B0F0BD4013002064
:10C3F000484C002050A90020CADA0400D5DA040015
:10C40000147904002DE9F843234CA6681EB10025D9
:10C410002846BDE8F883DFF884802434414620466E
:10C42000A4F11C02F2F77EFA05460028F0D114F8B8
:10C43000243C082B29D154F81C3C4FF0FF304FF01E
:10C44000FF3193F80190F0F7DBFC074660B901215A
:10C45000134A144813F034F96FF00B030121124A08
:10C46000104813F036F910E003210C30EFF704FC0C
:10C470002A4680F800904570857039464FF60C507A
:10C48000F0F700FF03460028E8D10136052E04F13D
:10C490003804C3D1BBE700BF40130020548A040016
:10C4A000FEDA04001479040020DB0400F0B5002457
:10C4B0001F4687B04B1C05461646ADF8164006D001
:10C4C0000929C5BF0A2391FBF3F101248CB208218D
:10C4D0000848ADF8144016F0A4FD0D9B29460293C0
:10C4E0000C9B05AACDE9007303483346FFF7E4FD32
:10C4F00007B0F0BD2414002020140020014601489C
:10C5000017F04DBE484C0020014816F0BBBD00BFDF
:10C5100020140020014816F0B5BD00BF40130020D4
:10C5200008B5054816F0AEFD20B9BDE8084003483F
:10C5300016F0A8BD08BD00BF78130020B01300207E
:10C54000014816F09FBD00BFE8130020154970B5E3
:10C55000002306460D46C868B04208D00133052BBB
:10C5600001F13801F7D16FF01504204670BD382174
:10C570004B43181D0021284416F042FD80B11D4494
:10C58000A86814F08EF8044630B101210346064A2B
:10C59000064813F09EF8E8E7B060284616F08EFDD6
:10C5A0000024E2E74013002042DB04001479040079
:10C5B0000E4A10B500231446916888420CD13822E7
:10C5C0005343181D0021204416F01AFD68B1E018ED
:10C5D000BDE8104016F072BD0133052B02F13802A0
:10C5E000EAD1BDE81040FFF75DBD10BD401300204B
:10C5F000F8B5002401270C4E0C4D56F8043B73B1DE
:10C6000007FA04F2D043D5E8EF1F01EA000CC5E8B1
:10C61000EECFBEF1000FF6D10A4200D098470134A8
:10C62000102CEAD1F8BD00BF608A04007C6D0020A8
:10C6300010B50F4CD4E8AF3FDA0716D50D4BD3E851
:10C64000AF3FDB0711D50020F9F758FC68B1EAF7D6
:10C65000DBFCFCF707F8D4E8EF3F43F00203C4E843
:10C66000E23F002AF7D1F7F70FFB002010BD00BF13
:10C67000A00A0020F009002037B5044608461146FC
:10C680001A461D46A047041E08DA012123460A4A1D
:10C690000A4813F01EF8204603B030BDA54209D069
:10C6A00001212346064A0548009513F01CF86FF057
:10C6B0001504F0E70024EEE74FC90400D479040024
:10C6C00068DB040001212DE9F0412A4B420900F00A
:10C6D0001F0003EB82028140D2E8EF4F0C43C2E817
:10C6E000E04F0028F8D1D3E8AF2F12F4876F38D18C
:10C6F000D3E8AF2FD1072FD5D3E8AF2F4FF2C633F2
:10C700001A4230D04FF4FA671B480BF025FD47F66C
:10C7100012250446884640F2E73000214FF47A7231
:10C720000023E7FB0501E4F77DFE0D464FF47A7127
:10C730000646A4FB010447F61222002301FB084130
:10C74000E4F770FE874232462B460C490C480DD266
:10C75000BDE8F0410AF0A2B8D3E8AF2F1205CBD460
:10C76000D0E70027D0E741F28837CDE7BDE8F041B8
:10C770000AF022B87C6D0020404D0020304D002092
:10C78000604D0020084A430902EB8302012300F0B8
:10C790001F008340DB43D2E8EF0F1840C2E8E10FEF
:10C7A0000029F8D1704700BF7C6D0020002313B52D
:10C7B0000A4C00934FF4AF626FF00E032046084915
:10C7C00009F02CFF074920460AF09CF90649074862
:10C7D00002B0BDE8104009F087BF00BF604D0020E7
:10C7E00050B100208DDB0400F1C50200304D002067
:10C7F00010B5044C20460AF0C1F82046BDE81040B0
:10C80000FFF7F6BE304D0020074B420903EB8203D1
:10C81000012200F01F008240D3E8EF0F1043C3E86D
:10C82000E10F0029F8D17047846D00202DE9F34114
:10C830000E4617469846324BD3E8AF4F14F001042A
:10C8400007D050B901212F4A2F4812F039FF6FF05D
:10C850000104204602B0BDE8F0811022002111F051
:10C86000D3FA0022294C83B234F83210C1F30E01FE
:10C87000994207D104EBC205A6B944F832606E6054
:10C880000024E6E701320A2AEED1D6B1002534F8B9
:10C890003520C2F30E01D1B960F30E0224F8352021
:10C8A00004EBC5050423414638460DEB0302FFF7B0
:10C8B000E3FE0446B0B10121154A134812F000FF0F
:10C8C000C7E70221134A104812F003FFD8E70135E9
:10C8D0000A2DDCD10121104A0B4812F0FAFE6FF04C
:10C8E0000B04B6E7019B6A786B80C3F307432B7197
:10C8F0009DF80730C3F3000363F3C7126A70BFE704
:10C90000A00A00202EA00400CC790400484E00208C
:10C9100009DC0400BDDB0400E1DB040010B50124E8
:10C92000134B144AC31ADB10590903F01F0304FA0E
:10C9300003F3DB4386B002EB8102D2E8EFCF0CEACF
:10C94000030CC2E8E1CF0029F7D1038812210A4A7B
:10C95000C3F30E0301A811F02BFA01A812F09FFFF8
:10C9600020B1064A2146064812F0AAFE06B010BDC4
:10C97000484E0020846D00201DDC04002CDC0400E7
:10C98000CC79040008B590F90130002B07DA0B7F51
:10C9900013F0010302BF426863F31F2242600A8959
:10C9A000038862F30E0303800B8B43808B7E03713D
:10C9B0000A7F437862F3C7134370054BC01AC01057
:10C9C000FFF722FFBDE808400020FFF77BBE00BF55
:10C9D000484E002070B5037F054603F03000102854
:10C9E00036D013F0400322D192B3234A32F83300F9
:10C9F000C0F30E0444B320462C89A0422ED102EB92
:10CA0000C30090F90100DC00002812DA2E7F101913
:10CA1000F60790F901001DD4002815DB1444608846
:10CA2000247940EA0440AC69A0420DD314E000230D
:10CA3000DBE71248D0E8AF0F8607E7D51048D0E80B
:10CA4000AF0F1841C007E1D402EBC30079B1086011
:10CA5000002002E00028E1DB012070BD01330A2B39
:10CA6000C4D10121074A084812F02AFEF4E72946FA
:10CA7000FFF788FFECE700BF484E0020806D0020E4
:10CA8000846D002040DC0400CC790400054BD3E821
:10CA9000EF1F41F00101C3E8E21F002AF7D1002097
:10CAA000FFF710BE806D0020F0B4002301261C4C5F
:10CAB0001C4934F83320C2F30E02C2B104EBC305A3
:10CAC00095F9015006FA03F2002D4FEAC3001EDB70
:10CAD000D1E8EF5F1543C1E8E75F002FF8D12044AC
:10CAE0004278D543C5F3C01565F3C71242700133D0
:10CAF0000A2BDED10C4BD3E8EF1F41F00201C3E853
:10CB0000E21F002AF7D1F0BC0020FFF7DBBDD243C3
:10CB1000D1E8EF5F1540C1E8E75F002FDFD0F7E70E
:10CB2000484E0020846D0020806D00202DE9F04FDC
:10CB300003B28BB0002B804600AF07DC4FF6FF73CB
:10CB4000984240F0BA800020FFF71CFEDFF874B175
:10CB50000021584616F0BEFAF860DBE8AF3F00202F
:10CB6000DFF86491054604464E46C3F34003BB60BC
:10CB70004FF6FF73984505D036F83430C3F30E03F3
:10CB800043455DD1FB684BB136F83430C3F30E0337
:10CB900013B14846FFF7C2FE01354CE021464B4831
:10CBA00016F098FA002865D0621B2DB1D9E9000172
:10CBB00006EBC203C3E900014FF00003FB7436F833
:10CBC0003230C3F30E01002935D006EBC2021179D1
:10CBD000508807F1140A40EA01403969C3F30E0393
:10CBE00060F3170139615278C1F30761D20962F32A
:10CBF0000001F974364A1221504611F0D9F8042286
:10CC0000504607F11001EDF793F9A0B1C7F804D031
:10CC100088B06A462F4BC2E9053A4FF400739383FC
:10CC20002D4B42F8103F00234FF4E2512B48ECF714
:10CC3000EDFDD7F804D04FF6FF73984535D1204667
:10CC400001340A2C09F1080992D1DBE8EF3F23F007
:10CC50000203CBE8E23F002AF7D14FF6FF73984575
:10CC60002BD1401B01300021EA0006EBC00019F077
:10CC7000A7FF22E0BB68002BDDD036F83430C3F3C9
:10CC80000E0313B14846FFF749FE21460F4816F040
:10CC900021FA002880D0D9E90023601B06EBC001EF
:10CCA000C1E90023FFF7B0FDC5E7DBE8EF3F23F064
:10CCB0000203CBE8E23F002AF7D12C37BD46BDE89E
:10CCC000F08F00BF806D0020484E0020846D002052
:10CCD0001DDC04004DDC040003000001CC790400DD
:10CCE00070B50446383009F049FE236904F1140593
:10CCF00093F8483013B1284614F017FF236993F8CE
:10CD000070301BB104F1200014F00FFF1822002135
:10CD1000284619F055FF606F18B1EEF763FE002347
:10CD2000636704F1780016F0EBF904F1680016F07F
:10CD3000E7F90023144D154E84F87030B54213D92D
:10CD400013491448C22211F030FEC221104811F0DC
:10CD500023FEE378DB0605D56B681BB122692188C9
:10CD6000108898470C35E9E7F3D3A389E2780133BB
:10CD7000A381002322F01D022361C4F88030E270F9
:10CD8000E362238670BD00BFBC780400BC78040059
:10CD900082DC0400E192040010B504468CB007ABBD
:10CDA00018461422002119F00BFF22691188CDE9E1
:10CDB0000420ADF81C104FF6FF71ADF81E10B4F84A
:10CDC0008C10ADF820107F218DF82C1000210691D9
:10CDD000FBF724F9ADF81800F7F7DEF823888DF893
:10CDE0001A005BBAADF80C30638905215BBAADF867
:10CDF0000E30054B0194009303AA042304A8FEF708
:10CE0000D7FC0CB010BD00BFA88A04000221024A62
:10CE1000024816F07FB900BFB4DC04005479040066
:10CE20000121024A024816F075B900BFD9DC04009E
:10CE300054790400CB78084613F00C0F04D002217B
:10CE4000064A074816F066B9DB0601D516F0DEB9CA
:10CE500047F612220023383009F08ABDF8DC0400BE
:10CE600054790400102B2DE9F84305461F461AD8C3
:10CE700016F04DFA0646B0B14FF00008D5F88040E4
:10CE800005F17809C4F11004E4B2B8F1000F01D142
:10CE9000BC4209D24846EEF75DFD40B901210B4A7C
:10CEA0000B4816F037F900263046BDE8F883D5F870
:10CEB00080200134013AC5F880208369E4B293F8F8
:10CEC00003804FEAD818EEF78DFDDEE72ADD040077
:10CED000547904002DE9F8431646089D9846EB68FE
:10CEE00000F168095A89044652BA0F46484631464D
:10CEF000C2F38C0216F0DBF918B9A36EEBB984F813
:10CF0000708029464846EEF7D3FC022F22D1A36E4B
:10CF10002BB1E26E1AB1E16FD1B9A367E2670023CA
:10CF200094F87010D4F88020C4E91A330A44C4F885
:10CF3000802084F87030BDE8F8833346084801212A
:10CF4000084A16F0E9F82846BDE8F843EEF74ABD6E
:10CF50000B60E3E7AA69D37843F08003D370EAE774
:10CF6000547904004BDD0400F8B500220446002388
:10CF70001E480F4613F00DF80646A0B3EEF790FBDF
:10CF80004FF6FF721A4B06F10C0523F8202003EB35
:10CF90008000C3786FF3C713C370B061A1682846DF
:10CFA000C90101F0800113F065F894F90730E179C7
:10CFB000002B01F07F01B8BF41F08001284613F03B
:10CFC00059F80322211D284613F048F828462188E5
:10CFD00013F060F82846618813F05CF82846BA8898
:10CFE000396813F03BF83046F8BD00BF5C1A0020EA
:10CFF000CA7B002030B5054685B01046144612F0B5
:10D00000EBFFFBF70BF82B880D4AADF806308023B9
:10D010008DF80B300023ADF80400ADF808308DF822
:10D020000A3052F8083BD2E8AF2FC2F3C0029B1A75
:10D03000214601A80393FFF797FF05B030BD00BF5D
:10D04000980A00204FF4E02230B587B001ABCDE95B
:10D05000042303930369044653B91B491B4840F258
:10D06000392211F0A2FC40F23921174811F094FC4A
:10D07000012103A8EEF794FD062103A8EEF7FCFDBD
:10D0800005462069F8F778FD114B28701B680221CE
:10D090001BBAC5F80130002320466B7103AAFFF7C5
:10D0A000A9FF014620B907B0BDE83040FFF7B8BE80
:10D0B00004F17800EEF7FCFBD4F880300133C4F8BB
:10D0C000803007B030BD00BF82DC0400E192040074
:10D0D000980A00202DE9F347314C064654F8103CDD
:10D0E000894683420CD00027C03427B954F8103C3D
:10D0F00025469E4210D002B0BDE8F0872C46F3E7EB
:10D100002546002709F1FF33A4F12008032BEBD8B3
:10D11000DFE803F0040841340127F3E74046FFF756
:10D12000DFFDE1E735F820ACFAF778FF55F8101C81
:10D1300035F8163C7431019135F8141C0246009103
:10D140002846514614F0C3FC0028CDD015480121D3
:10D1500035F8203C144A15F0DFFF4046FFF7C0FDCC
:10D16000002FC8D1D4F8B03004F1C0059E424FF072
:10D170000107C3D104F1A0082C46D3E7A4F10C05A4
:10D18000284614F0D2FC94E80700002385E8070045
:10D19000C4E90033A3604046FFF754FFA4E700BF93
:10D1A000E00A00205479040079DD04002DE9F047FD
:10D1B00003690E469D780446A91E4D4294B04D4128
:10D1C000002A00F08F80282202FB053303F150056E
:10D1D000B04658F80C3FB3F8050040BA80B2FAF7F1
:10D1E00037FF002800F0CB804FF6FF72B3691F882D
:10D1F000974200F09A802469202200210CA8B3F8FD
:10D2000002A019F0DDFC238840460CA9ADF83430AB
:10D210000A94ADF83670F8F717F90BAB09AA0CA908
:10D220000DA8F9F745F9CAF30E0A0446002855D1AE
:10D23000DFF87491BDF838304A46ADF81230BDF8C9
:10D240003A30ADF8143052F8083BD2E8AF2F03372C
:10D25000BFB2012F8CBF00270127C2F3C0029B1A67
:10D260000793129B8DF810700693BDF814308DF85B
:10D27000110083F40043B3F5804F03D25046FDF70D
:10D28000D7FB0446D9F80430069A08949A424CD049
:10D29000404601A912F090FE092101A8EEF7B8FC62
:10D2A000012101A8EEF7B4FCBDF808300CA9043B3D
:10D2B00001A8ADF8083012F07FFE00230998ADF800
:10D2C000343001AA0CAB04A914F01EFF044670B15F
:10D2D0000346364A0221364815F01EFF204614B098
:10D2E000BDE8F0870C2303FB0505143570E7D9F87A
:10D2F000043040460CA9069312F05EFE09210CA8EA
:10D30000EEF786FC01210CA8EEF782FCBDF8343064
:10D310000998043B0CAA04A9ADF8343014F0CBFEF4
:10D32000044610B10346234AD4E7F7F70FFFF3682A
:10D33000020C9A70C0F30722DA7018711A4B53F876
:10D34000084BD3E8AF3F4FF6FF72C3F3C003E41AB4
:10D35000B3691A80284610F8043BF26843EAC41304
:10D36000137041460023224614F0F5FD88B1124A9D
:10D3700001210F4815F0CEFE6FF01504AEE70A4B01
:10D380001C68F3681A7804F0010383EAD213E41AE4
:10D39000E0E72146F06805F10802F9F743FD04468D
:10D3A00000289BD0054AE3E7980A0020A0DD04008E
:10D3B00054790400B6DD0400CFDD0400E1DD040093
:10D3C0004FF4003330B585B00D460446012101A865
:10D3D0000293CDF804D0CDF80CD0EEF7E1FB01219B
:10D3E00001A8EEF749FC0921057001AA2046FFF7C4
:10D3F00001FE054630B901210B4A0C4815F08AFEA2
:10D4000005B030BD014600222046FFF7CFFE0028C0
:10D41000F6D1606F08B1EEF7E5FAE378656743F09F
:10D420000203E370ECE700BFF4DD0400547904006C
:10D430002DE9F34750F8283C0446A0F13806002BAC
:10D4400000F09F8010F8353C13F008020AD04E49D6
:10D450004E484FF49C6211F0A8FA4FF49C614A4880
:10D4600011F09AFA990719D5C16BB9B162F341036A
:10D4700000F8353C002200230321CDE900230120E0
:10D480000822F6F735FF0546002861D10121404A00
:10D49000404802B0BDE8F04715F03CBE03F014036D
:10D4A000102B0CD134F8383C3B4A0221394815F096
:10D4B00033FE304602B0BDE8F047FFF711BC04F17F
:10D4C0004000EEF747FA0546E06318B934F8383CF7
:10D4D000324AEAE7038A102B30D100F10C084046AB
:10D4E000D4F8409012F0AEFD012107462846B5F869
:10D4F00010A015F0A4FE404612F081FD030617D5DA
:10D500000721284615F09BFE01214046EEF79AFBC5
:10D51000037803F07F03022B0AD106214046EEF781
:10D5200091FBB9F1000918BF4FF0010980F805908F
:10D530006B69A5F810A013FA87F7EF600022304658
:10D54000E16BFFF733FEE0B9A36C013BA36491E705
:10D55000E36B14301A8AD96812F080FD14F8353C58
:10D56000284603F0FB0343F0080332460C4904F855
:10D57000353CF6F71FFF284602B0BDE8F047F6F746
:10D5800089BE02B0BDE8F08782DC0400E1920400AD
:10D5900067DE04005479040024DE040040DE040049
:10D5A000A08A0400F0B5174D00262C464FF6FF7EEA
:10D5B0000AB1AF6BD7B133B1C02707FB064797F865
:10D5C0002B70FF0612D5704504D0AF6B77B13F8842
:10D5D00087420BD1B5F828C0BCF1000F06D06145D9
:10D5E00004D395F830706744B94205DBC0350EB1FD
:10D5F0000020F0BD0126DBE7C02303FB06402830F6
:10D60000F7E700BF980A002010B5084CA36B1BB1C8
:10D6100004F12800FFF764FBD4F8F83023B1BDE82B
:10D6200010400348FFF75CBB10BD00BF980A002004
:10D63000800B002038B5154C0546A36BD3B14FF6CF
:10D64000FF7290420BD104F12800FFF7FBFCD4F8E5
:10D65000F83073B1BDE838400D48FFF7F3BC1B88C4
:10D66000834203D104F12800FFF7ECFCD4F8F83032
:10D6700043B938BDD4F8F830002BFAD04FF6FF721A
:10D680009042E7D01B88AB42F3D1E3E7980A002031
:10D69000800B00200346F0B5002753F8042B87B019
:10D6A0000C46CDE903230D6806460597FAF7B6FC4C
:10D6B000ADF81400F6F770FCA3888DF81600032B64
:10D6C00008D81F4802211F4A15F024FD6FF04C00B6
:10D6D00007B0F0BD2988306849BA3B463A46008811
:10D6E00089B2FFF75FFF6C88064664BAA4B238B906
:10D6F0000B46154A0221124815F00EFD0020E7E7FF
:10D700004389E21AFF2A06DD0221104A0C480094E0
:10D7100011F0E9FFF2E77F22049B06211A742B889F
:10D7200002AAADF808306B8803A8ADF80A30CDE93D
:10D7300000770423FEF73CF83046FFF7D1FADDE727
:10D740005479040085DE04009CDE0400B8DE040089
:10D750002DE9F8438B880D46022B08D82A48022170
:10D760002A4A15F0D7FC6FF04C00BDE8F88301237E
:10D77000018900681A460088FFF714FF044638B98B
:10D780000B46234A0221204815F0C6FC0020ECE796
:10D79000C3781B0705D502211E4A1B4815F0BAFCA9
:10D7A000F4E715F0BBFC284612F029FC6FF00047A7
:10D7B0000646DFF86480DFF85090AB88012B04D870
:10D7C00031462046FFF7FCFDE0E7284612F027FC33
:10D7D0006FF00043002204F12A0C3CF8021F88423B
:10D7E000EBD0002908BF13460132032AF5D1BB4212
:10D7F00003D004EB43039885DFE742460221484605
:10D8000015F088FCD9E700BF54790400E1DE04007C
:10D810009CDE040003DF040021DF0400F8B58B88E0
:10D820000D46022B07D823480221234A15F072FC2B
:10D830006FF04C00F8BD0123018900681A4600888A
:10D84000FFF7B0FE044638B90B461C4A02211948BE
:10D8500015F062FC0020EDE7C37813F0080705D04F
:10D860000221174A134815F055FCF3E715F056FC52
:10D87000284612F0C4FB0646AB88012B04D831467B
:10D880002046FFF79DFDE5E7284612F0C8FBA38D73
:10D8900083420AD0E38D834209D0238E8342EBD1A9
:10D8A000022304EB43039F85E6E70023F9E7012306
:10D8B000F7E700BF5479040046DF04009CDE040053
:10D8C00003DF0400F8B58B880E683BB93C4A3D483D
:10D8D000022115F01FFC6FF04C00F8BD01890068B3
:10D8E000002301220088FFF75DFE044638B90B468D
:10D8F000354A0221334815F00FFC0020EDE733785C
:10D90000012B01D9314AE2E7C37813F0080505D0AD
:10D9100002212F4A2B4815F0FDFBEEE715F0FEFB28
:10D92000E378317803F001029142606F12D1A8B11F
:10D9300043F00203E370274D274EB54222D9274911
:10D940004FF43E72264811F030F84FF43E712348F0
:10D9500011F022F810B1EEF745F86567E3783278F8
:10D9600062F30003E370A36F002BE4D12046FFF7BE
:10D9700069FBE0E7AB681BB12269218810889847F2
:10D980000C35DAE7F6D3E378DA06B6D443F01003C1
:10D99000104DE370B54208D9104940F202321048E8
:10D9A00011F003F840F20231D1E7A6D22F682FB16F
:10D9B00020696368A27821880088B8470C35E9E7B8
:10D9C0006BDF0400547904009CDE040081DF040056
:10D9D000A4DF0400BC780400BC78040082DC0400EE
:10D9E000E192040013B58B880A68032B08D81D4800
:10D9F00002211D4A15F08EFB6FF04C0002B010BDE5
:10DA00001A4C0389B4F8B41099420AD0B4F87411CE
:10DA1000994214D00221164A124815F07DFB0020CD
:10DA2000ECE72834138821885BBA9BB28B4208D07C
:10DA3000104A009102210B4811F055FEEFE7E8343F
:10DA4000F0E7538862895BBA9BB2934202D000929E
:10DA5000094AEFE704F1900008F090FF0023A4F8D2
:10DA60008C30DCE754790400C1DF0400980A002000
:10DA7000E0DF040006E004002EE004002DE9F0439E
:10DA8000037F074603F03003102B89B042D08B8808
:10DA90000E68092B05D8904A0221904815F03AFBF0
:10DAA00007E07378092B07D88D4A02218B4815F0BF
:10DAB00033FB6FF04C002EE0B6F80350B3786DBA2C
:10DAC000ADB245EA0345874BA5F10A029A4202D955
:10DAD0002B46854AE9E7F3790BB9844ADCE70189EB
:10DAE0000B44012B02D0B3F5004F01DD804AD3E790
:10DAF000337813F0070301D17E4ACDE7012202FA01
:10DB000003F3102B0AD9022100937B4A1023734898
:10DB100011F0E9FD002009B0BDE8F08300680023A2
:10DB20000088FFF73FFD044678B9744CA36B002BC7
:10DB30004FD0D4F8F830002B4AD068480221704A00
:10DB400015F0E8FA6FF00B00E5E7644802216D4A32
:10DB500015F0E0FA2046FFF7C3F8B7F808804FF059
:10DB60000C09A4F80080F37923723A682261737873
:10DB7000A37064235D43656033895BBA6381B6F843
:10DB800005305BBAA4F88C309578AB1E5D425D41E0
:10DB9000FAF744FA282109FB05494D4321694C3520
:10DBA000294463890191A18909F114090246009170
:10DBB0004846414613F08BFF80B10121524A474845
:10DBC00015F0A8FA2046FFF78BF86FF00400A2E7E3
:10DBD0000123C02202FB03442834BEE7B4F98C3091
:10DBE000B4F88C00002B17DDFAF732FAA0B916F062
:10DBF00067FB4FF47A75A0FB050C002347F6122251
:10DC000005FB01C1E3F70EFC0123C4F88800A4F86A
:10DC10008E302046FFF7C0F833783C4AC3F3C10189
:10DC2000555CC3F34113D25C97F91030C5EB052561
:10DC300002FB13550A2395FBF3F5642DB8BF642549
:10DC400047F6122640F2E73000214FF47A720023A3
:10DC5000C5FB0601E3F7E6FB02460B4604F138007C
:10DC600008F086FE4FF4E02203AB012105A8CDE9C0
:10DC7000062397F910500593EDF792FF062105A8AA
:10DC8000EDF7FAFFFF230370102343700323C570E1
:10DC90008370A38904215BBA838005AA2046FFF71D
:10DCA000A9F9054628B90121194A0C4815F032FA9C
:10DCB00030E7014601222046FFF778FA00287FF47A
:10DCC00029AF606F08B1EDF78DFEE378656743F02B
:10DCD0000203E3701EE700BF56E00400547904001D
:10DCE0006FE00400F5BB340090E00400B0E00400F5
:10DCF000D4E0040002E1040032E10400980A0020AC
:10DD000062E1040086E10400ACE1040035E20400B5
:10DD1000D0E10400F8B50025104C114F114E3946E2
:10DD200004F16000C4E9285508F0DEFC314604F136
:10DD3000B80008F0D9FC394604F59070C4E92455C0
:10DD4000C4E9585508F0D0FC04F5BC70314608F021
:10DD5000CBFCC4E954552846F8BD00BF980A002002
:10DD600031D40200673204000A4608B5014605486E
:10DD700015F00FFA20B9BDE80840034815F009BABC
:10DD800008BD00BFC00A0020800B00202DE9F0472D
:10DD900081460E46014618481F4615F0FAF992468C
:10DDA00005469DF8208008B3B8F1100F13D9002460
:10DDB00052464946114815F0ECF9C8B1B8F1100FB8
:10DDC00006D843463A4631460C4815F0A0FA00B949
:10DDD0002046BDE8F08743463A463146064815F0EE
:10DDE00096FA04460028E2D00546E1E70446DFE75C
:10DDF000002DEDD10120ECE7C00A0020800B0020AF
:10DE00002DE9F04F174690F91C209846002A044649
:10DE10000E46037F8DB068DA427C012A03D803F0F6
:10DE20003003102B61D1F6F797F801285DD14FF040
:10DE30000009434D236828466289198815F0A9F91D
:10DE400000284ED0B4F808B028465A4615F0A1F97B
:10DE5000002846D1A369D5F878A0BAF1000F4AD1BD
:10DE600043463A4628462189FEF7FCFF002838D071
:10DE70002089FAF7EDF8002833D12EB927B13946B9
:10DE80002846228915F05DFAA368607C0493237FFD
:10DE900003F03002102A18BF00F1FF30C3F3C002B4
:10DEA00000F07F0040EAC210A26903F00103110CE8
:10DEB0008DF814108DF81620C2F30721214A8DF831
:10DEC000170012688DF81510D31A169904A8069336
:10DED000FFF74AF80146F8B901211B4A1B4815F023
:10DEE00019F9C035B9F1000F02D00DB0BDE8F08FBF
:10DEF0004FF001099EE704A90AF10C000393F7F71C
:10DF0000A3FABDF81820039B5A4502D10A9A9342FE
:10DF1000E7D0DAF800A0A0E7BDF810204EB905F16F
:10DF20007800EDF7C5FCD5F880300133C5F88030B6
:10DF3000D7E70090434631462846FEF7CBFFD0E7AF
:10DF4000C00A0020980A0020EEE104005479040081
:10DF50002DE9F04F04460F4690469946D0E900322D
:10DF600087B091881888FFF7FFFE20B90026304659
:10DF700007B0BDE8F08FF5F7EFFF0128F6D14FF0BD
:10DF8000000B5E46484DD4E9003228469288198835
:10DF900015F0FFF800284AD04B4642462846218912
:10DFA000FEF760FF8246002841D03FB9B8F1000F6C
:10DFB00004D041462846228915F0C3F92389ADF8DB
:10DFC0000C3063689A88197CADF80E209DF81320F8
:10DFD00061F306028DF813204FF6FF725B889A1AE0
:10DFE000534253419DF8132063F3C7122F4B8DF812
:10DFF00013205A68110C8DF81010C2F307218DF808
:10E0000012208DF8111053F8082BD3E8AF3FC3F35B
:10E01000C003D31A109903A80593FEF7A5FF06467F
:10E0200060B90121224A234815F074F85646C035DC
:10E03000BBF1000F9BD14FF0010BA4E747B100905B
:10E040004B4639462846BDF80C20FEF743FFEDE766
:10E050009DF91330002B1BDB6268836952881A809C
:10E060006268938883F40043B3F5804F10D29068C0
:10E070000DF10A01FCF7EAFC18B13046EDF7B2FCED
:10E08000D4E7B369BDF80A105A8861F30E025A80CA
:10E09000314605F17800EDF70BFCD5F880300133FF
:10E0A000C5F88030C2E700BFC00A0020980A0020EF
:10E0B000EEE10400547904002DE9F04706460D46D0
:10E0C000174698464FF00009134C3A4620463188CF
:10E0D00015F05FF8B0B1B8F8002004F1680A2946DD
:10E0E0005046C2F30C0215F0E2F858B12B4602215B
:10E0F0000A4A0B4815F010F8504615F001F80023B5
:10E1000084F87030C034B9F1000F01D0BDE8F08759
:10E110004FF00109D9E700BFC00A00200DE204005A
:10E120005479040010B5084B04469B6810465B68A0
:10E1300003B19847054B1B681B6C1BB12078BDE8E9
:10E140001040184710BD00BF8C6D0020886D002066
:10E15000034B10469B689B6803B11847704700BF8C
:10E160008C6D0020F8B505460C4605F065FB2421B2
:10E170000F4E6A1EC5F1010083189C420DDC0D4B49
:10E1800022462946184618F0F4FCC4F12002204427
:10E190000021BDE8F84018F013BD12F8013FB3FBB1
:10E1A000F1F701FB1733DBB2F35C1370E4E700BF58
:10E1B00038E304009E6D0020884210B500EB020396
:10E1C0000DD98C18A0420DD20B490C4840F2B32255
:10E1D00010F0EBFB40F2B321074810F0DDFBF3D069
:10E1E0009942F0E7013A1144984200D110BD11F86C
:10E1F000012900F8012BF7E748E20400E19204004E
:10E200002DE9FF413E4B00229B7B0124002B06465B
:10E210000F4614BF4FF020084FF0100891F800C0CF
:10E22000CDE900220292ADF80C208DF80040D3B267
:10E230009C4520D86B460021FF201D4613F8012B7A
:10E240009AB3013A2A70012C04F1FF3502D01DF86F
:10E25000053083B32146304605F0EEFA2B463519DA
:10E260002A46002B31DB1DF8030048BB02F8010CE5
:10E27000013B013AF5E700236D4618462978013045
:10E2800001EB810103EB4103A04205F8013BC3F31D
:10E290000F23F3D13BB10D2C9FBF04F11001694452
:10E2A00001F8103C01340132C1E701318C4203F81E
:10E2B000010CC2D1C7E72C46C5E7490802F8011C8A
:10E2C00012F8011C8842F8D3D2D9334613F8012B37
:10E2D0001AB99D42FAD1012333700A4DA8EB04000C
:10E2E0002246314628443C60FFF766FF002128465D
:10E2F0003A68A8EB020204B0BDE8F04118F060BC37
:10E300008C6D00209E6D0020044BD3E8EF1F01436D
:10E31000C3E8E21F002AF8D1704700BF8C6D0020CF
:10E3200010B504460120FFF7EFFF074B1B68DB6BBE
:10E330000BB120789847054B5C609B681B6813B154
:10E34000BDE81040184710BD886D00208C6D00207E
:10E3500037B51068264C0378092B0BD925480121C5
:10E36000254A11F0B6F90120A3689B6803B0BDE807
:10E370003040184711D1A1684D6BBDB10221928880
:10E380008A422ED01B480093012113461B4A11F0EC
:10E39000AAF9A36802209B68E8E794F85210994212
:10E3A00004D1A1681D1D51F825505DB994F8522083
:10E3B000104800920221124A11F095F9A368032037
:10E3C0009B68D3E7591F012904D90E49C95C013163
:10E3D000C9B2D4E7A17B002914BF2021102101314B
:10E3E000CDE72B46013003B0BDE83040184700BFF1
:10E3F0008C6D0020B47904007AE20400BFE20400CE
:10E400009FE204002EE30400002110B50B48D0E881
:10E41000EF3FC0E8E21F002AF9D14FF4B4720C308C
:10E4200018F0CEFBF8F7A0FE044628B10121034600
:10E43000034A044811F04DF9204610BD8C6D0020B0
:10E44000E1E20400B47904002DE9F0478846002198
:10E450001C468CB08146154604A81D22039118F075
:10E46000AFFB524B27469B7B002B14BF2026102668
:10E47000202C28BF20270197B8F1030F00F29380CA
:10E48000DFE808F002111A60002D40F08C80002CAB
:10E4900040F0898032462146454818F091FB002023
:10E4A0000CB0BDE8F087002D7DD1002C7BD14FF45E
:10E4B0000060FFF729FFF2E7042D74D83D4B5FFAA7
:10E4C00087FA5D5D002D6ED0DFF8EC80D8F8003063
:10E4D0005A8B2A4267D05B7E534564D3002C62D0AE
:10E4E000B9F1000F10D0102D09D10420FFF70CFF57
:10E4F00008205146D8F80030DB6A9847D0E7022060
:10E50000FFF702FF0420F4E70820FFF7FDFE102DBF
:10E510000CD1BE4228BF3E4603A8F1B2FFF722FE4F
:10E52000D8F8003003A89B6A9847B9E701A903A867
:10E53000FFF766FE2846D8F80030019A5B6A03A907
:10E540009847ADE7032D2ED81C4B5FFA87FA5D5D27
:10E550004DB3DFF86480D8F80030DA8B2A4222D03D
:10E560001B7F53451FD3F4B1B9F1000F0BD1082D18
:10E570000CBF04200220FFF7C7FED8F80030514638
:10E580002846DB6AB9E70820FFF7BEFE8542C0D007
:10E5900001A903A8FFF734FED8F8003008205B6A11
:10E5A000019A03A9CCE76FF0150079E78C6D002084
:10E5B0009E6D002029E30400886D002025E30400FF
:10E5C00070B5154C0A46A37B002B14BF20251025DF
:10E5D0000E291AD8D4E8EF3F23F00201C4E8E61F61
:10E5E000002EF7D19B0713D5AD1A04F11206014690
:10E5F0007019FFF7E1FD2A460021304618F0E0FAD5
:10E60000A368DB689847002070BD6FF08500FBE7CA
:10E610006FF01500F8E700BF8C6D0020014B186803
:10E62000704700BF886D0020024BD3E8AF0F00F0A9
:10E63000010070478C6D002000487047C48A0400B8
:10E64000024B1B685B6C03B118477047886D002054
:10E6500010B514F028FF14F02BFFFFF7D5FE044B84
:10E660001B681B6D13B1BDE81040184710BD00BFFB
:10E67000886D002008B548B1084B186001F04AFBCE
:10E6800001F0C2FBBDE80840FFF7BEBE0121044A0D
:10E69000044811F015F86FF0150008BD886D0020D2
:10E6A00004E30400B4790400024B00225B68DB68D9
:10E6B000184700BF8C6D0020034B586818B10078D4
:10E6C000831E5842584170478C6D0020034630B479
:10E6D000074C00F14005224618685968083303C208
:10E6E000AB421446F7D130BC024807F00BBF00BF65
:10E6F000706E00205814002007B500220F4B83F8DD
:10E7000052205B684BB11B78012B06D10C4B1B7858
:10E710009A0702D50B4B9B689847FFF7CDFF50B186
:10E72000074B1B78DB0706D5074B9B68019303B0AB
:10E730005DF804EB184703B05DF804FB8C6D002016
:10E740001C7E0020508B04000C8B04004FF4E02250
:10E7500010B586B001ABCDE904230446FF22039334
:10E760000A4B092103A883F8522014F050FE2146D9
:10E7700003A811F07FFC002103A8FFF795FF18B153
:10E780000349044814F04FFE06B010BD8C6D002004
:10E790005CE30400BC7904004FF4881270B588B0C3
:10E7A000017803AB0446CDE90123009311B10020A9
:10E7B000FBF7E4FF2378294D0121684685F8D33023
:10E7C00014F025FEF9F78AFC254C0146684611F045
:10E7D00051FC236803215E696846003E18BF01268C
:10E7E00011F058FC23686846D968003918BF012128
:10E7F00011F040FC3146684611F03CFC2368684645
:10E80000597E11F037FC23686846598B11F042FCA1
:10E8100023686846197F11F02DFC23686846D98B60
:10E8200011F038FC009A05F1D403D2F80100D2F8B7
:10E83000051003C3B2F80910D27A68461980002186
:10E840009A70FFF731FF28B10649074814F0EBFD35
:10E8500008B070BD022385F85230F9E78C6D0020B6
:10E86000886D002087E30400BC7904007FB54FF475
:10E87000C02201AB042103A8CDE90423039314F0C3
:10E88000C6FD002103A8FFF70FFF18B10549064890
:10E8900014F0C9FD0522054B83F8522007B05DF83E
:10E8A00004FB00BFA3E30400BC7904008C6D0020CE
:10E8B000074BD3E8AF2F910703D4D3E8AF2F52070C
:10E8C00003D5FF2283F8522070470522FAE700BFE4
:10E8D0008C6D0020074BD3E8EF2F42F04002C3E8D5
:10E8E000E12F0029F7D1D3E8AF3FDB0501D5FFF7D2
:10E8F000BDBF70478C6D0020094BD3E8AF2F510688
:10E9000001D5FFF7B3BFD3E8AF2F9206F9D4D3E810
:10E91000EF1F41F48071C3E8E21F002AF7D170476E
:10E920008C6D002030B5294A97B0002102F1B20069
:10E93000F8F760FC48B12649264814F074FD07201A
:10E9400017B0BDE83040FFF701BF234CD4E8AF3F1C
:10E950009B0604D517B0BDE83040FFF7A9BF4FF4C0
:10E960008C0204ABCDE902230193F8F739FC05468C
:10E9700040B91848194914F056FD0720FFF7E6FE84
:10E9800017B030BD032101A814F041FD40222946F3
:10E9900001A811F063FB019904F592734A1C01F17F
:10E9A00041041D4610685168083203C5A2422B4637
:10E9B000F7D10B4901A8FFF777FE20B109490548B7
:10E9C00014F031FDDCE7FFF773FFD9E7BE6D0020DF
:10E9D000CEE30400BC7904008C6D0020E7E3040062
:10E9E000D5E80200FFE304004FF4C0222DE9F04314
:10E9F0003F4999B004AB0446CDE90723A1F59970CE
:10EA000003AA0693F8F7EEF948B13A483A4914F0E8
:10EA10000AFD0720FFF79AFE19B0BDE8F0833449DC
:10EA200009AAA1F59970F8F7C1F928B1334931481D
:10EA300014F0F9FC07200BE0224611AB09A903A84A
:10EA400013F0D1FB50B12B482D4914F0ECFC0620FB
:10EA5000FFF77CFE03A813F09EFCDDE724490DAF11
:10EA60003A46A1F59970F8F7D1F9054608B125495C
:10EA7000DDE7BDF85B30244C08215BBA06A8BDF881
:10EA800054609DF85680DDF85790A38114F0BFFCC8
:10EA9000294606A8FFF708FE20B11C49154814F0C6
:10EAA000C2FCD7E7FF2384F85230D4E8EF3F43F4A9
:10EAB0000053C4E8E23F002AF7D1FFF7FDFD0197BC
:10EAC000A38971BA0093054699FA89F3424689B23F
:10EAD00011A8F5F7EDF8034628B101210C4A0548C5
:10EAE00010F0F7FDB6E7002DB4D001F06FFEB1E7EE
:10EAF000F06E0020BC79040019E4040038E404003E
:10EB000059E404007DE404008C6D00209BE40400C3
:10EB1000C0E4040037B5184D95F8D3301BB100217F
:10EB20000846FBF72BFEFFF76FFC12F06BFE00BBF5
:10EB3000FFF7C2FD044648B9104B1B789A0705D56C
:10EB4000FFF77AFD0E4B21465B6898476B6813B15F
:10EB50001B78012B0DD0094B1B78DB0709D5FFF77C
:10EB60006BFD0021074B5B68019303B0BDE83040AB
:10EB7000184703B030BD00BF8C6D00201C7E002004
:10EB8000508B04000C8B04002DE9F04103780546FE
:10EB9000012B00AF0BD09BB1314A0121314810F05D
:10EBA00098FD0220FFF7D2FDBD46BDE8F0814FF091
:10EBB00020082D4CA3736E782EB12C4A3346ECE717
:10EBC0004FF01008F5E7D4E8EF3F23F02003C4E846
:10EBD000E23F002AF7D12B683046C4F8DF302B79AA
:10EBE00084F8E330032384F85230AB78E373EB7896
:10EBF00023742B796374EA78A978FFF725FC002841
:10EC000015DA6C468AB06A46A878E9782B79C2E9A9
:10EC100007130523164DC2E9055042F8103F4FF483
:10EC2000215133460F48EAF7F1FDA546B9E7D4E88C
:10EC3000AF3F1B05B8D50F4B12341D6820462A7E06
:10EC40006969424528BF424617F093FF287E404538
:10EC5000AAD2A8EB00023146204417F0B1FFA3E787
:10EC6000DDE40400BC7904008C6D0020F6E40400AF
:10EC700016E50400886D0020F0B5424C0146A37BE8
:10EC8000A1B0002B14BF2022102204F1530025460E
:10EC900017F06FFFD5E8EF3F23F00802C5E8E12F3A
:10ECA0000029F7D11B0704D5374B1B681B6B03B139
:10ECB00098474FF4181206ABCDE90423A07B334AE2
:10ECC000002802F140010CBF10262026039313F008
:10ECD0005CFA40B12E492F4814F0A5FB0720FFF73E
:10ECE00035FD21B0F0BD2C4B10AA9E46944603F191
:10ECF0002007154618685968083303C5BB422A46E1
:10ED0000F7D1A77B012F09D1244B18AD2A461868EB
:10ED10005968083303C273451546F7D1204B614645
:10ED20003846A3F12002F8F7F9F808B11D49D2E7F7
:10ED300031461D4804F080FD08B11C49CBE7052190
:10ED400003A814F064FB314603A8A57BECF794FFFD
:10ED5000124B009003F1A101284603F1610213F068
:10ED600022FA014608B11249B5E703A8FFF79CFC57
:10ED700020B11049074814F056FBB2E7062384F887
:10ED80005230AEE78C6D0020886D00201F6E002091
:10ED90005AE50400BC790400BE6D00209E6D002081
:10EDA0003F6E00207FE50400FF6D0020A3E5040016
:10EDB000C4E50400EAE504002DE9F041364C98B0C2
:10EDC00094F80E8004F17301B8F1000F0CBF102706
:10EDD00020273A46054617F0FBFE48B92F49304830
:10EDE00014F021FB042018B0BDE8F041FFF7AEBCE1
:10EDF00006AE2A464046009604F1120304F1B30120
:10EE000013F0D1F928B12749254814F00CFB07204D
:10EE10000BE03A46304604F1530117F0D9FE48B1F1
:10EE20001F48214914F0FFFA0420FFF78FFC18B0A7
:10EE3000BDE8F08104F5B27300932A46A07B04F18B
:10EE4000730304F1930113F086F9054608B11749DD
:10EE5000DAE74FF418120EAB062103A8CDE904231C
:10EE6000039314F0D4FAA37B04F17301002B14BFB5
:10EE70002022102203A811F0F1F8294603A8FFF779
:10EE800013FC20B10A49064814F0CDFACFE7072356
:10EE900084F85230CBE700BF8C6D00200EE60400F2
:10EEA000BC7904003CE604006AE6040085E6040040
:10EEB000AAE60400B0B586B000AF044612F0A2FC8A
:10EEC0000146002857D17D1D1022284617F078FEF4
:10EED00002233B71294B1B681A68AA4202F11003F6
:10EEE0000CD29D420FD22649264840F2B3220FF0A1
:10EEF0005CFD40F2B32122480FF04EFDF3D007F144
:10EF000015018A42EEE7391D084613F8015D934268
:10EF100001F8015FF9D1ECF7A1FF6D4688B06A46B0
:10EF2000194BC2E905304FF400739383174B42F835
:10EF3000103F00234FF4E6511548EAF767FCE2075B
:10EF4000AD4605D5FFF778FB124B00215B6898476B
:10EF5000A30705D5FFF770FB0F4B00215B689847AF
:10EF600000200E4B0E4A9A600E4B1A7814431C7008
:10EF70001837BD46B0BD6FF07700F9E7886D002007
:10EF800048E20400E1920400CDE604000300000121
:10EF9000BC7904000C8B0400508B04008C6D0020A5
:10EFA000D48A04001C7E002010B5064C0246A368DB
:10EFB000E16805489B689847201D0821BDE810407E
:10EFC00014F037BAB80C00200C8B04006FF010015D
:10EFD000014814F03BBA00BFBC0C002008B5012169
:10EFE000024A034814F030FA002008BDF1E604009C
:10EFF0009C7904002DE9F041044618460F469046DE
:10F0000014F036FA0646B0B10C4B00F1140519683D
:10F010002846A40011F053F844F0030400212846C8
:10F0200011F028F8E1B2284611F024F8424639469A
:10F03000284611F013F83046BDE8F081B80C0020E6
:10F040000C2370B5224CD4F8882002F0010503FB94
:10F050000541096F51B9013202F0010503FB054377
:10F060001E6F1EB9236B022B0FD970BD802119486A
:10F0700014F0DFF90C2303FB054301221649186F36
:10F08000F5F798F9C4F88850EFE704EB83035B6A5F
:10F09000002BEAD08021201D14F0CBF9236B3246DF
:10F0A00004EB8303586A0C49F5F784F9236B5A1C67
:10F0B000032A226304D004EB8304A36A002BD4D177
:10F0C000BDE8704043F609520023044807F050BCE5
:10F0D000B80C0020BC0C0020488B0400F80C002069
:10F0E0007F2208B5074B1A74FF2283F820201E22C6
:10F0F000C3E9020183F82220F5F7A2F9F5F7F2FD42
:10F10000002008BDB80C002080B500AF018B40691D
:10F11000ECF744FE88B06A46094BC2E905304FF46B
:10F1200000739383074B42F8103F00234FF4E451E0
:10F130000548EAF76BFB6FF00B00BD4680BD00BFD2
:10F140000AE70400030000019C790400014BD3E8A6
:10F15000AF0F7047BC0C002070B505460E46FDF79A
:10F1600051F9044630B10121094A0A4814F06CF9FA
:10F17000204670BDFFF7EAFFC30705D43146284695
:10F18000BDE87040FFF7ACBF6FF00F04F0E700BFC1
:10F19000B7B904009C79040073B5FFF7D7FF0306E5
:10F1A000C0F3C01520D402210DF1060004F044FB89
:10F1B0001E23BDF8064047F61226B4FBF3F240F2D8
:10F1C000E730294603FB12441434A4B24FF47A7298
:10F1D0000023E6FB0401ADF80640E2F723F90246FE
:10F1E0000B46024807F054FB02B070BD880C0020AB
:10F1F0002DE9F04100252E46A846124F57F8044F3E
:10F2000074B1C7F80080237C1A0713D42046FDF799
:10F210009DF990B120460136F5F73CF8032EEDD16B
:10F220006DB16FF08001084814F010F9BDE8F041AD
:10F23000FFF7B2BF68F3C30323740125EAE7BDE813
:10F24000F08100BFD80C0020BC0C002008B503489A
:10F2500007F094FBBDE80840FFF7CABFF80C002098
:10F2600010B50B4C636A8BB1027994F820309A4246
:10F270000CD1FFF76BFF430701D4FFF7E7FF636B88
:10F2800023B1A16B0020BDE81040184710BD00BF9E
:10F29000B80C002038B599B10C230E4CD4F8885026
:10F2A00003FB05431A6F5AB15A6F0AB1996F904721
:10F2B0000C2303FB0544206FF4F7ECFF00232367C6
:10F2C0006FF08001044814F0C1F8BDE83840FFF742
:10F2D00063BF00BFB80C0020BC0C002038B50A4B3F
:10F2E00005461C6F34B1DC6F1CB1BDE83840FFF738
:10F2F0000BBF01240C2000FB0433C3E91C519A67A7
:10F30000FFF74AFF002038BDB80C002037B50C4687
:10F310000546B0B1FFF79AFF6846E7F78DFEDDE9D5
:10F320000023094807F024FB224628460749FFF737
:10F33000D5FF044610B12846F4F7ACFF204603B0D1
:10F3400030BD6FF00B04F9E7480D0020E9F302002F
:10F3500038B5FFF77BFF174807F010FBFFF7F6FE05
:10F3600010F0200F144CC0F3401510D040220021A3
:10F37000204617F025FCFF232374FF23002284F886
:10F3800021300E4B9A809A6863611A6038BD12F082
:10F3900039FA00B1A5600022094B2260D3E8EF1FC3
:10F3A000C3E8E02F0028F9D17F232374FF2384F8DA
:10F3B0002030E2E7480D0020B80C0020681400203F
:10F3C000BC0C002070B50446054BD3E90265FFF77D
:10F3D000BFFF2246294673680248BDE870401847BF
:10F3E000B80C00200C8B040010B509480C466FF0D7
:10F3F000400114F02BF86FF00401054814F026F8D2
:10F40000430704D5E0B2BDE81040FFF7DBBF10BDF5
:10F41000BC0C0020F8B5102105461D4814F009F871
:10F4200010EA01070BD1022014F022F8044658BB61
:10F430006FF01001BDE8F840154814F007B8154BFF
:10F4400093F82130AB421ED0022014F011F804468C
:10F450000028EDD00F4B04F114061968304610F067
:10F460002EFE2946304610F005FE0121304610F0F0
:10F4700001FE0022002F0849204618BF1146FFF761
:10F480002DFF0028D4D1F8BD024B83F82150E1E7CD
:10F49000BC0C0020B80C0020CDEF020007B5042101
:10F4A0008DF807000D4813F0C4FF430713D403225F
:10F4B0000B4B0DF1070183F822200223012218468D
:10F4C000FFF798FD9DF80710FFF720FF18B19DF892
:10F4D0000700FFF777FF03B05DF804FBBC0C0020CA
:10F4E000B80C002008B5FFF731FEC30707D500228E
:10F4F000034B01205A74BDE80840FFF7CFBF08BD99
:10F50000B80C002008B505480221054A13F09CFFFD
:10F51000BDE808400120FFF7C1BF00BF9C7904008F
:10F520002CE7040070B5FFF711FEC30706D4BDE851
:10F5300070400221134A144813F086BF14F0C0FE35
:10F540004FF47A75A0FB050647F61222002305FB4F
:10F550000161E1F767FF00240C4BD3E90626801A0E
:10F5600093F8222061EB06016A43824274EB0101A9
:10F5700003DABDE87040FFF7C5BF1C63BDE870400B
:10F58000FFF70ABE42E704009C790400B80C002093
:10F5900010B50E4C207CFFF73DFFFFF7D7FD0307AA
:10F5A0000CD563691B681B7809480221094A10F0D1
:10F5B00090F8BDE810400320FFF7F6BCA36862692D
:10F5C000E168DB680448BDE810401847B80C00202B
:10F5D0009C79040052E704000C8B040007B56846D0
:10F5E000E7F72AFDDDE900230A4807F0C1F90A4BD5
:10F5F000D97C5869F7F75EFC38B90121074A0848F9
:10F6000003B05DF804EB13F01FBF03B05DF804EB2B
:10F61000FFF7BEBF480D0020B80C00207CE70400B7
:10F620009C790400F7B5454D02466B7C0E46477940
:10F630006BB9297C0079814217D1FFF787FDC1069C
:10F6400011D4107903B0BDE8F040FFF7E3BE6B6A58
:10F650004BB913792A7C93421CD00221009238487E
:10F66000384A10F040F803B0F0BD6C6A002CFAD1B3
:10F670004B1C03F07F0321F07F010B439842E8D13C
:10F680006B6928749A689C801A60FF236B74AB7452
:10F69000FFF7DCFDAB7CBC08B3EB970F00D35CB984
:10F6A00001212346284A264810F013F8022003B00F
:10F6B000BDE8F040FFF778BC6B7CE340DA07D2D5B9
:10F6C0001722631E5343B2881433D118412907DD32
:10F6D00002211E4A1A4803B0BDE8F04013F0B4BE40
:10F6E000696908683168184417F043FA01216A7C97
:10F6F00001FA04F322EA0302AB7C6A749C4215D13E
:10F70000D307B0D46869C4EBC40304EB83038088D7
:10F7100004EBC30303330344B088DBB2834205D058
:10F720000B4A009006480FF0DEFFBFE7002A9AD18F
:10F7300003B0BDE8F040FFF751BF00BFB80C002098
:10F740009C7904008AE70400B6E70400CFE70400D0
:10F7500001E80400F7B5524E0D460379317C0446AA
:10F760008B4211D1737C2BB1726A0AB9D9071DD4AF
:10F7700003B0F0BDFFF7EAFCC006F9D4207903B06E
:10F78000BDE8F040FFF746BE726A002AF0D14A1C7D
:10F7900002F07F0221F07F010A43934206D002214A
:10F7A00000924048404A0FF09EFFE1E70022736953
:10F7B00028469A809A681A60776910F030FCB88001
:10F7C00023792846337410F01AFC7369F0749A8810
:10F7D0002AB9364A0121334813F036FE08E0DB88A7
:10F7E00093420BD21346324A01212E480FF071FF8B
:10F7F000022003B0BDE8F040FFF7D6BBAB889A42C9
:10F8000006D200922B4A012126480FF06CFFEFE749
:10F8100063799B0803D0142A03D8274ADAE7142A0D
:10F820000BD91721143A92B2B2FBF1F20132D2B2E3
:10F83000934202D00092214AE5E7FFF707FD617984
:10F84000737C8908DA07B1740CD5FF2B0DD0DA432D
:10F85000D2B2B2FA82F2C2F11F028A4205D9FF2364
:10F86000174AC1E7002B08BFFF23012261798908ED
:10F8700001318A40013A134073747369AA88186889
:10F88000296817F076F9737C03F0FE037374002B7C
:10F890007FF46EAF03B0BDE8F040FFF79FBE00BF3E
:10F8A000B80C00209C79040022E8040046E804001B
:10F8B0006CE8040092E80400C4E80400F1E80400E5
:10F8C000B6E7040070B5437905469B08012B5CD070
:10F8D000022B75D0002B40F081808B880F2B06D82F
:10F8E000404A0121BDE870403F480FF0F2BEFFF7EB
:10F8F0002DFCC60719D53D4A2B68116899426FD176
:10F90000FFF724FC4506C0F3801469D44021101D84
:10F9100013F08FFD2146224602230120FFF76AFBE8
:10F920002146BDE87040FFF7F1BC0C68FEF776FE9B
:10F9300010220168204617F04BF9044600284FD1E9
:10F940002B682A4D0121284640F8043B13F071FD35
:10F950006B6940219A689C801A60281D13F069FD2C
:10F960002146022322460120FFF744FB2146FFF7F0
:10F97000CDFC18B1BDE87040FFF7EABCAB68E968A0
:10F980001B681B48BDE870401847FFF7DFFBC00746
:10F9900026D5FFF7DBFB810622D50221154813F09F
:10F9A00048FD82071CD4FFF751FC1E220F4B104864
:10F9B00083F822209A68D9681268BDE87040104721
:10F9C000FFF7C4FBC3070BD58B88012B08D1084672
:10F9D00010F015FBBDE87040FFF7F4BC064A80E765
:10F9E00070BD00BF12E904009C790400B80C00202F
:10F9F0000C8B0400BC0C002039E904002DE9F3470E
:10FA0000DFF860A1884617460446FFF71FFC6846EA
:10FA1000E7F712FBDDE90023504606F0A9FF0020BE
:10FA200013F026FD8146002874D01AF8702C00F1DE
:10FA30001406531C03F07F0322F07F021343304669
:10FA40005AF8901C0AF8703C10F039FB1AF8701C38
:10FA5000304610F00FFBA3883046142B81BF1722CD
:10FA6000143B9BB2B3FBF2F392BF00230133DBB232
:10FA70009B0003F0FC0110F0FDFA3046A18810F065
:10FA800009FB21792068F7F705FAAAF190050146EC
:10FA9000304610F0EFFAC5F82490C5E90D8714F050
:10FAA0000FFC4FF47A77A0FB070C002307FB01C182
:10FAB00047F61222E1F7B6FCC5E90601A7882168DE
:10FAC000142F28BF142730463A4610F0C7FA39469B
:10FAD0002046ECF79DF80027DFF88C80A68826B931
:10FAE0002E63FFF759FB30460AE0082F0BD11F4861
:10FAF00001211F4A13F0A8FCFFF77AFB6FF0060004
:10FB000002B0BDE8F087002013F0B2FC043720B942
:10FB1000FFF76EFB6FF06800F2E748F8040FB4F8E7
:10FB2000049000F11406B9F1170F28BF4FF0170920
:10FB30003046296810F0C3FA95F82010304610F0CE
:10FB400099FA47F002013046C9B210F093FA2168E1
:10FB50004A46304610F082FA49462046ECF758F8FB
:10FB6000BCE700BF480D0020DC0C00209C7904009D
:10FB700057E904002DE9F341234C06460D4623487E
:10FB8000202190461F4613F054FC0421204603F028
:10FB900053FE7F2384F82030FF2384F82250002571
:10FBA000C4E902872374636931469A689D801A60AC
:10FBB00028462B461022FFF71DFA064608B3FFF72A
:10FBC00045FB6846E7F738FADDE9002304F19000C9
:10FBD00006F0CEFE14F074FB4FF47A77A0FB070C0E
:10FBE00047F61222002307FB01C1E1F71BFC666206
:10FBF000C4E906012563FFF7CFFA284602B0BDE845
:10FC0000F0816FF00B00F9E7B80C0020BC0C00206D
:10FC10002DE9F04105460E4617469846FCF7F2FBE3
:10FC2000044638B101210C4A0C4813F00DFC204663
:10FC3000BDE8F08101210A4813F0FBFBC30707D49C
:10FC400043463A4631462846BDE8F041FFF792BFA9
:10FC50006FF00F04EBE700BFB7B904009C79040014
:10FC6000BC0C002037B5264D0446AB687BB38388B7
:10FC7000052B07D80221234A234803B0BDE83040B2
:10FC80000FF027BD10F0D5F90090204610F0B7F91D
:10FC90008DF80400204610F0B2F98DF80500FFF74A
:10FCA00055FAC30703D52A68009B9A420FD19DF8E5
:10FCB0000530164A03F0030302EBC301A08849791B
:10FCC000884206D20121124A0F480FF002FD03B00C
:10FCD00030BDFFF73BFA10F0010F9DF8053006D15B
:10FCE00003F0030102EBC10109790029EFD103F010
:10FCF00003032146684652F833309847E7E700BFD0
:10FD0000B80C002067E904009C790400288B0400EB
:10FD10008EE9040010B5064C0649204606F0E4FCC6
:10FD2000A4F150000449BDE8104006F0DDBC00BF5E
:10FD3000480D0020E5F4020025F50200034AD368CF
:10FD400013B1002011691847704700BF984E00207A
:10FD500010B5064C206818B1EFF71AFE0023236097
:10FD60000348BDE8104006F009BE00BF984E0020D1
:10FD7000B04E002070B50446054BD3E90165FFF78E
:10FD8000E7FF2246294673680248BDE870401847DD
:10FD9000984E0020508B0400044BD3E8AF3FDB07A4
:10FDA00002D50120FFF7E6BF704700BF8C6D002031
:10FDB00070B506460D46FCF725FB044630B101211F
:10FDC000064A07480FF07CFC204670BD00F0D2F8D0
:10FDD000FCF79AFB034BC3E90165F5E7B7B90400EB
:10FDE000A4790400984E002008B5064B1B68834296
:10FDF00004D10020FFF7BEFF002008BD6FF07F0098
:10FE0000FBE700BF984E00200149024806F06CBC99
:10FE100099FD0200B04E002030B58BB001A9044618
:10FE2000F0F708FBA8B99DF80530012B11D10A4B5A
:10FE30001B7873B111F0E6FC58B99DF8063043B950
:10FE4000064D2B682BB92046054A064901F0A2F859
:10FE500028600BB030BD00BF1D7E0020006F002069
:10FE6000FDFE020069FE0200F0B50F4604461D4685
:10FE7000164687B010220021684616F0A1FE074BF7
:10FE80006946CDE901370C9B2046ADF80C6004951E
:10FE90000593F3F78DFC07B0F0BD00BFBC14002044
:10FEA00008B50121034A04480FF00AFC6FF07F00F7
:10FEB00008BD00BFEAE90400AC79040008B51346A8
:10FEC0000B4A12681268824203D0BDE80840FFF76F
:10FED000E7BF012B07D007480221074A0FF0F9FBC3
:10FEE0006FF0120008BDE7F737F90220FAE700BF0C
:10FEF000006F0020AC79040002EA04000379032BB0
:10FF000001D113F0D8BA0221014A02480FF0E1BB37
:10FF10002EEA0400AC79040008B511461A46104BCD
:10FF20001B681B68834207D00E4801210E4A0FF060
:10FF3000C7FB6FF07F0008BD3AB90C4A094802219F
:10FF40000FF0BEFB6FF01500F5E70B7803F03F03F1
:10FF5000032B01D0064AF1E7BDE8084000F0A0BE3F
:10FF6000006F0020AC790400EAE904004CEA0400C8
:10FF700060EA040070B511F045FCC8B90F4D2C784B
:10FF8000CCB90F48F2F7EAFE01232B7014F098F970
:10FF90004FF47A75A0FB0506002347F6122205FBF5
:10FFA0000161E1F73FFA074BC3E90001204670BD4C
:10FFB0006FF08500FBE76FF00F00F8E71D7E002073
:10FFC00074140020E04E002038B5074D2B7843B163
:10FFD00000240648F3F770F82C70FCF795FA2046D9
:10FFE00038BD6FF07700FBE71D7E00207414002001
:10FFF000F0B58BB001A90446F0F71CFAD0B99DF812
:020000040003F7
:100000000530012B16D10C4B1B789BB19DF8067067
:1000100087B90A4E306868B10568A5420AD101F077
:100020000FF828463760FFF7DFFE11F0EBFB08B151
:10003000FFF7CAFF0BB0F0BD1D7E0020006F00204F
:10004000F0B5434B91B01B781BB96FF0850011B030
:10005000F0BD11F0D7FB04460028F6D101F004F8FA
:100060000028F2D02146142206A816F0A9FD40F27D
:100070000321A023CDE90713F0230993354BD3E9DE
:10008000006714F01DF94FF47A74A0FB040547F6DD
:100090001222002304FB0151E1F7C4F9851B61EB37
:1000A0000707FEF7BBFA03682B4A03F1100153F868
:1000B000044B8B4242F8044BF9D10289274B110AB9
:1000C0009974DA7444684CB12046E6F759FD1D284E
:1000D0002DD90221224A23480FF0F2FA002340F6DC
:1000E000092102AE26F8331006EBC3025C1C4EF663
:1000F00061231D499D4277F1000751601FDB1422E7
:1001000000210BA816F05CFD40F203224FF4C863F7
:10011000CDE90C234FF4F0634FF0FF310E9303232E
:10012000CDE90064114A0BA8FCF7C0F98FE724233E
:100130008DF809008DF8083003940123CFE7C5F549
:100140006A410323CDE90064084A603106A8EBE761
:100150001D7E0020E04E00207D1600207B16002032
:100160008AEA0400AC79040060A604006C8B0400E9
:10017000A0F128010148F5F79FBE00BF0335040038
:1001800070B50C46054608B9002070BD4FF6FF73E8
:1001900002889A42F8D0C378012B0DD1466813F03B
:1001A000BAF906F56A4360331B1A236095F84230AA
:1001B000023323710120E8E7F3F786FE012803D11B
:1001C000064B20712360F5E7F3F774FE0128DBD1BD
:1001D000002323714FF0FF33F4E700BFC02709006D
:1001E00070B5002651F8043B86B014460546CDE9AB
:1001F00003310596F7F712FF049BADF814009E80BB
:10020000A3680A2123602046A680EBF7C9FC0321DE
:1002100020460FF02FFF95F824302046012B0CBF0D
:10022000314601210FF026FF0021AB1C05F122020F
:1002300033F8020F08B1013189B29342F8D1204658
:100240000FF028FF0122214603A8F4F7F1FF03462F
:1002500030B1094A0121094813F06CF906B070BDAC
:100260002868009322460221006800F0B3FD03468F
:100270000028F3D0024AEDE7C5EA04005C790400E7
:10028000F0EA0400F0B50F4604461D46164687B056
:1002900010220021684616F093FC074B6946CDE911
:1002A00001370C9B2046ADF80C6004950593F3F7DD
:1002B0007FFA07B0F0BD00BF68150020014620B9E5
:1002C0000448F5F70BBE13F0FDB803480368002B94
:1002D000F9D17047BD020300CC150020012370B591
:1002E000C370044613F017F90B4D0C4E6060B54215
:1002F00010D90B490B4840F279120EF056FB40F230
:10030000791107480EF048FB2B680BB120889847FD
:100310000835ECE7F8D370BDBC780400BC78040065
:100320001AEB0400E192040008B502210346034AD7
:10033000034813F0FFF86FF0120008BD02EA040052
:100340005C790400012A38B5144604D01046BDE893
:100350003840FFF7E9BFEFF797FC3C23074A03FB60
:10036000002191F824503DB981F82440282113FB45
:1003700000101044FCF7C2F8022038BDCC15002054
:100380002DE9F0418AB001A90746F0F753F800289B
:1003900043D19DF80530012B3FD1214B1B78002B19
:1003A0003BD09DF80640C4BB3846EFF76DFC0646CF
:1003B0003C2000FB06F81B4D202205EB080383F8C8
:1003C0002440042310FB06302146284416F0F8FB95
:1003D000154A1649384600F0DDFD45F80800F5F7E6
:1003E000DBFB0746F3F766FD012809D0012F07D094
:1003F000F3F76AFD0128044602D0BB1E5C425C4153
:100400003C2303FB06550A4885F83840F5F766FD9E
:1004100000F02AFE08B1FCF777F80AB0BDE8F081D9
:100420001E7E0020CC150020290503008502030054
:10043000C334040008B5054B1A6812B1012283F8D1
:100440002420FCF761F8002008BD00BFCC15002077
:100450002DE9F0470D4640F2032A8EB00DF1100948
:10046000044616460021142248461F4616F0A8FBF3
:10047000274BAA1E012A98BF9A464FF4F0634FF407
:10048000C8620DF12408CDE906230021142240465C
:10049000CDF814A016F094FBA021F0232822CDE97A
:1004A0000B13A3783146981E4342434102FB03409D
:1004B00032466430CDF828A0F6F7B0FD044618BBEC
:1004C000144B39469D70B268022D0CBF4846404619
:1004D000C3F80320F268C3F8072040F60923ADF8FB
:1004E00008300D4B0D4A03930123019302AB009397
:1004F0000323FBF7DBFF044630B1022100902B46BB
:10050000074A08480FF0EFF820460EB0BDE8F08724
:10051000030208009516002060A604009C8B0400CE
:100520004FEB04005C7904002DE9F04794B090F89B
:1005300004A00446BAF1010F00AF0CD0BAF1020FCB
:100540000DD0BAF1000F40F0C88013F02FF85037EB
:10055000BD46BDE8F0877030F4F73AFBF7E74FF49B
:10056000E81207F11003C7E902237B6003213B1D5A
:1005700007F130027030F4F793FF054630B10346BF
:100580000121574A574812F0D5FFE0E797F84C3061
:100590000246014643F0400307F1300087F84C3033
:1005A000FCF718FA8046B0B16E468AB06C46398FB7
:1005B0007A8FBB6CC4E90723224605234A48C4E965
:1005C000050142F8103F4FF422512B464548E9F708
:1005D0001DF9B546BBE70921381DEBF719FB3B892F
:1005E0002BB9424A51463F480FF06AF8AFE72068FE
:1005F000EFF74AFB05B28146381D0FF000FD3C4E77
:10060000C5EB051501284FEA8504034606EB850571
:1006100058D002280FD000285CD13B8923BB354A33
:10062000514630480FF04CF828463A1D07F130018A
:10063000FFF7D6FD8BE71E2303FB09F90234344490
:100640003B89012BF0D9381D0FF0E9FC0028F7D0C9
:100650002246002332F8021F814237D14B4406EB79
:100660004303A3F80480EBE7381D0FF0C8FC0346F2
:1006700038B1012812D002211F4A1A4812F05AFF3D
:10068000D2E7201D20220021304416F099FA3C23A5
:10069000012203FB096383F82420C5E7201D2022E3
:1006A0000021304416F08CFA3C2303FB0969022335
:1006B00089F82430B8E7381D0FF0B1FC0146284610
:1006C00012F052FF3B89012BF5D8ADE70133102B17
:1006D000C0D1B5E7094A022154E75346084AFAE770
:1006E0007EEB04005C79040074D70400ACEB0400DA
:1006F000CC150020CEEB0400EBEB040009EC040069
:100700002EEA0400114608B51A463BB9094A0221EF
:1007100009480EF0D5FF6FF0150008BD0B7803F007
:100720003F03032B01D1054AF1E7BDE8084000F083
:10073000B7BA00BF4CEA04005C79040060EA040028
:1007400010B5044621B112F027FF034B1C6010BD09
:1007500012F027FFF9E700BF146F0020002370B5E7
:1007600004460C4D0C4EC3704360B54210D90B4982
:100770000B4840F2A3120EF018F940F2A3110748FB
:100780000EF00AF96B680BB1208898470835ECE742
:10079000F8D370BDBC780400BC7804001AEB0400E8
:1007A000E1920400012908B50BD1074A1168814282
:1007B00004BF00211160FFF7D1FFBDE80840FBF73F
:1007C000A3BEFFF77BFDF8E7146F002008B511F01A
:1007D00019F840B10548F5F781FB08B9002008BDBC
:1007E000FBF792FEFAE76FF00A00F8E7A335040082
:1007F00038B511F007F8A8B10D4D2B78ABB90D48FD
:10080000F2F7ACFA044638B1034601210A4A0B4814
:1008100012F090FE204638BD01232B70BDE8384011
:10082000FFF708BE6FF08504F4E76FF00F04F1E7FF
:100830001E7E0020201500202FEC04005C790400AF
:1008400030B58BB001A90446EFF7F4FD78B9019BF0
:1008500023F07F4323F0FF03B3F5807F07D10C4BD8
:100860001B7833B910F0CEFF18B1FFF7C1FF0BB002
:1008700030BD2046EFF708FA3C2303FB00F4054D9A
:1008800028590028F3D000F0DBFB00232B51EEE7C2
:100890001E7E0020CC150020002210B5094C94F8D3
:1008A00024302068013BDBB202B110BD0028FCD02F
:1008B000012BFAD884F8242013210068EFF766FA98
:1008C0000122ECE7CC15002010B5074C23783BB192
:1008D000FFF7E2FF0548F2F7EFFB0020207010BDA4
:1008E0006FF07700FBE700BF1E7E00202015002080
:1008F00038B550F8700C0C46EFF7C6F93C22144D91
:1009000002FB005393F82430012B09D100B2C0EB55
:100910000010214605EB8000BDE8384012F024BEEF
:10092000022B0FD174B112FB003200232A4432F89B
:10093000021FA14207D11E2202FB0033002205EB59
:1009400043039A8038BD0133102BF0D1FAE700BF82
:10095000CC15002038B5154B1A6822B393F8244003
:10096000022C0FD10024023333F8025F8D4218D0DD
:100970000134102CF8D10146106800F0EBFA80B970
:1009800001200FE04FF6FF75A942F4D0012C08D1E9
:100990000024023333F8025F8D42ECD00134102C76
:1009A000F8D1002038BD1046FCE700BFCC15002070
:1009B0002DE9F043954B8DB01B782BB96FF0850472
:1009C00020460DB0BDE8F08310F01CFF0028F5D0E4
:1009D0008F48F5F783FA00F047FB002800F01381F9
:1009E00000248C4807A90794F5F766FADDF81C8007
:1009F000B8F1000F49D0884EB8F1010F706803AF0D
:100A00002DDD4346062BB8BF06234EF66024B4FB0B
:100A1000F3F4B368B4F57F7F38BF4FF47F740133CC
:100A20001DD03946FFF7ACFBC8B1327B9DF81030C2
:100A30009A4214D112F06FFD3368C01AB36898421D
:100A40000DDA1B1AB3F57A7F756808DB0393039BF5
:100A5000581C02D09C42A8BF1C4603941DE0D6F847
:100A600004904846F5F74AFA054639462846FFF706
:100A700087FB68B92846F5F741FA81450546F4D168
:100A80000121664A66480EF01BFE6FF0010497E7ED
:100A9000002DF5D0B8F1010FD9DC12F03CFD614B0F
:100AA000C6E9000597E8030083E803009DF81030CD
:100AB000032B00F2A080DFE803F0024165801422DE
:100AC000002107A8039C16F07BF840F203224FF4A4
:100AD000C863CDE908234FF4F0630A930023524A18
:100AE00007A89370AB78991E4B424B4128214B438A
:100AF0005C33E918EB58C2F803304B682146C2F862
:100B0000073040F60923ADF81430484B484A0693A5
:100B10000123019305AB00930323FBF7C7FC0446B5
:100B200070B303460221434A3D4812F003FD2346B9
:100B30000121414A3A4812F0FDFC41E73F4F0821AC
:100B40003846039E02F078FE04460028EFD1AA78CA
:100B5000931E5A425A4128235A435C32A918A85876
:100B6000496807AB03C31A4679683868334603C23D
:100B7000022107AA2846FFF76BFC04460028D6D1BD
:100B800000241DE72D4E08213046039F02F054FE3D
:100B900004460028CBD133680790CDF82230736823
:100BA000ADF82000CDF82630F7F738FA40BA3B46CA
:100BB0000121ADF82A0007AADCE7204E08213046C3
:100BC000039F02F039FE04460028B0D103243368A5
:100BD0000790CDF8223073688DF82000CDF82630CC
:100BE0008DF82140F7F71AFA40BA3B462146ADF896
:100BF0002A0007AABEE70121114A094812F09AFC0F
:100C00006FF01204DCE66FF00B04D9E61E7E0020C4
:100C1000B735040039350400046F00205EEC040091
:100C20005C7904000C6F00209516002060A604007B
:100C3000848B040081EC0400CCEC0400A01600209E
:100C4000AFEC040038B504460221114A11480EF0F9
:100C500037FDA4F1400554F8383C3BB954F8400C3A
:100C6000A0B1BDE838401321EFF790B8284612F044
:100C7000B8FC40B90849094859220DF096FE59219F
:100C800005480DF089FEF3F705FBE4E738BD00BF2A
:100C9000FCEC0400C47904000EED0400E1920400B1
:100CA0002DE9F74F17460D46EEF7EEFF0FFA80FAE3
:100CB000DFF8F8904FEACA1606F17008C8440446F7
:100CC00040460FF0C3F907F1FF3B584509EBCA1A3C
:100CD00002D2374A022138E02A7809EBC41491097C
:100CE0000229B4F874302ED0032945D0012912D03E
:100CF0000BB1304AEEE72271691C5A464046019317
:100D00000FF0ACF95046A26B9047019BA4F87430E9
:100D1000A36F236713E00BB1274ADBE706F140001E
:100D20000023264A484405F023FE29465A4611F876
:100D3000013B03F03F03237140460FF08FF9384623
:100D400003B0BDE8F08F33B91D4A1E480EF0B8FC61
:100D50006FF01507F3E7237902F03F02934201D0C9
:100D6000194AF2E706F14000144A0023484405F00E
:100D7000FFFD5A46691CDFE70BB9144AAAE723793D
:100D800002F03F02934201D0114AA3E706F140006E
:100D9000484405F0F3FD5A46691C40460FF05EF9E1
:100DA000A36B504698470023B0E700BFE84E0020F1
:100DB00043ED04005EED04008AED0400688909003B
:100DC000B3ED0400C4790400D3ED0400FBED04008E
:100DD0001BEE04002DE9F04F87B00493109B0646EC
:100DE00014460391059310F040FC05463046EEF79B
:100DF0004BFF022D83460BD802212B462B4A2C4851
:100E00000EF067FC6FF01507384607B0BDE8F08FAD
:100E1000039B033D03F03F09A388ADB2AB42DFF86B
:100E2000948012D2494620460FF0D6F8059B08EB75
:100E3000CB181093D8F834503046AC46049BA288A7
:100E4000216807B0BDE8F04F6047204649F04001F7
:100E50000FF0C2F8002308EBCB1A0093DAF83470D5
:100E60002A4630462168B84707460028CCD1294693
:100E70002046EAF7CDFEA388002BC5D09D4203D9BA
:100E8000039B43F0C001CEE7204649F080010FF0FC
:100E9000A3F8002300932A4630462168DAF834C0CC
:100EA000E0470028E3D00746AEE700BF43EE04006A
:100EB000C4790400E84E002070B550F8243C054683
:100EC0008EB0002B3DD0243812F08BFB0446002856
:100ED00037D04FF4F01206AB012103A8CDE904236B
:100EE000039355F8246CEAF75BFE228B616903A833
:100EF0000FF0B4F82046F3F7B7F90021009003AAE9
:100F00003046114BFFF766FF0646014604F1080222
:100F1000002010F0C1FC46B10C48334601210C4AB8
:100F20000EF0D7FB2046F3F7B5F92046F3F7B2F9F8
:100F300055F81C3C2BB128460EB0BDE87040FBF7BD
:100F4000DDBA0EB070BD00BFDD350400C479040009
:100F500057EE040070B50D46EEF796FE044628469F
:100F6000F3F782F90A4DE3010646E858EEF78CFEE6
:100F700024B2E401411C04F1080006EB810128447D
:100F8000243413F08EF82819FBF7B8FA002070BD4E
:100F9000E84E00202DE9F0479046244A8246136827
:100FA0000F4601331360EEF76FFE064605B250465A
:100FB000EEF7CAFC1E4C4FEAC61A04EBC616B66F13
:100FC0004FEAC51944F80A0004EBC5154EB10023D9
:100FD0002E67A5F874305444C4E90D782846BDE85E
:100FE000F087EEF751FE134B01B201EB411109F10D
:100FF000700003EB4101422220440EF0D7FFAB6F9B
:10100000A5F874602B6709F10800204413F03CF840
:1010100009F124002044084905F080F909F1400055
:101020000649204405F060FBD5E700BF186F00209B
:10103000E84E0020F0100120B90E0300450C03001B
:1010400010B50446403005F099FC2068EEF7A0FC8E
:101050000023044A23601368013B1360BDE810407D
:10106000FBF752BA186F0020034B18680028CCBF5A
:1010700000200120704700BF186F002038B5064DD2
:10108000041D204612F0C8FA014600B938BD2846B2
:1010900012F0B8FAF5E700BF880D002001460020E5
:1010A0000D4B1A6802B97047914211D10A6848B9CC
:1010B00058681A60814200D15A60002307480B60CB
:1010C00012F0A0BA02605A68914208BF5860F4E773
:1010D00010461268E6E700BF780D0020800D002062
:1010E000F0B5234BA5B01C6814B9002025B0F0BDA5
:1010F0004FF4F00206ABCDE90423268E6568039316
:10110000DDB9A36A228CE5760093636A03A904F132
:101110000C0011F02CFA012310F1100F0646E376B3
:10112000E3D010F1690FE0D02046FFF7A7FF20467B
:10113000FFF7B4FF8EB90120D8E70A2E374628BF43
:101140000A2703A83946EAF797FDF61B291D3A46F8
:1011500015F00FFDB6B22D68D2E7636A002BEAD016
:101160001B68002BE7D031462846A26A9847E2E781
:10117000780D00202DE9F0410026274C3546014628
:10118000226890B11AB9204612F03CFA0DE0D0F86E
:101190002CC013461046DF6ABC4535D293422CD191
:1011A0000B606368216003B96160246894B313F035
:1011B00087F84FF47A77A0FB070C47F6122200233A
:1011C00007FB01C1E0F72EF9E46A84420ED947F625
:1011D0001225241A002140F2E7304FF47A72E4FB22
:1011E00005010023E0F71EF906460D4632462B4660
:1011F000BDE8F041094805F0BBBB03680BB90648E0
:10120000C2E70B600160D0E71F681846002FF6D0D8
:101210003B46C0E7BDE8F081780D0020900D00202E
:1012200008B5FFF75DFF48B9054812F0F5F9C26A45
:101230000A32C262BDE80840FFF79CBF0020F9E710
:10124000780D00202DE9F04F93460A2289B00493CF
:10125000CB88054603F10909B9FBF2F98A880F46E4
:101260000392564AD2E8AF2F520709D554480221BB
:10127000544A0EF025FA6FF0120009B0BDE8F08F65
:10128000B3F5C87F00F297804F4B9B687BB9022172
:101290004E4A4B480EF014FAFFF722FF38B90221EC
:1012A0004B4A47480EF00CFA6FF00B00E5E749484F
:1012B00012F0B2F900260446C0E90166031D059349
:1012C0004FF00008A9EB060AC2450DDD424812F0B6
:1012D000A3F90146D8B902215346404A3848CDF80F
:1012E00000800EF000FAC24656444E4515DAFFF76C
:1012F000F7FE0028E4D10221394A31480EF0E0F926
:101300002046FFF7BBFE2046FFF7C8FECCE7059856
:1013100012F078F908F10108D6E76668002E38D196
:1013200002210DF11E0002F087FAB5F90620BDF882
:101330001E30002AD4BF4FF4F0721E22B3FBF2F12C
:1013400002FB11331433ADF81E3012F0B9FF4FF425
:101350007A77A0FB070C47F6122207FB01C1002396
:10136000E0F760F8BDF81E3004F10C070344E362B7
:101370000FCD0FC72B6820463B60049BA4F820B01C
:101380006362129BA362039B2386FFF7F3FE304642
:1013900073E7B7F804803846B8F10A0F28BF4FF05A
:1013A0000A084146EAF74EFC42460146301D15F058
:1013B000E0FB3668B2E76FF015005EE7A00A002098
:1013C0004C7904008BEE0400780D0020C0EE040080
:1013D000E1EE0400800D0020880D00200EEF0400D7
:1013E00036EF040000220E480E4908B5C0E900227D
:1013F000C0E90222C0E904220830013212F002F9E9
:10140000042A01F13401F8D10022074907480132CA
:1014100012F0F8F8282A01F11001F8D108BD00BF38
:10142000780D00201C6F0020EC6F0020880D00203C
:1014300038B50C4805F0A2FA0B4D2C6804B938BD3C
:101440002046FFF71BFE2046FFF728FE636A002BAD
:10145000F3D01B68002BF0D06FF012010020A26ABD
:101460009847EAE7900D0020780D002010B5094C50
:101470000A44914200D110BD11F8013B58400309C4
:10148000E35C0001C0B243401809205C1B01DBB2E1
:101490005840EEE767EF04000122024BC3F8042432
:1014A000704700BF002008E037B540230C460A49CA
:1014B0000093411A491105462346084A084812F08C
:1014C000B5F8011E05DA2846234603B0BDE83040D2
:1014D000184703B030BD00BF80720020953604006D
:1014E000D46D0400C9B2022908B508D908490948D1
:1014F0007E220DF05AFA7E2105480DF04DFA0C229D
:10150000036901FB0233986E00F0070008BD00BFBD
:1015100082EF0400E192040070B5C9B202290369A8
:101520000AD91849184840F2D7120DF03EFA40F295
:10153000D71114480DF030FAEFF31185402484F3ED
:101540001288BFF36F8F0C2606FB0134A46E14F0D3
:10155000C00408D0A24206D085F31188BFF36F8F74
:101560004FF0FF3070BD012271430B449A6685F342
:101570001188BFF36F8F43680B445B689847002066
:10158000F0E700BF82EF0400E192040070B50D4661
:1015900006490446411A491140220548FFF7BCFF9D
:1015A0002B4601462046BDE8704018478072002057
:1015B000D46D04002DE9F0470022012107464FF4C5
:1015C0008770E9F7F5FC124802F0D6FB0446D0B963
:1015D00012F0BDFB25464FF00C0A4FF00108DFF872
:1015E00034903E69494606EB45100DF0ABFB031EF7
:1015F0000CDB0AFB05660135032DC6F86880F0D1C7
:101600002046BDE8F0876FF00404F9E71C46F7E7D1
:10161000D5160300B48B04007FB500220123CDE969
:10162000022304ABCDE90433094A6B46CDF800D060
:10163000CDF804D012F027F8002805DB43F6095254
:101640000023684604F0C8FB07B05DF804FB00BF48
:10165000AD36040010B5EFF31184402383F31288F4
:10166000BFF36F8F074A136823F00201DB07116095
:1016700002D4012002F064FB84F31188BFF36F8F62
:1016800010BD00BF047300200C22104B014602FB6A
:101690000033002030B4D3E918521866EFF31180FC
:1016A000402484F31288BFF36F8F9C6E04F0C00453
:1016B00044F002049C6680F31188BFF36F8F1DB164
:1016C0002B4630BC0248184730BC7047807200205F
:1016D000D46D040008B5072819D8DFE800F02121EF
:1016E0000B0D042121090020BDE80840FFF7CCBF05
:1016F0000220F9E70120F7E70A4940F2FE220A48F2
:101700000DF053F940F2FE2106480DF045F9054968
:101710004FF4427204480DF048F94FF44271F3E778
:1017200008BD00BF82EF0400E192040010B4EFF3A3
:101730001182402383F31288BFF36F8F164801682C
:1017400041F002040460C80707D482F31188BFF394
:101750006F8F012010BC02F0CDBA1049D1F80C14E3
:10176000C903F2D5EFF3118083F31288BFF36F8FB3
:101770000B498B6E03F0C00343F002038B6680F3CA
:101780001188BFF36F8F82F31188BFF36F8F002032
:1017900010BCFFF779BF00BF0473002000E01050B9
:1017A000807200202DE9F041012206464049D1E82F
:1017B000EF3FC1E8E02F0028F9D19BB93D493E48F1
:1017C0004B60CB608A60E7F753F800280ADA3B49A0
:1017D00040F2AA223A480DF0E8F840F2AA21374830
:1017E0000DF0DAF85EB3731E012B57D8012E06D127
:1017F000344BD3F8503403F00303012B1FD012F005
:10180000DEFC0546E8B9304B1B78D3B1042207460D
:101810002C4BC3F808232B4CDFF8B080D4F84C24B1
:10182000D4F84C34D20315D503F00303012B01D0B7
:10183000012E0FD16DB387F31188BFF36F8FBDE811
:10184000F081EFF31187402383F31288BFF36F8F8A
:101850000125E0E7C5B138460EF05EFBD4F8403410
:1018600013F0FF03DAD1D4F80821002AD6D0C4F847
:101870000831D4F808314FF480420123C4F84034D1
:10188000C8F8A0212361C9E70021202005F0AAFFA4
:10189000E4E704220B4BC3F80423D0E707494FF4D5
:1018A0002F7207480DF081F84FF42F7197E700BFB2
:1018B0007C7200206C720020A072002082EF040075
:1018C000E192040000E010503A84002000E100E0C2
:1018D00008B5074812F08EFB38B10648E9F79EFEBE
:1018E0000448E6F7A7FB002008BD6FF01200FBE7F5
:1018F000746E0400F91803000A2838B50446074D31
:1019000004D1AB680D2128465B689847AB68034853
:101910005B68E1B29847204638BD00BF746E040092
:101920000023024A0020C1E90023704700D01F00B5
:1019300000487047E48B0400024B0B6001231360E6
:10194000704700BFEC8B040008B501220548114622
:1019500012F0C0FB02F078FA034B044A0020C3F8EF
:101960000C2508BD0873002000E0045080000080B2
:1019700010461A46084B10B5994209D8C1F5FE1415
:1019800004F58054A24203D815F0F3F8002010BDEE
:101990006FF01500FBE700BFFFCF1F0038B542F224
:1019A00001030F4D1446C5F80035A1B115F0E1F85B
:1019B000BFF35F8FD5F81834DB0706D4C4F30804EF
:1019C0001CB10123AB60BFF35F8F4FF40052044B97
:1019D000C3F8002538BDFF2115F0F2F8E8E700BF95
:1019E00000E00450F0B51D4B054698420F461446E2
:1019F00087B030D8C0F5FE1303F580539A422AD839
:101A0000FAB14FF0FF324FF0FF33154804F0E4F91C
:101A100012F0A0F90646B8B101238DF81430114B2D
:101A20004FF4FA50009302AB04940193CDE9027590
:101A300002F012FA684602F015FA0446084804F06B
:101A400061F9204607B0F0BD224639462846FFF727
:101A5000A5FF3446F2E76FF01504F2E7FFCF1F0051
:101A6000087300204337040010B5036941B91C49CD
:101A70004F221C480CF099FF4F2119480CF08CFFA5
:101A8000486830B91649502216480CF08EFF502194
:101A9000F3E75868F8B1884219D19C680868A142F8
:101AA000586000D19860002008602AB15A680A6026
:101AB0009A68596002B99960002010E0814206D10D
:101AC0000868206098688142EDD19C60EBE704468D
:101AD00000680028F2D1002AE8D16FF0150010BD8F
:101AE0001FF00400E192040008B503687F2B4FEA61
:101AF000531107D80B4A03F01F0332F91120DA40C3
:101B0000D2070AD4084909484FF474720CF04DFF0B
:101B10004FF4747104480CF03FFF0360044B53F81A
:101B2000210008BDE09104005BF00400E192040094
:101B3000F48B040070B5446801F01F05207C86B06A
:101B400045EA4015A06800286CD0B2F5001F04D10A
:101B5000294602F073FE002049E00026B2F5800F0E
:101B600001A80196466031D1B3F1007F14BF05236F
:101B700004238DF804300023CDE904030393E368C4
:101B8000CB40D90735D4B2F1A07F32D16846009559
:101B9000FFF7AAFF009B203350F82330DB0728D43F
:101BA0006A462946A06802F0E9FC163019D0CDF843
:101BB00008D02946A06803AA02F080FB002816DBA3
:101BC00001222946A06802F0BFFDC4E7B3F1C06F4F
:101BD00005D0B3F1007F14BF01230223C9E703231B
:101BE000C7E76946A06802F08FFD0028DFDA06B07B
:101BF00070BD6A462946A06802F0C0FC0028D8D112
:101C00009DF80010A06802F063FD0028D1D00749BC
:101C1000074840F2E5120CF0C8FE40F2E511034817
:101C20000CF0BAFE6FF08500E1E700BF8EF0040013
:101C3000E19204002DE9F043466840F20635337C1A
:101C4000D00601F01F0747EA431748BF032302EA03
:101C5000050558BFC2F3401387B0B5F5837F14461E
:101C60008DF8033044D00DD8062D43D005D8A5B14A
:101C7000022D12D06FF0150037E0B5F5807FF9D155
:101C800001250AE040F20222954235D0B5F5407FA9
:101C900034D0B5F5007FEDD104250123220303FAEA
:101CA00001F12DD573685960B06870BB03A8039724
:101CB000FFF71AFF039B00EB830084F48033C3F328
:101CC0000043C4F34044D0F8802044EA43049DF824
:101CD000033022F4706244EA830422F00F0244EAE3
:101CE00005231343C0F88030002007B0BDE8F0831F
:101CF0000925D2E70825D0E70625CEE70525CCE75C
:101D0000630344BF73689960CEE739460DF1020260
:101D100002F034FC14F4403F804616D13946B068D6
:101D200002F0C0FCB8F1000FDED19DF80210B068DF
:101D300002F0CEFC0028D7D01D491E48F4220CF03A
:101D400034FEF4211A480CF027FE4FF0000901ABD5
:101D5000CDE90199CDE90439CDF80C903946B06848
:101D600003AA02F0ABFA4845BEDB14F4003314D0EA
:101D70009DF8033084F48034C4F300448DF80E30B1
:101D80008DF80C508DF80D404B463946B06803AACB
:101D900002F058FB0028C5DAA6E7CDE904330DF1BF
:101DA000030303933946B06803AA02F087FAF1E708
:101DB0008EF00400E19204004209022A034670B545
:101DC00003D0012A1BD0E2B170BD134E32695168B5
:101DD0000029F9D0012503F01F030C689D4000295C
:101DE000F2D08A682A4010D04B6863B90B490C487E
:101DF00074220CF0DAFD742108480CF0CDFD094E78
:101E0000E4E7094EE2E7304698471CB123682146D3
:101E10001C46E4E72346FAE7346E04001FF0040092
:101E2000E1920400146E0400F46D040038B54568B6
:101E3000A868C0B102F01EFC0146A0B9A86802F073
:101E4000CBFB044688B902460949A86802F082FB28
:101E500022460121DB20E9F7ABF82246012140F2BE
:101E60000D10E9F7A5F8002038BD6FF00400FBE77E
:101E7000B91D0300082913B528BF08210C46084ADC
:101E8000D2F80433D2F808231BBA12BA00920A46D9
:101E90006946019314F06DFE204602B010BD00BFEC
:101EA00000C0FF0008B503687F2B4FEA531107D825
:101EB0000B4A03F01F0332F91120DA40D2070AD48B
:101EC000084909484FF474720CF06FFD4FF47471B7
:101ED00004480CF061FD0360044B53F8210008BD79
:101EE000E89104005BF00400E1920400408C0400DF
:101EF0002DE9F04F1546824640F2FF19DFF86CB12C
:101F000085B000EB8108D04503D1002005B0BDE8C5
:101F1000F08FDAF80010C1F3C322082AC1F30804D5
:101F200000F2A080524B4C4508BF4FF0FF34B1F196
:101F3000D05F9F5C4FEA116210D2192A12D8DFE8F5
:101F400002F0142265622930621111111111111170
:101F5000111111111111111168737679382A6CD091
:101F60004E2A53D06FF08500D0E7C5F80446601CB8
:101F700014D0012603A80394FFF794FF039A06FAEE
:101F800002F2426004E0C5F80C46621C06D000264E
:101F9000314614E0631CC5F8004661D10AF1040A19
:101FA000B1E7661CC5F80446F8D0012603A80394DF
:101FB000FFF778FF0121039A01FA02F28260DAF852
:101FC0000020039402F40040002818BF002103A859
:101FD00018BF012601920091FFF764FF039C019A4C
:101FE00000EB8400D0F88040C2F3412C00993A0203
:101FF00042EA8C020A4304EA0B04224342EA460204
:10200000C0F88020CAE7C5F80846BEE7C5F8104604
:10201000ADE7C5F86045611CDAF80020BED0C2F318
:102020000042002AC1D0A4E7C5F86445F3E7C5F82B
:102030006845F0E7C5F86C45EDE703A80394FFF7A2
:1020400031FF039A631C00EB8200D0F8802022F05D
:10205000E04242F08042C0F880209FD0012697E7FE
:102060000026A3E76FF0150050E700BFF0F0FCFF7B
:10207000DCF004002DE9F04104460D46476812F0FB
:102080009EF8A0B9274B1B788BB14FF0400864260F
:1020900063681B68D3F830318BBB012011F06CFEF4
:1020A000013EF5D10021202005F09CFBEFE7402107
:1020B000EFF311831A4681F31288BFF36F8F6068C4
:1020C0000068D0F8300120B983F31188BFF36F8F17
:1020D000EEE77B6A00201D706368796A1B68C3F8AD
:1020E0003C170121C3F84017C3F83001D3F8300181
:1020F000196582F31188BFF36F8FBDE8F081EFF3AC
:1021000011831A4688F31288BFF36F8F61680968DC
:10211000D1F830110029DCD183F31188BFF36F8F20
:10212000C0E700BF3A84002070B40D4CD4E90065CC
:10213000901B63EB0501400940EAC1604101891928
:1021400045EBD065C4E90015002400250549C1E927
:102150000023054BC3E9004570BC06F03FB800BF43
:10216000884F0020704F0020804F002008B50022CB
:102170000121E420E8F71CFF164A0020D2F81837A6
:1021800023F44033C2F8183702F03EFD002820DB6C
:102190000120114902F0E8FD00281ADB02F0F6FCEC
:1021A0000E4B20F01F00C3E900010D4B0022C3E9D4
:1021B00000014FF0FF304FF0FF310A4BC3E900013F
:1021C000094B0A49187A02F009FD67220020084BE2
:1021D0001A6008BD00200E5010160020884F002005
:1021E000684F0020704F00200816002029210300AE
:1021F0004C73002008B502F0C9FC064AD2E900324F
:10220000C01A054B61EB0201C3E90001400940EA35
:10221000C16008BD884F0020804F0020F7B5224BD9
:102220000146224F187A224BD7E90056D3E9002302
:102230009E4208BF954211D1B1F1806F0ED2490183
:10224000012938BF012101224D1946F10006C7E9D5
:10225000005603B0BDE8F04002F04ABE154BDFF86F
:1022600058C0D3E90043DCE9002CA41843EB0C0C64
:102270004FF0200E22466346C1FB0E23954276EBBB
:102280000301C7E900230DD2291B66EB0C04C82902
:1022900074F10004B4BF01210021009102F0EAFDB5
:1022A00003B0F0BD0021F8E708160020784F0020A9
:1022B000704F0020884F0020804F00202DE9F04112
:1022C00012F0FC6F1346D0E9014706690AD036497F
:1022D0004FF47D7235480CF068FB4FF47D71324845
:1022E0000CF05AFB02F03002302A08D12E4940F29D
:1022F000F7322E480CF059FB40F2F731EFE72C4A49
:102300002C4D1A40AA4208D1274940F2FB322748F7
:102310000CF04BFB40F2FB31E1E703F00602042A2C
:1023200008D1214940F2FE3220480CF03EFB40F239
:10233000FE31D4E713F4402212D09D0308D41A4989
:1023400040F2014219480CF030FB40F20141C6E76F
:10235000B2F5402F14D0184A9A4301D183F4402398
:10236000012524688D40254223F4801211D10E49A5
:1023700040F211420D480CF018FB40F21141AEE75B
:10238000094940F2054209480CF00FFB40F20541B3
:10239000A5E73468DB074CBF2C43AC4334603B6893
:1023A000BDE8F041184700BF00F10400E1920400CD
:1023B000020003000200010001001000034670B596
:1023C0000C46DA88006802F04002197922438368DB
:1023D00046689C690569002C52D002F4C003B3F52D
:1023E000C00F0AD128494FF4637228480CF0DDFA77
:1023F0004FF4637124480CF0CFFA43B922494FF4EB
:10240000647222480CF0D1FA4FF46471F2E702F0E2
:10241000E863B3F1C86F08D11B4940F293321B48FF
:102420000CF0C3FA40F29331E4E702F0C863B3F56D
:10243000800F08D114494FF4687214480CF0B5FAB3
:102440004FF46871D6E7012336688B40334208D1D8
:102450000D4940F2A5320D480CF0A7FA40F2A53123
:10246000C8E7160204D52D682B4218BF82F0C0625F
:10247000074BA446BDE87040134002F0B0726047BD
:102480006FF0570070BD00BF00F10400E19204003E
:1024900040000006012310B503FA01F14368046906
:1024A0001B6819420AD10C490C4840F2A2620CF098
:1024B0007CFA40F2A26108480CF06EFA23681942D7
:1024C00003D022B183681B6903E0002AFAD0836835
:1024D000DB68BDE81040184700F10400E1920400F9
:1024E0002DE9F84307460026144DDFF85480DFF845
:1024F0005490B7B12968414516D0494514BF4FF0F3
:10250000E8614FF098612846FFF758FF044670B124
:10251000012103460C4A0D480DF0DBF82046BDE8CA
:10252000F8834FF40011EEE74FF09861EBE70136C6
:10253000042E05F10805DCD1F0E700BFD88C0400BB
:10254000F46D0400146E040031F104003C7A0400C0
:1025500008B50349034811F0FBF96FF0150008BDF9
:1025600051F104003C7A040070B50446EFF3118683
:10257000402383F31288BFF36F8F1E4805F026FCBB
:1025800040B91D4988221D480CF00FFA88211A48CD
:102590000CF002FA1A4D174805F03CFC2B78BBB939
:1025A000184B9C4202D0184B9C420AD10020FFF7E6
:1025B00097FF18B11549164811F0CAF90022154BBA
:1025C0001A70012320222B701348002304F0D0F945
:1025D000084805F009FC40B907494FF49A720748CA
:1025E0000CF0E3F94FF49A71D1E786F31188BFF349
:1025F0006F8F70BD7473002001940400E192040099
:10260000227E0020F46D0400146E04006CF10400BE
:102610003C7A0400217E0020904F002008B5034939
:10262000034811F095F9002008BD00BF88F10400AF
:102630003C7A04002DE9F74300244FF001082546B9
:102640001A4E30683779436808FA07F71B681F424B
:102650000AD11749174840F249620CF0A6F940F236
:10266000496113480CF098F9D0F81090836801A9DB
:102670005B68984700280CD012DB08FA05F31C436E
:102680000135042D06F10806DBD1204603B0BDE874
:10269000F083D9F80020019B53403B42F0D0ECE797
:1026A00003B0BDE8F043FFF7B9BF00BFD88C04000A
:1026B00000F10400E19204002DE9F041074688464C
:1026C0000025104E27FA05F212F0010210D128FA67
:1026D00005F3DB070ED531793068FFF7DBFE0446E2
:1026E00040B10949094811F033F92046BDE8F081AD
:1026F0000122F0E70135042D06F10806E2D100249D
:10270000F3E700BFB88C04009DF104003C7A04009C
:102710002DE9F041444F3B7853B10020FFF7E0FE34
:1027200028B142494248BDE8F04111F011B9387072
:10273000FFF780FF04463F4BD3E8EF2FC3E8E14F9C
:102740000029F9D13C4BDFF8F4801A7842BBD8F865
:102750000060A64219D03A4B66401B680BB1314667
:1027600098474FF0FF334FF0FF32364803F028F818
:10277000354B1D6835B1043D2B68314620469847DE
:102780006D68F7E72F4803F0D1F8C8F8004054B15E
:10279000BDE8F04140F2391200232C4804F0E8B8BB
:1027A00000221A70F1E7EFF31186402383F31288B9
:1027B000BFF36F8F264805F009FB40B925498822F1
:1027C00025480CF0F2F8882122480CF0E5F8204862
:1027D00005F020FB214B1D78012D12D01C4805F07F
:1027E00003FB40B91B494FF49A721B480CF0DDF80B
:1027F0004FF49A71E8E786F31188BFF36F8FBDE855
:10280000F08128461C70FFF76BFE044610483D70AF
:1028100005F0EAFA0028E5D086F31188BFF36F8F40
:10282000002CECD00E497DE7217E0020B3F104009E
:102830003C7A040084730020A81600205473002002
:1028400088730020587300206C730020904F002084
:102850007473002001940400E1920400227E0020A1
:10286000CCF1040070B500260C4CE2882068217978
:1028700042F40032FFF722FD054648B90136042E26
:1028800004F10804F1D1BDE870400F21FFF714BF37
:102890000349044811F05CF8284670BDB88C040068
:1028A000E4F104003C7A040010B504464FF0FF3216
:1028B0004FF0FF33094802F083FF00236360084BA9
:1028C000221D596831B9C3E90022BDE81040034810
:1028D00003F02CB80A605A60F7E700BF5873002075
:1028E0006C73002038B505464FF0FF324FF0FF33D0
:1028F000134802F065FF0021124B281D1A682AB9FF
:102900000F4803F013F86FF001000EE0904213D16E
:102910006A6859B959681A60884200D15A6000241F
:102920006C60074803F002F8204638BD0A605A6818
:10293000904208BF5960F2E711461268DFE700BF16
:10294000587300206C730020054BD3E8AF3F00B1F3
:102950000360044811B102685A400A60036070477E
:1029600084730020507300202DE9F843384B186021
:10297000384D394811F075FB2E464FF000082F46B0
:10298000F288306812F0010F14BF10232023317930
:102990001A4342F48032FFF791FC044630B12F49CC
:1029A0002F4810F0D5FF2046BDE8F88308F1010854
:1029B000B8F1040F06F10806E2D1064680464FF052
:1029C00001094FF400112846FFF7F8FC044608B14E
:1029D0002449E5E72B7908F1010809FA03F3B8F176
:1029E000040F46EA030605F10805EAD10546DFF8BB
:1029F00078801E4BC8E9013657F835008368DB69DB
:102A000033B1012241469847044620B11849C7E72F
:102A10006FF05704FAE70135042DEDD1154916483A
:102A200003F062FE0122154B13481A7000230022A6
:102A300003F02EFF21462046FFF786FFFFF7FAFD41
:102A40000F4BD3E8EF2FC3E8E10F0029ABD0F8E735
:102A500088730020D88C040058730020FEF1040015
:102A60003C7A04001BF204007873002069250300FF
:102A700036F2040011270300904F0020227E002030
:102A80008473002003280A4610B503D9BDE810401E
:102A9000FFF75EBD074B03EBC001097953F8300027
:102AA000FFF7F8FC044618B10349044810F050FF42
:102AB000204610BDB88C04009DF104003C7A04004F
:102AC00002460B46014802F07BBE00BFA41800205E
:102AD000014802F02BBF00BFA418002008B5E6F79C
:102AE00077FD04480121044A0CF0EAFD0020E9F7D3
:102AF00043F900BF447A04005EF20400F0B50446D6
:102B0000ADF21C4D0D46164600211C2203A81F469F
:102B100014F056F8022C05D0042C1CD022480DF2DB
:102B20001C4DF0BD214B08934FF41053ADF80C3001
:102B30001F4B4FF47C7200210AA8049314F040F854
:102B40004FF008210AA812F0B9FB034628B18C33D4
:102B5000E4D01848E3E7184BE5E7009040F2011194
:102B600003AA0AA812F00AFC0028F2D13A4640F261
:102B70000121DDF830340AA812F0B3FB0028E8D1B7
:102B800033462A4640F206210AA812F0AAFB002882
:102B9000DFD1DDF83824DDF834140AA812F02BFC5C
:102BA0000028BCD0D5E700BFFF9AFEFF02C0FF7F20
:102BB000FF004E80FC9AFEFF03C0FF7F1FB5054853
:102BC00002AA01A909F018FAB0FA80F0400905B08C
:102BD0005DF804FBB710FF7F10B58EB00C461A22CB
:102BE00000210DF11E0013F0EBFF124B30220C936D
:102BF00041F20103ADF81C3003F1004303F59C03DF
:102C000003F56C53089305AB029306AB01930223C3
:102C10002146009307A804AB08F0A0FC38B9059A38
:102C2000054BB2F5C07F18BF18460EB010BD034863
:102C3000FBE700BFB710FF7FFB9AFEFFFE9AFEFF87
:102C400000B58DB030226946002007F0B5FF30B9DD
:102C50006946FF20FFF7C0FF0DB05DF804FB014897
:102C6000FAE700BFFD9AFEFF03460A4610B50D487D
:102C700081680C6844B90C490C485D220BF095FE44
:102C80005D2109480BF088FE1946A04748B1084964
:102C900006484FF435720BF088FE4FF43571044846
:102CA000F0E710BD546E04007BF20400E1920400D2
:102CB000AFF2040008B50849084811F070FA00287E
:102CC00008DA074907482F220BF06FFE2F2104482E
:102CD0000BF062FE08BD00BF907300202864002046
:102CE000E8F20400E1920400094B93F80231042B4E
:102CF00002D1810709D47047022B02D1020704D404
:102D00007047082B03D1830601D5FFF7D3BF704767
:102D1000237E0020B0B5002484B000AF3B1D7C6052
:102D20000A22BC60C7F80B4039600146184613F010
:102D300071FF6D468AB003466A4639680D48D16115
:102D4000C2E905034FF4007313840B4B42F8103FA4
:102D50004FF4115123460948E6F758FDAD4684F378
:102D60001188BFF36F8F0323184602DF1037BD466B
:102D7000B0BD00BF11F3040004000001FC790400A1
:102D8000F0B589B0064600AF0D463448344903F02B
:102D9000C5FA07F10C00CDF74FFF6C4688B06A46C4
:102DA000304B5361304B93614FF4007393832F4B3F
:102DB00042F8103F2E492F4807F10C03E6F726FD95
:102DC000A5462D4811F016F950B901212B4A294882
:102DD0000CF076FC6FF0120420462437BD46F0BD9F
:102DE000274B381D7B60CDF761FF034638B10121C9
:102DF000244A20480CF06DFC6FF01504ECE74FF00E
:102E0000FF304FF0FF31FFF75BFE04460028E3D1AF
:102E10001D491E48CDF7CEFE044610B1FFF758FEFF
:102E2000DAE741F64C5307F10800BB60DEF757FFC5
:102E300020B1FFF74DFE6FF08504CDE70123384642
:102E40003B70DEF744FF0028F3D1FFF741FE336902
:102E50000F481D60E9F78CFABEE700BF90730020B1
:102E6000153A0400DAE6040036F30400030000011A
:102E7000C01C4001FC790400546E04005DF30400A2
:102E8000692C03007DF30400C04F00208D2F030048
:102E9000E92C030070B53A4886B0CDF725FD04460D
:102EA000002868D1CDF7DAFECDF7E4FECDF7EEFECF
:102EB000DEF7D2FADEF7D2FADEF7D2FA01212046A7
:102EC00003AA8DF80C40CDF777FD002852DB0125D1
:102ED0000221204603AA8DF80C50CDF76DFD002885
:102EE00048DB08230721204603AAADF80C30CDF7B4
:102EF00063FD00283EDB4FF0251303934FF401736D
:102F00000321204603AAADF81030CDF755FD002867
:102F100030DB05260421204603AA8DF80C60CDF78E
:102F20004BFD002826DB1F230621204603AAADF80F
:102F30000C30CDF741FD00281CDB03233146204631
:102F400003AA8DF80C30CDF737FD002812DB41F2D3
:102F50003643984212DD0B4A009029460A480CF08D
:102F6000C2FB84F31188BFF36F8F0423184602DF7E
:102F70006FF00B000446204606B070BD2046F9E70E
:102F8000152D0300A1F30400FC79040073B54B4D2B
:102F900095F8023153B195F80231042B4BD12878C2
:102FA0003E2816D0FF2830D000241DE04FF0FF301F
:102FB0004FF0FF31FFF784FD48B9284605F58171D0
:102FC00000F024FC0446FFF783FD002CE3D002B0A0
:102FD00070BDAB78022B20D00D2BE5D1EB78012B07
:102FE000E2D1AC88C4F30014002200232146E9F7A3
:102FF000C9F9064698B9002CE9D0002385F80231BA
:1030000002B0BDE87040FFF755BEAC7804F0FD0497
:10301000A4F180035C425C41E6E70124E4E76A78BE
:10302000264902320C300DF019F83146244B1B684A
:1030300024489847E1E7022B24D1002200230820EE
:10304000E9F754F904460028C1D06B880433B3F57E
:10305000817F23D94FF48172012100921A481B4AC3
:103060000CF041FB6FF00B030121194A16480CF0DC
:1030700030FB002383F31188BFF36F8F04231846BE
:1030800002DFBAE7082B13D1002300222020E9F742
:103090002DF96B8804460028D8D198E71A460749CD
:1030A00004F10C000CF0DAFF054B21461B68BFE76A
:1030B0000121084A04480CF00CFB9EE7237E002007
:1030C0008C730020946E0400FC790400C4F30400A7
:1030D0001EF40400E5F30400F7B5C14E044633784E
:1030E000002B40F08B8304238DF80730BD4B0588FF
:1030F0001F68B7B10DF106030DF10702711CB84747
:1031000001280ED09DF80630002B40F076819DF806
:1031100007300E22B37001237270F370B580B07166
:1031200074E1B5F5105F4FEA95230BD2002B00F048
:10313000A580013B072B08D8DFE803F009073656C6
:103140000707078F3F2B00F04B8201203DE0204610
:1031500040F2064230F9033B93420FD040F21D4249
:1031600093421ED0012040F206439D4200F045816B
:1031700040F21D439D4200F0408126E0DEF727FE2D
:1031800042F264039D4240F2108342F285039D4265
:103190001BD842F267039D4200F2198342F2660394
:1031A000E8E7DEF716FEEBE7204640F6034230F98B
:1031B000033B93420CD040F62D4293420BD040F695
:1031C000014293425AD1DEF7D4FC012856D09EE743
:1031D000CDF748FEF9E79DF80730834903338DF8B2
:1031E0000730DEF7CBFCF0E72388A3F58053013BE3
:1031F000082B43D8DFE803F0050E18424242424252
:1032000028009DF80730784808338DF80730DEF73E
:1032100085FDDAE79DF80730734840338DF80730B5
:1032200010F0FAFB002072E700229DF80730083307
:103230008DF807306C4B1A605A60F37A23F0600304
:1032400043F06003F372EDE79DF8073066480633FC
:103250008DF80730DEF764FDB7E7204642F24D01F6
:1032600030F8033B1AB28A4200F3AC80B2F5005F3B
:1032700042F2640204DC954240F091820120BCE0FD
:10328000A3F50053013B4C2BF5D801A151F823F0D5
:10329000ED330300173403002934030077320300B1
:1032A0003B34030041340300473403005934030026
:1032B0005F34030065340300713403007734030086
:1032C000773203007732030077320300773203004E
:1032D0007732030077320300773203007D34030036
:1032E00083340300953403009B340300AD340300A2
:1032F00077320300BF340300D1340300E33403000A
:10330000773203007732030077320300773203000D
:10331000773203000335030015350300273503001A
:1033200077320300773203007732030077320300ED
:1033300077320300773203007732030077320300DD
:1033400077320300773203002D3503007732030014
:1033500077320300773203007732030077320300BD
:103360003F35030057350300693503006F3503000F
:10337000753503007B3503008D3503009F35030051
:10338000A53503007732030077320300773203005C
:10339000AB350300B1350300773203007732030009
:1033A000773203007732030077320300773203006D
:1033B0007732030077320300B7350300C9350300C5
:1033C000DB35030042F27C039A424ED042F27F0387
:1033D0009A4200F0B78042F264039D424CE700BF7E
:1033E000267F0020A07300202D7F0020DEF79AFCAE
:1033F00042F264039D427FF4C3AE0F237370042333
:10340000B3700123F0703371A6F80550012300203A
:10341000337003B0F0BD9DF80730D14803338DF809
:103420000730DEF784FCE3E79DF80730CC4808332B
:103430008DF80730DEF77DFCDAE7DEF77CFCD7E7B6
:10344000DEF77BFCD4E79DF80730C54801338DF8E3
:103450000730DEF774FCCBE7DEF773FCC8E7DEF776
:1034600072FCC5E7DEF771FCC2E7DEF7AEFCBFE732
:10347000DEF76DFCBCE7DEF76CFCB9E7DEF76BFC52
:10348000B6E79DF80730B64907338DF80730DEF709
:1034900064FCADE7DEF763FCAAE79DF80730B049AE
:1034A00010338DF80730DEF75CFCA1E79DF807309C
:1034B000AB4808338DF80730DEF755FC98E79DF8E8
:1034C0000730A74902338DF80730DEF74EFC8FE74F
:1034D0009DF80730A24902338DF80730DEF749FC2A
:1034E00086E79DF8073008338DF80730BF23F37166
:1034F000C023F37242F264039D4240F04B810020EE
:103500007BE79DF80730964902338DF80730DEF7E8
:1035100034FC6DE79DF80730914804338DF807308F
:10352000DEF72DFC64E7DEF72CFC61E79DF8073041
:103530008B4808338DF80730DEF725FC58E7DEF7B7
:1035400024FC55E79DF80730854901338DF8073095
:10355000DEF71DFC4CE79DF80730814901338DF8FB
:103560000730DEF716FC43E7DEF715FC40E7DEF731
:1035700014FC3DE7DEF713FC3AE79DF80730784886
:1035800002338DF80730DEF70CFC31E79DF8073089
:10359000734801338DF80730DEF705FC28E7DEF7C6
:1035A00004FC25E7DEF703FC22E7DEF702FC1FE759
:1035B000DEF701FC1CE79DF80730694802338DF8FF
:1035C0000730DEF7FAFB13E79DF807306448043351
:1035D0008DF80730DEF7F3FB0AE7DEF7F2FB07E7CB
:1035E00020464FF60B4230F8033B934222D8B3F506
:1035F0007C4F01D801206BE0A3F57C43013B0A2BF3
:10360000F8D801A252F823F0C1360300DD360300DA
:10361000F5350300F5350300F53503002B370300BE
:10362000F5350300F53503000737030019370300AC
:103630003137030003F2FE2292B21B2ADAD8A3F537
:103640007D43023B1B2BD5D801A252F823F000BFCB
:1036500043370300493703004F3703005537030052
:10366000F5350300F5350300F53503005B3703003E
:10367000F5350300F535030065370300F535030024
:10368000F5350300F5350300F5350300F535030086
:10369000F5350300F53503006B370300F5350300FE
:1036A0007D370300F5350300F5350300F5350300DC
:1036B000F535030083370300893703008F37030094
:1036C0009DF8073026480C338DF80730DEF758FA9E
:1036D0004FF6025225F0080393424CE500209DF876
:1036E000073040338DF807301D4B1880F37923F0F5
:1036F000230343F02303F371337A23F0070343F0EA
:1037000007033372E4E79DF80730154817338DF847
:103710000730DEF753FADBE79DF807301048203317
:103720008DF80730DEF76EFAD2E7DEF745FACFE71D
:103730009DF807300A4801338DF80730DEF77FFA2D
:10374000C6E7DEF792FAC3E7DEF7C1FAC0E7DEF7B5
:10375000C0FABDE7DEF7C3FABAE7DEF7C2FAB7E7A9
:103760002D7F0020DEF7C1FAB2E79DF8073025492A
:1037700004338DF80730DEF7BAFAA9E7DEF7C6FAA8
:10378000A6E7DEF7C5FAA3E7DEF7C4FAA0E7DEF79F
:10379000C3FA9DE708D942F285030020F7E414D963
:1037A00042F285030120F2E4002042F219039D4217
:1037B00018D842F20C039D427FF6D5ACA5F5005314
:1037C0000D3B41F241229BB206E00120EDE7A5F559
:1037D0000153283B0C4A9BB222FA03F3DB077FF527
:1037E000F4AC0AE642F232039D423FF406AEA5F580
:1037F0000153033B012B3FF6E8ACFEE54FF0FF30F1
:1038000007E600BF2D7F00202F80402038B5094CEF
:103810000D4623781BB9BDE83840DEF79AB9A27887
:10382000611C023213F0A5F90020042320702B70D4
:1038300038BD00BF267F002070B506460C460D4DF2
:10384000284610F0D7FB88B1A2B2AB681B6843B919
:1038500009490A485D220BF0A8F85D2106480BF0E3
:103860009BF831462846BDE8704018476FF01200BB
:1038700070BD00BF546E04007BF20400E1920400AE
:1038800000F03F033F2B18BF044A4FEA90101ABFC5
:1038900052F8200058434FF0FF307047048D040069
:1038A00030B5044685B010B1431C02D13F2005B0AD
:1038B00030BD6D460F4B0FCB85E80F00002355F848
:1038C000042BA24203DA0133042BF8D1EEE70A4AB3
:1038D00052F8232004EB5200B0FBF2F0C0B20128F2
:1038E00038BF01203E2828BF3E2040EA8310C0B2E6
:1038F000DDE700BF247D0400048D040008B54368A3
:1039000009225968054BC86101F170008863CB63D7
:103910007C310CF04BFB002008BD00BF913B040044
:10392000002208B5044B05481A7003F027F8BDE8DB
:1039300008400348FEF7D6BF39800020F863002016
:10394000A473002008B50648064B0360FEF7ACFFE1
:1039500000200222044B1860044B1A7008BD00BFFF
:10396000A4730020F5390300AC73002039800020D7
:1039700008B5014602480BF002F8002008BD00BF60
:1039800082F4040037B50025042A0446019507D9BE
:10399000124811460AF0F3FF6FF0150003B030BD76
:1039A00001A813F0E6F8082C05D101990C480AF09B
:1039B000E6FF0020F2E7012C0DD1019B094A5B00D4
:1039C0001360094B00221D60084B09481C7000233E
:1039D00002F0CEFFEDE76FF08500DFE792F4040020
:1039E000A6F40400B4730020B073002039800020D6
:1039F000F8630020084210B516D00C4B1868421C22
:103A00001A60012300F00700011F03FA00F003FA17
:103A100001F100F00F000FF09FFFBDE81040002300
:103A2000034A044802F0A4BF10BD00BFAC730020DD
:103A3000366E0100F863002010B51B4C2078012879
:103A400006D0022822D068BBBDE810400FF08DBF21
:103A5000164C236813F0010F03F101020CBF0F2075
:103A6000002022600FF081FF114B22681B68114873
:103A70009A4206BF0023236041F68562BDE81040EC
:103A80004FF0000308BF0C4A02F072BF0B48FEF76C
:103A900029FF00200FF069FF04210948FAF790FD83
:103AA0000023237010BD00BF39800020B0730020B8
:103AB000B4730020F8630020366E0100A473002068
:103AC000AC73002008B510211048FEF7D3F9024668
:103AD0000E4B0F2A11D99A790D4902F00F0242F0CC
:103AE00040029A711A7A0B4802F03F0262F07F029C
:103AF0001A7202F0F9FD084808BDB2FBF0F100FBB4
:103B00001121595CC94399540132E2E72980002010
:103B1000393A0300F8630020588D04004FF48061A7
:103B2000014805F0E7B900BF3A800020322337B5DD
:103B30000125ADF8043000231C216846134A8DF896
:103B40000630ADF800508DF80230DDF7A5F90446D7
:103B5000C8B90FF0B5FD80B2DCF7DAFE29460C4893
:103B6000E2F7F9FD044670B901462A468520E7F7D9
:103B70001FFA2A462146E520E7F71AFA2A46214687
:103B80008A20E7F715FA204603B030BD393C030020
:103B9000BC73002008B54FF0FF304FF0FF31FEF747
:103BA0008FFF40B107490848DA220AF0FEFEDA2109
:103BB00004480AF0F1FEE2F706FFBDE80840FEF710
:103BC00087BF00BFC6F40400E1920400024608B5B6
:103BD00008480B46084902F0EFFD002808DA0749BB
:103BE000074847220AF0E1FE472104480AF0D4FEC4
:103BF00008BD00BF28640020C00D0020E8F20400CA
:103C0000E192040008B50849084810F0C8FA0028F5
:103C100008DA074907482F220AF0C7FE2F21044877
:103C20000AF0BAFE08BD00BFEC7300202864002033
:103C3000E8F20400E1920400B0B5002484B000AFC3
:103C40003B1D7C600A22BC60C7F80B40396001460E
:103C5000184612F0DFFF6D468AB003466A4639689F
:103C60000D48D161C2E905034FF4007313840B4B77
:103C700042F8103F4FF4115123460948E5F7C6FDBD
:103C8000AD4684F31188BFF36F8F0323184602DF1C
:103C90001037BD46B0BD00BFF3F4040004000001BE
:103CA000947A04000122014B1A63704700E010501F
:103CB0000122014B5A63704700E01050012803466F
:103CC00009D0022803D050B9074B1B6802E004203A
:103CD000054B1B681847044B07201B68FAE70221B5
:103CE000024A03480BF0F5BCFC7300201BF50400EE
:103CF000B47A0400012810B508D002280CD070B99D
:103D0000BDE810400A4B02201B68184700200949F3
:103D1000BDE81040DCF702BD01200649F8E706497E
:103D200006484C220AF041FE4C2103480AF034FEBA
:103D3000FC730020BD3C030037F50400E192040051
:103D4000012808B503D0022806D038B908BD0020E4
:103D5000BDE80840DCF704BD0120F9E70449054847
:103D60005F220AF022FE5F2101480AF015FE00BF23
:103D700037F50400E1920400014B18600020704701
:103D8000FC73002010B5294C237E834208D02849BB
:103D9000602228480AF009FE602125480AF0FCFD4F
:103DA00004F14003D3E8AF3F2BBB092937D8DFE844
:103DB00001F0053636363624241F3622236AD3E92D
:103DC00000209047012808D01B4B984203D00223C3
:103DD000E06384F8343019480EE041F288332363FD
:103DE000032384F83430164B84F82900A363F2E7E8
:103DF0000E4801F087FF002010BD002384F8293011
:103E0000104B0F49207E2363E2F7E6FC0028F2D036
:103E10000749582207480AF0C8FD5821BDE7044960
:103E2000932204480AF0C1FD9321B6E700740020F4
:103E300084F50400E19204001F64660234740020DB
:103E400024740020FF3F420F01220021014810F09E
:103E500041B900BF00740020014BD861704700BF1A
:103E60000074002070B54FF0FF3106464FF0FF3070
:103E7000FEF726FE054640B14349BF2243480AF0FB
:103E800094FDBF2140480AF087FD41494148DCF7D5
:103E90003DFF0446FEF71CFE002C08DA3E48234690
:103EA00001213E4A0BF015FC6FF00B0070BD40F293
:103EB00001133B4C2385E36926626433E36241F2DC
:103EC000883323636FF0730384F82450E36304F1B1
:103ED0004006D6E8EF3FC6E8E25F002AF9D1A368C2
:103EE000354633B12849D52228480AF05EFDD52150
:103EF000C8E74FF0FF304FF0FF31FEF7E1FD30B182
:103F00002149D82221480AF050FDD821BAE7207E65
:103F100004F12401E2F760FC30B11B49DA221B48AE
:103F20000AF043FDDA21ADE7FEF7D2FD002320467B
:103F30001C4A01F051FF00280BDA01211A4A1648E9
:103F40000BF0BEFB0123D5E8EF2FC5E8E13F0029C8
:103F5000F9D14FF0FF304FF0FF31FEF7B1FD30B136
:103F60000949E52209480AF020FDE5218AE7207E7B
:103F7000E2F714FCFEF7ACFDD6E8AF3F13B10848FA
:103F800001F08AFFE06B91E784F50400E192040000
:103F900018740020853D03005C7A0400BEF504001F
:103FA000007400200E720B0006ED040003689A07EF
:103FB0000CD50368DB070DD50922074BC3F80C2588
:103FC0000F22C3F8042501221A60FEE7034B0360A9
:103FD000EF3B0360704700BF00801050F000FA50C4
:103FE00008B501232C4A2D48C2F80038A2F5572203
:103FF000D2F800242A4AD2F84023292A04BF294AA9
:10400000C2F80C34FFF7D2FF0830FFF7CFFF0830BB
:10401000FFF7CCFF0830FFF7C9FF00F5F470FFF79A
:10402000C5FF214AD2F88C3043F44063C2F88C308B
:104030000022D30003F57F0303F54043D3F80014B7
:1040400001310AD0D3F8001439B1D3F80014013289
:10405000D3F80434402A0B60EBD1144BD3F800267C
:10406000D20713D40021124A0F48C2F81815D0F80D
:104070008C3043F44063C0F88C30C2F8A015A2F530
:10408000A042D2F80034012BFBD008BD6FF0010232
:10409000C3F80026E6E700BF0000125000F50E50FE
:1040A00000C0FF000030055000ED00E000E01050BF
:1040B00000E004507F2898BF074B4FEA50129FBF83
:1040C00033F9123000F01F0023FA00F000F0010075
:1040D00088BF0020704700BFF0910400034A4309E5
:1040E000D35C00F01F001844C0B2704767F60400AC
:1040F00010B504460846FFF7F1FF00B204EB40009C
:10410000838ADA051CD5C3F3432123F4F853838251
:1041100004F1120204F1960032F8023F13F4807F9A
:1041200003D0C3F3432399420AD09042F4D1002232
:1041300004EBC1035A6004F19C000FF039FE00B992
:1041400010BD054905484FF4DB720AF02EFC4FF410
:10415000DB7101480AF020FC29F60400E19204001A
:1041600010B5016804460846FFF7A4FF50B90F498F
:104170004FF474720E480AF018FC4FF474710B4837
:104180000AF00AFC01F01F037F2923604FEA511255
:1041900008D9064940F2D93205480AF006FC40F237
:1041A000D931ECE7034B53F8220010BD5BF004005B
:1041B000E1920400AC8D0400072808B50AD907492C
:1041C000074840F2A7320AF0F0FB40F2A73103485B
:1041D0000AF0E2FB800000F5807008BDF4F50400F1
:1041E000E1920400F0B58446002587B0DFF848E08E
:1041F000124F019102AE1EF8013B06AA02EBD30258
:1042000012F8144C03F00703DC4014F0010406D14B
:104210000135042DEFD10024204607B0F0BD97E80A
:104220000F0086E80F0056F82520136A4CF8253059
:104230001362002BECD0EFE777F60400347D040026
:10424000F7B504460846FFF749FF06B204EB4606F9
:10425000B38A0D46DB072BD520460FF0A1FE294679
:1042600020460FF0BEFD58B120460FF0E8FD0022B9
:10427000276800B207EB8003C3F81025C3F81025A8
:10428000204600242946FFF733FFB48201A8019598
:10429000FFF766FF019B00EB8300D0F88020064B00
:1042A000134043F00203C0F88030204603B0F0BD55
:1042B0006FF01500FAE700BFF0F0FCFF2DE9F043C6
:1042C0000E461746044685B050B95C495C4840F23A
:1042D0003A420AF06AFB40F23A4158480AF05CFB65
:1042E0000846FFF7FBFED7F800800546B8F1000F3F
:1042F0001AD020460FF098FD28BB4346CDE90000B8
:104300008DF80E008DF80F000DF10F0230460DF103
:104310000E010FF0BDFD2AB204EB4202938A23F096
:10432000020343F0010393827B68002B34D03146B3
:10433000204693F80080D3F804900FF06AFD28B16E
:10434000B9F1000F1FD06FF0150028E028B204EB80
:104350004000838A23F4604323F020038382B9F171
:10436000000F10D0B8F1030FEDD87B6821685B68AF
:1043700093F800C001EB8C01B8F1000F12D1C1F825
:104380001085C1F810852AB204EB4202938A23F00B
:104390001C0343EA88039382BB6853BB002005B02B
:1043A000BDE8F083D1F8102522F00302C1F81025F2
:1043B000226802EB8C03D3F8102522F4473222F452
:1043C0007C72C3F8102541F6F072D3F8101502EA9A
:1043D000061242EA08420A43C3F8102504EB4C03D4
:1043E000A3F8A060838A43EA4C3343F0200383821E
:1043F000C9E73146D3E900782046FFF779FE002F60
:10440000CCD063689F4206D004F19C000FF0B6FC4C
:10441000002804DAC3E7A3689845F5D1002004EB2F
:10442000C003C3E901782DB204EB4505AB8AC0B2E5
:1044300043EA402343F48073AB82AFE729F60400DC
:10444000E19204002DE9FF410D4617461E46044641
:1044500050B93D493D4840F244420AF0A6FA40F2C4
:10446000444139480AF098FA0846FFF737FE80467B
:1044700027B320460FF0CDFC18B920460FF0B1FC51
:1044800018BB294620460FF0B7FC10B17B78012BF2
:104490001BD001238DF80F3000237A1CCDE9007367
:1044A0002846BB1C0DF10F010FF0F2FC0FFA88F348
:1044B00004EB43039A8A42F003029A82002E40D012
:1044C000294620460FF0A5FC20B96FF0150004B076
:1044D000BDE8F0810022377823684FEA870C03EBB0
:1044E0008703C3F81025C3F810250FFA88F204EBF0
:1044F0004202938A23F4604323F02003938270786E
:10450000F8B12168124B6144D1F81045B6782340C8
:10451000C1F8103541F6F073000400F4403003EAAE
:10452000051303433005D1F8104500F48010034310
:104530002343C1F81035938A43EA473343F02003FD
:1045400093820020C3E700BF29F60400E192040033
:104550000FE0ECFF08B550B90649074840F24D425C
:104560000AF023FA40F24D4102480AF015FAC0E978
:10457000031208BD29F60400E192040070B5154647
:10458000044650B9124940F2564212480AF00DFA58
:1045900040F256410E480AF0FFF942B90C494FF477
:1045A00045720C480AF001FA4FF44571F2E70FF03A
:1045B00018FC48B10846FFF791FD04EB40040020C9
:1045C000A38A5B0B2B7070BD6FF01500FBE700BF7B
:1045D00029F60400E19204002DE9F041044650B9A7
:1045E0002049214840F264420AF0DFF940F2644178
:1045F0001C480AF0D1F990F8B05090F8B1706DBB3A
:10460000A84684222946143012F0DAFA174B26689D
:1046100053F83770AF4214D1002540F20D10C6F8A0
:104620004451D6F84431124B9E4208BFDB20E6F7D6
:104630009DFC0123284684F8B030C4F89C30BDE8C6
:10464000F081E8B2FFF7B8FDA0F580739B08112B4D
:1046500004BF46F8008033580135DBE76FF0770080
:10466000EDE700BF29F60400E1920400BC8D0400D0
:1046700000A00D5008B550B90849094840F26B42F6
:104680000AF093F940F26B4104480AF085F990F87A
:10469000B000003818BF012008BD00BF29F6040093
:1046A000E192040008B550B90749084840F2794240
:1046B0000AF07BF940F2794103480AF06DF9BDE850
:1046C0000840FFF7BDBD00BF29F60400E1920400D9
:1046D00008B550B909490A484FF490620AF065F9E3
:1046E0004FF4906105480AF057F9064B90F8B10075
:1046F00003EB8000BDE808400FF05ABB29F6040028
:10470000E19204001816002010B50C4650B90B4970
:104710000B4840F287420AF048F940F287410748C7
:104720000AF03AF9074B90F8B10003EB80000FF064
:1047300025FB0028A4BF2070002010BD29F604002E
:10474000E1920400181600202DE9F3410D461646AB
:10475000044650B9374940F2045237480AF025F967
:1047600040F2045133480AF017F90FF045FB40B905
:10477000304940F2114230480AF017F940F2114135
:10478000F0E720460FF02DFB276800B320460FF01E
:1047900040FB8046D8B920460FF051FB0546FFF795
:1047A0000BFD47F800803B5823682AB203EB8203D5
:1047B000D3F8102542F00102C3F8102526B10123D9
:1047C0002268AB40C2F8143302B0BDE8F081D7F8DC
:1047D00014339B035CBF4FF40033C7F8143346B95E
:1047E000144940F22B4214480AF0DFF840F22B4102
:1047F000B8E72846FFF772FC04EB4004A38AC3F332
:104800008203042B11D0052B11D001A80195FFF7CD
:10481000A7FC019BC168D94001F001010231284683
:1048200002B0BDE8F0410FF080BB0321F7E70221A1
:10483000F5E700BF29F60400E192040008B550B97D
:104840000749084840F20B520AF0AFF840F20B510A
:1048500003480AF0A1F8BDE808400FF0A1BB00BF73
:1048600029F60400E19204002DE9F04F07468DB0CF
:1048700050B9764976484FF4C7620AF096F84FF47B
:10488000C76172480AF088F8814659F8043B90F8ED
:10489000B140D3F8141300936E4BC9B241F4003108
:1048A00053F8342000980FF04FFB810305463BD5A9
:1048B0001022002108A812F083F9664B08A803EB28
:1048C000C4035B6819460193FFF78CFC042303EBD8
:1048D000C40303934FF0000B5F4B0DF1200A0293CA
:1048E000029A5C4912F8013B0292039A02EBD3024E
:1048F0008A5C03F0070322FA03F3DA071AD40BF1F8
:10490000010BBBF1040F0AF1040AE9D14FF40031A5
:10491000002200980FF018FB019908A8FFF762FC2D
:104920000028D7D125F400350124002D77D10DB012
:10493000BDE8F08F494B5B440493DAF8001000297E
:10494000DDD091FAA1F1B1FA81F1049B1C7841EA22
:1049500044142046FFF7C2FB07EB4000B0F8148078
:10496000C8084FEA9803059301231AF8002001F0C4
:10497000070103FA01F122EA01020AF8002007A860
:104980000794FFF7EDFB079A059B203250F8222091
:10499000C8F382065B07B046C2F3014223D5214625
:1049A0004846D6B242460FF054FA07A80794FFF7DC
:1049B000D7FB079B203350F82330C3F301439E42BB
:1049C00007D1002120460FF0B0FA314620460FF003
:1049D000ACFA07A80794FFF7C3FB0122079B02FA72
:1049E00003F30362A9E7022A0DD1032120460FF049
:1049F0009CFA06F00503012BEBD1424621464846BE
:104A00000FF027FAE5E70221204605920FF08DFA14
:104A1000032EF2D0059A032ADBD1022EECE795FA99
:104A2000A5F3B3FA83F3009904FA03F225EA020529
:104A300003F5A27251F8222007EB43034846B3F86E
:104A4000A010C2F301420FF004FA6EE729F6040049
:104A5000E1920400BC8D040077F6040077F60400B0
:104A600008B5144B027AD3F8101521F001010A435E
:104A7000C3F810250268B2F5803F0AD30E4940F210
:104A80008E720E4809F091FF40F28E710A4809F0CB
:104A900083FFC3F8A4264268FF2A08D9064940F2DA
:104AA0009972064809F081FF40F29971EEE7C3F868
:104AB000AC2608BD00200E507BF60400E1920400F5
:104AC0000B2808B50AD9104940F2E3420F4809F013
:104AD0006CFF40F2E3410C4809F05EFF002908DA60
:104AE00009494FF49D62094809F05FFF4FF49D6149
:104AF000F1E7000100F1A04041EAC27100F5622037
:104B0000C0F8281508BD00BF7BF60400E192040040
:104B10000B2808B50AD9104940F2C3420F4809F0E2
:104B200044FF40F2C3410C4809F036FFB3F5801F43
:104B300008D3094940F2C942084809F036FF40F25B
:104B4000C941F0E7000100F1A04000F56220C0F883
:104B50002025C0F8243508BD7BF60400E19204004E
:104B6000012303FA00F010F0670F0AD0064B5B68D0
:104B7000DB4303F0670303420CBF6FF01500002016
:104B800070474FF0FF307047F00D002038B50F4BE5
:104B90001B78012B0ED14FF0FF306FF040410C4CD1
:104BA000D4E90023904271EB0305F9D31046C3F317
:104BB000130138BD074908484FF4897209F0F5FE22
:104BC0004FF48971034809F0E7FE00BFF00D0020A3
:104BD00040270E50AEF60400E192040030B50C25DB
:104BE000074B1C1894F8544005FB0433C3E9031227
:104BF00018750123034A8340C2F8243330BD00BF37
:104C0000F00D002000200E50F0B5504D85B02C78EE
:104C1000002C40F095804E4A01AB07CA83E807009C
:104C20004C491846D1F8102522F00202C1F810258F
:104C3000FFF716FF0723672202F001012144013B21
:104C4000CCB24FEA5202F7D1052C7CD119464FF075
:104C5000010C3E4E00246720CFB204E00CFA02F2B1
:104C600020EA0200013490FAA0F25FFA84FEBE4509
:104C7000B2FA82F2F2D30131327505292A4482F860
:104C8000547006F10C06E5D10121002432489A083F
:104C900001FA02F212F0670F18BF1C500433302BD8
:104CA000F5D1E420E6F762F92A4B0024D3F8102569
:104CB000012622F00202C3F8102540F6FF72C3F865
:104CC0002823C3F88041C3F88040C3F88441C3F867
:104CD0008440C3F88841C3F88840C3F88C41C3F8C6
:104CE0008C40C3F89041C3F89040C3F89441C3F896
:104CF0009440C3F89841C3F89840C3F89C41C3F866
:104D00009C40C3F8A041C3F8A040C3F8A441C3F835
:104D1000A440C3F8A841C3F8A840C3F8AC41C3F805
:104D2000AC401E660D4B0E4A1B685D20B3FBF2F3D0
:104D300058430C4B3343984720462E7005B0F0BDC6
:104D40006FF07700FAE76FF08B00F7E7F00D0020C7
:104D5000447D040000200E5000210E501416002047
:104D600040420F0080820400F7B53C4C0646237891
:104D70000D46012B0AD03A4940F20A22394809F07F
:104D800014FE40F20A21364809F006FE41B93449C2
:104D900040F20B22334809F008FE40F20B21F2E703
:104DA000277D47B12E494FF403722E4809F0FDFDCF
:104DB0004FF40371E7E7636801A803F0010301936F
:104DC0000EF0DCFF00283EDB20752F70636823F0B7
:104DD00001036360A36843F00103A360224BD3F88F
:104DE0001025900733D4D3F8102542F00202C3F8FF
:104DF0001025C6B1D3F8482712F0010202BFD3F83C
:104E0000481741F00101C3F84817174BD3F8401772
:104E1000D3F844174900F9D42AB9D3F8482722F027
:104E20000102C3F84827114B114A1B68B3FBF2F388
:104E30000D4A03EB43136BB1D2F84017D2F8440785
:104E400010F0804001D103B0F0BD013BF3E76FF0FB
:104E50007700F8E76FF07300F5E700BFF00D002072
:104E6000AEF60400E192040000200E50141600205B
:104E700040420F002DE9F04104461D46FFF770FE49
:104E8000904607469DF8186050B11549154840F204
:104E9000D32209F08AFD40F2D321114809F07CFDAC
:104EA00011490B1993F854300C3301EBC30041F84E
:104EB000332045602B4620466EB10C4EA400FFF710
:104EC00027FE33592BB1FFF761FE4045A94100D2BF
:104ED0003751BDE8F081BDE8F041FFF719BE00BFD2
:104EE000AEF60400E1920400F00D002000210E5007
:104EF000F8B50546FFF734FE50B11149114840F2AC
:104F00000F3209F052FD40F20F310D4809F044FD17
:104F10000D48431993F854300C3350F8334000EBEC
:104F2000C30CDCF80460641846F1000640F8334016
:104F3000CCF804602846BDE8F840FFF7C1BD00BFCB
:104F4000AEF60400E1920400F00D0020F7B5374BF7
:104F5000374CD3F82C5304F188060DB903B0F0BDDB
:104F600095FAA5F00123B0FA80F08340DF4325EAEB
:104F70000305231893F854100C2303FB01431A7DF7
:104F800082420AD02B492C4840F2AF3209F00DFD85
:104F900040F2AF31274809F0FFFCDA684FEA800C95
:104FA000002A3BD0D6E8EF3F03EA0702C6E8EE2F1F
:104FB000BEF1000FF6D1C340DB0727D50B2809DD72
:104FC0001E491D4840F2D34209F0EFFC40F2D341A4
:104FD0001A48E0E7020102F1A04202F56222D2F88B
:104FE0002435D2F82025164F6744D7F800C0BCF10D
:104FF000000FB2D04FF0000CC7F800C00C2707FB21
:1050000001410F690097C9688847A6E701F10C03C1
:1050100004EBC30754F833207B68E4E7084B53F8EC
:105020000C10002999D043F80C2096E700200E5070
:10503000F00D0020AEF60400E19204007BF60400BF
:1050400000210E50064C0748214640F2D62208B5F2
:1050500009F0ABFC40F2D621204609F09DFC00BFD0
:10506000EAF60400E1920400202908B501D9FFF70F
:10507000E9FF054B40EA0120C3F80005D3F80024FE
:10508000D207FBD508BD00BF00E0045010B543694E
:1050900004463BB90020E2684042537843F00103E4
:1050A000537010BD98470028F4D000F1FF03FE2B89
:1050B00008D9064906482E2209F077FC2E2103481C
:1050C00009F06AFCE36840421870E4E71EF7040048
:1050D000E19204002DE9F84304460D4600AFEFF3DA
:1050E0001188402383F31288BFF36F8F04282F4A5F
:1050F00098BF2F4BE9468AB09668117C98BF53F849
:1051000020306A4688BF2B4BC2E9073140F2013399
:1051100029489384294BC2E9050442F8103F002333
:105120004FF431512648E4F771FBCD4645B1EB69A8
:10513000C3F3080323B10121224A21480AF0C0FA2F
:105140002EB130460FF041F808B1037803B91E487C
:10515000E9468AB06A461D4BD061C2E9053640F285
:10516000013313841A4B42F8103F00234FF41151BE
:105170001348E4F74BFB2946CD462046FDF7AEFC2D
:10518000042C08D113491448872209F00EFC87210A
:10519000104809F001FC88F31188BFF36F8F304687
:1051A000E5F788FEBD46BDE8F88300BF44740020E3
:1051B000CC8D040041F704004FF704000500000106
:1051C000BC7A040077F704008CA5040098F704006B
:1051D00004000001B0F70400E192040038B50A4B66
:1051E00053F82040013053F82050A54200D838BD74
:1051F000606830B1037FDB0701D4FFF747FF083455
:10520000F3E723689847FAE7E08D0400012270B5C0
:10521000334B032086B01A70FFF7E0FFE5F7B4F9CF
:105220000420FFF7DBFF2F4C2F4DAC42264624D93C
:105230002E4944222E4809F0B8FB44212B4809F09E
:10524000ABFB54F80C3C059354F8103C049354F811
:10525000143C039354F8183C029354F81C3C0193FB
:1052600054F8203C009354E90A2354E90C0101F05E
:1052700059FC54F8303C5E65D7E7AE4204F1300487
:10528000DFD302F0FFF8174C1A4EAC421BD9174976
:105290006822174809F089FB6821CFE7D4E90A237F
:1052A000B3F1FF3F08BFB2F1FF3F05D052EA03015F
:1052B000206803D102F0D6FA3034E6E731461830E0
:1052C00002F03CFEF8E7E9D302F02EF9E2F73AF8F3
:1052D000094A137B23F00103137306B070BD00BFAE
:1052E0003A840020E4770400E47704001CF804000A
:1052F000E19204002F420400D8650020C82370B555
:10530000144E86B003FB0066134B012205930F2356
:10531000CDE903320023CDE9013314234FF4A07209
:105320000E4D0F4903FB0055044602FB00110D4BC7
:105330003046009501F0F6FB737B2C7423F00403D8
:105340007373094B013403EBC423EE606B6006B04A
:1053500070BD00BF106500203DF8040044740020BB
:10536000C8C2002081570300C8BA00207FB50020C2
:10537000FFF734FF324B03F5006282F3088883F3B2
:105380000A88E0232F4C84F822302023E37700237F
:1053900023766376A37684F82030626A42F4E022B2
:1053A000626284F82330E5F7FFFCE5F789FE4FF0F1
:1053B000FF33A362E362E6F747F8E5F7A7FEE4F7F9
:1053C00045F8214801F090FC204B214A93420AD92C
:1053D00020492148CC2209F0E8FACC211D4809F0E7
:1053E000DBFA2033F2E7FCD30120FFF7F7FE0220BF
:1053F0001A4CFFF7F3FE02F007F9194B00255C6128
:10540000184B4FF48052059301231749CDE90353FC
:105410002046164BCDE90155009501F083FB064669
:10542000637B204623F00403637301F0C7FD284625
:10543000FFF764FF314620460C4AE5F71FFE00BF28
:10544000C8BA002000ED00E088670020D46D040099
:10545000D46E04001CF80400E1920400D86500201A
:105460004474002044BA040008C400200D52030014
:1054700038B50B4C0B4DAC420FD90B490B482522CC
:1054800009F093FA2521084809F086FA2046D4E964
:1054900001120EF0BAFD1834EDE7F7D3002038BD45
:1054A000041800200418002045F80400E1920400CC
:1054B000F8B504460E4600F11405EFF311874023BA
:1054C00083F31288BFF36F8F284602F07FFC40B948
:1054D00016498822164809F068FA8821134809F00D
:1054E0005BFA284602F096FC20463146E2F7B2F815
:1054F00004F10C000EF0A9FE28B139462846BDE89B
:10550000F84001F073BF284602F06EFC40B907492D
:105510004FF49A72064809F048FA4FF49A71DDE7A1
:1055200087F31188BFF36F8FF8BD00BF01940400AB
:10553000E1920400002038B50A4C0B4DAC420FD963
:105540000A490B48952209F030FA9521074809F0DD
:1055500023FA20460EF063FD002802DB2034EDE73D
:10556000F7D338BD041700200418002067F80400A2
:10557000E19204002DE9F74305460E4691461C468C
:1055800000F10807EFF31188402383F31288BFF37B
:105590006F8F384602F01AFC38B92B4988222B4805
:1055A00009F003FA8821284822E0384602F032FC4C
:1055B0002B69FBB133601C68EB692C610133EB6133
:1055C00014B96A6993421BD0EB68E41A09D4D5E98F
:1055D00005235A43A24204D9B4FBF3F203FB12445D
:1055E00074B11B491948EA2209F0DFF9EA21184889
:1055F00009F0D2F959EA04020FD16FF00B043360BD
:10560000384602F0F1FBC8B90F494FF49A720F48BF
:1056100009F0CBF94FF49A71C5E7CDE900942A4619
:105620004146384601F07EFD044618B9094B9B6897
:105630001B693360204603B0BDE8F08388F311880E
:10564000BFF36F8FF6E700BF01940400E1920400FE
:1056500067F80400447400202DE9F843C368054648
:10566000CB1A0E461ED4D0E905125143994219D9DE
:10567000B3FBF2F102FB1133A3B900F10808EFF319
:105680001189402484F31288BFF36F8F404602F0E3
:105690009DFB90B936498822364809F086F9882161
:1056A000334808E0344933484FF4897209F07DF9F2
:1056B0004FF48971304809F06FF9404602F0AAFBB7
:1056C0002F69002F3AD1EFF3118384F31288BFF3CF
:1056D0006F8F83F31188BFF36F8F3BB92749A422E3
:1056E000244809F062F9A4212448E4E72C68A54283
:1056F00024D01CB3A36833B920498D221D4809F07A
:1057000054F98D21F0E7D4E9003213605A60637BCD
:10571000C4E9007723F002036373A76004F1180063
:1057200002F0CEFC2046C4F8C070266101F046FCB1
:1057300049464046BDE8F84301F058BE2B69404653
:105740003360EB692E61013BEB6102F04DFB40B928
:1057500007494FF49A72074809F027F94FF49A71F4
:105760009EE789F31188BFF36F8FBDE8F88300BF10
:1057700001940400E192040067F804008CF804002E
:1057800008B50C4B9B6893F90E30002B09DB4024C5
:10579000EFF3118384F31288BFF36F8F0AF0AFFB2E
:1057A000F6E7054905481C2209F0FFF81C210248CC
:1057B00009F0F2F844740020B7F80400E192040004
:1057C0002DE9F341044617461E46EFF3058545B122
:1057D000514952486F2209F0E8F86F214E4809F00C
:1057E000DBF8EFF31188402383F31288BFF36F8F48
:1057F0004B4802F0EBFA38B94A498822474809F089
:10580000D4F888214748EAE7454802F003FBE368FB
:10581000454A9BB1A0689168884224D057EA0603A4
:1058200029D13F4802F0E0FAA0B188F31188BFF314
:105830006F8F6FF00F0002B0BDE8F081916891F9B1
:105840000E100133E360936835482161A36002F0D4
:10585000CBFA50B933494FF49A72304809F0A5F8A1
:105860004FF49A71CEE72169EBE788F31188BFF313
:105870006F8F0020DFE791F90E1090F90E306FF076
:105880007E029942A8BF19469142B8BF11468B4289
:1058900002DD0EF0DEFB054622464146CDE90076EC
:1058A0001F4801F03FFC0028E3D0EFF311864023AE
:1058B00083F31288BFF36F8F194802F087FA00282C
:1058C0009AD0174802F0A6FAA068C0B123682169EF
:1058D0009C420AD04BB193F90E309942A8BF1946A9
:1058E0006FF07E039942B8BF19460EF0B2FB30B19B
:1058F00031460B4801F07AFD6FF00A009BE7002D5E
:10590000F6D1074802F070FA0028A3D086F3118878
:10591000BFF36F8FF0E700BFD8F80400E1920400F6
:10592000687400200194040044740020F8B5054612
:10593000EFF3058343B14A49D7224A4809F035F8C5
:10594000D721474809F028F88368002B00F08180B0
:10595000454A926893427FD1C36833B94049EF22E8
:10596000404809F022F8EF21EBE7012B03D0013B7F
:10597000C3600020F8BDEFF31187402484F3128840
:10598000BFF36F8F394802F021FA38B938498822BD
:10599000344809F00AF888213548D3E7334802F043
:1059A00039FA2969A8680EF054FBEFF3118384F3E8
:1059B0001288BFF36F8F83F31188BFF36F8F3BB9EA
:1059C0002C49A422274808F0F0FFA4212948B9E770
:1059D0002C68AC420FD100232448C5E9023302F001
:1059E00003FA88BB22494FF49A721E4808F0DDFF83
:1059F0004FF49A71D0E7002CEDD0A36833B91D495C
:105A00008D22184808F0D1FF8D21DFE70026D4E968
:105A1000003213605A60637BC4E9006623F002031E
:105A20006373A66004F1180002F04AFBAC6094F9BD
:105A30000E3020462B61C4F8C06001F0BFFA394631
:105A40000A4801F0D3FC94E787F31188BFF36F8F06
:105A50008FE76FF015008DE74FF0FF308AE700BF4A
:105A6000D8F80400E1920400447400206874002017
:105A7000019404008CF8040008B5836843B90B490D
:105A80000B488D2208F091FF8D21084808F084FF13
:105A9000D0E9003213605A600023427BC0E9003332
:105AA00022F002024273836008BD00BF8CF804003C
:105AB000E19204002DE9F04704460F4691469A46CC
:105AC0009DF8208000F10805EFF31186402383F351
:105AD0001288BFF36F8F284602F078F938B94A4927
:105AE00088224A4808F061FF8821474819E0284683
:105AF00002F090F9B8F1000F00D06768EFF311835E
:105B0000402282F31288BFF36F8F83F31188BFF3B3
:105B10006F8F43B93E493D48A42208F046FFA421B7
:105B20003B4808F039FF234653F80C8F984519D0AD
:105B3000B8F1000F16D04046FFF79EFF08F118009D
:105B400002F0BEFA00234046C8F8C030C8F81090F2
:105B500001F034FA3146284601F048FC0024204682
:105B6000BDE8F087BAF1000F14D0082003F054F814
:105B7000002841D00122C0F804900260016801F0C1
:105B800003015FB922680A430260626820606AB953
:105B900060600BE04846C9F800A0EFE73A68032AC6
:105BA0001FD801606168B1B9C4E9000004F11400B4
:105BB000042102F03BFF04460028CBD1284602F026
:105BC00013F9E0B910494FF49A72104808F0EDFE4D
:105BD0004FF49A7189E70A6802F0030202430A60EF
:105BE000D6E722F003020A4302603A6802F0030299
:105BF00040EA02033B60D9E76FF00B04DEE786F36F
:105C00001188BFF36F8FAAE701940400E1920400AA
:105C10008CF804002DE9F743054690461F4600F135
:105C20000806EFF31189402383F31288BFF36F8FC7
:105C3000304602F0CBF840B920498822204808F0CD
:105C4000B4FE88211D4808F0A7FE304602F0E2F8B5
:105C50002C68D4B123686A6823F003039442204679
:105C60004FF001012B6008BF6B600EF001FA044693
:105C7000304602F0B9F8C0B910494FF49A72104892
:105C800008F093FE4FF49A71DCE758EA0703EFD06F
:105C900049463046CDE9008705F10C0201F042FA91
:105CA00038B9084B9B681C6903E089F31188BFF37E
:105CB0006F8F204603B0BDE8F08300BF019404005D
:105CC000E19204004474002008B5836843B90B498D
:105CD0000B488D2208F069FE8D21084808F05CFE13
:105CE000D0E9003213605A600023427BC0E90033E0
:105CF00022F002024273836008BD00BF8CF80400EA
:105D0000E192040070B50446EFF31186402585F357
:105D10001288BFF36F8F2C4802F058F838B92B491E
:105D200088222B4808F041FE8821284814E02648A4
:105D300002F070F8EFF3118385F31288BFF36F8FD1
:105D400083F31188BFF36F8F43B922492048A422FF
:105D500008F02BFEA4211F4808F01EFE2568AC4267
:105D600013D095B12846FFF7AFFF05F1180002F0F8
:105D7000A7F900232846C5F8C03001F01FF93146C5
:105D8000BDE87040104801F031BBD4E902329A42BC
:105D900018BF01330221A36004F1100002F046FE97
:105DA0000028ECD1084802F01FF840B907494FF429
:105DB0009A72074808F0F9FD4FF49A71B5E786F337
:105DC0001188BFF36F8F70BD6C74002001940400C4
:105DD000E19204008CF80400F7B5044616461D460F
:105DE000EFF305835BB152EA050308D02649274843
:105DF000882208F0DAFD8821234808F0CDFDEFF372
:105E00001187402383F31288BFF36F8F204801F07E
:105E1000DDFF38B91F4988221C4808F0C6FD8821DB
:105E20001C48EAE71A4801F0F5FFA368ABB1013B53
:105E30001748A36001F0D8FF40B916494FF49A7291
:105E4000124808F0B2FD4FF49A71E9E787F3118820
:105E5000BFF36F8F002003B0F0BD56EA05030BD1EE
:105E60000B4801F0C1FF0028E7D087F31188BFF38A
:105E70006F8F6FF00F00EEE722463946CDE90065DF
:105E8000034801F04FF9E6E7FAF80400E192040054
:105E90006C740020019404002DE9F0470446EFF3F0
:105EA0001188402787F31288BFF36F8F2E4801F0C7
:105EB0008DFF064638B92D4988222D4808F075FD1A
:105EC00088212A4818E0284801F0A4FF4FF0000973
:105ED0006FF00A0AEFF3118387F31288BFF36F8F15
:105EE00083F31188BFF36F8F43B922492048A4225E
:105EF00008F05BFDA4211F4808F04EFD2568AC4268
:105F00000ED06DB12846FFF7DFFE05F1180002F054
:105F1000D7F82846C5F8C0A001F050F8B146D9E737
:105F200000230221A36004F1100002F07FFD78B984
:105F3000B9F1000F0CD10C4801F056FF70B90B49B4
:105F40004FF49A720A4808F030FD4FF49A71B8E79E
:105F50004146BDE8F047044801F048BA88F311888B
:105F6000BFF36F8FBDE8F0876C74002001940400CC
:105F7000E19204008CF8040007B5074B4FF48052FF
:105F8000009306494FF0FF33054800F047FB00201F
:105F900003B05DF804FB00BFF88D040008D40020B6
:105FA000A06600202DE9F0430446714E714F85B084
:105FB000EFF31188402383F31288BFF36F8F3046CD
:105FC00001F004FF40B96C4988226C4808F0EDFCF0
:105FD0008821694808F0E0FC304601F01BFFD4F846
:105FE000CC50F5B9022104F1E4000EF083F800284A
:105FF0003BD004F1DC0500220121284601F07EFDA2
:106000000028F8D100234FF0FF3202934FF0FF3306
:106010004146CDE90023304604F1D40201F0BAFD37
:10602000C6E7D4F8D0202B68954208BFC4F8D0301A
:10603000C4F8CC30D4F8E430304643F00203C4F85E
:10604000E430EB68D5F8049023F0040343F0010337
:10605000EB6001F0C9FED0B947494FF49A72474846
:1060600008F0A3FC4FF49A71B3E7D4F8E430DD06EE
:10607000C8D5C4F8E4003E4801F0B6FE0028EBD0D5
:1060800088F31188BFF36F8F05B0BDE8F08388F304
:106090001188BFF36F8FB9F1000F09D13849374824
:1060A0004FF4387208F081FC4FF43871344891E7AE
:1060B0002846C847EFF31188402383F31288BFF3C3
:1060C0006F8F304601F082FE00283FF47CAF3046EF
:1060D00001F0A0FEEB68D90623F0010231D4EA609A
:1060E000EB689A0716D5386823F00203EB6088B195
:1060F0000021036870B14268954230D1036841BB0A
:106100007A683B60824200D17B60002340F8083B04
:10611000FFF7F8FDD4F8E430304623F00203C4F86A
:10612000E430C3F3002501F05FFE002894D088F32B
:106130001188BFF36F8F002D7FF43AAF01F06CFA36
:1061400036E723F01103EB6005F11000FFF7DAFDED
:10615000C6E70B607B68834208BF7960D5E723B14F
:106160001A68014618461346C4E71A46F9E700BF05
:10617000787400207074002001940400E1920400FF
:1061800023F9040070B5C3680546C3F340069B07B6
:106190000C460DD50122002104F108000DF09AFFF4
:1061A00000232360054B65605A681AB9C3E90044AF
:1061B000304670BD14605C60FAE700BF7074002068
:1061C000F8B5C36804469A070F46C3F340063AD4AD
:1061D0005B0726D40B680BB983680B60E368DD07A7
:1061E00022D5A36853B92949294840F2571208F02B
:1061F000DCFB40F25711254808F0CEFB02263B603D
:106200003D68002D3ED0234B9A68D5F8C8309A429D
:106210000CD0D5F8E430D807C3F3800216D46FF061
:10622000120600233B6027E00126E9E70DF0C7FFD7
:10623000D5F8E4300028EED1D907C3F3C002EED57B
:1062400052B15B0708D46FF00F06EAE7002AFAD1D3
:10625000C3F3C003002BF6D100232360D5F8D03060
:1062600063B9C5E9334428460DF05FFFE36843F0A6
:106270000403E3603B68A3603046F8BD1C60C5F8CA
:10628000D040F0E76FF01506CBE700BF23F904001C
:10629000E19204004474002073B50446EFF31185C5
:1062A000402383F31288BFF36F8F194801F08EFDEE
:1062B00040B918498822184808F077FB882115480A
:1062C00008F06AFB124801F0A5FD00230321201FFE
:1062D0000193A4F110060DF00DFF28B1A36930461B
:1062E00001A90193FFF76CFF094801F07DFD40B95A
:1062F00008494FF49A72084808F057FB4FF49A7116
:10630000DDE785F31188BFF36F8F02B070BD00BF6A
:106310007874002001940400E192040038B50D4621
:10632000044640B90B499C220B4808F03EFB9C21D7
:10633000084808F031FB31B906499D22064808F0AB
:1063400034FB9D21F4E71022002110F039FC656038
:1063500038BD00BF23F90400E1920400F8B5C3681A
:10636000064603F00503002B0C4614BF0127002747
:1063700028D0856855B91C491C4840F2C11208F064
:1063800014FB40F2C111184808F006FB012200215D
:1063900004F110000DF09EFE20461549FFF7BEFFE8
:1063A000E36843F01003E360F3685B0712D53368DA
:1063B00023606BB9D5F8D03033B9C5E933442846EA
:1063C0000DF0B3FE3846F8BD1C60C5F8D040F6E7C6
:1063D0003460F4E7D5F8CC302360D5F8D030C5F878
:1063E000CC40002BEBD1F0E723F90400E19204004C
:1063F0000B41040038B50446EFF31185402383F3C5
:106400001288BFF36F8F134801F0E0FC40B91249C6
:106410008822124808F0C9FA88210F4808F0BCFA0F
:106420000C4801F0F7FCE4680A4804F01F0401F08E
:10643000DBFC40B908494FF49A72084808F0B5FAF5
:106440004FF49A71E9E785F31188BFF36F8F204607
:1064500038BD00BF7874002001940400E19204006C
:1064600037B50C46019051B9224940F27D122248BD
:1064700008F09BFA40F27D111E4808F08DFA4B6837
:1064800043B91C494FF4BF721B4808F08EFA4FF411
:10649000BF71F1E7EFF31185402383F31288BFF357
:1064A0006F8F164801F092FC38B9154988221248BE
:1064B00008F07BFA88211248DFE7104801F0AAFCB7
:1064C000204601A9FFF77CFE04460C4801F08CFC35
:1064D00040B90B494FF49A72074808F066FA4FF436
:1064E0009A71E8E785F31188BFF36F8F204603B0F8
:1064F00030BD00BF23F90400E1920400787400204D
:1065000001940400014601480DF049BEA066002038
:1065100070B50C46054650B9314940F2CD123148AC
:1065200008F043FA40F2CD112D4808F035FAC3685F
:10653000DB0508D52A494FF4E7722A4808F035FAF6
:106540004FF4E771F0E70DF03AFE40B1244940F214
:10655000CF12244808F029FA40F2CF11E4E744B9F9
:106560001F494FF4E8721F4808F01FFA4FF4E87112
:10657000DAE7EFF31186402383F31288BFF36F8FBE
:10658000194801F023FC38B918498822154808F049
:106590000CFA88211548C8E7134801F03BFC28464F
:1065A0002146FFF7DBFE05460F4801F01DFC40B910
:1065B0000E494FF49A720B4808F0F7F94FF49A71AC
:1065C000E8E786F31188BFF36F8F3DB14FF0FF32DC
:1065D0004FF0FF3304F11000FFF7FEFB284670BDBB
:1065E00023F90400E192040078740020019404006F
:1065F00008B550B90749084840F2053208F0D5F906
:1066000040F20531034808F0C7F9E822002110F0F4
:10661000D7FA08BD23F90400E1920400F0B589B06F
:1066200004460E9D50B92D4940F232322C4808F0F4
:10663000BCF940F23231294808F0AEF941B9274996
:1066400040F23332264808F0B0F940F23331F2E735
:10665000D0F8E40010F0010008D020494FF44D724A
:106660001F4808F0A2F94FF44D71E4E7C4E9330084
:1066700004F1D400C4E9350004F1DC00C4E93700BA
:1066800055B32879002840F2011008BF0120C4F852
:10669000E40000204FF0FF364FF0FF37CDE9033024
:1066A000CDE90100CDE9066720460E4B009400F0CD
:1066B000DDFA55B1296811B1204600F023FA6B7953
:1066C0001BB1237B43F001032373204601F0CAF87A
:1066D000C4F8C84009B0F0BD0120D8E723F9040090
:1066E000E1920400A55F030038B50D46044650B999
:1066F0000E4940F2DB320E4808F057F940F2DB3128
:106700000A4808F049F941B908494FF47772084836
:1067100008F04BF94FF47771F2E73022002110F0C6
:106720004FFA4FF480736560E36038BD23F90400CD
:10673000E192040038B5044650B91B491B484FF498
:106740007C7208F032F94FF47C71174808F024F994
:10675000EFF31185402383F31288BFF36F8F144842
:1067600001F034FB38B913498822104808F01DF9AC
:1067700088211048EAE70E4801F04CFBE4680C4819
:1067800004F01F0401F030FB40B90A494FF49A723B
:10679000064808F00AF94FF49A71EAE785F3118880
:1067A000BFF36F8F204638BD23F90400E192040047
:1067B0007874002001940400F7B50C4616461D4677
:1067C000019050B92D4940F256422D4808F0EDF89D
:1067D00040F25641294808F0DFF841B9274940F214
:1067E0005742274808F0E1F840F25741F2E7EFF34B
:1067F0001187402383F31288BFF36F8F214801F084
:10680000E5FA38B9204988221D4808F0CEF88821D9
:106810001D48E0E71B4801F0FDFAE36813F01E0F86
:1068200022D155EA060211D1204601A9FFF7C8FC82
:106830000446144801F0D8FAC0B913494FF49A72CB
:106840000F4808F0B2F84FF49A71E1E743F00803FB
:10685000E360019B04F11000A36232462B460B4912
:1068600001F06CFB0124E4E70024E2E787F31188E0
:10687000BFF36F8F204603B0F0BD00BF23F90400C3
:10688000E1920400787400200194040099620300EE
:1068900001460148FFF790BFA0660020F7B50C46FF
:1068A00016461D46019050B92C4940F279422C48B9
:1068B00008F07BF840F27941284808F06DF841B9BA
:1068C000264940F27A42264808F06FF840F27A41B1
:1068D000F2E7EFF31187402383F31288BFF36F8F42
:1068E000204801F073FA38B91F4988221C4808F083
:1068F0005CF888211C48E0E71A4801F08BFA204632
:106900000DF004FC55EA060311D1204601A9FFF75A
:1069100057FC0446134801F067FAB8B912494FF41E
:106920009A720F4808F041F84FF49A71E2E7E36871
:1069300004F1100043F00803E360019B3246A362B8
:106940000A492B4601F0FAFA0124E3E787F311889C
:10695000BFF36F8F204603B0F0BD00BF23F90400E2
:10696000E19204007874002001940400996203000D
:1069700001460148FFF792BFA066002038B50446E3
:1069800050B91D491D4840F29B4208F00EF840F2F4
:106990009B41194808F000F8EFF31185402383F379
:1069A0001288BFF36F8F164801F010FA38B91549F5
:1069B0008822124807F0F9FF88211248EAE71048B8
:1069C00001F028FA20460DF0A1FB20460DF0B4FBA3
:1069D00004460B4801F008FA40B90A494FF49A728C
:1069E000064807F0E2FF4FF49A71E6E785F3118855
:1069F000BFF36F8F204638BD23F90400E1920400F5
:106A00007874002001940400F8B50D46044650B98E
:106A1000384940F2AC42384807F0C7FF40F2AC4179
:106A2000344807F0B9FF41B9324940F2AD4232482B
:106A300007F0BBFF40F2AD41F2E70DF0C0FB40B103
:106A40002C4940F2AE422C4807F0AFFF40F2AE4175
:106A5000E6E7EFF31186402383F31288BFF36F8FCD
:106A6000264801F0B3F938B925498822224807F0B1
:106A70009CFF88212248D4E7204801F0CBF9E36845
:106A800003F01F03002B14BF0127002712D11B485E
:106A900001F0AAF940B91A494FF49A72164807F062
:106AA00084FF4FF49A71E5E786F31188BFF36F8F87
:106AB0003846F8BD20460DF029FB20460DF03CFB82
:106AC00020462946FFF75EFB04460C4801F08CF98E
:106AD0000028E0D086F31188BFF36F8F002CE7D039
:106AE0004FF0FF324FF0FF3305F10800FFF774F964
:106AF000DEE700BF23F90400E1920400787400206F
:106B00000194040010B5044608B9054B9C681F2287
:106B100004F1880010F07EF8002084F8A70010BD72
:106B2000447400202DE9F04F85B00F4611990446BA
:106B30000F299946DDF838B0DDF84C804AD1454838
:106B400083424BD104F15800C4E916001298002585
:106B500020730420D61D26F0070607EB060A607393
:106B6000A17320465146C4E90655A560E573E3F7D5
:106B7000A3FE109B073020F00700C4E92A76C4F872
:106B8000B00002930F9BAAEB0006CDE900B332469A
:106B90004B4639462046E4F755FA0F9BC4E91D9B46
:106BA000E367109B656584F87050C4F88030EFF39C
:106BB0001189402383F31288BFF36F8F264801F0B9
:106BC00005F9B0B925498822254807F0EEFE88214D
:106BD00022480CE001F110001E28B3D921492048B9
:106BE00040F2452207F0E1FE40F245211D4807F042
:106BF000D3FE1D4F184801F00DF93B6A1648C4F842
:106C000084303C6201F0F0F840B914494FF49A72B4
:106C1000134807F0CAFE4FF49A71D9E789F3118837
:106C2000BFF36F8FB8F1000F11D01F22414604F15E
:106C300088000FF0EFFF84F8A750BB680BB1D3F8C2
:106C4000B4303046C4F8B43005B0BDE8F08F84F8F5
:106C50008880F2E7815703008874002001940400C3
:106C6000E192040044F9040044740020F0B587B0B8
:106C70000446DDE91276EFF3058555B1174918484A
:106C800040F2D62207F091FE40F2D621134807F0D9
:106C900083FE0595109D04950F9D03950E9D02950D
:106CA0000D9D01950C9D0095FFF73CFFB6F1FF3F50
:106CB00008BFB7F1FF3F05D056EA070305D12046CC
:106CC00000F0D0FD204607B0F0BD3A46334604F14F
:106CD0001800044901F032F9F4E700BF44F9040058
:106CE000E19204002F42040040F20113838100234B
:106CF000C0E92A33C0F8B430014B9860704700BF38
:106D00004474002038B590F90D200146002A437BD9
:106D100010DA03F07F034373184B984208D11849E7
:106D20001848562207F041FE5621154807F034FE58
:106D30000DF04DFA144D2A4652F8184FAB689442A4
:106D400000D004B9EC688B4210D03BB90F490D4814
:106D5000DA2207F02AFEDA210C48E7E75A7BD2064E
:106D600004D1DA897F2A01D9A2692AB1A34202D0CB
:106D7000204600F0B1FF23466B6138BD106500204E
:106D800067F90400E19204004474002089F90400CA
:106D900008B5836843B9094909488D2207F005FE03
:106DA0008D21064807F0F8FD0DF011FA437B23F022
:106DB000020343730023836008BD00BF8CF8040006
:106DC000E192040070B590F90D20437B002A4BDB63
:106DD000D90649D163F07F034373254B984208D10C
:106DE000244925484F2207F0E0FD4F21214807F0B4
:106DF000D3FD224C224652F8183FE169934207D155
:106E0000C0E900210860E06111E09942F8D01B68F8
:106E1000002BF5D090F90E5093F90E60B542F4D0E6
:106E2000AE42F2DD5968C0E9003108605860A569DA
:106E3000954200D005B9E568A3683BB910490E48F2
:106E4000DA2207F0B2FDDA210D48D0E75A7BD206EC
:106E500004D1DA897F2A01D9AA6932B1AB4202D0C2
:106E6000284600F039FF656170BD6361FCE700BF33
:106E70001065002067F90400E192040044740020CA
:106E800089F9040008B5124A936860B1597B11F082
:106E9000090F08D10F491048D22207F086FDD221F0
:106EA0000C4807F079FD6FF00A01C3F8C0100B49D8
:106EB000C3F8BC004B6843F080534B60002383F35E
:106EC0001188BFF36F8F9368D3F8C00008BD00BF6F
:106ED00044740020B5F90400E192040000ED00E0E4
:106EE00070B590F90D200146002A437B2E4C0FDA35
:106EF00003F07F03A042437308D12C4956222C484B
:106F000007F053FD5621294807F046FD0DF05FF9C3
:106F10004B7BA14263F07F034B7306D123494F2281
:106F2000234807F042FD4F21EDE7224C224652F85C
:106F3000183FE069934207D1C1E900200160E16197
:106F400011E09842F8D01B68002BF5D091F90E5053
:106F500093F90E60B542F4D0AE42F2DD5868C1E953
:106F6000003001605960A569A368954200D005B959
:106F7000E5688B4210D03BB90F490D48DA2207F083
:106F800014FDDA210C48BFE75A7BD20604D1DA8916
:106F90007F2A01D9AA692AB1AB4202D0284600F063
:106FA0009BFE2B46636170BD1065002067F90400ED
:106FB000E19204004474002089F9040038B50446C5
:106FC000EFF31185402383F31288BFF36F8F1248CC
:106FD00000F0FCFE40B911498822114807F0E5FC99
:106FE00088210E4807F0D8FC0B4800F013FF20461C
:106FF000FFF7E8FE084800F0F7FE40B907494FF4F4
:107000009A72074807F0D1FC4FF49A71E9E785F3CB
:107010001188BFF36F8F38BD7C7400200194040089
:10702000E192040038B50446EFF31185402383F361
:107030001288BFF36F8F134800F0C8FE40B91249A1
:107040008822124807F0B1FC88210F4807F0A4FC01
:107050000C4800F0DFFEA36813B12046FFF798FE4E
:10706000084800F0C1FE40B907494FF49A7207483A
:1070700007F09BFC4FF49A71E7E785F31188BFF3A3
:107080006F8F38BD7C74002001940400E1920400ED
:1070900070B504460D46EFF31186402383F3128842
:1070A000BFF36F8F1C4800F091FE40B91B49882246
:1070B0001B4807F07AFC8821184807F06DFC164839
:1070C00000F0A8FE002394F87010627B84F8703002
:1070D00069B165B1104800F087FEC0B90F494FF49F
:1070E0009A720F4807F061FC4FF49A71E4E712F0CE
:1070F000280FEFD1A36813B12046FFF749FE637B49
:10710000204623F004036373FFF75CFEE2E786F397
:107110001188BFF36F8F70BD7C7400200194040050
:10712000E19204002DE9F047DFF8B0A02C4F16469D
:10713000DDE90898DAF808202A4BB84204460D46E3
:107140001A600AD12849294840F2722207F02DFC22
:1071500040F27221244807F01FFCEFF31183402313
:1071600083F31288BFF36F8F384600F02FFE38B9D3
:107170001F4988221D4807F018FC88211C48EAE7AF
:10718000384600F047FEDAF80870314638460DF010
:1071900026F8B8F1FF3F08BFB9F1FF3F06D04A46D5
:1071A0004346144907F1180000F0C8FE204600F0DD
:1071B0001BFE40B90E494FF4B7720C4807F0F5FBBF
:1071C0004FF4B771DAE7064800F00EFE0028F1D060
:1071D0002846BDE8F047FFF755BE00BF44740020C5
:1071E0007C7400208074002067F90400E1920400A0
:1071F000019404002F42040070B50546EFF3118698
:10720000402383F31288BFF36F8F164800F0DEFD32
:1072100040B915498822154807F0C7FB8821124854
:1072200007F0BAFB0F4800F0F5FD2C68A54210D01E
:1072300014B12046FFF7ACFD0A4800F0D5FD50B967
:1072400009494FF49A72094807F0AFFB4FF49A715D
:10725000E5E70024F0E786F31188BFF36F8F20463F
:1072600070BD00BF7C74002001940400E192040012
:107270002DE9F04104460D46EFF31187402383F3D7
:107280001288BFF36F8F524800F0A0FD38B9514902
:107290008822514807F089FB88214E4817E04C4866
:1072A00000F0B8FD637B03F01F02002A0CBF01262B
:1072B000002657D103F07F036373484B9C4208D1EB
:1072C00047494548562207F070FB5621444807F0CD
:1072D00063FBDFF8108120460CF079FF4246637BA8
:1072E0006DB263F07F03A573637352F8183F934246
:1072F00035D1D8F81C10C4E900210C60C8F81C4036
:107300000FE09942F7D01B68002BF4D093F90E00E0
:107310008542F6D0A842F4DD5968C4E900310C601A
:107320005C60D8F81840944200D00CB9D8F80C40F2
:10733000D8F808309C4202D0204600F0CDFCC8F8B6
:107340001440234800F050FD002839D121494FF462
:107350009A72214807F029FB4FF49A719DE7D8F8FB
:107360001C10D1E79B0729D5A16839B91E491A48D5
:107370008D2207F01AFB8D211B48A8E720466DB22D
:107380000CF025FFA5730B68994209D14B68C4E93D
:1073900000131C604C60D4E74A689342F6D01B6827
:1073A000002BF3D093F90E209542F5D0AA42F3DDDD
:1073B0005A68C4E9003214605C60C2E7A573C0E794
:1073C00087F31188BFF36F8F3046BDE8F08100BFAF
:1073D0007C74002001940400E192040010650020F8
:1073E00067F90400447400208CF8040038B50346A3
:1073F0000C46D1B9EFF30585BDB9154A51699268BC
:10740000914212D000F0F0FC50B912494FF4B7721B
:10741000114807F0CAFA4FF4B7710E4807F0BCFAEA
:107420002846BDE83840FFF72DBD184600F0DCFCCB
:1074300040B908494FF49A72074807F0B6FA4FF47A
:107440009A71EAE784F31188BFF36F8F38BD00BFEC
:107450004474002001940400E1920400034648B9FA
:10746000EFF3058232B9064A51699268914201D020
:10747000FFF708BD83F31188BFF36F8F704700BF1C
:107480004474002010B5EFF31184402383F3128875
:10749000BFF36F8F1F4800F099FC38B91E4988224E
:1074A0001E4807F082FA88211B480EE0194800F0B8
:1074B000B1FCEFF3058353B1194940F20632174886
:1074C00007F073FA40F20631154807F065FA154BDC
:1074D0009A68D37B012B08D1114940F207320F483B
:1074E00007F063FA40F20731EEE7013BD373094836
:1074F00000F07AFC40B908494FF49A72074807F047
:1075000054FA4FF49A71CFE784F31188BFF36F8F69
:1075100010BD00BF7C74002001940400E1920400BF
:1075200067F904004474002070B5EFF3118640231E
:1075300083F31288BFF36F8F2E4800F047FC38B9F1
:107540002D4988222D4807F030FA88212A480FE07B
:107550002B4D284800F05EFCAB68DA7B52B9294914
:1075600040F21232254807F020FA40F21231254845
:1075700007F012FAEFF3058141B1224940F21332CC
:107580001E4807F012FA40F21331F0E70132DA73C5
:107590002A4652F8184F944200D004B9EC685A7B3E
:1075A000D20604D1DA897F2A01D9A2692AB1A3427D
:1075B00002D0204600F090FB23460E486B6100F09D
:1075C00013FC40B90C494FF49A720C4807F0EDF9DE
:1075D0004FF49A71BAE786F31188BFF36F8FEFF318
:1075E0001180402383F31288BFF36F8FBDE8704092
:1075F000FFF734BF7C74002001940400E192040082
:107600004474002067F90400024B03F11802C3E937
:10761000062270474474002070B5EFF3058353B120
:107620003249334840F23E4207F0BFF940F23E4152
:107630002E4807F0B1F9EFF31186402383F3128847
:10764000BFF36F8F2B4800F0C1FB38B92A4988225D
:10765000274807F0AAF988212748EAE7274C254858
:1076600000F0D8FBA168E0690B68814214BF1A469C
:10767000002249680B605960A368E1692AB9204A71
:10768000C3E900210B60E3610CE093F90E0092F96D
:107690000E50A84220D085421EDD5168C3E900216A
:1076A0000B605360A569164B9D4200D005B9E56893
:1076B000A3689D4202D0284600F00EFB0D4865618C
:1076C00000F092FB60B90C494FF4B772084807F01C
:1076D0006CF94FF4B771BFE78A42D0D01268CDE79A
:1076E0003046BDE87040FFF7CDBB00BF67F904002E
:1076F000E19204007C740020019404004474002092
:107700005C7400202DE9F04106460C46EFF3058736
:1077100057B12D492D4840F2564207F046F940F244
:107720005641294807F038F950EA010304D1FFF720
:1077300073FF0020BDE8F081EFF31188402383F34D
:107740001288BFF36F8F224800F040FB38B92149FF
:1077500088221E4807F029F988211E48E2E71E4DBD
:107760001B4800F057FBA8681C4B1860FFF7CAFACB
:10777000A868234632461A49183000F0DFFBAA6891
:107780000446537B124843F00403537300F02CFB70
:1077900040B910494FF4B7720C4807F006F94FF49E
:1077A000B771DAE74046FFF76DFBAB68D3E90A2310
:1077B000B3F1004F08BFBA42BBD10CF07DFD201AD7
:1077C00020EAE070B6E700BF67F90400E192040028
:1077D0007C74002001940400447400208074002014
:1077E0002F42040070B504460E46EFF3058555B1EF
:1077F00019491A484FF4906207F0D7F84FF4906196
:10780000154807F0C9F8FFF77DFFB6F1FF3F08BF45
:10781000B4F1FF3F0346204617D04FF47A7247F683
:1078200011202946C3FB020147F61223984271F149
:1078300000030BD30A4B834243F608538B4107D313
:1078400047F612220023D9F7EDFD70BD2846FCE76C
:107850006FF00040F9E700BF67F90400E19204000F
:10786000ED85FFFF38B50446EFF31185402383F320
:107870001288BFF36F8F1B4800F0A8FA40B91A496D
:1078800088221A4807F091F88821174807F084F8F1
:10789000144800F0BFFA637B5B0710D504F11800B1
:1078A00000F00EFC637B204623F004036373FFF7B4
:1078B00089FA2946BDE838400A48FFF797BD0948CC
:1078C00000F092FA40B908494FF49A72074807F05D
:1078D0006CF84FF49A71D8E785F31188BFF36F8F76
:1078E00038BD00BF7C74002001940400E1920400C4
:1078F000014B9868704700BF447400202DE9F8439D
:107900000446077BEFF31185402383F31288BFF30E
:107910006F8F724800F05AFA40B971498822714855
:1079200007F043F888216E4807F036F86B4800F0FE
:1079300071FA637B190712D5684800F055FA40B90F
:1079400067494FF49A72674807F02FF84FF49A711D
:10795000E9E785F31188BFF36F8FBDE8F883D90994
:1079600043F0080240F081806273A36813B120469F
:10797000FFF70EFA04F1180000F0A2FBA66D04F167
:107980005808B04511D04FF0000976B13046FFF7E6
:10799000FFF906F1180000F093FB3046C6F8C090DE
:1079A000FFF710FAA66DB045EFD1DFF83C81D8F8AB
:1079B00008309C426DD1EFF30589B9F1000918BF79
:1079C0004FF00109D8F81860484A964200D00EB925
:1079D000D8F80C60B34202D0304600F07DF9204662
:1079E000C8F8146008F081FA204600F01BFAB9F1DB
:1079F000000F02D03E48FFF777F9D8F808309C42D4
:107A000056D1EFF30586002E52D1237BDA071FD51E
:107A1000324800F0E9F9002892D085F31188BFF3CD
:107A20006F8F86F31188BFF36F8F0423184602DF30
:107A3000EFF31185402383F31288BFF36F8F27483C
:107A400000F0C4F900283FF468AF244800F0E2F9E0
:107A5000224800F0C9F9F8B921494FF4B77221481A
:107A600006F0A3FF4FF4B7715DE703F07F0343F027
:107A7000080363731F4B9C4207D11F4956221948C4
:107A800006F093FF56211C484EE720460CF09FFB62
:107A90006BE74FF0000995E72846FFF7F3F9164921
:107AA0004FF4DD720F4806F080FF4FF4DD71EAE716
:107AB0000A4800F099F900283FF442AF85F3118895
:107AC000BFF36F8FFB077FF548AF0B4940F255526C
:107AD000044806F06AFF40F25551D4E77C74002058
:107AE00001940400E1920400447400205C740020BE
:107AF000886700201065002067F904002DE9F8432D
:107B0000064688461746EFF31189402383F312880F
:107B1000BFF36F8F1C4800F059F9054640B91B4967
:107B200088221B4806F041FF8821184806F034FFE0
:107B3000154800F06FF93468A6421AD0DCB120462F
:107B4000C4F8C0802761FFF723F904F1180000F0A2
:107B5000B7FA2046FFF736F90B4800F045F960B94F
:107B60000A494FF49A720A4806F01FFF4FF49A71BF
:107B7000DBE70025F0E72546EEE789F31188BFF340
:107B80006F8F2846BDE8F8837C74002001940400C0
:107B9000E1920400D3B5DDE90667089CCDE90067F2
:107BA000FFF7C0FA1CB1034B9B681B69236002B04E
:107BB000D0BD00BF447400202DE9F84306460F46AF
:107BC0009046EFF31189402383F31288BFF36F8F40
:107BD0001A4800F0FBF840B919498822194806F004
:107BE000E4FE8821164806F0D7FE144800F012F98A
:107BF0003468A64217D10025104800F0F5F8A8B95E
:107C00000F494FF49A720F4806F0CFFE4FF49A7165
:107C1000E8E741462046B84705460028ECD173689E
:107C2000A342E8D02468002CF3D1E4E789F311885B
:107C3000BFF36F8F2846BDE8F88300BF7C74002037
:107C400001940400E192040008B568B10E4B98421B
:107C50000AD303F11802904206D21822C01AB0FBD0
:107C6000F2F302FB130343B108490948382206F036
:107C70009CFE3821054806F08FFE0122054BC010FE
:107C80005843054B1A5408BD50680020DFF9040022
:107C9000E1920400ABAAAAAA3B840020C3897F2BEF
:107CA00012D80A4B1B6863B1094B90F90E201B6870
:107CB0009A4209DB437BDB0606D1064BC31A18BF89
:107CC000012303F0010070470023FAE7201600208B
:107CD000847400201065002070B50E4B0E4C1E7C85
:107CE000054606EB460304EBC304204600F0E8F922
:107CF00000220A4B28469A55FFF7D0FF48B1084B9F
:107D00002046BDE870401A680649013AD31700F0D2
:107D100015B970BD44740020506800203B840020D9
:107D200020160020497C030038B5EFF3118540236D
:107D300083F31288BFF36F8F1E4800F047F840B9F5
:107D40001D4988221D4806F030FE88211A4806F099
:107D500023FE184800F05EF8194B1A4A9C68106818
:107D6000A0420ED1FFF7B8FF124800F03DF8E0B98D
:107D700011494FF49A72114806F017FE4FF49A71A8
:107D8000E4E700211B7C11600F4AD35C002BEBD091
:107D90002046FFF783FF0028E6D0637BDB0602D195
:107DA0002046FFF79DF82046DCE785F31188BFF3F6
:107DB0006F8F38BD7C74002001940400E1920400B0
:107DC00044740020807400203B840020006838B197
:107DD000044B00F003001B7CC01A18BF0120704741
:107DE0000120704744740020002302680360EFF311
:107DF0000581074B19B19968497BC90706D4197CDD
:107E000098680843831A58425841704701207047C8
:107E100044740020024B1A7C9B6813430360704734
:107E20004474002038B50446EFF31185402383F3F2
:107E30001288BFF36F8F1A48FFF7C8FF40B919497E
:107E40008822194806F0B1FD8821164806F0A4FDE5
:107E50001348FFF7DFFF154A136AA34210D1D3F886
:107E6000843013620E48FFF7BFFFA0B90D494FF4ED
:107E70009A720D4806F099FD4FF49A71E5E71346A2
:107E8000002BEFD0D3F88420A242F8D1D4F884207C
:107E9000C3F88420E6E785F31188BFF36F8F38BD00
:107EA0008874002001940400E192040044740020CE
:107EB000024B1868984208BF002070472416002023
:107EC000034B1B680BB9FAF795B90020704700BF48
:107ED0008C74002030B570B10B4B5B6898420AD0AF
:107EE000036843B1D3E90421D0E90445121941EBF9
:107EF0000501C3E90421D0E9003213605A60002370
:107F0000C0E9003330BD00BF2416002070B5024622
:107F1000FFF7CEFF0346002007494D68014603B92D
:107F200070BDD3E90446001941EB06019342F7D036
:107F30009D42F5D01B68F2E724160020B3F1FF3F05
:107F400008BFB2F1FF3F2DE9F84F04469B461546A6
:107F50001F4600F0A480D0F80090B9F1000F08D0BF
:107F6000504951486F2206F020FD6F214D4806F020
:107F700013FD8160EFF31188402383F31288BFF370
:107F80006F8F4A48FFF722FF824638B94849882256
:107F9000454806F00AFD88214548E8E74348FFF7D1
:107FA00039FFBBF1000F434A1FDBFFF789FF06468D
:107FB00001354BF1000B3F4A2D184BEBE073D2E932
:107FC0000017C4E904536D1843EB0707FFF770FF70
:107FD0000346DFF8E4E0DEF80490EBB9C4E900E919
:107FE000C9F80040CEF8044028E06FF00103D2E960
:107FF00000125B1A4FF0FF3161EB02025B1B62EB78
:108000000B02012B72F10001BCBF01234A464FF065
:10801000000AC4E90432D9E7D3E9041CD4E90420F6
:108020008A4270EB0C0B29DA891A5A686CEB000053
:10803000C3E90410C4E9003214605C60FFF738FF44
:1080400084420ED11D4B1B685BB9BAF1000F02D1FF
:10805000FFF736FF064630460CF017F90021FAF715
:10806000DDF81248FFF7C0FE88B911494FF49A7243
:108070000D4806F09AFC4FF49A718DE7521A60EBA6
:108080000C009945C4E90420A8D01B68A5E788F333
:108090001188BFF36F8F28463946BDE8F88F002559
:1080A0002F46F8E732FA0400E192040090740020B1
:1080B0000194040068680020241600208C740020BD
:1080C00070B50446EFF31186402383F31288BFF3A3
:1080D0006F8F1E48FFF77AFE40B91D4988221D4860
:1080E00006F063FC88211A4806F056FC1748FFF793
:1080F00091FE23680BB3FFF7DBFE05462046FFF732
:10810000E9FE00224FF00043A542C4E9042306D152
:10811000FFF7D6FE0CF0B9F80021FAF77FF800243B
:108120000A48FFF761FE58B909494FF49A720948A5
:1081300006F03BFC4FF49A71D5E76FF01504EFE7BA
:1081400086F31188BFF36F8F204670BD90740020B6
:1081500001940400E192040070B50546EFF3118626
:10816000402383F31288BFF36F8F1948FFF72EFE69
:1081700040B918498822184806F017FC882115488C
:1081800006F00AFC1248FFF745FE2C68B4B12846F9
:10819000FFF7BCFE04460D46FFF792FE241A65EB7E
:1081A000E0750B48FFF720FE50B90A494FF49A7268
:1081B000094806F0FAFB4FF49A71E0E72546F0E72C
:1081C00086F31188BFF36F8F2046294670BD00BF2C
:1081D0009074002001940400E19204002DE9F0471E
:1081E0000446EFF31188402383F31288BFF36F8FA7
:1081F0003E48FFF7EBFD40B93D4988223D4806F077
:10820000D4FB88213A4806F0C7FBDFF8EC903748EA
:10821000FFF700FEC9F80040FFF74AFE00260446BB
:108220000027DFF8D8A0D9F80030DAE900C0D91764
:1082300054B1D4E90452AB4271EB020E1FDAED1ACD
:1082400062EB0102C4E90452002413EB0C0340EB7F
:1082500001012046CAE90031C9F800400CF015F8C8
:108260002146F9F7DBFF2148FFF7BEFDB0B188F3E7
:108270001188BFF36F8FBDE8F047FFF755BD15EBD1
:108280000C0340EBE570CAE90030C4E904672046FE
:10829000FFF720FE1548FFF7A7FD40B914494FF43A
:1082A0009A72144806F081FB4FF49A71AAE788F39A
:1082B0001188BFF36F8F2046A3689847EFF31188AA
:1082C000402383F31288BFF36F8F0848FFF77EFDCA
:1082D000002891D00548FFF79DFDD9F800305B1BC1
:1082E000C9F80030FFF7E4FD04469CE790740020D5
:1082F00001940400E19204008C740020686800205E
:1083000070B5EFF31186402383F31288BFF36F8FAC
:108310001548FFF75BFD40B914498822144806F060
:1083200044FB8821114806F037FB0F48FFF772FD28
:10833000FFF7C6FD0F4AD2E90045041945EBE07589
:108340000948FFF751FD40B908494FF49A720848AF
:1083500006F02BFB4FF49A71E4E786F31188BFF324
:108360006F8F2046294670BD907400200194040050
:10837000E192040068680020F8B50546EFF3118724
:10838000402383F31288BFF36F8F5948FFF71EFD18
:1083900040B958498822584806F007FB88215548BB
:1083A00006F0FAFA5248FFF735FD2B688BB15048BA
:1083B000FFF71AFD40B94F494FF49A724E4806F044
:1083C000F4FA4FF49A71EAE787F31188BFF36F8FDD
:1083D000F8BDD5E90A46611C46F10002022972F196
:1083E000000236D3012C76F10002BCBF01241E46E8
:1083F000013C46F1FF360BF063FF013041F1000113
:10840000001946EB0101012871F1000135DB0BF089
:1084100057FF6FF00203013041F10001001946EBF4
:10842000010183426FF000438B412BDB0BF048FFCF
:10843000013041F100016FF00102001946EB010328
:108440004FF0FF31121A61EB030328462B49FFF767
:1084500075FD2B6B01332B632B6ABBB93C46284659
:1084600050F8185F854200D06DBB2148FFF7BCFC77
:108470000028A0D084F31188A8E76FF001024FF024
:10848000FF33E2E700224FF00043DEE71848FFF732
:10849000ABFC00288FD087F31188BFF36F8F28467D
:1084A0002B6A9847EFF31184402383F31288BFF3BC
:1084B0006F8F0F48FFF78AFC00283FF46AAF0C4823
:1084C000FFF7A8FCCBE72846FEF7ACFD00230848E1
:1084D000C5F8C030FFF788FC00283FF46CAF84F388
:1084E0001188BFF36F8F2846BDE8F840FEF766BDE0
:1084F0009474002001940400E19204007983030045
:108500002DE9F843064614461D4691469846EFF37A
:108510001187402383F31288BFF36F8F2248FFF740
:1085200055FC40B921498822214806F03EFA8821AD
:108530001E4806F031FA1C48FFF76CFCB5F1FF3F0E
:1085400008BFB4F1FF3F0CD11748FFF74DFC28BB23
:1085500016494FF49A72164806F027FA4FF49A71AA
:10856000E6E7002D0ADB012C75F100032246BCBFB3
:108570000122002512F1FF3945F1FF383046FFF79F
:108580009FFDDDE90823C6E90A2300234A46336339
:10859000304643460749FFF7D1FCD5E787F31188FA
:1085A000BFF36F8FBDE8F88394740020019404003A
:1085B000E1920400798303002DE9F74F002514466A
:1085C00007462E464FF0400AA946DFF8B0810091D9
:1085D0000193009B9D4203DB304603B0BDE8F08F62
:1085E000EFF3118B8AF31288BFF36F8F4046FFF7CA
:1085F000EDFB38B962498822624806F0D6F9882135
:108600005F4865E04046FFF705FC7B7B03F03F03D6
:10861000102B56D8DFE803F02C4209552855555544
:1086200048555555555555554E003B699B68FBB10E
:108630000223FA68C7F80890C2F38630034363F355
:108640009432FA6084F800904046FFF7CDFB14376F
:10865000002840F08C804A494FF49A72494806F04D
:10866000A4F94FF49A71CBE73B691B68002B31D119
:10867000019B002BE8D12378002BE5D07B7B03F016
:108680003F03102B6CD8DFE803F03545276B386BC0
:108690006B6B516B6B6B6B6B6B6B5E003B699B68C1
:1086A000002BE5D00123C4E73B695B6A002BDFD0D8
:1086B0001023BEE73B69DA895B899A42D8D0202330
:1086C000B7E7314963222F4806F06FF963212E483E
:1086D00006F062F90423ACE7386930B92A498D22E3
:1086E000284806F062F98D21F1E72246394610301C
:1086F0000BF056FEBC600136A6E7386930B9224956
:108700009122204806F051F99121E0E722463946AE
:108710001430EDE7386930B91B499522194806F045
:1087200044F99521D3E722463946E1E7386930B963
:1087300015499922134806F038F99921C7E72246CE
:1087400039462830D4E7386930B90F499D220D48A1
:1087500006F02BF99D21BAE7224639463030C7E7AB
:108760000949A422074806F020F9A421AFE78BF3BA
:108770001188BFF36F8F01352BE700BF987400207D
:1087800001940400E192040056FA04002DE9F84334
:10879000142315460C4600264FF0400803FB010049
:1087A000434F0CB9BDE8F88310F8073CA0F1140959
:1087B00003F03F0340F80C6C102B3FD8DFE803F0C8
:1087C0004E20093E163E3E3E2A3E3E3E3E3E3E3E48
:1087D000340050F8043C002B37D13649B4223648D7
:1087E00006F0E3F8B421334806F0D6F850F8043C1C
:1087F0005BBB3049B822304806F0D7F8B821F2E721
:1088000050F8043C0BBB2B49BC222B4806F0CDF89A
:10881000BC21E8E750F8043CBBB92649C0222648F1
:1088200006F0C3F8C021DEE750F8043C6BB92149DB
:10883000C422214806F0B9F8C421D4E71D49CB224F
:108840001D4806F0B2F8CB21CDE750F8143C2BB10F
:1088500050F8102C13605A6040E905663846FFF75F
:10886000C3FA48B915494FF49A72134806F09DF8B7
:108870004FF49A711148B7E785F31188BFF36F8FF2
:10888000EFF3118588F31288BFF36F8F3846FFF737
:108890009DFA013C30B909498822074806F085F85D
:1088A0008821E7E73846FFF7B5FA484679E700BF81
:1088B0009874002056FA0400E19204000194040028
:1088C0002DE9F04F1E46534B17469C680123054681
:1088D00085B004F1600284F8603084F86130EFF311
:1088E000058BBBF1000F0AD04B4940F225124B48D3
:1088F00006F05BF840F22511474806F04DF840B904
:1089000045494FF49372454806F04FF84FF4937180
:10891000F2E7002908DA404940F227123F4806F002
:1089200044F840F22711E7E757EA06030CBF01239A
:108930000023FFF741FE8046EFF311894FF0400A14
:108940008AF31288BFF36F8F3548FFF73FFA38B9C3
:1089500034498822314806F028F888213148CCE78C
:108960002F48FFF757FA94F86030E3B94A4641467A
:1089700028460393FFF70AFF2948FFF735FA039BC0
:1089800040B928494FF49A72244806F00EF84FF483
:108990009A71E3E789F31188BFF36F8F1C46204675
:1089A00005B0BDE8F08F57EA060384F860B00BD13C
:1089B0001B48FFF719FA0028E3D089F31188BFF3A9
:1089C0006F8F6FF00A04EAE74946CDE90076164A50
:1089D0001348FEF7A7FB0446EFF311868AF31288CB
:1089E000BFF36F8F0E48FFF7F1F90028B0D00C48A5
:1089F000FFF710FA284632464146FFF7C7FE0848FF
:108A0000FFF7F2F90028BCD086F31188BFF36F8F0F
:108A1000C5E700BF4474002056FA0400E192040048
:108A200098740020019404002C160020F8B5054627
:108A30000E46EFF31187402383F31288BFF36F8F45
:108A40001A48FFF7C3F940B919498822194805F0B7
:108A5000ACFF8821164805F09FFF1448FFF7DAF9AC
:108A60002C68A54217D0D4E9003213605A60002365
:108A700031462046C4E900330BF0BCFC0B48FFF73D
:108A8000B3F950B90A494FF49A720A4805F08DFFBC
:108A90004FF49A71DEE70024F0E787F31188BFF303
:108AA0006F8F201E18BF0120F8BD00BF98740020F2
:108AB00001940400E192040070B504460D46EFF302
:108AC0001186402383F31288BFF36F8F1C48FFF792
:108AD0007DF940B91B4988221B4805F066FF8821B3
:108AE000184805F059FF1648FFF794F9012120684E
:108AF000E5608442A1600CD11148FFF775F9C0B957
:108B000010494FF49A72104805F04FFF4FF49A71D4
:108B1000E6E7D0E9003213605A600023C0E9003371
:108B20000BF068FC314604460548FEF75FFC204622
:108B300070BD86F31188BFF36F8F0024F7E700BF85
:108B40009874002001940400E19204002DE9F84F8C
:108B500005460C4692460BF032FB002851D12A4BB9
:108B60009B68D3F8B460002E4BD06F1E3D4207D0F7
:108B700026491722264805F018FF1721234817E039
:108B800004343ED245F0040B06F11408EFF31189CA
:108B9000402383F31288BFF36F8F4046FFF716F927
:108BA00040B91C4988221A4805F0FFFE882119485F
:108BB00005F0F2FE4046FFF72DF9224659463046B1
:108BC000D04704464046FFF70FF940B911494FF42A
:108BD0009A720F4805F0E9FE4FF49A71E7E789F3BE
:108BE0001188BFF36F8F64B1204640F8046B4DB11C
:108BF000384207D005493422054805F0D6FE342115
:108C0000BCE70020BDE8F88F4474002077FA040028
:108C1000E1920400019404000146024A0020FFF79B
:108C200095BF00BFC5E8030001680E4A03469142A4
:108C300015D1C169A2F11022A2F1EF1291420ED119
:108C40008268012A0BD8C26812B101698A4206D033
:108C5000586928B19B691B1A584258417047012036
:108C6000704700BF55AA00FF70B50D4B9E68A6B1B6
:108C70003046FFF7D9FF044678B9F3686BB9356918
:108C80000DB9204670BD2846FFF7CEFF28B9EB6826
:108C9000B34202D12E462D69F2E70124F1E700BF6D
:108CA0009C7400202DE9F041444B454C05461B685F
:108CB00020468846984718B100242046BDE8F08138
:108CC000A4F1140754F8144CFB68DCB1BC68CCB1B7
:108CD000002D66D0B8F1000F65D008FB05F6B6FB95
:108CE000F5F5A84561D1311D5FD8B20711D026F046
:108CF000030204321C4603E06168914257D2A46922
:108D0000002CF9D12F4B2E481B6898470028D4D04F
:108D1000D2E73246EEE7891A232904F120051CD850
:108D20000123A360D4E90523AAB19361A3690BB120
:108D300062695A610023C4E905333B69DB0703D547
:108D4000FFF792FF002835D13246002128462C46F5
:108D50000DF036FFD6E7FB60E8E702F1200C04EBEC
:108D60000C032039C3E90110DC6021691648196140
:108D700044F80C00A0F11020A0F1EF10D86101B16F
:108D8000CB6061695961A069986141B18B61996952
:108D900001B14B6101212361C4E90121CAE7FB60F4
:108DA000F5E72C46AEE74446ACE70446AAE7A068E0
:108DB0000028B0D0012004F0CDFF00BF64160020D1
:108DC000B07400206016002055AA00FF70B5464B15
:108DD000464C05461B6820469847002840F0828094
:108DE000002D43D054F8143CA4F11406002B3DD0C0
:108DF000B268002A3AD09D4203D3726813449D4260
:108E000002D3012004F0A6FFA5F120042046FFF7BD
:108E10000BFF0028F5D155F8183C012BF1D155F87E
:108E2000143C45F8180C3BB39A682ABB55F81C2C27
:108E300002F120015A680A445A6055E905321A6164
:108E400055F8145C2B6903B1DD6020220021204617
:108E50000DF0B6FE286910B18368002B2ED033695F
:108E60009B0703D5FFF700FF0028CAD1BDE870407B
:108E70001F4B1E481B68184755F8100C00282AD0B5
:108E8000836843BB426863681344203363600369AB
:108E90002361D4E905239AB9CBB943696361826937
:108EA000A261B3B19C61A36903B15C61236903B1A1
:108EB000DC60202200210DF083FED0E72C46E1E7A4
:108EC0009361A369002BE8D062695A61E5E7F3601A
:108ED000F7E7F460E7E7F36845F8083C03B15C6145
:108EE000F460BCE770BD00BF64160020B0740020C1
:108EF0006016002038B50C4628220021054615488A
:108F00000DF05EFE144B15481B6898471449154830
:108F100000F038F8232C1CD915F003031FBF043CC4
:108F2000E418C3F10403ED182246002128460DF091
:108F300047FE084B0C49C3E90054203C9D606C601F
:108F40009A6811609A68A1F11021A1F1EF11D16125
:108F5000DA6038BD9C74002068160020B0740020D0
:108F6000CD8D0300A58C030055AA00FF014B1B68A3
:108F7000184700BF38160020014B1B68184700BF78
:108F800034160020024B1860024B00201960704715
:108F9000381600203416002010B50A46044619B1D0
:108FA000024B00211B68984710BD00BF3C160020F3
:108FB000F8B50D4E0D4C0E4D33680E489847677846
:108FC0002B680C48984733680B489847022F08D104
:108FD0002478E31F5C425C412B6807489847204691
:108FE000F8BD0024F8E700BF64160020C474002018
:108FF00060160020901800207C1800200E4B0340C3
:10900000B3F1607F06D1B1F5885F14BF6FF08600C1
:1090100000207047B3F1707F0BD101F4E043B3F54A
:10902000005F06D111F4E06F0CBF6FF086000020E6
:1090300070476FF0860070470000C07F8A4270B5AD
:1090400006460D4600F0ED80784922F4FF7323F0C8
:1090500001038B4213D022F0FF0001F588518842B2
:109060000DD0734C22F47F7121F00301A14206D090
:109070007049884203D001F574518B422CD16E4B5C
:1090800025F0FF0199420FD115F0FF000BD06B4B7B
:1090900040F00070984240F0C68082EA0500FF2848
:1090A0008CBF0020012070BD654B9942ECD0A3F528
:1090B00088539942E8D025F4FF7323F00103B3F1FC
:1090C000062FE1D05B488142DED05E498B42DBD087
:1090D000A1F584418B42D7D005F0FE43B3F1A06FD8
:1090E00013D102F0FE43B3F1A06F40F0888082EA12
:1090F000050333F47E1340F082802E047FD5C5F340
:109100000540C2F305429042CAE74F498D420BD158
:109110004E4B9A4200F085804D4B22F47E109842CF
:1091200014BF00200120BEE7B3F1407F67D102F0F9
:10913000FE43B3F1407F62D182EA050030F47E1431
:109140005DD131462846FFF759FF00286BD1414BCE
:1091500012F47C1103EA020318D0B3F1607FC2F36A
:1091600005413DD13C48D3B243F0007383423BD02C
:1091700003F17E43043B112B01D83848C45C15F43D
:109180007C1FC5F3054331D18C42C9E7B3F1607F41
:109190000DD13148D3B243F0007383421ED003F1A6
:1091A0007E43043B112BDDD82D49C95CDAE7B3F1CE
:1091B000707FE4D106F4E043B3F5005F03D10121F1
:1091C000C6F30223994006F4E043B3F5005FD6D11D
:1091D0000120C6F3022600FA06F4D0E71021C1E709
:1091E000B3F1707FCBD1EEE71024C8E712F47C1FF7
:1091F00001D1A34215D02C0401D58B4250E725F0B4
:10920000004323F47F03B3F1106F0CD102F0FE434F
:10921000B3F1106F07D11348104040F01060A8421E
:109220007EE701203FE700203DE700BF0002000687
:10923000000400060009000600030006FF0000020B
:1092400000130006004600060093C0040013C0048B
:10925000000140050000C07F030000029BFA0400EB
:109260009BFA04000000FFF600F0FE43B3F1A06F8C
:1092700047D1254B20F0FF029A4203D110F0FF00A6
:109280002FD17047214B9A4228D0A3F588539A4298
:1092900020D020F4FF7323F00103B3F1062F15D083
:1092A0001B498A420ED01B4A934207D0A2F5844242
:1092B00093421FD110F0FF0013D1704710F0FF0050
:1092C0000FD1704710F0FF000BD1704710F0FF0076
:1092D00007D1704710F0FF0003D1704710F0FF0076
:1092E00011D00D4B40F00070984214BF00206FF079
:1092F0008600704710F4004F0CBF00206FF086000E
:1093000070476FF0860070470003000600130006E8
:109310000009000600460006FF000002124B20F480
:109320007E10984206D1073906298CBF6FF086005F
:10933000002070470D4B984206D0B0F1052F10D198
:109340000C2907D10020704700290CBF6FF0860060
:1093500000207047082914BF6FF086006FF0850069
:1093600070476FF08500704700014005000240051E
:109370002DE9F843884617461C4600F00BFE0546CB
:1093800088BBD8F80060B6F8009009F4E043B3F564
:10939000804FB36808BF27F0010737EA03031AD1EB
:1093A0000CB3274B24F0FF029A421FD114F0FF03A5
:1093B00004D0244A43F00073934236D022464846F4
:1093C000F168FFF73BFE074668B922464846316917
:1093D000FFF734FE90BB6FF0840500233046C8F8D9
:1093E000003000F0C9FE2846BDE8F883164B9A42CB
:1093F000DCD0A3F588539A42D8D024F4FF7323F02D
:109400000103B3F1062FD1D010498A42CED0104AC1
:109410009342CBD0A2F584429342C7D004F0FE43DE
:10942000B3F1407F04D12304C8D56FF08605D4E79B
:10943000B3F1A06FF7D0034B9C42BEE73D46D2E7A5
:1094400000030006FF0000020013000600090006EA
:109450000046000670B5184B05461B6817480E46B7
:10946000984708BB2A796B694AB96B690024336055
:109470002B7F012B1CD034606FF096040EE0104A55
:1094800003F14043A3F580539342EED9D5E9091285
:1094900028460BF07AFB04460028E6D0094B074823
:1094A0001B68984710B10CB96FF08F04204670BD4F
:1094B00002232B77F2E700BF641600206818002013
:1094C000FFDFFF3F6016002038B500F0FE43B3F128
:1094D000407F04460D4602D06FF0860038BDFFF78E
:1094E0008DFD0028FAD114F47C1F12D0C4F305437B
:1094F000032B137022D9284A2240B2F1607F3DD15C
:10950000264AE4B244F0007494422BD1102BE5D9E2
:10951000E2E7214B2340B3F1607F15D11F49E3B24D
:1095200043F000738B4202D110231370D6E703F18E
:109530007E43043B112B04D9002313706FF0850088
:10954000CCE71749CB5CD3E7B3F1707FF4D101F4DA
:10955000E043B3F5005FEFD10123C1F302218B405B
:10956000DBB2C5E704F17E44043C112CB4D80D4AAB
:10957000125D9342B0D8202BB0D9DFE7B2F1707FF3
:10958000AAD105F4E042B2F5005FA5D10122C5F3EE
:109590000225AA40EDE700BF0000C07F03000002E3
:1095A0009BFA04009BFA040000232DE9F3411360A9
:1095B0004768D0F8148004460E46384611460BF032
:1095C000B5FA054688B938460BF0B2FA054660B9D7
:1095D000FFB277B9B8F1000F05D1A36823F00313E8
:1095E00023F47F4363B16FF08605284602B0BDE8DF
:1095F000F081012160690BF073FA0028EDD1F2E7E8
:109600004FF6F87362889A4227D8154B15481B68A5
:109610002779984710B16FF08F05E6E707B901A8E1
:10962000314600F075FC104B05461B680D48984705
:1096300010B1002DD9D1EEE7002DD6D10FCCD6F840
:1096400000C066460FC694E8070086E80700002FB2
:10965000CBD1019BCCF81430C7E76FF08505C4E788
:1096600064160020681800206016002010B504461B
:1096700060B1074B07481B68984720460BF006F877
:10968000BDE81040044B03481B68184710BD00BFDD
:1096900064160020681800206016002073B5044688
:1096A000D0B101A900F076FC0446A8B9284B29489E
:1096B0001B689847284E0546002836D10198037F3D
:1096C000032B11D10BF01DFA33680446214898474B
:1096D00028B10CB96FF08F04204602B070BD002C89
:1096E00008BF6FF08704F7E7022B2AD10323037723
:1096F0000379FF2B28D053B14069184A00F1404349
:10970000A3F58053934202D90BF024FA0546019841
:10971000124A436903F14043A3F58053934203D8AF
:1097200000F094FF044605B12C4601980BF0E9F9CE
:109730003368002818BF0446064898470028CBD055
:10974000C7E76FF09604F0E76FF08404EDE700BF21
:10975000641600206818002060160020FFDFFF3F1D
:109760002DE9F04116461F46002288B003880546C1
:109770008846CDE9042207963A60002E62D0B6F101
:10978000005F80F09E8023F0FF03B3F5E24F02D02C
:10979000B3F5824F22D128460AF08FFE04460028F6
:1097A00040F08380EB686BB16A885AB12B8803F470
:1097B0004F41B1F5824F05D1DBB2222B37D02DD8E6
:1097C000122B39D04246002308EB060112F8010B98
:1097D000914243EA0003F9D1002B33D0284605AA71
:1097E00004A9FFF7E1FE0446A0B9049B9B6A63B39A
:1097F000049B41465A882846069206AA029203F123
:10980000280201929A6A00925B6A324600F08CFD4F
:10981000044678B30498FFF729FF46E0273BDBB204
:109820001B2BCFD8284921FA03F3DB07CAD507320F
:10983000B6EBD20FC6D205E040F209239A42F6D128
:10984000402EBFD86FF086042FE06B681B0A07D14B
:10985000079904980AF0CFFE04460028C8D0D9E73B
:1098600032464146284607AB00F006FD0446002874
:10987000EED0CFE70499069B4A88D2B94B804FF6C9
:10988000F873069A04989A4218D82B8813B1028864
:109890009A4210D16B8813B142889A420BD1394653
:1098A000FFF7D8FD04460028B4D1204608B0BDE833
:1098B000F0819A42E3D06FF08604ABE76FF0850445
:1098C000A8E76FF08504F0E70102000C38B5044604
:1098D0000D46FFF76DFB30B12A462146BDE8384002
:1098E00002480BF026BA6FF0880038BDC87400201B
:1098F0002DE9F04F9B460023924601F0FE428FB0C7
:10990000B2F1806F0E46DDE91878DDF868900993B2
:1099100006D0184600F030FC6FF08605002479E090
:109920000B464FF4807209A9FFF722FD05460998FE
:1099300015B100F021FCF1E7038803F4E042B2F531
:10994000005F1DD113F4E06FC3F3022118D0364C31
:1099500026F48072A2420AD004F50074A64206D012
:10996000324CA64203D0A4F53F44A24208D10124C0
:109970008C40102C0CD900F0FFFB6FF08305CDE775
:1099800042F2040293420AD1294B9E420ED10C248A
:10999000A04510D200F0F0FB6FF08905BEE742F25F
:1099A0000702934202D1224B9E42E4D0214B9E42B9
:1099B00009D10D24ECE721460AA8FFF787FF0546E9
:1099C00010B10998B5E700240998D0E909123FB30E
:1099D0003D19A8EB04030DF12808CDE90453CDE9A6
:1099E00002AB3346CDF818900194CDF8008000F01A
:1099F00045FD0646099800F0BFFB054696B90028CC
:109A00008CD124B12246414638460DF0B2F8D9F83F
:109A100000301C442846C9F800400FB0BDE8F08F64
:109A20003D46D6E7354679E70010C00400FF400404
:109A3000000180040013C0042DE9FF4100220388C7
:109A40000A60CDE90122428806460D46002A00F050
:109A50002181028802F4E042B2F5804F00F01A81C1
:109A600023F0FF03B3F5E24F02D0B3F5824F04D1E8
:109A700030460AF022FD0446F8B9304602AA01A990
:109A8000FFF792FD0446002840F0F980019B9B6A95
:109A9000BBB10199304601F12803D1E9091200F068
:109AA0001BFC0446002840F0EE8029460198FFF791
:109AB000D1FC0446002840F0E280204604B0BDE816
:109AC000F08177683F0A40F0D280B6F80080718854
:109AD00040460AF0E6FC80B140460AF054FD0446D8
:109AE000002840F0CC8008F4E043B3F5805F02D05A
:109AF000B3F5005F13D107315CE028F0FF03B3F545
:109B0000E24F40F0C4804FF4824244F20E03984585
:109B100030D1C90801EB410101F14A070FE008F417
:109B20004F42B2F5844FE6D047F2010398450FD17A
:109B300049080131C90801EBC10101F13B07039755
:109B4000039901980AF057FD04460028A1D096E039
:109B500044F20103984503D1C90801F11007EEE76B
:109B600047F20E039845D0D1C90801EB410101F13C
:109B70005A07E4E728F0FF03B3F5E84F03D10731B4
:109B8000C9084F00DBE7B3F5884F05D10731C90895
:109B900001EB41014F1CD2E7B3F5EE4F65D0B3F5B1
:109BA0008E4FA8D0B2F5824F08D15FFA88F2422AD0
:109BB00002D10831CF08C2E7412A9CD0B3F5E24F69
:109BC00099D0B3F5824F03D10731C9084900E1E7C5
:109BD00044F20D03984523D844F201039845AED9C9
:109BE000A8F5804002380B28A9D801A353F820F02B
:109BF000399C03003F9B0300479C03003F9B0300ED
:109C00003F9B03004F9C0300599C03003F9B0300B4
:109C10003F9B0300639C03003F9B0300639C030086
:109C200047F20203984520D047F20403A8EB030350
:109C300058425841870182E74FF4A07349095943BC
:109C400001F120077BE74FF4C073090AF7E70731FA
:109C5000C90801F1180772E70731C90801F11C07AB
:109C60006DE70731C90802318BE7202767E73046E7
:109C700003A900F019FB044600283FF461AF0198E6
:109C8000FFF7F4FC19E701980AF0F5FCF7E76FF02D
:109C90008504F4E76FF086040FE700BF70B51D4E32
:109CA0001D4C33681D4898472378590744BF23F05B
:109CB0000403237023789A0705D500F00FF9237861
:109CC00023F002032370164D14482B68984733681D
:109CD00014489847637813B113480BF02DF800230C
:109CE000042111486370FFF757F92B680D48984716
:109CF00033680A4898472378DB0705D50AF0F8FF50
:109D0000237823F0010323702B680448BDE87040DA
:109D1000184700BF64160020C47400207C1800207F
:109D20006016002090180020C87400202DE9F04132
:109D3000FFF73EF918B100242046BDE8F081364F08
:109D400036483B689847044620B16FF08F04FFF710
:109D5000A5FFF1E7324D2B78D80706D40AF0B8FFFB
:109D600004462B7843F001032B702E4E2B483368AA
:109D7000984710B1002CE8D0E9E7002CE7D13B6808
:109D80002648984704460028DFD12B78990706D447
:109D900000F09CF804462B7843F002032B703368E4
:109DA0001E4898470028E5D1002CD0D13B681B48BD
:109DB00098470028C9D13368184895F8008098471B
:109DC0000028C2D13B681848984704460028BCD1F7
:109DD0006B7843B918F0010F05D014480AF0A6FFBC
:109DE000022304466B7033680F4898470028C1D19E
:109DF000002CACD13B68094898470028A5D12B78A6
:109E000006485A075CBF43F004032B703368984739
:109E1000002890D099E700BF641600207C1800202D
:109E2000C47400206016002090180020C874002020
:109E300038B5074C074B20461B689847064B204611
:109E400093F88055054B1B689847284638BD00BFDE
:109E50007C18002064160020CC74002060160020BE
:109E600000F140431F2B70B505460E460CD82C223E
:109E7000154C02FB0344237F022B02D1636983420A
:109E800018D06FF08B001AE001210AF029FEB8B15A
:109E90000D4B00221C46197F022902D15969A942A3
:109EA00005D00132202A03F12C03F4D1E9E72C2359
:109EB00003FB024420460AF006FE00B9346070BD80
:109EC0006FF08700FBE700BFCC7400200122024B3B
:109ED000002083F880257047CC7400202DE9F041E4
:109EE0000A4C002526464FF0010803272046C4F8F7
:109EF0002080277701350AF0C9FB202D04F12C04BE
:109F0000F4D1002386F88035BDE8F081CC740020C0
:109F1000F8B506460F46FFF78BFF80B300241B4BB6
:109F200022461D46197FD1B13CB9022905D1196AD3
:109F300019B91979002918BF1C460132202A03F1EA
:109F40002C03EFD114B96FF08C0006E020460AF024
:109F5000BAFD20460AF09AFB10B100240DE01C4621
:109F6000237F7BB90123237736B1094B651BAD10E5
:109F70005D4305F18045356000203C60F8BD6FF021
:109F80008800EAE76FF09600E7E700BFCC74002096
:109F9000A38B2EBA00232DE9F0410B6090B005464B
:109FA0000E46FFF745FF002800F0DA806E4B6F4841
:109FB0001B689847804628B16FF08F04204610B088
:109FC000BDE8F08131462846FFF74AFF10F18C0FBB
:109FD0000446674F07D03B68644898470028EDD097
:109FE000002CEBD1E8E731464046FFF791FF0446ED
:109FF00018B13B685D489847E0E7012233680146A5
:10A000005D61336809A85A601C2235680CF0D8FDE0
:10A0100000220023CDE906236869564A00F1404337
:10A02000A3F580539342CDE9044403941ED806AAB5
:10A0300003A90AF084FE0446A8B9039B6A690A933F
:10A04000DBB2002B08BF00220346CDE90000DDE9AA
:10A0500006010E9209AA00F0F5F910F18A0F0446E4
:10A0600014D0002855D014F18C0F54D100236FF078
:10A0700040423568069309936B69013B934250D384
:10A0800028460AF003FB6FF0870447E004A909A8FB
:10A0900000F00AF904460028E5D1284604990AF0A0
:10A0A000AAFA04460028DED1DDE9060105AB0193DA
:10A0B000AB6A09AA00936B6A00F0C4F9044618B1B0
:10A0C00028460AF0D8FACEE72C46059BAB6209ADCC
:10A0D0000FCD0FC495E8070084E8070033689A683D
:10A0E000D00444BF42F480629A609A68910444BFED
:10A0F00042F400629A6033681A7F012A04BF022288
:10A100001A7730680AF0DFFC044600283FF463AF9A
:10A1100004E06FF0960430680AF0B8FA0023336068
:10A1200059E7284609AA06A90AF080FD044650B15D
:10A13000099906980AF078FD30680AF0A7FA14F138
:10A140008C0FA0D0EAE706992846099A0AF066FA29
:10A150000446099906980AF067FD002CBED0EBE78B
:10A160006FF088042AE700BF6416002068180020FA
:10A1700060160020FFDFFF3F10B50B4B04461B6845
:10A180000A48984718B16FF08F04204610BD20464A
:10A190000AF0B7FC064B04461B68044898470028A1
:10A1A000F3D0002CF1D1EEE76416002068180020EF
:10A1B0006016002030B40D4D2C681C606C685C602B
:10A1C00000249C605468DC6014881C8254885C8283
:10A1D00094685C61D4689C61126930BCDA61196270
:10A1E0000A46014603F124000CF0C3BC6882040057
:10A1F0002DE9F843232904460F4691469846089EC8
:10A2000004D86FF098052846BDE8F883082219495C
:10A210000CF0DEFC05460028F3D1A368002BF0D13A
:10A22000216A243F8F42C8F80010EAD3B1F5005FDD
:10A23000E7D271B9C9F80000E3687360238A3380FC
:10A24000638A73806369B360A369F360E369336110
:10A25000D9E70120FEF78AFEC9F8000030B1D8F82E
:10A26000002004F124010CF084FCE5E76FF08C057C
:10A27000C9E700BF68820400194610B4002443688F
:10A280000C60074C1A0AB4EB132F02D0054B9A420C
:10A2900002D110BC00F0C4BB6FF0860010BC704748
:10A2A000004E80004B4E800010B4002443680C60C8
:10A2B000074C1A0AB4EB132F02D0064B9A4202D174
:10A2C00010BC00F0ADBB6FF0860010BC704700BF43
:10A2D000004E80004B4E80002DE9F0414568044659
:10A2E0002D0A0E461746984606D00E4CA54214D0AD
:10A2F0006FF08600BDE8F08105886D0407D4434601
:10A300003A4631462046BDE8F0410AF0C9BB01F0AB
:10A3100011FA10F1860FEDD1F1E7BDE8F04101F03F
:10A3200009BA00BF4B4E80002DE9F04FDFF880B036
:10A33000D0F804E085B0BBEB1E2F0446DDE90E89A2
:10A340000D4616461F46DDF840A04FEA1E2C1CD0D5
:10A35000DFF860E0F44518D0BCF1000F22D1CDE960
:10A36000019ACDF8008001F0F9F810F1860F1BD1A9
:10A370003B46324629462046CDE90F9ACDF8388033
:10A3800005B0BDE8F04F0AF059B93B4632462946C0
:10A390002046CDE90F9ACDF8388005B0BDE8F04FE2
:10A3A00001F0DCB86FF0860005B0BDE8F08F00BFAB
:10A3B000004E80004B4E800030B44468240A06D022
:10A3C000064DAC4206D030BC6FF08600704730BC02
:10A3D0000AF079B930BC01F051BA00BF4B4E800091
:10A3E0002DE9F7430D46DDE90A891646134942680F
:10A3F0001F46B1EB122F04464FEA12230ED0104A2B
:10A40000934200D0ABB93B46324629462046CDE9BF
:10A41000008901F00FF810F1860F0CD13B4632464F
:10A4200029462046CDE90A8903B0BDE8F04301F092
:10A4300001B86FF0860003B0BDE8F083004E8000E5
:10A440004B4E8000F0B4DFF82CC05468DDE90456B0
:10A45000BCEB142F4FEA142702D0074CA74204D1BB
:10A46000CDE90456F0BC01F0A3B96FF08B00F0BC4D
:10A47000704700BF004E80004B4E80002DE9F04732
:10A480004468DDF83890240ADDE90856DDE90A7CE5
:10A49000DDE90CE803D0DFF824A054450AD1CDE96A
:10A4A0000D89CDE90BCECDE909670895BDE8F047E8
:10A4B00002F09EB96FF08600BDE8F0874B4E800039
:10A4C0002DE9F74F0C9CDDE90D5601944468DDE958
:10A4D0000F7C240ADDE911E8DDE9139A03D0DFF8E7
:10A4E00030B05C450ED1019CCDE9139ACDE911E85D
:10A4F000CDE90F7CCDE90D560C9403B0BDE8F04FCB
:10A5000000F03CBE6FF0860003B0BDE8F08F00BFE6
:10A510004B4E80002DE9F74F0C9C4568DFF854B096
:10A5200000940D9CBBEB152F0194DDF850A04FEA71
:10A530001524DDE90E67DDE910CEDDE9128903D0CF
:10A540000D4DAC4200D07CB9019CCDE9139A0D941D
:10A55000009CCDE911E8CDE90F7C0E960C9403B078
:10A56000BDE8F04F00F094BE6FF0860003B0BDE888
:10A57000F08F00BF004E80004B4E8000F7B5089E64
:10A580000E4FF5B2044645F000754868BD424FEAEB
:10A5900010200DD010B10A4DA8420CD1009604F144
:10A5A00008000AF0F9FF08B90523236003B0F0BDE5
:10A5B0006FF08500FAE76FF08600F7E7050000020C
:10A5C0004B4E8000F7B5089E0E4FF5B2044645F09D
:10A5D00000754868BD424FEA10200DD010B10A4DF9
:10A5E000A8420CD1009604F108000AF0D7FF08B980
:10A5F0000523236003B0F0BD6FF08500FAE76FF02C
:10A600008600F7E7050000024B4E80002DE9F0417F
:10A6100044681D46DDE9087CDDE90636240ADDF8DC
:10A6200028E003D0DFF82080444508D1CDE909E5D2
:10A63000CDE9077C0696BDE8F04101F003BE6FF05E
:10A640008600BDE8F08100BF4B4E80004268044B9D
:10A65000B3EB122F01D10AF075BD6FF08500704782
:10A660004B4E800010B50D4C206803F061FA0C4A87
:10A670001368591C11605BB90A4A5920D2F800349A
:10A6800043F00703C2F80034E0F770FC02F066FF05
:10A690002068BDE8104003F061BA00BF44160020F6
:10A6A000507A00200090055038B5164D286803F008
:10A6B0003FFA154B1C68013C1C60ECB95920E0F7CF
:10A6C00063FC0722114BC3F80823D3F8002422F0BF
:10A6D0000702C3F80024C3F80041D3F80021C3F8EF
:10A6E0000441D3F804214FF00072C3F80841D3F8B5
:10A6F0000831074BC3F888212868BDE8384003F0CB
:10A700002DBA00BF44160020507A0020009005505A
:10A7100000E100E070B5104D104E2B68B3420DD033
:10A72000FFF7A0FF03F07EF803F0BAF840B10AF09B
:10A730000AFB0446FFF7B8FF44B92E60002405E089
:10A7400001F01CFC044618B1FFF7AEFF204670BDB7
:10A750000AF079FDEDE700BF401600201173650097
:10A760001FB5114CD4F84034012B14D0B72000F0A1
:10A7700019FB18B16FF0210004B010BDB82000F033
:10A7800011FB0028F6D1B92000F00CFB0028F1D114
:10A790000123C4F840341022002168460CF010FA5E
:10A7A00068460BF0E2FEE7E70090055000230B60DF
:10A7B00010F0FF0319D043F0007303F17E43053B13
:10A7C0000E2B12D8DFE803F00A1111080F0A0A1144
:10A7D0001111110A0A0A0A00094B0B600B6863B9D0
:10A7E0006FF085007047074BF7E700F0FE40B0F1CF
:10A7F000007FF5D06FF0860070470020704700BFE3
:10A80000B890040098900400302817D00DD8123862
:10A81000C0B2192806D8012383401C48184088BBC1
:10A82000DB071FD46FF086007047412801D0422813
:10A83000F8D1FF2926D0B1F5E07F07E0B1F5A07F80
:10A8400020D009D8E0291DD0B1F5807F0CBF6FF072
:10A8500085006FF086007047B1F5C07F12D0B1F56A
:10A86000007FF3E7B1F5807F09D001D8E029EDE75B
:10A87000B1F5C07F06D040F209239942E6E7044BC8
:10A88000136070476FF08500704700BF20022102FF
:10A89000E8900400A0F11203DBB21E2B9DBF034819
:10A8A000D84000F001000020704700BF2102214283
:10A8B0002DE9F0411D4B94B0D0F8048006460F46B8
:10A8C00001A8196803F00AF8DDE90154DCB9224651
:10A8D0003146284603AB0BF092FD044698B9284652
:10A8E0000BF035FDDDE90312034638460BF024FC7E
:10A8F000284603F033F828460BF0CBFC04462846E4
:10A9000003F00EF82CB1204614B0BDE8F0410AF077
:10A910001ABA414603A80AF012FB03A841460AF0FE
:10A920000EFB204614B0BDE8F08100BFF490040097
:10A93000F8B505460E4618461C2117461C460AF077
:10A94000FEFA6B682B491A0AB1EB132F1BD12A4A66
:10A9500033782261294A13F00303E26066610CD068
:10A96000023303F00303012B3ED86B880733DB0867
:10A970006360234B23600020F8BD6B880733DB083E
:10A980006360204BF6E7204B9A422AD16A691F4B3D
:10A990001344022B0DD81E4B1E4AE3601E4B23614D
:10A9A0006B69934212D00132934217D06FF0860048
:10A9B000E2E70023224642F8183FC4E9033362610C
:10A9C0006A69164B9A420BD12023D9E70123A36071
:10A9D0000022234643F8182F6361CCE70223F6E7F1
:10A9E0002FB1C4E90067C6E76FF08400C4E76FF0D9
:10A9F0009600C1E74B4E8000F9BA0300B9B90300D5
:10AA00000000002000FF0720004E8000FF3F008074
:10AA100061A7030002C0FF7F434D040004C0FF7F15
:10AA200010B51E4C4368B4EB132F4FEA132215D117
:10AA300042691B4B9A420CD003F5FF437D3313440C
:10AA4000012B03D80388B3F5105F24D06FF0860084
:10AA500019E047F2121302889A42F6E7114B9A4224
:10AA6000F4D1028802F44F43B3F5824F0CD14388EE
:10AA700044F21210073382424FEAD30301D15B0044
:10AA8000013300200B6010BDB2F5885F03D143880D
:10AA90000733DB08F5E70223F3E700BF004E800031
:10AAA00001C0FF7F4B4E80004FF480732DE9F047CB
:10AAB00096B0804603A8039300240AF04CFA4FF0A6
:10AAC00010091E4E0DF12F0525F01F0506F1200A75
:10AAD000012210211A480AF0A1F92B1900935246BD
:10AAE000102320211548CDF8049002F0A3FA074660
:10AAF000F8B9D6E90C321034013342F10002302C9F
:10AB0000C6E90C32E4D1B8F1000F04D02246414628
:10AB100028460AF076F92E46084C0FCE0FC496E868
:10AB20000F00203584E80F0095E80F00103484E80A
:10AB30000F00384616B0BDE8F08700BF70680020EF
:10AB400090680020F0B5194D194FAB6B8DB0BB422A
:10AB500029D0184E306802F0EBFF4023002219463E
:10AB600028460AF0E1F9302168460AF001FA044665
:10AB700078B96846FFF798FF044690B9302302463B
:10AB8000194668460AF0D0F901220023C5E90C23D2
:10AB9000AF63306802F0E2FF20460AF0D4F80DB04F
:10ABA000F0BD0E24F5E70020F9E700BF7068002033
:10ABB000B4A5B4A5481600202DE9F04F99B00DF1C9
:10ABC000570802F10F0982460E46144628F01F0866
:10ABD0004FEA191922B100296FD0B2F5005F6CD885
:10ABE000374F384D386802F0A3FFD5E90C321343D4
:10ABF0000BD15046FFF7A6FF834630B1386802F00C
:10AC0000ADFF584619B0BDE8F08FD5E90C2319EB1C
:10AC1000020943F10003B9F5803F73F1000314D337
:10AC2000302102A80AF0A4F9E8B902A8FFF73CFF16
:10AC300083460028E2D130230246194602A80AF0D2
:10AC400073F900220023C5E90C234FF4807302A896
:10AC500002930AF080F9DFF870A03CB92046FFF7B4
:10AC600023FF8346CAE76FF0920BC7E7102C4FF023
:10AC700001024FF010015046A14628BF4FF01009C5
:10AC80000AF0CCF8102352462021CDE900830D486C
:10AC900002F0D0F983460028B0D14A4630464146FA
:10ACA0000BF067FFD5E90C32013342F10002C5E930
:10ACB0000C32A4EB09044E44CFE76FF0860BA0E7FB
:10ACC0004816002070680020906800200022074B82
:10ACD000C3F81021C3F80C21C3F80021C3F80421E4
:10ACE000C3F80821C3F81821704700BF0090045032
:10ACF00008B5FFF7EBFF01230360104B0A6832B978
:10AD0000D3F80C211AB9D3F80821002AF6D00B6821
:10AD10007BB90B4B99420ED0A3F58473D3F808315D
:10AD2000002B0CBF4FF0FF306FF00200FFF7CEFF9B
:10AD300008BD0020FAE74FF0FF30F7E7009004501D
:10AD40000891045070B506460D46F9B14B6913F0F1
:10AD50000F0408D00F491048752203F026FE752114
:10AD60000C4803F019FE2146012009F03CF90B487C
:10AD70000B49C0F80065C0F80455FFF7B9FF21463C
:10AD80000546204609F02FF9284670BD6FF00105F1
:10AD9000FAE700BFB4FA0400E19204000090045006
:10ADA00000910450034B0449C3F800050348FFF722
:10ADB0009FBF00BF009004500491045004900450C1
:10ADC00010B504460021012009F00DF9064B074992
:10ADD000C3F800450648FFF78BFF002104460846EC
:10ADE00009F001F9204610BD00900450089104506C
:10ADF0000890045038B50C4659B1074D0749C5F8BD
:10AE000000050748FFF774FF10B9D5F8083523602F
:10AE100038BD6FF00100FBE7009004501091045022
:10AE20000C9004500B4B98420BD003F58073984262
:10AE300002D0094B98420AD1A1F10C035842584163
:10AE40007047C81F06288CBF0020012070470020D3
:10AE5000704700BF00015005000510052DE9FF47B0
:10AE60001F4690F89B300446012B0D4616469DF870
:10AE7000308070D0022B24D0002B76D190F84D90EA
:10AE8000026849461046FFF7CDFF38B902236FF03C
:10AE9000880084F89B3004B0BDE8F087344B9A42B8
:10AEA0002FD003F580739A4219D0324B9A4240D08A
:10AEB0006FF0020009F047FF022384F89B3000285E
:10AEC000E9D104F1A000B8F1000F48D0324629467C
:10AED0000AF0BEFC04B0BDE8F04709F034BF94F8B6
:10AEE00058C094F89A3004F1A000211D04F14002EA
:10AEF000BCF1000F02D10AF08CFCDBE70AF087FC02
:10AF0000D8E794F89A3094F858A0D4E914CE04F114
:10AF1000A0000093CDE901CE4B46211D04F1400273
:10AF2000BAF1000F02D10AF089FCC3E70AF07CFCF9
:10AF3000C0E794F858C094F89A3004F1A000211D9D
:10AF400004F14002BCF1000F02D10AF09FFEB1E70C
:10AF50000AF094FEAEE7A0300AF0FDFCAAE73B46FB
:10AF6000324629460AF0ADFCB4E76FF0960092E74E
:10AF700000015005000510052DE9F743036D0F464C
:10AF8000191E18BF0121164690F84D203E4DC2F102
:10AF90000E0303F00703044643EA811190F89A3048
:10AFA0002846023B03EBD3739B0003F038030B43AB
:10AFB00000F8013B04F14001C2F10F080BF0D9FD8C
:10AFC00000210A4694F84D301FFA88FCD4F854E06A
:10AFD00013FA88F8A844624531D3236D002B4DD075
:10AFE000B3F57F4FD9B2C3F307223AD24FF012091B
:10AFF00069742A74002E44D0C9F12008B04528BFD6
:10B00000B0463946424605EB09000BF0B2FD01257A
:10B01000002320461C49009508EB0902FFF71EFF9C
:10B0200050B9B04508D0034600952046A6EB08026B
:10B0300007EB0801FFF712FF03B0BDE8F083D30070
:10B04000C3F12009A3F1200001FA09F92EFA03F354
:10B0500043EA090321FA00F0034308F801390132F9
:10B06000B9E7FF202874FE202A751A0C1B0E4FF03A
:10B07000160968746975EA74AB74BBE74FF0100980
:10B08000B8E7B046C3E700BF3C8400202DE9F84F85
:10B090008846DDE90AB4914619461388314A24F4FA
:10B0A0007E16964205460DD002F58072964235D046
:10B0B000B6F1052F34D02C4A964235D000274FF0F8
:10B0C000000C02E0294F4FF4105C9C4543D1BBF1CA
:10B0D000200F43D805F1200A5A4650460BF049FD8F
:10B0E0005A46514648462B1DFFF722FC78BB1D4BA4
:10B0F0002F609E4285F8588018D003F580739E42D9
:10B1000014D0B6F1052F1FD184F0052383F48013EA
:10B1100033F47E131DD1C4F3054416E0144FD2E777
:10B1200042F2040C134FD0E7134FC8E784F0AA6330
:10B1300083F4807333F47E13EDD084F0AA6383F438
:10B14000007333F47E13E6D0002485F89A40BDE8FE
:10B15000F88F0446F9E76FF08500F8E76FF0860096
:10B16000F5E700BF0001400500060005000150059D
:10B170000002500500051005000610052DE9F04FEE
:10B18000FBB0899C8B9D80468946924600214FF4F6
:10B19000EE7203A89B46859F879E0BF011FDA5428A
:10B1A00070D342464B460121CDE900AB03A8FFF71F
:10B1B0006DFF804648B9DDF80C80344B98450CD1C2
:10B1C000B4F5801F09D96FF0850800238C9A03A875
:10B1D000136009F001FF464635E039464046CDE9A7
:10B1E0001764FFF71FFE0028EDD03A46849913A894
:10B1F0000BF0BFFC254B8DF85970984527D132468E
:10B20000869903A8FFF7B8FE80460028DDD100909C
:10B2100022468A9B889903A8FFF720FE064660BB5A
:10B220008A9B2D1B19199DF8A6309D4227D32BA868
:10B2300001F034FDA0B109F086FD80460028C4D19C
:10B240008C9B44441C6030467BB0BDE8F08F0123EA
:10B25000324600938699002303A8FFF7FFFDD3E74A
:10B260002BA80AF0F3FB0028E5D14FF4EE7103A8F8
:10B270009DF8A68009F063FEE2E78046A5E76FF03F
:10B280008908A2E76FF08906DDE700BF00015005DD
:10B290002DE9F04F044699468A469346FBB04FF499
:10B2A000EE72DDE98757002103A8DDF814828C9E39
:10B2B0000BF086FC224653460021CDE900B903A8D5
:10B2C000FFF7E4FE044680B99DF8A620899B9B1AEF
:10B2D0008B9A3360934255D8039C2D4A94420BD1EC
:10B2E000B3F5801F08D96FF08504002303A83360ED
:10B2F00009F072FE25462DE041462046CDE9175360
:10B30000FFF790FD0028EED04246849913A80BF079
:10B3100030FC1F4B8DF859809C421FD12A468699DC
:10B3200003A8FFF729FE04460028DED10090394625
:10B330008A9B326803A8FFF791FD054628BB316858
:10B340002BA8394401F016FD88B109F0FCFC044635
:10B350000028CAD128467BB0BDE8F08F01232A46D9
:10B3600000938699002303A8FFF778FDDBE72BA85D
:10B370000AF06CFB0028E8D14FF4EE7103A809F045
:10B38000DEFDE7E76FF08904AFE70446ADE700BFF5
:10B39000000150052DE9F0410388C76803F44F44CC
:10B3A000B4F5824F08BF1D4603F4E0441F4B18BF9D
:10B3B000002500209E46EDB21E78AE4224D1D3E98E
:10B3C000026CD2F80080B4F5804F08BF6646B8F131
:10B3D000000F0CD18E420AD1142303FB00E35968FD
:10B3E00011601B7CB3B96FF08500BDE8F081D3F824
:10B3F00004C0E04508D18E4202D06FF08600F4E729
:10B40000142303FB00E3ECE70130132803F11403DA
:10B41000D2D1F2E7422D06D1054B9F4203D003F271
:10B420000B139F42E9D10020DFE700BF048E040028
:10B43000000800062DE9F3470646DDE90A088946BB
:10B4400017469A4653B940494FF45E723F4803F09D
:10B45000ACFA4FF45E713C4803F09EFAB8F1000F6D
:10B4600008D1394940F27932384803F09EFA40F267
:10B470007931F0E700243388C8F8004000285DD017
:10B4800023F0FF03B3F5E24F4CD13588718805F402
:10B490004F43B3F5824F1AD1EDB2422D18D8402D4B
:10B4A00012D8A5F11203DBB21E2B11D8284A42FA9A
:10B4B00003F3DA070CD4CC1DE40864000134A04285
:10B4C00006D26FF0890013E0CC1DE408F7E72546AB
:10B4D000284601AAFFF798F950B972681D4BB3EBE3
:10B4E000122F08D1022F0CBF6FF085006FF086007D
:10B4F00002B0BDE8F087123DEDB21E2D21D8164BEB
:10B50000EB40DB071DD551460423019A01F8013BAE
:10B51000484602F0A5FA09F016FC0028E8D1C8F860
:10B520000040E5E7B3F5824F0BD19042C9D35046B6
:10B530000BF01FFB2046C8F80070D9E76FF08600BB
:10B54000D6E76FF08500D3E703FB0400E192040027
:10B55000DEFFFFBF004E8000210000402DE9F04FCC
:10B560009DB006468B4615469846DDF89890DDF866
:10B57000A0A053B96A4940F2A9326A4803F015FA0B
:10B5800040F2A931664803F007FA279B43B96449A2
:10B5900040F2AA32634803F008FA40F2AA31F1E718
:10B5A000BAF1000F08D15E4940F2AB325D4803F0BA
:10B5B000FCF940F2AB31E5E7002227990388CAF88D
:10B5C00000200A60B9F1000F60D04268564C110AA1
:10B5D000B4EB122F25D107A94769FFF721FA0446DA
:10B5E000D8B9079B4B4500F29580FFB22B465A46CF
:10B5F0003946304600F0DAFA044670B9279B2146F6
:10B60000CDE90093384643460BAA00F017FD0446E7
:10B6100018B9BDF82E30CAF8003020461DB0BDE87C
:10B62000F08F002979D123F0FF03B3F5E24F17D152
:10B630004388A9450B936DD329460BAAFFF7AAFEB1
:10B6400004460028E9D12B465A464946404609F0AF
:10B6500059FCD8B10B9BCAF80030279B1D60DCE772
:10B66000B3F5824F59D143880788059307F44F43B8
:10B67000B3F5824FC3685A4603934FF041012B46FE
:10B680000BA818BF002709F03DFC10B96FF0860425
:10B69000C3E7A9453ED32946304605AAFFF77AFEFF
:10B6A00004460028B9D1F8B21228059E01D03028EE
:10B6B00028D19DF82C10F31DDB085A00042902F153
:10B6C0000102E3D19542E1D1184A0399114041F0BA
:10B6D000106217498A4215D10DF12D020BA9CDE94F
:10B6E00007325A1C0A44CDE90932314606AAFFF74F
:10B6F0008BF808B1044690E7069807A9FFF7D8F839
:10B700000028F7D12A4640460BA90BF032FACAF8B6
:10B710000060A2E76FF089047FE76FF085047CE7A3
:10B7200003FB0400E19204004B4E80000000FFF692
:10B73000000002092DE9F04151B91A4940F2AB422B
:10B74000194803F032F940F2AB41164803F024F9EE
:10B7500043B9144940F2AC42134803F026F940F2D1
:10B76000AC41F2E74468DFF844C00588BCEB142F15
:10B770004FEA142703D1BDE8F04109F0AABC6FB924
:10B7800042B125F0FF04B4F5E24F07D1BDE8F04126
:10B7900009F029BC6FF08600BDE8F0816FF08500EC
:10B7A000FAE700BF03FB0400E19204004B4E800067
:10B7B0002DE9F743DFF8A8C00546DDE90A8710EB5D
:10B7C0000C0C61F1000EBCF1030F7EF1000E8946F6
:10B7D00014461E463FD2234BC31861F10002022BD0
:10B7E00072F10002204B19D3204A4FF47051C4E982
:10B7F00000231F4B2046E36009F061FC01A9FFF71D
:10B800000FF920B9019B984504D26FF0890003B06D
:10B81000BDE8F0833B6000207070F8E7154A4FF4F4
:10B820004041C4E900234FF008232046E36009F0BB
:10B8300046FC01A9FFF7F4F80028E8D1019B9845E0
:10B84000E3D33B600C4B814508BF9D4214BF0123ED
:10B8500002233370DFE703B0BDE8F04300F0EEBB36
:10B86000FF3F0080FE3F008003004E801271000108
:10B87000090600060024000103C0FF7F2DE9F843FC
:10B880000D461F464168264B9146DDE90828B3EB7B
:10B89000112F06463ED1048804F44F43B3F5824F7E
:10B8A0000CD0B4F5885F0ED14A46294638460BF0D5
:10B8B00060F90020C8F80090BDE8F883E4B2422C9B
:10B8C000F2D0122CEFE773880733B2EBD30F4FEAB5
:10B8D000D30922D3134E306802F02AF9284600F02B
:10B8E0006BF8044630B94A4638460F490BF041F927
:10B8F000C8F80090284600F0FFF80546306802F0CE
:10B900002DF9002D08BF2046BDE8F84318BF0120DF
:10B9100009F019BA6FF08B00CEE76FF08900CBE722
:10B920004B4E80004C1600200000002030B5ADF2D8
:10B930001C4D1A2205460C460DF10E0000210BF09D
:10B940003FF94FF41053ADF80C30184B0021089319
:10B95000174B4FF47C720AA804930BF031F94FF0A7
:10B9600008210AA809F0AAFCE8B90346009040F2B1
:10B97000011103AA0AA809F001FDA0B9032340F2AE
:10B9800001210C4A0AA809F0ACFC60B910232A4630
:10B9900040F206210AA809F0A4FC20B92022214681
:10B9A0000AA809F028FD0DF21C4D30BD02C0FF7F32
:10B9B00003004E8059FB0400F0B50378064603F0FF
:10B9C0000303022B9DB018D0033303F00303012BB4
:10B9D00011D86FF021000CE070782044FFF7E2F9F5
:10B9E00000285CD101343378C3F38203A342F3D837
:10B9F00000201DB0F0BD0024F5E70BAF39464078BC
:10BA0000FFF7F8F904460028E3D13578C5F382053D
:10BA1000AC4222D3182200210EA80BF0D1F84FF42B
:10BA20001053ADF834304FF480731E4E4FF4007154
:10BA30000DA8ADF83630109609F086FB32231A4C6B
:10BA400000211C2215A814930BF0BAF8204614A963
:10BA5000FFF76CFF40B10E20CBE770782044FFF772
:10BA6000A1F9E0B90134D0E70CAB08934023CDE94C
:10BA7000064304F1100304930423CDE902730C235D
:10BA8000013D2D01CDE900430C9033462022059560
:10BA900014A90DA8FFF7FCFB0028AAD0DBE70220C1
:10BAA000A7E700BF00025005000000204029F8B5BC
:10BAB00005460E4618D80E4F386802F039F8284669
:10BAC000FFF77AFF09F03FF9044640B909493246C9
:10BAD00028460BF04EF84021064809F030FA386845
:10BAE00002F03CF82046F8BD6FF08904FAE700BF89
:10BAF0004C1600200000002008B503789B0705D0F5
:10BB00000548402109F01BFA002008BD09F09BFB05
:10BB10000028F5D00220F8E700000020F7B5224900
:10BB200043680446B1EB132FDAB239D1032A03D1AB
:10BB30006FF0840003B0F0BD466901A9F5B2284654
:10BB400009F02BFB0028F5D16A462146019809F03F
:10BB500005FB0028EED10446009FA74219D89DF8A6
:10BB6000043007F0070223F01F0343EA820301A811
:10BB70008DF804308DF80560FFF7BEFF3946284682
:10BB800009F026FB0028D5D103B0BDE8F04009F04C
:10BB900037BB6019FFF706F90028C9D10134DBE78C
:10BBA0006FF08B00C6E700BF4B4E80002DE9F04FD1
:10BBB00088460021B5B0044617461DA85C220B93A9
:10BBC0001C910AF0FDFF09F01BFB054680B90646F3
:10BBD00061690C90C1F3013262F305168DF8306093
:10BBE00016F0300608D1A368980710D06FF08605CC
:10BBF000284635B0BDE8F08F102E08D1BDF83230A0
:10BC000023F4F87343F4A873ADF83230A9E0E36885
:10BC1000B048834233D01ED8AF48834233D008D8CF
:10BC2000AE4883423BD0AE48834234D0C9B2F829F3
:10BC30000DE0AC488342F9D102219DF8323061F326
:10BC400003038DF8323042F20403218899422DD04B
:10BC50006FF08505CCE7B3F1082F18D0A2488342D6
:10BC600053D0A2488342E1D103219DF8323061F3E1
:10BC700003038DF832302388B3F5105FE7E7042122
:10BC80009DF83230F3E705219DF83230EFE70821C7
:10BC90009DF83230EBE709219DF83230E7E70D21BE
:10BCA0009DF8323061F303038DF8323000234FF0FA
:10BCB000010B9E4619461846D4F808C0DFF83092AA
:10BCC00059F804AB1CEA0A0F08D00BFA00F343EA58
:10BCD0000E0303F07F0E012341EA0A010130072819
:10BCE000EED12BB19DF833306EF347038DF833302E
:10BCF0003CEA0101ACD16388FF2B3ED015D8802BE4
:10BD00003DD0C02BA4D1022313E0A36859049FD5D2
:10BD1000238803F44F41B1F5824F99D1DBB2122B46
:10BD200096D10E219DF83230BCE7B3F5807F8FD1DC
:10BD300004239DF8321063F306118DF832101EB9FA
:10BD40001CF0030F7FF452AF2379022B24D018D8B4
:10BD5000012B7FF44BAFBDF8321063F3C811ADF87F
:10BD60003210012A38D01CD90B9B412B29D14023FA
:10BD700001370B93DFF87C9134E00323D9E70123EB
:10BD8000D7E7032B02D0FF2B7FF430AF0221BDF8A1
:10BD9000323061F3C81337E7BDF8323043F4C07373
:10BDA00032E72388B3F5105F7FF452AF0B9B23F08B
:10BDB0000802102A02D0202B7FF418AFDFF8389148
:10BDC00010E0103B102B3FF611AF4C4A22FA03F360
:10BDD000DB077FF50BAFCDE70B9B302B7FF406AF76
:10BDE000DFF81C91202EDDF82CA04CD1394600271D
:10BDF00020AC524620460AF0BCFE1C22394615A84B
:10BE000014970AF0DDFE182239460EA80AF0D8FE73
:10BE10004FF410524FF48071344B0DA80DF1700B9C
:10BE2000ADF83420ADF83610109309F08DF91022DA
:10BE300059463846FEF7C0FE08B10546D8E65846D2
:10BE400014A9FFF773FD0028F7D10BAB089350231B
:10BE50000AF10F0ACDE906432AF00F03CDE90443A6
:10BE6000042303930CAB02930C233246CDE900B3B9
:10BE700014A91E4B0DA8FFF781F90028DDD15F46FC
:10BE80000B9B10330B934FF0000A0B9C0F342609C9
:10BE9000B24516D11F2C35D81C22002114A80AF057
:10BEA0008FFE4FF0000B4FF0FF3AB34531D11F2CFE
:10BEB0007FF69EAEBA20FEF783FF00283FF498AECF
:10BEC0004BE008EB0A0009F07DF8002852D00AF197
:10BED000010ADDE700015005004440040900800329
:10BEE0000002C00300051005000002090002500511
:10BEF000808F04000000002000FF072001010100E6
:10BF0000109405505146404609F062F90028C3D00C
:10BF100093E709EB0B124FEA0B131992BBF1000FD9
:10BF20001ED10C9A1A92BDF832203B44C2F3C112C2
:10BF300018920DF1500C03F1100E62461868596802
:10BF4000083303C273459446F7D114A908EB0B00DC
:10BF5000FEF7F8FE38B109F053F96FF0920547E6A5
:10BF6000CDF868A0DFE71C2114A808F0E8FF0BF16A
:10BF7000010B9AE76FF08A053AE600BF10B590B062
:10BF80001C22002101A80AF01BFEF82009F01AF873
:10BF900008B3202200200DEB0201FEF70DFE04463F
:10BFA000F8B901A84FF4807109F0CEF80E4B0F4993
:10BFB00004930F4BCDE901130E4BF8210693202378
:10BFC0000DEB0302FFF7F2FD202104460DEB01000B
:10BFD00008F0B5FF05E0F92008F0F4FF0028D8D1FB
:10BFE0000446204610B010BD0010C004002400011B
:10BFF000014B4E80F800FF7F73B5C5B20E46284650
:10C0000001A9144609F0C9F888B9BDF80630C3F390
:10C01000C113013BDBB2022B8FBF6FF08600054AD4
:10C02000D25C054B9EBF13433360C4E9005002B09D
:10C0300070BD00BF5DFB0400004B4E802DE9FF4149
:10C04000884601A9064614461D460A9F09F0A5F830
:10C0500048B9B6F1F80348F1FF38022B78F100082F
:10C0600004D26FF0860004B0BDE8F08109F0C8F892
:10C070000028F8D1002CF4D09DF8041011F00F0224
:10C0800040F0BB80BDF80630C3F3C113013BDBB207
:10C09000022B00F2B580604801F03001C05C5F4BBC
:10C0A000102943EA0003636038D15D4B23602046CA
:10C0B00002A9FEF7B5FC0028D5D1029BBB4200F2D5
:10C0C000A88044F2121221880198914204BF0422F0
:10C0D00005F8012B0B9A214613609DF804302A784D
:10C0E000C3F3011363F301022A7003AA08BF07F127
:10C0F000FF3709F033F80028B5D12B78039A6E701A
:10C1000062F384032B70238803F44F42B2F5824F0D
:10C110006ED139462846FFF7C9FCA4E7134690467E
:10C120009DF807103F48490899B92046414609F053
:10C130000BF89DF8060000F00F03023B0C2B65D8AE
:10C14000DFE803F0391220246464282D646464312C
:10C150003500CA0705D5062B55D850F8232048EAE4
:10C16000020849080133DFE74FF410532E4AE2601A
:10C17000C0F30212013A2380032A22D8DFE802F03A
:10C180001F3133354FF41053284AF0E74FF4105362
:10C19000274AECE74FF410534FF00822E7E74FF43B
:10C1A0001053244AE3E74FF48853234ADFE747F26A
:10C1B0001213224ADBE742F20403214AD7E7802226
:10C1C00062809DF8042012F0300F7FF470AFB3F559
:10C1D000105F03D118F0030F3FF469AF6FF09600C2
:10C1E00041E7C022ECE7FF22EAE74FF48072E7E77D
:10C1F000B3F5885F7FF437AF8BE76FF0880032E7E5
:10C200006FF091002FE76FF083002CE76FF0920042
:10C2100029E76FF0890026E75DFB0400004B4E80A4
:10C2200001108001808F04000002500500015005BC
:10C23000004440040002C00309008003000002091A
:10C24000000510052DE9F04700241D46604F0388C6
:10C25000B4B088469146DDE93F6203F44F41174090
:10C2600022F00042B1F5824F22F47F0218BF23462C
:10C27000B2F1106F4188574A346047F010670AD115
:10C2800097420AD1028822F0FF02B2F5E24F0CD0A9
:10C290006FF0860006E0974202D04F4B9F42F7D1E5
:10C2A0006FF0850034B0BDE8F087DFB2384602AAEF
:10C2B000FEF7AAFA824600286FD1029B5C684C45C3
:10C2C000E6D13846FEF7E6FA0028E9D012AB102294
:10C2D000CDE90B34514623AB0EA80D93CDE90348AD
:10C2E000029F0A940AF06CFC3C9A630001339A4264
:10C2F000CED12B78042BCBD13E9B9C424AD86B1CD1
:10C30000CDE90E43631C1D4438460EA9CDE9104506
:10C31000FEF7CEFA0028C5D14FF00A082F4B1B6854
:10C320000193019905A801F0D9FADDE905542CBB68
:10C3300022463946284607AB0AF061F80446E8B9B8
:10C3400028460AF004F804460246079903A809F0B3
:10C35000CAFEDDE9081223460EA809F0EDFE2846C4
:10C3600001F0FCFA284609F094FF0446062C284602
:10C3700015D101F0D5FAB8F10108D2D1DDE90A10E2
:10C3800008F0DDFDDDE90C1008F0D9FD204608F0CD
:10C39000DAFC87E76FF0890084E7204682E70AF03D
:10C3A00012F80746284609F0D2FF0AAB0246D7E941
:10C3B000000109F0B1FE284601F0B2FA002CDDD1EF
:10C3C0000A9A3D990AA809F08EFE0A9B3360D5E7C8
:10C3D0000000FFF600000209000001090C910400B2
:10C3E0002DE9F8430C46DDE908981946144B074639
:10C3F000984515461DD11388B3F5105F19D1B9F1D1
:10C40000200F19D804F582764A4630460AF0B1FB6F
:10C410004A463146284604F1E803FEF789FA30B966
:10C420001023C4F8008084F8367184F83531BDE8F3
:10C43000F8836FF08500FAE76FF08600F7E700BF3A
:10C440000044400408B551B90D490E484FF4CA7272
:10C4500002F0ABFA4FF4CA71094802F09DFA102AB3
:10C460000AD1D53001F1100351F8042B994240F85C
:10C47000042BF9D1002008BD6FF08600FBE700BF58
:10C4800060FB0400E19204002DE9F04F87B0044600
:10C49000DDE910B815461E46894691B952B18C495E
:10C4A00040F2C5128B4802F080FA40F2C51188486C
:10C4B00002F072FAB8F1000F06D0C8F80020002090
:10C4C0006BE0B8F1000F08D181494FF4E372814865
:10C4D00002F06BFA4FF4E371E9E70023C8F800308B
:10C4E000002AECD0002E00F0E28090F83431981849
:10C4F000584500F2DC8094F83571E3B1A7EB030AEC
:10C5000004F592705245184407D20AF032FB94F8B1
:10C5100034312B4484F83431D1E7524605930AF084
:10C5200028FB94F83421059B1744FF1A84F83471D2
:10C53000D144A5EB0A0594F8353194F834A15F4253
:10C540002F4012D1BAF1000F00F0B4802268624986
:10C550008A4244D1534523D05D4940F205225D48CB
:10C5600002F023FA40F20521A1E722685A498A42E3
:10C5700035D1BAF1000FEDD194F836314A46012B8E
:10C58000CDE901B83B4604F1E80104F1040000964E
:10C5900022D10AF045FA00284AD007B0BDE8F08F52
:10C5A00094F836C104F59272BCF1010FCDE901B8DF
:10C5B00004F1E80104F1040000960AD10AF030FA0F
:10C5C0000028EAD194F8343184F8340187B31E444A
:10C5D000D2E70AF04AFAF3E70AF047FADBE794F801
:10C5E000D430002B34D0201D00F0D2FC002853D1D1
:10C5F00094F8343104F1040B002B39D13FB13346A8
:10C600003A464946584609F05EFA002844D1584651
:10C6100009F0C9FA00283FD1584609F015FB002857
:10C620003AD1D8F800309A440AEB0703C8F8003032
:10C63000BD427FF644AF94F83431002B3DD02449FD
:10C640004FF41972234802F0B0F94FF419712EE734
:10C65000224B9A424FF0010314BF6FF002006FF0BB
:10C66000200084F8D43008F06EFB0028C0D094E796
:10C6700094F835219A4208D015494FF40F721548A5
:10C6800002F093F94FF40F7111E73346584604F561
:10C69000927109F018FA20B107B0BDE8F04F08F028
:10C6A00052BB94F8353184F834011E44A6E76FF08C
:10C6B000890072E7002D3FF402AFED1B2A4609EB1B
:10C6C000070104F592700AF054FA84F83451F6E642
:10C6D00060FB0400E1920400004440040001800477
:10C6E000F0B504460E4617461D4685B053B93B4982
:10C6F00040F271223A4802F058F940F2712137486D
:10C7000002F04AF900232B6090F834314BB191B913
:10C7100032494FF41F72324802F047F94FF41F714B
:10C72000EDE702682F4B9A4202D0002005B0F0BD21
:10C730000029FAD1ECE702682B498A4212D104F5AC
:10C74000927294F8364100F1E801012CCDE90175AF
:10C7500000F10400009602D10AF062F9E6E70AF05F
:10C7600084F9E3E790F8D4306BB1043000F010FCAA
:10C7700018BB94F83431BB422B6014D900236FF0FE
:10C7800089002B60D2E7194B9A424FF0010380F8E1
:10C79000D43014BF6FF002006FF0200008F0D3FA1D
:10C7A0000028E6D0C2E7251D3346284694F83421F8
:10C7B00004F5927109F087F920B105B0BDE8F040A9
:10C7C00008F0C1BA284609F0C0F90028F5D128467A
:10C7D00009F03AFA0028A8D0EFE700BF60FB040098
:10C7E000E192040000414004004440040001800440
:10C7F0002DE9F04FD3B09B46DDE95E895C9B054691
:10C800000E461746DDF880A1629C43B93049852267
:10C81000304802F0CAF885212D4802F0BDF8B8F181
:10C82000000F09D1B9F1000F06D029498622294805
:10C8300002F0BBF88621EFE7BAF1000F06D12449D8
:10C840008722244802F0B1F88721E5E734B920496E
:10C850008822204802F0A9F88821DDE700214FF462
:10C860009C72216004A80AF0ABF91B4A934513D1CE
:10C870003A46314628463EABFEF75AF848B9619B26
:10C880004246CDE900A302944B463EA905A80AF012
:10C89000C7F853B0BDE8F08F33462A460120CDE9F2
:10C8A000007B04A9FFF79CFD0028F2D1DDE95C12B2
:10C8B00004A8FFF7C7FD0028EBD1619B4A4600930F
:10C8C00041465346019404A808F049FEE1E700BF41
:10C8D00060FB0400E1920400004440042DE9F041B3
:10C8E000069C04F0FE45B5F1407F08D02A492B484C
:10C8F000192202F05AF81921274802F04DF805686C
:10C90000002D41D1264D14F47C16046005EA04057F
:10C910000AD0C4F30546B5F1607F46602BD106947A
:10C92000BDE8F04109F006BFB5F1607F12D11D4F9F
:10C93000E5B245F00075BD4202D110254560EEE735
:10C9400005F17E45043D112D01D94660E7E7164EFD
:10C95000755DF3E7B5F1707F01D046600BE00D889F
:10C9600005F4E047B7F5005FF7D10126C5F30225CE
:10C9700006FA05F545600D4D24F47E14AC4207D14E
:10C98000BDE8F04100F07EB86FF08800BDE8F081AE
:10C990006FF08500FAE700BFB8FB0400E1920400E5
:10C9A0000000C07F030000020DFC04000002C00371
:10C9B00010B4046884B19AB10C4B2340B3F1607F8A
:10C9C00002D110BC09F0E2BE094B24F47E149C4253
:10C9D00008D110BC08F02ABE6FF0880010BC704768
:10C9E0001046FBE76FF08500F8E700BF0000C07F4E
:10C9F0000002C0032DE9F041046805460F461E46BB
:10CA000094B3A1B34368934234D81C4BDFF87080D1
:10CA10002340B3F1607F0DD024F47E14444512D13D
:10CA2000284608F040FE044684B1002333602046C7
:10CA3000BDE8F08109F018FF2B68044623F47E134B
:10CA40004345F1D1ECE76FF09604EEE705F10C01F8
:10CA500038466A680AF08DF86B684FF41F712846F3
:10CA6000336008F06CFAE2E76FF08804DFE76FF0FC
:10CA70008604DCE76FF08904D9E700BF0000C07FBF
:10CA80000002C003F8B50E461D4633881146B3F5C3
:10CA9000105F044672680BD1A5F1100010280AD867
:10CAA000134BC340DB070CD4124BB3EB122F08D04F
:10CAB0006FF0850018E00F4BB3EB122FF8D1202D4B
:10CAC00013D804F5B2772A4638460AF052F82A46B7
:10CAD0003946304604F5A473FDF72AFF20B9102328
:10CAE000A360012384F84C30F8BD6FF08600FBE7AB
:10CAF000010101004B4E80002DE9F04104469046B3
:10CB00001F460D4619B10A688B681AB953B96FF000
:10CB100021064BE033B94B6823F00802102A01D0FC
:10CB2000202B46D101232046A376E56108F045FE7F
:10CB3000064600283AD121461F4B41F8843BA8689D
:10CB4000112382068001C0B202F0E042024342F4A7
:10CB5000804204F1200000F077FBAB687BB9636A88
:10CB60002A681A606B68626A43F000539360226817
:10CB7000636A92685268DA60636A10336362636A58
:10CB80000E4AC3F80080636A9A602268636A9268FA
:10CB90009268DA60636A2776103363620023C4E91F
:10CBA0000233636123612368DB6863603046BDE85C
:10CBB000F0816FF04106F9E7C48F04000C000020FB
:10CBC000F8B504461F460E4619B18B68096819B9B5
:10CBD00053B96FF0210550E033B9736823F00801B1
:10CBE000102901D0202B4AD1FB074BD43B1F0C2B23
:10CBF00048D8D31F062B48D8C2F10F02D2B2082A58
:10CC000003D0069BD200D34042D101232046A37615
:10CC1000E66108F0D2FD054600282ED121461E4BC4
:10CC2000079841F8843BB3689A0602F0E0429B0102
:10CC30000243DBB21A4342F40052112304F12000F4
:10CC400000F002FBB3687BB9636A32681A607368EC
:10CC5000626A43F0005393602268636A9268526884
:10CC6000DA60636A103363620023C4E902336361EC
:10CC7000236123682776DB6863602846F8BD6FF080
:10CC80004105FAE76FF04205F7E76FF04305F4E777
:10CC90006FF03F05F1E700BF9C8F040070B590F87E
:10CCA000203004460D46002B5CD003685A68052AE4
:10CCB0000DD1016B9A69114209D0C2683AB98268F4
:10CCC0002AB908F06CFD00284FD0012070BD5A6AC7
:10CCD000D4E904100E18964207D2204608F05FFDF2
:10CCE0000028F2D16FF00200F0E71B6904F1F402B2
:10CCF000984770B1E36A626AC4331360636A1C4A7E
:10CD00009A602268636A92685269DA60636A1033D3
:10CD10006362204608F02FFDA26A237E1560A26A96
:10CD2000217E0F339160A26A23F00F0302F11001FC
:10CD3000A162217E99420AD000211161217EA26A5E
:10CD40005B1A43F080439360A36A1033A36200250B
:10CD500004F12000B621656004F1840200F088FA35
:10CD60002846B3E76FF02000B0E76FF05300ADE75F
:10CD70001000002070B590F8203004460D46002BBE
:10CD800000F0838003685A68052A0DD1016B9A6907
:10CD9000114209D0C2683AB982682AB908F0FFFC8A
:10CDA000002875D0012070BD5A6AD4E904100E180D
:10CDB000964207D2204608F0F2FC0028F2D16FF02C
:10CDC0000200F0E71B6904F1F4029847636A002847
:10CDD00037D0E26AC4321A60636A2F4A9A602268C6
:10CDE000636A92685269DA60636A656010336362ED
:10CDF000204608F0C0FCD4E90A12C432237E0A603F
:10CE0000A26A217E0F339160A26A23F00F0302F120
:10CE10001001A162217E99420AD000211161217E78
:10CE2000A26A5B1A43F080439360A36A1033A36243
:10CE300004F12000B62104F1840200F019FA002068
:10CE4000B1E722689268926902F0C002C02A02BF6C
:10CE500053F8042C42F0200243F8042C626A237E2B
:10CE600015600F33626A23F00F0343F000519160A5
:10CE70002268207E9268616A92691B1A42EA032343
:10CE8000CB60636A10336362B2E76FF020008AE719
:10CE90006FF0530087E700BF100000202DE9F0413C
:10CEA0000446174698460D4619B10A688B681AB9A8
:10CEB00053B96FF021064BE033B94B6823F00802F9
:10CEC000102A01D0202B46D100232046C4E900853A
:10CED000A36008F0D4FD0646002839D12146012080
:10CEE00051F8703BAA68D3F800C098F807300833AF
:10CEF0009840069B18439301DBB29206184302F058
:10CF0000E042DCF80030024304F10C0000F09CF930
:10CF1000AB687BB923692A681A606B68226943F0A1
:10CF2000005393602268236912685268DA602369AB
:10CF30001033236167B12369084A1F6023699A602F
:10CF4000226823691268D268DA602369103323618A
:10CF50003046BDE8F0816FF04106F9E7100000208F
:10CF600007B50022034B0092FFF798FF03B05DF86E
:10CF700004FB00BF08900400012307B500220093C2
:10CF8000024BFFF78BFF03B05DF804FB0890040031
:10CF900038B5037B0446002B43D10368DB7A002BB2
:10CFA00042D008F06CFD0546002838D12368E269BC
:10CFB000597904F10C0022EA0102E2611B6804F1D4
:10CFC00070011B6800F040F9636893B19A6882B9F8
:10CFD00022691B681360636822695B6843F0005331
:10CFE00093602268236912685268DA6023691033FB
:10CFF0002361A3692269A433136023690C4A9A60F0
:10D00000226823691268D268DA60236910332361C9
:10D0100023689A79E3691343E3610023A3602846F8
:10D0200038BD6FF02005FAE76FF04705F7E700BF5E
:10D03000100000202DE9F3411D464FF48073284C69
:10D040008046002017460E46019300F069FB01ABB5
:10D0500023601123234A0121C4E9022304F11003B0
:10D06000636040F61103E36104F12003636121234F
:10D07000089AE3621C4B46F000561A60099A45F084
:10D08000005542F00052C3E901122022C4F810807A
:10D09000A6612762A5626162DA60BFF35F8F134AFF
:10D0A0001460BFF35F8FBFF35F8F1361BFF35F8FB8
:10D0B000BFF35F8F03235363BFF35F8FBFF35F8FB4
:10D0C0009363BFF35F8F00F049F9431C0446FAD025
:10D0D000002000F04FFB204602B0BDE8F08100BF09
:10D0E000647A002004000020547A002000000150DF
:10D0F0002DE9F04198464B680446202B0E46174612
:10D1000048D10025C161857608F057FB2146234BA5
:10D11000424641F8843B04F12000142300F094F8C7
:10D120003268636A28461A60636A1D4A9A602268F8
:10D13000636A92685268DA60626A02F1100363629D
:10D140004FF08073C4F80431E36AD4331361636A27
:10D15000144A9A602268636A92689268DA60636A25
:10D1600003F1100262621F61636A0F4A9A602268CB
:10D17000636A9268D268DA60636A10336362069BFE
:10D1800023762368DB68C4E90355C4E9013565618A
:10D19000BDE8F0816FF04100FAE700BF289004007D
:10D1A00020000020040000200C00002070B5044680
:10D1B0000D4619B10A688B681AB953B96FF0210688
:10D1C0003BE033B94B6823F00802102A01D0202B32
:10D1D00035D12046256108F092FE064600282CD164
:10D1E000184B04F17801236001236360AB6804F1FC
:10D1F00014009A069B01DBB202F0E0421A4342F4AB
:10D200008032112300F020F8AB6893B92A68A36933
:10D210001A606B68A26943F0005393602268A369A7
:10D2200092699268DA60A3691033A361636801337D
:10D23000636000221023C4E90223304670BD6FF002
:10D240004106FAE76C900400026100F1140282606A
:10D2500000F110024160C2600A60426803499160B7
:10D260004268D36043681033436070470400002075
:10D270004368A3F11001914240D8012243F80C2CDD
:10D2800053F8042C42F0200243F8042C53F8082CE5
:10D2900042F0005243F8082C836800F11402A3F115
:10D2A000100191422ED8012243F80C2C53F8042C83
:10D2B00042F0200243F8042C53F8082C42F00052AC
:10D2C00043F8082CC36803F15402BFF35F8F0F4B80
:10D2D0001A60BFF35F8FC2680432BFF35F8F1A61B9
:10D2E000BFF35F8FBFF35F8F03225A63BFF35F8F7C
:10D2F000BFF35F8F9A63BFF35F8F7047103242F8BE
:10D300000C2CB8E7103242F80C2CCAE70000015090
:10D3100038B5BFF35F8F104CE569BFF35F8FBFF384
:10D320005F8F10236363BFF35F8F012009F0F6FB6B
:10D33000BFF35F8F00236363BFF35F8FBFF35F8F24
:10D34000E36BBFF35F8F5B06F8D425B1BFF35F8F4C
:10D35000E561BFF35F8F38BD0000015008B500F0F4
:10D3600075FA104A20B9BFF35F8F906ABFF35F8FE1
:10D37000BFF35F8FD36BBFF35F8F10F0240F03F009
:10D38000230304D0FFF7C4FF6FF01F0008BD4FF068
:10D39000FF30002BFAD1BFF35F8F1063BFF35F8FB5
:10D3A0001846F3E700000150C36870B57BB9C36944
:10D3B00000F128021A60C369454A9A604368C2694D
:10D3C000DB6843F48063D360C3691033C361836A4D
:10D3D0009B052FD40368C268DD6800F1EC04302D92
:10D3E00034BF082610261D6901366B1E1340EB1A48
:10D3F000B34238BF5B191C44D50004F8015C03F14B
:10D40000EB045209044400F1ED05A5425CD18022F1
:10D4100080F8EC20426AC469C4322260C269936019
:10D420004468C269E468D460C2691032C2610269AA
:10D430001A4402610269C469D31C23F003039B1AD6
:10D4400054F8042C42EA032244F8042CC26952F82E
:10D45000084C234443F0005342F8083C026A036836
:10D46000DB6811600168026AC96803339160026A6F
:10D4700023F0030302F1100101620168C9689942B7
:10D480000BD0002111610168026AC9685B1A43F080
:10D4900080439360036A10330362836A13F48063EA
:10D4A00011D102685169D26891420CD0026A1360AE
:10D4B0000268016A5369D2689B1A43F080438B600B
:10D4C000036A1033036270BD04F8012D120A9CE751
:10D4D00004000020B1F5AA7F70B505461BD3036890
:10D4E0001C6814F0400419D100F11806304600F011
:10D4F00017F929460B4B30466B6051F87C2B1323F0
:10D500001268FFF7A1FE084B20466B610123C5E9B5
:10D510000344AB6070BD6FF02200FBE76FF00200C8
:10D52000F8E700BFD8900400A9D30300BFF35F8FD2
:10D53000094A1368BFF35F8F43F48071BFF35F8FB5
:10D540001160BFF35F8F23F48073BFF35F8F1360AD
:10D55000BFF35F8F704700BF00100150BFF35F8FB4
:10D560001522064B5A62BFF35F8FBFF35F8F40F205
:10D5700037129A62BFF35F8F704700BF00100150EF
:10D5800008B5FFF7D3FFBFF35F8F064A1368BFF3F9
:10D590005F8F43F00103BFF35F8F1360BFF35F8FB3
:10D5A00008BD00BF0010015070B50026C0E900663C
:10D5B00005460C46FDF756F801232B70FFF7B6FF22
:10D5C000BFF35F8F204BDB68BFF35F8F9B08013B8E
:10D5D000ACB3226842B19A4205D9FDF765F86FF005
:10D5E0003F002E7070BD1346D4E90115E068002994
:10D5F00008BF4FF40071002808BFF1202469BFF371
:10D600005F8F114A9360BFF35F8FBFF35F8F156425
:10D61000BFF35F8FBFF35F8F5064BFF35F8FBFF3C4
:10D620005F8F5163BFF35F8F44F4802444F00104A3
:10D63000BFF35F8F1460BFF35F8F0020D2E74FF41A
:10D640000071F1202546DAE70010015070B503782B
:10D650000D461446002B53D0BFF35F8F2D4A136B3A
:10D66000BFF35F8F5908C3F34203052B4BD011F072
:10D67000060F02D14FF0FF3070BD4368D3B9BFF33E
:10D680005F8F5368BFF35F8F032BF3D9224B23497E
:10D69000BFF35F8FD2F88060BFF35F8FBFF35F8F00
:10D6A00043F8046BBFF35F8F8B42F1D1FFF768FF44
:10D6B00001234360BFF35F8F164B9A68BFF35F8F00
:10D6C0000132B4EB021F21D8BFF35F8F5A68BFF35A
:10D6D0005F8FB4EB820FCDD884B1BFF35F8FD3F8E7
:10D6E0008020BFF35F8F291D05F8012B8D424FEA83
:10D6F000122204F1FF34EFD0002CF5D10020BBE75B
:10D700006FF02000B8E76FF05100B5E76FF03F0011
:10D71000B2E700BF0010015010100150201001505E
:10D7200010B50446FCF79EFF104B186800F000FA95
:10D730000CB101232370BFF35F8F00220C4BDA6121
:10D74000BFF35F8FBFF35F8F4FF0FF321A63BFF3FA
:10D750005F8FBFF35F8F3422DA61BFF35F8F0122E7
:10D7600003F59223C3F8042310BD00BF4C1600201C
:10D770000000015010B5044638B9FCF795FFBDE82C
:10D780001040074B186800F0E9B903783BB1FCF78B
:10D790008BFF034B186800F0E1F90023237010BDE4
:10D7A0004C16002038B5194CD4F80051BDB1BFF368
:10D7B0005F8F174B996ABFF35F8FBFF35F8F4FF097
:10D7C000FF321A63BFF35F8F0023C4F80031D4F82F
:10D7D0000031104B1868BDE8384009F09DB9D4F805
:10D7E000083153B100F098F808F036FDC4F808513C
:10D7F000D4F808310121084BECE7084908485022C9
:10D8000001F0D3F85021054801F0C6F8009005500A
:10D810000000015054160020501600203FFC040068
:10D82000E192040008B5074B186809F064F9064B4B
:10D83000186809F060F9BDE8084000225920114637
:10D84000DDF7B6BB541600205016002038B5094B42
:10D850001C7864B1084B4FF0FF311D68284609F071
:10D860004CF94FF0FF310446284609F053F92046A1
:10D8700038BD00BF3A8400205416002010B5064C75
:10D88000236D3BB9214651F8503B986908F020FEC2
:10D8900001232365014810BD947A0020E47A00201A
:10D8A00038B500240B4D0C4BEC662B6003F5C043E0
:10D8B0006B60FFF7E3FF50B16B6D2046B3F5007F5F
:10D8C000CCBF4FF480634FF40073AB6038BD0E20C3
:10D8D000FCE700BF947A00200020015070B50E468E
:10D8E0000B4B0C4C0546186800F022F9C4E904649F
:10D8F000FCF7B8FE204608F091FC0028FAD120463B
:10D9000008F091FC0028F5D1C5E90040284670BD1B
:10D9100058160020947A002000487047947A00201E
:10D920000422084B10B5C3F808230446FCF7BCFEDC
:10D9300000232361A364044BBDE81040186800F085
:10D940000DB900BF009005505816002000487047E0
:10D95000947A002000487047E47A002010B504460D
:10D9600008F0EAFCBFF35F8F204608F0E3FD0322D6
:10D9700070B141F21C01204608F0A0FC074B22695F
:10D980001B689A4203D00422054BC3F8042310BD40
:10D990002046BDE81040082108F090BC2491040006
:10D9A00000900550244B0340B3F5806F2FD017DC57
:10D9B000402B2ED008DC102B2DD0202B2DD0181E64
:10D9C00018BF012040007047B3F5807F27D0B3F522
:10D9D000007F26D0802B08BF0B2018BF0220704785
:10D9E000B3F5804F1FD00ADCB3F5805F1DD0B3F5CF
:10D9F000005F1CD0B3F5006F08BF0620EDE7B3F55C
:10DA0000004F16D0B3F5803F08BF0320E5E7112093
:10DA100070470A2070470C20704709207047082083
:10DA20007047072070471420704705207047042076
:10DA300070470F20704700BFF0FF010010B50C4683
:10DA400041F22C0108F03DFCC0F3812003280EBFF9
:10DA50000023024B1B56236110BD00BF65FD04006F
:10DA60002DE9F0431E4B87B081460F4601A8196887
:10DA70001646D2F80480FFF731FFDDE901545CBBA4
:10DA800022463146284603AB08F0B9FC044618BBD1
:10DA900042464946039808F093FBDDE904233146EA
:10DAA000284608F07EFC2846FFF758FF284608F075
:10DAB000F0FB044680B9284608F085FC4246016820
:10DAC0000646384609F055F842467168B81809F01C
:10DAD00050F82846FFF724FF204607B0BDE8F08342
:10DAE0000C91040070B50F4E0F4C0546306800F0E5
:10DAF0001FF8206830B980220C49FDF75DF870B935
:10DB0000202323602368094A013B2360002452F844
:10DB100023202A60306800F021F8204670BD0224DE
:10DB2000F8E700BF5C160020047B0020087B002083
:10DB300008B54FF0FF324FF0FF33F7F741FE40B129
:10DB400004490548172200F030FF1721014800F072
:10DB500023FF08BD68FD0400E192040008B5F7F753
:10DB6000E5FE40B1044905481F2200F01EFF1F21B9
:10DB7000014800F011FF08BD68FD0400E1920400B7
:10DB80002DE9FF47002705460C469246019700F114
:10DB90000C06EFF31189402383F31288BFF36F8FD4
:10DBA0003046FAF713F940B918491948882200F0AD
:10DBB000FCFE8821154800F0EFFE3046FAF72AF9FE
:10DBC000AB6828465C4004EA0A02124903EA0A08E4
:10DBD000534001AACDE90237F9F7EEFF019C3CB1B1
:10DBE0002046C4F8C0700021646EF9F751FAF6E7D8
:10DBF000DDE9023223EA020330464946AB60F9F719
:10DC0000F5FB404604B0BDE8F08700BF0194040076
:10DC1000E1920400216B04002DE9F04F85B00F461E
:10DC2000DDE90E1B04461646EFF305836BB151EA9E
:10DC30000B030AD039493A484FF4847200F0B5FE1C
:10DC40004FF48471354800F0A7FE0291002F4CD0AC
:10DC500006F001030393F9F74BFE04F10C0980462B
:10DC6000EFF3118A402383F31288BFF36F8F484686
:10DC7000FAF7ACF8029938B92A498822284800F006
:10DC800094FE88212748DEE748460291FAF7C2F859
:10DC900016F0020F1CBF0023A360A36806F0010268
:10DCA000029903EA070592B1AF4212D1720744BF4D
:10DCB000AB43A3604846FAF797F8C0B919494FF447
:10DCC0009A72174800F071FE4FF49A71DAE7002D4E
:10DCD000ECD151EA0B0312D14846FAF785F8002837
:10DCE000ECD08AF31188BFF36F8F002503E08AF32D
:10DCF0001188BFF36F8F284605B0BDE8F08FC8E9E3
:10DD00001A762246CDE9001B48465146F9F70AFA31
:10DD10000028EAD1D8F86850EDE700BFADFD040057
:10DD2000E19204000194040008B5EFF3058343B1C8
:10DD300006490748382200F038FE3821034800F031
:10DD40002BFEC0E90233C0E9000008BDADFD0400B0
:10DD5000E192040008B5054B044613B10021AFF36E
:10DD6000008000F087FB2046DDF748FC0000000043
:10DD7000F8B50E4B06461D68AB789B0712D56F6849
:10DD800016F8014B29462CB90A20B847002805DBB4
:10DD9000204609E02046B8470028F1DAAB7843F086
:10DDA0000403AB704FF0FF30F8BD00BF9083040058
:10DDB0000CB430B589B005460C461C22002101A8E0
:10DDC00008F0FEFE022305958DF806300D4B0293F8
:10DDD00023462CB1B4F1004F28BF4FF00043013B64
:10DDE0001D440DAA0C9901A80695009200F0E8F8D0
:10DDF00014B1059B00221A7009B0BDE8304002B092
:10DE0000704700BFF96C0400242A2DE9F041044654
:10DE100001D8012A4CD1364B162208F075FF1A5052
:10DE200001B10C6000273846BDE8F08135462E462A
:10DE300016F8010B2028F9D0A0F109070346042F9A
:10DE4000F4D92B2836D02D2837D14FF0010CAE1C39
:10DE50006B78302B38D1307840F0200078282FD1E3
:10DE600032F010002CD173783446102202360CF1B7
:10DE7000004000270138B0FBF2FE02FB1E08392BE0
:10DE800082BF03F1FF3343F02003263B303B9A422D
:10DE90001ED9774502DC03D1984501D24CF0020C23
:10DEA000354607FB0237344615F8013B2E46E6E7B8
:10DEB0000546BCE74FF0000CC9E74FF0000CC8E77F
:10DEC000002A08BF0822D2E7002A08BF0A22CEE7AC
:10DED00001B10C601CF0010F18BF7F421CF0020F53
:10DEE000A1D0034B2222074608F00EFF1A509AE7F2
:10DEF0000C000000242AF0B5044601D8012A40D1C4
:10DF00002E4B162208F000FF1A5001B10C600020C1
:10DF1000F0BD2F463D4615F8010B2028F9D0A0F1A1
:10DF200009060346042EF4D92B282CD02D282CD1F9
:10DF30000126BD1C7B78302B2DD1287840F02000A5
:10DF4000782824D132F0100021D16B782C46102291
:10DF500002350020392B82BF03F1FF3343F0200349
:10DF6000263B303B9A421AD9A0FB02040CB9C018D8
:10DF700001D346F002062F462C4617F8013B3D46DA
:10DF8000E8E70746C6E70026D3E70026D3E7002ADE
:10DF900008BF0822DDE7002A08BF0A22D9E701B13D
:10DFA0000C60F20748BF4042B307B1D5034B2222B1
:10DFB00008F0AAFE1A504FF0FF30A9E70C0000004D
:10DFC0002DE9F04F43688DB0154680460293837863
:10DFD0009A0740F10D8100240E78002E00F00A818E
:10DFE000252E0BD04B1C0393013441463046029B37
:10DFF00098470028C0F2F6800399EDE74E788B1C15
:10E00000252E0393F0D00027B946BB46BBF11F0F66
:10E0100038D8A6F12003102B0AD8DFE803F02A092C
:10E0200009300909092109090928092D09091F00D1
:10E03000A6F13003092B33D92A2E37D11BF0400F1C
:10E0400055F8043B40F08280002BA7BF4BF0200B1B
:10E050009946C3F100094BF0280B01E04BF0010B8E
:10E06000039B13F8016B0393002ECFD130E04BF0EC
:10E07000020B4BF0040BF3E74BF0080BF0E74BF00F
:10E08000100BEDE7BBF17F0F19D8A6F13003092B78
:10E09000D2D81BF0400F03D00A2101FB0737DFE77E
:10E0A0000A214BF0200B01FB0939D9E72E2E06D1AE
:10E0B0001BF0400F40F09E804BF0400BD0E76C2EE1
:10E0C00031D02BD8682E36D06A2E3CD04C2E3AD088
:10E0D000002F46F02003B8BF2BF04002A3F16501EA
:10E0E000BCBF00271FFA82FB022901D9612B2FD167
:10E0F00007350727DFF8ACA225F0070508351BF028
:10E10000080F66D00AEB070B56465E4563D1A4EBB9
:10E110000A0AA9EB070906EB0A026FE1742E9FD0E9
:10E120007A2E9DD0D4E71BF0800F18BF4BF4007BF4
:10E130004BF0800B94E71BF4807F18BF4BF4007BFF
:10E140004BF4807B8CE74BF4207B89E71F4687E705
:10E15000A6F16301122900F2F080DFE811F013004C
:10E160004F00EE00EE00EE00EE004F00EE00EE007D
:10E17000EE00EE00EE00FE00E900EE00EE001B00F7
:10E18000EE00AF0055F8043B01270DF1180A8DF899
:10E190001830B4E755F804AB834BBAF1000F08BF51
:10E1A0009A461BF0400F504614BF39464FF0FF31DE
:10E1B00008F040FD0746A2E741462020029B984711
:10E1C00000280FDB013EB742F6D34C44B146A41BF6
:10E1D00098E74E46F7E7414616F8010B029B984731
:10E1E000002892DA98F8023043F0040388F80230ED
:10E1F0004FF0FF3420460DB0BDE8F08F1BF0800FCC
:10E2000034D01BF4007F2CD0073525F00705AA4633
:10E2100069685AF8080B2BF010050029ADB237DAFF
:10E22000404245F4806561EB41010DF1180B0A2372
:10E230005A4608F00BFDA0EB0B0301936B0662D569
:10E24000019B25F001019F4289B240F3A180002E7D
:10E2500000F0998015F0100240F09C80BB460D46FE
:10E2600023E0AA465AF8040BC117D4E7AA461BF4C8
:10E27000807F5AF8041B01D10846F5E71BF4007FA4
:10E2800019BF48B241F3C01108B241F3C031C2E72F
:10E2900050EA0103C9D11BF0400FC6D0002FC4D1F2
:10E2A0002BF01102BB46019795B240F2064115EAE8
:10E2B00001021CBF0BF1010B00222CE02BF010021D
:10E2C0000A231FFA82FB1BF0800C49D01BF400715B
:10E2D00015BF0735AA4625F007055AF8040B1EBFDF
:10E2E000AA4669685AF8080B50EA010545D12BF097
:10E2F00016051BF0400FADB242D0002F40D12BF0DD
:10E300001702019795B215F0100248D0019B002E1C
:10E3100042D103F1010B29075AD4EB0706D5D945A1
:10E320006FDDA9EB0B030199CB465F185B4649E013
:10E330004BF0100B10237826C5E7782B04D1C6F1DB
:10E34000780343F01003BEE741462520029B98471F
:10E350000028FFF647AF023447E608230026B2E75D
:10E36000AA461BF480715AF8040BBDD01BF400714F
:10E370001ABFC0B2614680B2B6E72BF0060295B272
:10E380000DF1180B54E725F01105BB46ADB28CE733
:10E390000D46B8E73B460D4603F1020BBBE7DDF83F
:10E3A00004B082E731FE04002AFE0400CDE9043205
:10E3B00041462020029B98470028FFF613AF049B9C
:10E3C000059A01339945F1DCA4EB0B019B46CC186F
:10E3D0000AB341463020029B98470028FFF602AF5F
:10E3E0008EB901342744391B019B994224DC1D4618
:10E3F00055BB019AA9EB0B0955462244144691449A
:10E4000033E0019F92E7023441463046029B984731
:10E410000028E7DAE6E640F206410D42E2D015F0C8
:10E42000020F04F10104414614BF2B20202015F4F3
:10E43000806F18BF2D20E9E741463020029B013450
:10E4400098470028CFDACDE606AB013D4146585D3E
:10E45000029B98470028CBDAC4E641462020029B65
:10E46000013498470028FFF6BDAEA9EB0403002B4A
:10E47000F3DCC1E538B5074D074C641BA41024B983
:10E48000064B0BB1AFF3008038BD013C55F824308A
:10E490009847F4E7000000000000000000000000C2
:10E4A0007047F8B505460E460024012707FA04F325
:10E4B000334204D02B4202D02046D9F747F801342A
:10E4C000042CF3D1F8BD70B5D0F8C03005460C4629
:10E4D00023B14B6090F8C43001201AE0A030F9F766
:10E4E0003BFE4FF47A76A0FB063206FB012147F68D
:10E4F0001122981841F10001002347F61222D2F7A9
:10E5000091FF606095F8C430002BE5D1003818BF4A
:10E5100001206370207070BD1146FFF7D4BF83687F
:10E5200000EBC101B3F5004F2CBF51F8220031F8C8
:10E530001200704700EBC1018068B0F5004F2CBF9E
:10E5400041F8223021F812307047012208B5FFF758
:10E55000E6FFD04008BD836800EBC101B3F5004F72
:10E5600008D34B681AB143F001034B60704723F0A6
:10E570000103FAE74B881AB143F001034B8070475F
:10E5800023F00103FAE753000122FFF7D3BF8368AA
:10E59000B3F5004F34BF04230823C91A081AC00872
:10E5A00070478368481CB3F5004F34BF0423082329
:10E5B0000833A0EBD300B0FA80F0C0F11F00704721
:10E5C0002DE9F041174603220E460446FFF7A7FF48
:10E5D0008642054607F104080AD10122E368BA40E1
:10E5E00023EA0203E360002344F82830BDE8F08109
:10E5F000314602222046FFF792FF06462B4601468F
:10E600000322204644F82850FFF794FF334629465A
:10E610002046BDE8F0410222FFF78CBF70B50D46E1
:10E6200086680446FFF791FFB6F5004F014601D317
:10E63000012809D02046FFF7B4FF294602462046AC
:10E64000BDE87040FFF7BCBF70BD2DE9F04705463F
:10E65000FFF7A7FF05EB800ADAF810908846064618
:10E66000B9F1000F1BD00327DAF8104028462146E5
:10E67000FFF76BFF404507D3324621462846FFF798
:10E680009FFF2046BDE8F087032221462846FFF77A
:10E6900046FF013FCAF8100001D08145E4D14FF098
:10E6A000FF34EB680136B4401C40EAD094FAA4F27F
:10E6B000B2FA82F2131D55F82340DEE72DE9F0414E
:10E6C00014460E460546FFF740FFA4EB0608371B2D
:10E6D0000744424631462846FFF755FF3A46214651
:10E6E0002846FFF750FF4346002221462846FFF701
:10E6F00021FF21462846FFF728FF3B46211800222C
:10E700002846BDE8F041FFF715BF2DE9F041164658
:10E7100004460F46FFF719FF314605462046FFF72E
:10E7200014FF05442A4639462046FFF72CFF3146A0
:10E730002046FFF70AFF2B46311800222046BDE88D
:10E74000F041FFF7F7BE2DE9F0410D46866804461B
:10E75000FFF7FBFEB6F5004F014601D3012832D08A
:10E760002046FFF71EFF04EB80010E6996B90122D7
:10E77000E36882401343E36002220D612B46294681
:10E780002046FFF7D7FE032229462046BDE8F04188
:10E79000FFF7D0BE022231462046FFF7C0FE0746F3
:10E7A000034629462046FFF7C5FE03223346294685
:10E7B0002046FFF7BFFE39462B462046FFF7BAFE3C
:10E7C00002223146E1E7BDE8F081F8B50C46054686
:10E7D000FFF7BBFE2618012231462846FFF79FFEB1
:10E7E000C3070CD431462846FFF718FF21462846B8
:10E7F000FFF7ABFE214622182846FFF786FF0022CE
:10E8000021462846FFF78BFE271A01223946284663
:10E81000FFF785FE10EA020613D139462846FFF7B6
:10E82000FDFE214632462846FFF779FE2246211A90
:10E830002846FFF76AFF214632462846FFF76FFE5B
:10E84000241A21462846BDE8F840FFF77CBF70B582
:10E85000056809B9002070BDAB6801F00704B3F585
:10E86000004F2CBF0822042207341444E40804EBB0
:10E87000D1049C4228BF1C4628462146FFF7E5FEEE
:10E8800006460028E6D001462846FFF75EFEA04275
:10E8900009D93444314628462246FFF70FFF214666
:10E8A0002846FFF750FF284601223146FFF753FE66
:10E8B000AB68B3F5004F34BF0423082303EBC60352
:10E8C0001844C8E71146FFF7C2BF2DE9F0470646D6
:10E8D0000D46174698462BB34FF0000A98F80040B3
:10E8E00093F80190DB78A40004EB430498F802301D
:10E8F0001C444444CA4509D339463046AC46D8F88E
:10E90000042008F10803BDE8F047604714F8013B14
:10E910000AF1010A204648F82340D8F731F90130BE
:10E920000444E7E76FF01500BDE8F08770B50025F7
:10E9300002462846144614F8013B0BB9184609E074
:10E9400098B18D4207D1702B04D0A3F140023A2A2E
:10E950000BD8002070BDA3F140063A2E05D853789D
:10E960000135941C002BE9D00020252B224608BF3E
:10E9700080F00100DEE70020704700F01EBE0FB4FB
:10E9800007B504A951F8040B019100F016FE03B07D
:10E990005DF804EB04B07047002383F31188BFF3E4
:10E9A0006F8F0423184602DF70470FB407B504A920
:10E9B00051F8040B0191FFF7E0FF03B05DF804EBA1
:10E9C00004B0704710B50369024613F0080009D17E
:10E9D0001368D4689C429BBF0120526AE31AD31A81
:10E9E0000B6010BD00231846FAE713B501A90446D1
:10E9F000FFF7E8FF20B1019BE268013B134401935C
:10EA0000606A019BC01A013802B010BD10B50446FF
:10EA100050182269636AD20702D5013B184010BD25
:10EA2000984228BFC01AFAE710B504460A46C168E2
:10EA3000FFF7ECFF2369E06023F00803236110BDBA
:10EA400038B50D46026A8B00016843F002030446A4
:10EA500042F8213001682A46FFF7D8FFE368616871
:10EA6000984208BF2369206008BF43F008032A4684
:10EA7000204608BF2361FFF7C9FF606038BD2DE95C
:10EA8000F74FC768066A9B4606EB8703009316F8A4
:10EA90002730044603F00303022B884691464FF0CB
:10EAA00000030BD01360CBF8003023699B0713D40D
:10EAB0004FF0000A504603B0BDE8F08F56F827101B
:10EAC00013608908CBF80030EFD0FFF7ADFFE368A3
:10EAD000A3604FF0010AEDE7E36906EB8700984772
:10EAE00016F82720054612F0010AE1D012F00202C2
:10EAF0001FD0B8F1000F03D041462046FFF7A0FF1A
:10EB000061682A462046FFF781FFD4E9022191423D
:10EB1000606006D12A462046FFF778FF4FF0000AD2
:10EB2000A060A2682260E260226942F008022261CD
:10EB3000C0E7014620460192FFF776FFE368A36035
:10EB4000B8F1000F04D02168236A019A43F821200C
:10EB500005EB0802CBF8002021682046FFF756FF9E
:10EB60002369206043F00803236116F827306FF310
:10EB7000000306F82730009BC9F80030A9E770B5FC
:10EB800004461546FFF742FF2368834205D12369F7
:10EB9000216023F00803236170BD226AAB0043F0BB
:10EBA000020342F8213061682A462046FFF72EFF13
:10EBB0006060F1E738B5036904465B0706D5856AEE
:10EBC000FFF713FF85422CBFA562A06238BDF0B5E8
:10EBD00064230546042600200A2769B9F0BD9A423D
:10EBE000B2FBF3F40CD2012B0AD048B903FB142278
:10EBF0000A24B3FBF4F3D2B2013EF0D12E70EDE75C
:10EC0000303405F8014BB2FBF3F403FB1422B3FBE1
:10EC1000F7F301390130C9B2C0B2D2B2DBB2DCE7DE
:10EC2000A0F13003DBB2092B02D800200B70704733
:10EC3000A0F16103052B02D85738C3B2F5E7A0F164
:10EC40004103052B01D83738F7E76FF015007047FF
:10EC5000F7B5054601F0010000EB51069E424FEA70
:10EC6000510703D90026304603B0F0BD58B12878CB
:10EC70000DF10701FFF7D4FF0028F3DB9DF8073003
:10EC8000013502F8013B01351744BA42EBD015F8C3
:10EC9000010C0DF10701FFF7C3FF0028E2DB9DF82F
:10ECA00007402401E4B2147015F8020BFFF7B8FF17
:10ECB0000028D7DB9DF807301C4402F8014BE4E73D
:10ECC000838B13F0070305D10368002B0CBF0020D2
:10ECD00003207047022B05D1C08BB0FA80F04009A9
:10ECE00080007047012B05D10368002B0CBF00206A
:10ECF000052070470020704710B50C4600B111B9CF
:10ED00006FF0150010BD081D00F02FF80028F9D194
:10ED1000A368032BF6D9F3E72DE9F0410D4607462A
:10ED20001946281D90461E46D9F726FE044638B1DE
:10ED30003346424629463846A446BDE8F04160477E
:10ED4000BDE8F08138B50C46054658B151B10B68A5
:10ED500043B14B6833B12022002107F031FF00207E
:10ED60002C6138BD6FF01500FBE7034640B14268E7
:10ED700002F00302022A06D0032A04D0012A05D099
:10ED80006FF0150070471A68002AF9D000209860CB
:10ED90007047704770B41E461546DDE9032381694C
:10EDA0000468806B06FB0141294484682468A446FA
:10EDB00070BC604700224B6801334B60C0699242CF
:10EDC00008BF834208BF4A60704700F079BC10B5A5
:10EDD000411C04460F22FF20F2F748FB207010BDB3
:10EDE00010B5437804468B4209D1411C0F22FF2005
:10EDF000F2F73CFB23781B1A5842584110BD002003
:10EE0000FCE710B541780446FFF7EAFF40B14FF642
:10EE1000FF7362889A4206D16068431C5842584189
:10EE200000F0010010BD0020FAE770B50646084664
:10EE30000D461446FFF7E5FF08B9002070BD2046D7
:10EE40006178FFF7CDFF0028F7D06388002BF4D15D
:10EE500063680133F1D1A268B3699B1A326CB3FBCA
:10EE6000F2F102FB1133002BE7D168786378C31A03
:10EE700058425841E2E70368012B81BFC91801F1EC
:10EE8000FF315B42194008467047F6F74FBD2DE948
:10EE9000F04F036C9046D1E9002400265B00B2EBF2
:10EEA000030B64F1000407460D46A146C1E900B416
:10EEB000C8E9006489B00DF1100A5E4579EB0403DE
:10EEC00004D30023184609B0BDE8F08F10235A463A
:10EED000CDE900A338462346FFF75CFF0346002830
:10EEE000F0D1039097F820105046FFF779FF78B1E2
:10EEF000BDF81210039B08291E4607D9F86BFFF7CF
:10EF0000BAFF069B18448619C8E90069C5E900B430
:10EF10003B6CBBEB03039B4664F10004CDE710B5EB
:10EF2000016C826986B0521A4FF0100102AC63F195
:10EF3000000301910094FFF72DFF002808DB204615
:10EF4000FFF75FFF30B100209DF80920089B1A7081
:10EF500006B010BD6FF00100FAE72DE9F3414FF064
:10EF60001008026C85695200AD1A63F10006099B16
:10EF70002A460093CDF8048033460446089FFFF7E5
:10EF800009FF58B92046226CCDE90878521946F19C
:10EF9000000302B0BDE8F041FFF7FCBE02B0BDE8DF
:10EFA000F08173B5DDE90656CDE900560446FFF75A
:10EFB000D4FF20B9324629462046FFF736FF02B07B
:10EFC00070BD30B50C46D1E900130546026C8BB01C
:10EFD000521843F10003C4E90023006CA969A1EBB6
:10EFE00040018A4213D1ABB9E9699A184B1E06A9B0
:10EFF000C4E90023019102A928460091FFF7D1FF3F
:10F00000002805DB08D1D5E90223C4E9002300204C
:10F010000BB030BD013BEAE7089B2360F7E7102304
:10F0200037B5CDE90023D1E9002305460C46FFF7AB
:10F03000B1FE30B92146284603B0BDE83040FFF7A5
:10F04000C0BF03B030BD2DE9F04F06464FF0FF3989
:10F050008DB0CDE906230F46DDE916A10DF1170BA2
:10F0600003913046DDE9068508AA06A9FFF7D7FF18
:10F07000044680BB099ABA4217D14FEAE97290421E
:10F0800008BF4D450AD02B4642463046CDF800B069
:10F09000FFF745FF831C22D18DF817409DF817100C
:10F0A00008A8FFF79DFEF0B9A946DDE90612039B0B
:10F0B0009A4208BF5145D4D1189E08AB0CAF1A46EE
:10F0C00003CABA4230607160134606F10806F6D1F1
:10F0D000199BC3E9008520460DB0BDE8F08F0028DC
:10F0E000DCD00446F7E70124E6E72DE9F04389B0D8
:10F0F0000746DDE910851DB9002009B0BDE8F083A1
:10F100008169066803FB0166C36B16441C68644290
:10F110002C400DD0806B83684246D3F80490314672
:10F120002346C8470028E8D12D1BE5D02644A0443B
:10F130002A464146684607F01CFDFC6B0DEB0500B6
:10F1400022686179521B07F03BFDB86B2368826827
:10F15000314654686A46A047CFE71023F7B5CDE99A
:10F160000013D0E9022304460D46FFF7BEFF064612
:10F17000A8B96868D4E90257431C07D0D9F726FC20
:10F18000093004EBC00344F830505F601021E06B9D
:10F19000FFF771FE2D1A67F10007C4E902573046E8
:10F1A00003B0F0BD2DE9F0414FF0FF3200268CB0E6
:10F1B00004960592ADF8122044F2012207920DF157
:10F1C0000F02009232461D4604460696FFF7A7FE40
:10F1D000831CB04640D18DF80F60A269216C12EB00
:10F1E00008024FEA410145F10003521A4FF01001A5
:10F1F000019108A963F1000320460091FFF7CAFDC1
:10F2000000282BDB9DF80F309DF821105A1CD2B23C
:10F21000914208BF02338DF80F2008BF8DF80F30E0
:10F220009DF80F3004A88DF81130FFF7D0FDD4E918
:10F230000267A369226C13EB080345F100059B1AD2
:10F2400065F100052046C4E9023504A9FFF785FFF2
:10F2500020B9C4E9026701E00028BED00CB0BDE8C7
:10F26000F0811FB504461022FF21684607F0A8FC74
:10F270000023ADF8023023696846029394F82030E9
:10F280008DF80130FFF7A3FD69462046FFF765FFC3
:10F2900004B010BD30B58BB004461022FF2102A887
:10F2A00007F08EFC0023A268ADF80A30236C06A894
:10F2B0009B18049394F8203010228DF80930E36BEA
:10F2C000597907F07DFCD4E9021341BB226CA16996
:10F2D0005000884288BF013BA1EB4202C4E90223EF
:10F2E00002A8FFF774FD02A92046FFF736FF20466B
:10F2F00004F10801FFF75EFD04F120030093D4E957
:10F3000002232046FFF70BFE831C4FF0000514D1AB
:10F3100084F82050E3680020C4E904530BE0D4E9EA
:10F320000402814273EB0202D0D3204606A9FFF704
:10F3300014FF0028C7D00BB030BD0028EAD0FAE790
:10F3400037B5CDE900121546D0E904230446FFF78E
:10F35000CCFE00280CDB2946E06BFFF78CFDD4E9DE
:10F3600004321B184FF0000042F10002C4E90432DD
:10F3700003B030BD2DE9F04F00F12005A9B0009594
:10F38000D0E902230446FFF7CAFD831C0BD1D4E960
:10F3900002232046FFF706FF50BB00952046D4E924
:10F3A0000223FFF7BCFD18BB002294F82030204652
:10F3B0000593E3680AA9CDE90A23FFF7FBFC0A9B42
:10F3C000A569DDF82C90ED180693236C49F1000631
:10F3D000ED1A10AB66F1000601931CAB00932A46B0
:10F3E00033462046CDE90C56FFF7DBFD002802DA54
:10F3F00029B0BDE8F08F1AD1059B204684F8203053
:10F40000FFF72FFF0028F3D105464FF0FF364FF0EE
:10F41000FF3704F5825104F148030831994240F066
:10F420008C804B462046069AFFF7BCFEE0E79DF82D
:10F43000713084F82030236C5B00EB1A089366F17E
:10F4400000030993129BCDE90C36DDE90CB8204688
:10F4500014AA0CA9FFF7E3FD0028C9D194F82010E5
:10F4600014A8FFF7BDFC30B9DDE90832904508BFAC
:10F470009B45EAD1C0E7BDF85230002BF4D0159976
:10F480000EAE0846D9F7A2FA093004EBC00354F8CF
:10F4900030205B68D4E90250B3F1FF3F08BFB2F1FE
:10F4A000FF3F039618AE04BF03462A46CDE900503D
:10F4B00002962046CDE90EB8FFF7C5FD002897DB80
:10F4C000DDE90E23434508BF5A45CDD1BDF8526052
:10F4D000082E25D9C2462269169F1692E26B126841
:10F4E000524202F020030793079D20ABB54228BF8C
:10F4F000354600933A46534620460195FFF74AFCAD
:10F5000000287FF475AF2A46204620A9FFF718FF90
:10F5100000287FF46DAFEF194AF1000A761BE3D1A2
:10F52000059B14A88DF85130FFF751FC204614A913
:10F53000FFF713FE002897D05AE75A68A84208BF81
:10F54000914501D1C3E90067083367E700231A46F4
:10F55000D9F7F4BC37B5002500951C46D9F7A0FDB6
:10F56000002802DBA04228BF204603B030BD0023A4
:10F5700007B51A460093D9F793FD03B05DF804FB75
:10F5800003785B075FBF03684288C3F34A2303EB3A
:10F5900012105DBF173020F0070080080020704770
:10F5A0000020704704F0D0B90346D3E8EF0F421CA7
:10F5B000C3E8E12F0029F8D170471FB50023CDE93A
:10F5C00002011A4619461846CDE90033DAF7B2F9B6
:10F5D00005B05DF804FB0120D9F7D6BE00207047C6
:10F5E0004368DA7101224368196043685A71D9F798
:10F5F000BDBE70B515460C4669B1D2E901369B1BFC
:10F6000099420AD813680A460146981907F0B1FAD8
:10F61000AB682344AB60204670BD6FF01B00FBE776
:10F6200070B50E4615461946044618B9BDE8704037
:10F63000D9F7AABE33B1C2F34A231030120D1844D1
:10F6400007F097FAC4E900562046BDE87040DAF7A3
:10F65000BDB82DE9F3415F1C4FEA8708064608F163
:10F66000170020F0070080080C461546D9F728FF40
:10F6700000238DF80470ADF805308DF8073068B1BF
:10F680000346019AA8F1040143F8102F2A462944A1
:10F6900052F8045B8A4243F8045FF9D100233146F3
:10F6A000A20102F4E07242EA482222F07F4222F4F0
:10F6B000700222F03F0202B0BDE8F041FFF7B0BF98
:10F6C00007B50123019201AAFFF7C3FF03B05DF85C
:10F6D00004FB07B5CDE9002302236A46FFF7B9FF13
:10F6E00003B05DF804FB1FB5CDE90123069B01AA19
:10F6F00003930323FFF7ADFF05B05DF804FBF8B5F6
:10F7000006460D4614461F4604B9F8BD2146284654
:10F710003A46B047241A0544F6E710B54268044655
:10F72000D2E9002381680068FFF7E9FF00226368DF
:10F730001A6010BD0A2838B504460D4602D10D20C6
:10F74000DAF790F929462046DAF78CF9002038BD1F
:10F750002DE9F043054687B008460E8891F80090E1
:10F760000C46D1F808801746DAF750F9011EC6F3A7
:10F770008216C9F3C2091EDB4846DAF739F8034698
:10F78000214651F8102B6088C2F34A22002A01EB6F
:10F79000020408BF00210022C0F30B10CDE90407CA
:10F7A000CDE902142846414601960092DAF784F921
:10F7B00007B0BDE8F0830023E2E7436800201B6840
:10F7C0005B689961704701212DE9F04143681B682E
:10F7D0005A6811771D682F68D5E90136D3E90048CA
:10F7E0001CB96B681C60BDE8F0812146304642467A
:10F7F000B847241A0644F3E743681B681868DAF729
:10F80000E3BA70B543680C461D686B689869D9F710
:10F8100097FD214603460F222868BDE8704018472F
:10F82000704770B54C680368A34201D2012070BDD7
:10F830008A682244934201D30020F8E74E69D1E957
:10F840000325B54203D36FF00B038B61F4E71B1B59
:10F8500042F835304368086902EBC00253600B6917
:10F8600001330B61E2E737B50C46C0B201A915467A
:10F87000DAF71EFB00280CDB019850B121462A461E
:10F88000DAF73CFB04460198FFF7CAFF204603B0B5
:10F8900030BD6FF01504F9E70020DAF77BBB0022DA
:10F8A0001146DAF745BB034610B508460AB10021F8
:10F8B000116053B1D0B1411E11F8010F80B113F89E
:10F8C000014BA04201D13D28F6D100200EE00133CA
:10F8D00013600AE03D2808D0B0FA80F0400905E046
:10F8E00018782F28F6D1002AF1D1012010BD10B5CB
:10F8F00009B100230B6058B103461A781C46013346
:10F900002AB13D2A03D02F2AF7D101B10B60201A6A
:10F9100010BD0830704713460A46D0E90001FFF7D2
:10F9200019BEF0B500274FF0004400F5805585B0B2
:10F9300085F85C7000F1080608236A4621463046C7
:10F94000FFF708FE831C21D1B4F1004F4FF00007F0
:10F950000FD10823214630460DEB0302CDE9027793
:10F96000D9F7ECFA002802DB3846C5E9154705B09F
:10F97000F0BDAB6D3046CDE902370823696D0DEB64
:10F980000302D9F7DBFA00EAE070F0E70028EEDBCB
:10F990000099B9420ED195F85C20C4F34303934219
:10F9A00017D8009B019827466C65AB650028DED010
:10F9B0000446C1E73046FFF7C9FD0028D7DB08231E
:10F9C0006A46214630460097D9F7B8FA0028E2DAAD
:10F9D000CDE785F85C30E4E77FB500F10805044623
:10F9E00028460E46FFF7B2FD002818DB284606F130
:10F9F0008041FFF7ABFD002811DB46F0010608232C
:10FA00006A4631462846FFF7A5FD002807DB009926
:10FA100039B931462846FFF799FD00281ADA04B0B3
:10FA200070BD082328460DEB0302FFF793FD002865
:10FA3000F5DB019A1AB9029904F5805399650823F8
:10FA40000392284600990DEB0302D9F777FA0028B4
:10FA5000DFDAE4E70199D1B1082328460DEB030270
:10FA6000FFF778FD0028DADB009B28460293082385
:10FA700001990DEB0302D9F761FA0028CFDB039B54
:10FA80001BB9009B04F58054A3650020C7E7009BC9
:10FA900004F580546365F8E72DE9F0410D4607460B
:10FAA0004A2194B0284607F0C5F801462846D7F702
:10FAB00073FD002620F0404424F01F0407F10808DD
:10FAC00066F344044923404601AA44F00041FFF78D
:10FAD00041FD031E0BDC07F5805393F85C300136C3
:10FAE000B342EDDA0024204614B0BDE8F0810022D4
:10FAF00050336B44284601A903F84C2CD7F72EF855
:10FB00000028F0D0E7E710B5044671B1FFF7C4FF55
:10FB100068B120F0404121F0010104F1080041F0FA
:10FB20004041BDE81040FFF722BD6FF0150010BD49
:10FB3000F8B5044616461D46C1B1BAB1FFF7ACFF91
:10FB4000B0B120F0404020F0010040F040470834C0
:10FB50002B46324639462046FFF7FCFCA84207D127
:10FB600039462046BDE8F840FFF701BD6FF01500AB
:10FB7000F8BD38B5049C1546626818468A4228BF0D
:10FB80000A462168A847A06038BD821C0FD0431CDC
:10FB90000BDA10F13D0F0DD010F11C0F08BF6FF004
:10FBA0008D0018BF6FF0910070470028F9E76FF0E3
:10FBB0008B0070476FF09700704770B58AB00E9E4B
:10FBC0000D461C4611468EB183B17AB102462B46D2
:10FBD00001A8DAF7EBFC58B93246214601A8DAF75A
:10FBE000A7F90AB0BDE87040FFF7CFBF6FF08600FD
:10FBF0000AB070BD00B50B468BB0114662B102462B
:10FC000001A8DAF7D3FC48B901A8FFF748FE0BB00A
:10FC10005DF804EBFFF7B9BF6FF086000BB05DF83D
:10FC200004FB70B505461C4686B083B10D430ED06B
:10FC300003AB01930823009304ABDAF7C9FC20B9A6
:10FC4000059BC4E90033049BA36006B070BD6FF050
:10FC50008600FAE72DE9F04FDFB01D46DDE969388F
:10FC600083460E46689C099243B924B9B8F1000F47
:10FC700001D0064309D16FF0860309E0B8F1000F07
:10FC8000F9D050EA0103F6D034B90023C8F80030A7
:10FC900018465FB0BDE8F08F04EB050ABAF5807F27
:10FCA000E9D820230CAA00F0E5F803460028EFD19C
:10FCB0004FF492730DF154090BAF009358464B4625
:10FCC0003146099A0197DAF783FC03460028DFD111
:10FCD0004FF480731AAE0697059304963B68202173
:10FCE000143BCDE90263082317AACDE900930CA8C1
:10FCF0000C23DAF7F3FC034630B93A68AA420FD274
:10FD00006FF08603C8F8000021210CA80993F9F7C9
:10FD100043F94FF492714846F9F73EF9099BB7E76A
:10FD2000924588BF541B09902246699871193C601E
:10FD300006F01FFF099BC8F80040E5E72DE9F04FEA
:10FD400098460023DDB0099350EA010309AF064647
:10FD50000D469146DDF89CA169D0669B43B9B8F188
:10FD6000000F64D1BAF1010F08D96FF0850B54E090
:10FD7000BAF1010FF9D8B8F5807F58D8082313AC31
:10FD800000934A462346304629460197DAF720FC7D
:10FD90008346002845D010F18C0F3ED120233046F9
:10FDA00029460AAA00F066F8834660BB0C2115A814
:10FDB000DAF7C6FC834630BB4FF48873C4E900A869
:10FDC000059318ABCDE90383669B2021029308239A
:10FDD0000697CDE9004315AA0C230AA8DAF74CFCD4
:10FDE000834621210AA8F9F7D7F8BBF1000F0FD1FC
:10FDF0003B684A4614330093304623462946FFF7B2
:10FE0000DCFE834620B14A4630462946FFF7F2FE23
:10FE10004FF492712046F9F7BFF858465DB0BDE83F
:10FE2000F08F2368DB07B9D56FF0840BF5E76FF02F
:10FE3000860BF2E770B550EA010305460C461646FC
:10FE400086B011D003AB01930823009304ABDAF71B
:10FE5000BFFB38B9049BDB0709D43246284621464C
:10FE6000FFF7C8FE06B070BD6FF08600FAE76FF0CE
:10FE70008400F7E730B51F2B87B015461C46CDE947
:10FE8000040113D9F2F79AFE18B96FF0880007B091
:10FE900030BD08230022009311460220CDE9015411
:10FEA00004ABF2F72BFE0028F1D0EEE76FF08600EE
:10FEB000EDE706F085BE06F05CBE01460068DAF7A5
:10FEC0009BBC08B5DAF7F4FCBDE80840DAF714BDCE
:10FED0000A460121FFF7F4BB00210120DAF78CBCB0
:10FEE000D0F8A83083F30B8870476FF08500704717
:10FEF00061B662B680F31188BFF36F8F704772B638
:10FF0000002383F31188BFF36F8FBFF34F8F30BF90
:10FF100062B6BFF36F8F704772B6002383F3118808
:10FF2000BFF36F8FBFF34F8F20BF80F31188BFF3F4
:10FF30006F8F62B6704740E800F313F4803FD8B289
:10FF400008BF6FF01500704730B50C684B6885B07E
:10FF50000A894D890094013B24F01F04234402F0D8
:10FF60001F0242EA451223F01F0369468DF808205C
:10FF70000393DBF701F905B030BD08B5D1E90431D1
:10FF80009847002008BD08B5DBF740FB002008BDFE
:10FF90007047C16A8968DBF7C5BB030C020E4B7062
:10FFA000C0F307230A708B70C870704792B28160EB
:10FFB0000160C2808280704703680B6043684B60B9
:10FFC00083688B60704710B50C460221DBF704FE96
:10FFD000230A0370447010BD10B50C460121DBF7F5
:10FFE000FBFD047010BD10B50C460321DBF7F4FDDA
:10FFF000230C0370C4F307234370847010BD10B545
:020000040004F6
:10000000036801211C78DBF703FE204610BD10B504
:10001000036802211C88DBF7FBFD204610BD10B5EC
:10002000036802211C88DBF7F3FD64BAA4B2204602
:1000300010BD10B5036804211C68DBF7E9FD24BA84
:10004000204610BD02688068101A70478388C288F5
:100050008168D21A03685B1AD01A704738B50D460A
:1000600014461146DBF708FE22462946BDE8384013
:1000700006F07FBD10B50C460121DBF7FDFD0470D5
:1000800010BD10B50C460221DBF7F6FD0470240A02
:10009000447010BD10B50C460221DBF7EDFD230ABC
:1000A0000370447010BD10B50C460321DBF7E4FD6E
:1000B000C4F307230470240C4370847010BD10B582
:1000C0000C460421DBF7D8FD01462046BDE8104070
:1000D000FFF763BF70B50D4600210446FFF707FC2C
:1000E0000D2818D1237B302B13D0312B13D10123B2
:1000F00005F8063B04F10C062A462046012302219E
:100100000234FEF7A5FDB44205F1FF35F4D100201D
:1001100070BD0023ECE76FF01500F9E70020704791
:1001200010B50C46017822788AB08A420FD0694611
:10013000DCF74AF8204605A9DCF746F810220DF155
:1001400015010DF1010006F043FD0AB010BD012AB2
:1001500006D0022A07D072B940886388C01AF4E733
:1001600040686368FAE71022611C01300AB0BDE8FC
:10017000104006F02DBD6FF01500E6E7042A0AD006
:10018000102A0DD0022A4FF0000315D103700B88FE
:10019000438001207047012303700B684360F8E738
:1001A000022300F8013B01F1100351F8042B99429E
:1001B00040F8042BF9D1ECE718467047012310B53D
:1001C0000621044600F8013BF3F736FB18B9A37982
:1001D00063F03F03A37110BD0B6803608B888380BD
:1001E0008B798371037823F00203037070470078E2
:1001F000C0F34000704738B50446807ADBF748FA10
:100200006169054649B1637ADB0704D4C36A2046B5
:100210001B689B6898470023636121462846BDE818
:10022000384003F049BF438A23B9C068B0FA80F070
:1002300040097047002070470F2807D80D280BD8B9
:10024000052808BF032018BF02207047132803D0D9
:100250001A2808BF0120F6E7012070477047FFF712
:100260002FBA034610B5D3E8EF0F40EA0102C3E806
:10027000E42F002CF7D110BDFFF72BBA0023D9F7DC
:10028000C5BAD0E8EF3F0B40C0E8E23F002AF8D102
:100290007047704738B504460D46DCF751FB5F30B8
:1002A00005D129462046BDE83840DCF7C9B938BD3C
:1002B0000020704710B503884288934219D8052B57
:1002C00017D9B2F5486F14D88388B3F5FA7F10D2E6
:1002D00040F67644C088A0F10A0189B2A14208D84C
:1002E00001339BB25343B3EB800F34BF0120002096
:1002F00010BD0020FCE7002070470020704770B55B
:1003000006460D464FF0FF304FF0FF31DCF778FD29
:10031000044618B9BDE87040DCF766B903210C301B
:10032000DBF7AAFC068085702146BDE8704042F2EA
:100330002100DCF78DBE70B506460D464FF0FF304C
:100340004FF0FF31DCF75CFD044668B103210C304F
:10035000DBF792FC068085702146BDE870400022E4
:1003600040F20640DCF78EBF6FF0680070BDC368D6
:10037000187808B1DCF742B91846DDF751BC38B53A
:100380004FF0FF3105464FF0FF30DCF739FD0446F2
:1003900068B102210C30DBF76FFC2B88214603800B
:1003A0000022BDE8384042F21600DCF76BBF6FF068
:1003B000680038BDF8B507460E464FF0FF304FF0E5
:1003C000FF311546DCF71CFD044678B106210C30E0
:1003D000DBF752FC3B884680038085802146BDE8E0
:1003E000F840002242F22200DCF74CBF6FF06800B8
:1003F000F8BD08B500200021DCF7DAFE18B1BDE831
:100400000840DCF71FBEBDE80840DFF7F1BC07225B
:1004100008B506F0DDFBB0FA80F0400908BDFFF733
:100420004FB900280CBF08460020704770B50D4634
:100430000446002845D0002943D000F11803D3E832
:10044000AF2F920711D40A68C0F809208A88A0F853
:100450000D2001220272D3E8EF1F41F01001C3E822
:10046000E21F002AF7D1002070BD4FF0FF304FF09F
:10047000FF31DCF7C5FC064630B307210C30DBF753
:10048000FBFB03466278314603F8012B2A68C0F86B
:100490000120AA8842F235009A800022DCF7F2FEA1
:1004A0000028E1D104F109039D424FF001031EBF72
:1004B0002A68C4F80920AA88237218BFA4F80D205E
:1004C000D1E76FF01500CFE76FF06800CCE713B508
:1004D000044680B106216846F3F7AEF948B99DF8A5
:1004E0000530694603F03F0320468DF80530FFF7DD
:1004F0009DFF02B010BD6FF01500FAE701207047B4
:100500001830D0E8EF3F23F02003C0E8E23F002A94
:10051000F7D1704710B50C4631B10020DDF7A2FCD1
:1005200008B90123237010BD6FF01500FBE7002010
:100530007047D0E8AF0F084100F001007047034654
:1005400010B5D3E8EF0F00EA0102C3E8E42F002C56
:10055000F7D110BD012310B403FA01F1044642B1F2
:10056000D4E8EF3F0B43C4E8E23F002AF8D110BCC7
:100570007047C94310BCFFF7E2BF73B51D469DF835
:100580001C3004469DF8206063B15EB1069B6A464C
:1005900042F23801204600950193DDF7D3FE68B1A1
:1005A00002B070BDCDE9001220466A4642F2370122
:1005B000DDF7C8FE0028F3D1002EE7D11834D4E8C7
:1005C000EF3F43F00403C4E8E23F002AF7D10020E4
:1005D000E6E72DE9F04180460F464FF0FF304FF03F
:1005E000FF3186B01446DCF70BFC064688B300F1F9
:1005F0000C0537B301212846FFF73CFD01212846B1
:10060000FFF738FD284698F80110FFF733FDD4B105
:1006100021882846FFF735FDA1782846FFF72AFDF7
:10062000304608F1180203A908230097DCF7D6FB2F
:100630000022314642F23900DCF724FE06B0BDE864
:10064000F0813946D7E721462846FFF71AFD2146B3
:10065000E3E76FF06800F1E72030F6F78FB938B5BF
:100660000D460446D0B10846DDF7C6FDB0B104F131
:10067000180308211846FFF75CFF78B9297822781B
:10068000914204D06FF020011846FFF758FF294629
:100690002046BDE838400022DDF7F4BF6FF01500BA
:1006A00038BD38B5044610B304F11805FFF7D4FF80
:1006B00008212846FFF73DFFD8B16FF0800128469A
:1006C000FFF73DFF030602D52046FFF719FF09217A
:1006D0002846FFF72EFF18B100212046DDF7D8FD90
:1006E00000222046BDE838401146FFF772BF6FF088
:1006F000150038BD2DE9FF41DDF828800F4604467E
:10070000F8B100F118060B213046FFF712FF05463D
:100710000A213046FFF70DFF45B128B9B8F1000FA7
:1007200004D06FF0850009E0002AFAD1CDE901502C
:1007300039462046CDF80080FFF71FFF04B0BDE822
:10074000F0816FF01500F9E7D0E8AF0F704703466E
:1007500010B5D3E8EF0F00EA0102C3E8E42F002C44
:10076000F7D110BDD0F8B400003818BF0120704791
:100770002438DEF76DBF002203680BB918467047B6
:100780008B4210D10B6842B942680360914200D19C
:100790004360002301200B60704713604368994257
:1007A00008BF4260F5E71A461B68E6E7837A072B25
:1007B00001D1DEF799BF704710B50446006918B142
:1007C000DBF710F90023236110BD38B5037A044626
:1007D0008B42154615D100F170010722284606F01C
:1007E000F7F980B1E378072243B904F17E01284686
:1007F00006F0EEF9B0FA80F0400938BD04F1770157
:10080000F5E70020F9E70120F7E78378012B0CBF1B
:10081000703000207047F8B507460D464FF0FF30A6
:100820004FF0FF31DCF7ECFA0646D0B10E210C3068
:10083000DBF722FA04460E22002106F0C1F93B88BC
:10084000314623802B88002263806B8842F213009C
:10085000A380AB88E380EB882381BDE8F840DCF718
:1008600011BD6FF06800F8BD704710B50446F6F78B
:1008700009FE234653F84C2BD2F8B41061B9E16459
:10088000D2F8B81061B9C2E92D33F6F74DFE2068F1
:10089000BDE81040DFF7BEB88B42F6D00968EDE73F
:1008A0000B60C2F8B830F0E770472DE9F843446BAD
:1008B000002C55D054F8085905B1083D002701E037
:1008C0002C461D46D4E900682EB3F6F7DBFD002266
:1008D000D6F8B43004F14C0163B1994232D1E36CE3
:1008E00042BBD6F8B820C6F8B430914201D1C6F860
:1008F000B830E764F6F718FE04F13009002200234F
:100900004846F5F787F90646F8B9D8F804300BB130
:10091000204698472760E3680BB120469847D8F8EF
:1009200020300BB120469847D5B1AB68002BC7D01B
:10093000083BC5E71360D6F8B830994208BFC6F83F
:10094000B820D6E71A461B68C6E7B36923B16FF033
:100950006D02F169206898473046DBF743F8CDE730
:10096000BDE8F883F8B50F4600210546164600237A
:100970004FF224420846DFF7FBFE044620B9284622
:10098000BDE8F840DFF7C0BE04210C30DBF774F996
:100990000570477046802046F8BD406B28B1838BB8
:1009A00008388B4201D08068F8E7704710B54AB923
:1009B00089B2FFF7F2FF28B143689B6913B1BDE824
:1009C0001040184710BD38B50D460521FFF7E5FF6B
:1009D000002329461A46DFF7E5FE044610B12846F3
:1009E000DBF700F8204638BD406B28B18389083812
:1009F0008B4201D08068F8E7704770470346006873
:100A000028B15968026888421A6008BF5A60704766
:100A10000346002003B970471A8A5B681044F9E75F
:100A200010B5D4680231237813B92170012010BDAC
:100A30008B42FBD0038A023B038200201061F6E761
:100A4000FEF73EBE73B51446014605464FF4957257
:100A5000206800F00CFE207530B92946206800F0AF
:100A600095FE20B908232375002002B070BD237ABB
:100A7000B3B1A3F11802534253419B000193638A1F
:100A800029460093AE68238AE2682068B0470028B0
:100A900008DB238A98420CD1002301202375E4E768
:100AA0000223EBE710F1FF0F03D34042C0B22075E1
:100AB000DAE70E20FBE71FB5CDE9012300231A4634
:100AC0000093E1F7CFFF05B05DF804FBF8B593683C
:100AD00005460F461446166863B9506801210C306C
:100AE000DBF7CAF8A0602B681B78002B14BF022329
:100AF00001230370A3681B78012B03D0022B1FD0A6
:100B000000201CE02B681B78002BF9D160680421C1
:100B10000C30DBF7B1F8E06007802A68E3685288A0
:100B20005A806168728D738B088A9A4294BFC0EBB9
:100B30000200C0EB0300042894BF00200120F8BD90
:100B40002B681B78022BDBD1606812210C30DBF79D
:100B500093F8E06007802B68E268591C0232113379
:100B600051F8040B994242F8040BF9D16168728D77
:100B7000738B088A9A4294BFC0EB0200C0EB03005B
:100B80001228D9E770B40568AA6A52B3136803B192
:100B9000B03BA2F1B0040022114600E0B03B844219
:100BA00007D0668D648BB14238BF3146A24238BF50
:100BB00022461C462BB1D3F8B030002BEED1844234
:100BC000EFD1438D408B8B4201D890420BD98242AA
:100BD00038BF02469942286838BF194670BCE2F710
:100BE00027BF1146EDE770BC7047D0680431037829
:100BF00013B90170012070478B42FBD0002091682F
:100C00000B8A043B0B82106170472DE9F0410446CA
:100C10008868FFF7FDFE638D628B0D46934228BF07
:100C2000134683421DD30027E165D1F808808F6009
:100C3000F6F728FC41462046E0F71CF8064638B196
:100C4000C5F80880E765F6F76FFC3046BDE8F0812F
:100C5000618D638B2846994228BF194600F093FDA9
:100C6000F1E76FF07906F0E738B504460D46E0F796
:100C700001F830B1294604F16000BDE8384003F0C6
:100C800010BA38BD70B504460E460022002308464F
:100C9000F4F7C0FF054658B101462046DFF7EAFFEA
:100CA000044618B12946304603F006FA204670BDC6
:100CB0006FF00104FAE72DE9F04F044685B01046C5
:100CC00090469946FFF7A4FE638B628D8B46934254
:100CD00028BF1346834240F29380636840460393E3
:100CE000DAF7CCFE4FF0000A06464046FFF790FECA
:100CF000628B638D06F10C079A4294BFC0EB02052C
:100D0000C0EB03053846FFF7A1F9854217D24046EC
:100D1000FFF77EFE628B638D9A4294BFC0EB0205A3
:100D2000C0EB03058DBB98F80A00DAF7B1FC00228E
:100D30000023FFF72EF9064630B9574636E038460D
:100D4000FFF784F90546EDE701464046DAF7D4FEA1
:100D50004046FFF75DFE628D638B06F10C079A42F9
:100D600094BFC0EB0205C0EB03053846FFF76EF9F0
:100D700085421FD24046FFF74BFE628D638B9A423D
:100D800094BFC0EB0205C0EB0305F168328ACDF8D1
:100D90000090DBF804700A4403985946ABB2B84798
:100DA000071E0CDABAF1000F18BF5746384605B0D7
:100DB000BDE8F08F3846FFF749F90546E5E70E9B99
:100DC000B3B9394606F10C00DAF756FF4046FFF793
:100DD0001FFE638D628BB944934228BF1346834242
:100DE000BA441FFA89F9A8D9AF423FF47EAFA4E70D
:100DF000394630460F9A0E9B98470028E1D19CE770
:100E00000027D3E70022036803B970478B420FD154
:100E10000B683AB942680360914200D143600023F5
:100E20000B60704713604368994208BF4260F6E761
:100E30001A461B68E8E7D0E8EF3F43F00802C0E835
:100E4000E12F0029F7D1C3F3C00070472DE9F0412D
:100E5000064690461F460D46B9B104220121E0F72F
:100E600037F8044618B9BDE8F041DFF773BF042135
:100E70000C30DAF701FF0570A0F80180C770214639
:100E80003046BDE8F041FFF7EFBEBDE8F08137B571
:100E90000C46054601F10C00FFF7B9F8228A03461B
:100EA0000192E2681221009228461322E0F760F8CE
:100EB00003B030BD37B50C46054601F10C00FFF715
:100EC000A6F8228A03460192E26828460092002290
:100ED0001146E0F74DF803B030BD00232DE9F34192
:100EE00017681446D7F80480014613730646952206
:100EF000404600F0BCFB0546207330B93146404601
:100F000000F042FC28B908232373002002B0BDE89A
:100F1000F081CDE9005531463846A388A268FFF735
:100F2000CAFE002807DA10F1FF0F32BF0E20404240
:100F3000C0B22073E9E70120E8E700232DE9F3417F
:100F400017681446D7F804800146137306469522A5
:100F5000404600F08CFB0546207330B931464046D0
:100F600000F012FC28B908232373002002B0BDE86A
:100F7000F081A068798D7A8B038A914294BFC3EB8C
:100F80000103C3EB0203012BEFDD02210C30DAF782
:100F900073FECDE900558046A38831463846A268E5
:100FA000FFF789FE031E06DA13F1FF0F2ABF5B422B
:100FB0000E23DBB2D8E70120A8F80030D6E707B54A
:100FC000CA680C211388528800920D22E0F7E8FAD3
:100FD00003B05DF804FB07B50022CB680A211B882B
:100FE00000920B22E0F7DCFA03B05DF804FB2DE978
:100FF000F041CB6805461F88BBB2162B1BD90321D5
:10100000E0F790F90646C0B102210C30DAF734FE61
:1010100000244FF02108314680F8008044702846B3
:10102000FFF722FE2846A5F81A806F85FFF7AAFD74
:101030002046BDE8F0810420FBE70E20F9E7F8B573
:10104000054650F8044C071F00F15403D3E8EF1F86
:1010500021F00401C3E8E21F002AF7D1FCB1AB6D17
:1010600083B9636873B1201DFFF7C8FC06460146CB
:101070003846FFF7CAFD90B163683360A3686660C5
:1010800003B9A660384605F15C01FFF7FBFD30B1FE
:10109000384604F10C01BDE8F840FFF7F3BDF8BD98
:1010A0002DE9F041846A074634B354F8B06906B1BB
:1010B000B03E002307F104081D4601E03446164601
:1010C000E26D92B905B983B94046FFF797FC054632
:1010D00050B101462046FFF798FD68B17B682B6050
:1010E000BB687D6003B9BD6023462EB1D6F8B02041
:1010F000002AE3D0B03AE1E7BDE8F08138B5054613
:10110000D1E8AF3FDB0716D550F8040C98B1AB6DB2
:101110008BB90430FFF772FC044660B10146281F0A
:10112000FFF773FD38B155F8043C5A6822609A689D
:101130005C6002B99C6038BDE1F722BC08B5E0F7FD
:1011400027FC08B3826A02B3136803B1B03B32F8DC
:10115000960C32F8862C904228BF104643B913E013
:10116000934228BF1346984238BF1846A1F1B003F6
:10117000D3F8B0105A8B5B8D0029F1D19A4228BF69
:101180001A46904238BF104608BD1046FCE70A8A4E
:101190000023C968E0F726BD0120704708B5E0F7D5
:1011A000F7FB78B1836A6BB1B03B03F15802D2E828
:1011B000EF0F20F00800C2E8E10F0029F7D1D3F8C3
:1011C000B030F0E708BD08B50421FFF70DFC20B1F1
:1011D0005430D0E8AF0FC0F3C00008BD70B51C4656
:1011E0000E461546DFF722FD0123C0E90365C380E3
:1011F000047570BD002203680BB9184670478B4216
:1012000010D10B6842B942680360914200D143603B
:10121000002301200B60704713604368994208BFA8
:101220004260F5E71A461B68E6E710600020704749
:1012300010B5029CA36833B1B1F5807F28BF0E21A1
:10124000CAB221469847A37DE268013BDBB2A37591
:1012500022B11BB92046BDE81040104710BD1060F8
:1012600091800020704700207047FEF732BAF0B539
:10127000076806463D78144689B0E5B97B88B3F522
:10128000245F04D011D8A3F52053032B13D8ADF855
:101290000A10022220460DF10A01E0F711FE70B19A
:1012A0006FF01502C4F8882206E003F55643FF33B9
:1012B0009BB2042B1DD90125284609B0F0BD7B88BF
:1012C000022220460DF10A01ADF80A30E0F7F8FDE0
:1012D0000028E5D1009003AA132331467768B84768
:1012E000021EDFDB03A92046E0F7EAFD0028E2D07A
:1012F000D6E7ADF80A10022220460DF10A01E0F708
:10130000DFFD0028CCD17B880222ADF80A300DF138
:101310000A01E8E7072208B505F05AFCB0FA80F0A8
:10132000400908BD10B503780446934207D1013047
:10133000FFF7F0FF002814BF2046002010BD00205A
:10134000FCE7034610B5D3E8EF0F40EA0102C3E81B
:10135000E42F002CF7D110BD034610B5D3E8EF0FF2
:1013600000EA0102C3E8E42F002CF7D110BD0B689E
:1013700003608B8883808B7983717047D0E8AF0FCF
:101380007047FEF79DB9F8B599420446DDE90607B6
:101390000D46089E01D90020F8BD914201D20120DE
:1013A000FAE760B98FB933882946013B338020467C
:1013B000099B0A9A98473388002BEDD1EBE7216807
:1013C000FEF7AEFE0028EDD0E9E7E368BB42E6D1C8
:1013D000E9E770B50D46064611F8010BDEF7B6FFDA
:1013E000044610B12C89DEF7D3FA6B89A34207D0EB
:1013F000EB686C8123B121463046BDE87040184748
:1014000070BD38B5BDF810401546A2420CD84CB19D
:101410006BB1A21A8A42A8BF0A4694B22246591951
:1014200005F0A7FB204638BD6FF00600FBE76FF024
:101430000D00F8E730B585B0C96814461D46E0F7E1
:1014400003FE00B100890223ADF80E000093294687
:101450002046BDF820200DF10E03FFF7D2FF05B0A6
:1014600030BD1FB50C461946E36810461C78BDF820
:1014700018203CB110240133069404B0BDE810409C
:10148000FFF7BFBF5B88ADF80E30022300930DF16C
:101490000E03FFF7B6FF04B010BD30B51D460023A4
:1014A00085B014468DF80C30E0F7B6FD10B1037A24
:1014B0008DF80C300123294600932046BDF82020EA
:1014C00003ABFFF79EFF05B030BD2DE9F041144698
:1014D0001D46BDF81870DBF7B1FD0646D5F750FB89
:1014E00080B2069033463A4629462046BDE8F04190
:1014F000FFF787BF30B585B014461D46FEF7FBFEEB
:101500000223ADF80E00009329462046BDF82020A6
:101510000DF10E03FFF775FF05B030BD1060002020
:101520007047022A10B508D1002300F170011A4655
:10153000007AE0F7F9FD022010BDE0F713FFFAE7AB
:1015400008B50C3029B10121FFF7FBFEC04308406C
:1015500008BD6FF00101FFF7FFFE00F00100F7E7A3
:1015600010B50446FFF7ECFF38B12146BDE8104046
:10157000012211F8010BE0F77BBD10BD38B5044620
:101580001546FFF709FE48B12046E0F745FD28B1B2
:10159000037ADB0702D50121FFF7E2FF55B9207A74
:1015A00004F17001E0F7CAFC20B18560BDE8384065
:1015B000E0F7A2BD38BD13B5044610B9002002B053
:1015C00010BD00238DF8043042F60303006801A922
:1015D000ADF80630FEF7A4FD0028EFD1E368988847
:1015E0000028ECD12046E1F7FDF9013080B2E6E7B2
:1015F00070B5CC681E46A37988B008468DF80C30CB
:101600001546FFF7D8FFADF80D00246823786BB9B5
:101610006388ADF80F300523009331462846BDF8A6
:10162000302003ABFFF7EDFE08B070BD631C0DF179
:101630000F02113453F8041BA34242F8041BF9D1E2
:101640001323E9E71FB5CDE9012300231A460093D0
:10165000E1F708FA05B05DF804FBE1F735BBA0F14E
:101660000F0110F8100CE1F7BDBDFFF767BD4B8A05
:1016700012F0010FC3F30E0304D013F0950F10D036
:10168000486870B112F0020F04D013F4957F0AD0AD
:10169000896841B1134013F4DE7F14BF0520002098
:1016A00070470220704703207047F8B50F46516815
:1016B00006464B8A144603F0940313BB0122E1F75C
:1016C000E7FD08B3A2891B2130460232E0F71AFA7F
:1016D0000546E0B1A1890C300231DAF7CDFA20F8E5
:1016E000027BA289A16805F044FAD4E904122846D5
:1016F0000123FFF773FD29463046BDE8F840E0F7C7
:101700005FBB4FF0FF30F8BD6FF01500FBE76FF0E7
:101710000B00F8E72DE9F04105468846E0F77CFC30
:101720000446E0B1037ADB0719D500F10C0738460F
:10173000FFF724FE10F0010611D1B8F1000F0FD011
:101740006FF002013846FFF707FE10F0020F28463F
:1017500009D0FFF723FD01212046FFF701FF0126F5
:101760003046BDE8F081FFF717FD0028F8D0284685
:10177000FFF729FD0028F3D06FF002013846FFF78C
:10178000EBFD2846E5E770470120704701207047D0
:101790000021F8B54FF0FF324FF0FF330546084601
:1017A000DEF7E6FF00F10C07044601213846DAF7C0
:1017B00063FA0526012106703846DAF75DFA002340
:1017C00006701A4621462846DEF7ECFF10B1204687
:1017D000DAF708F90020F8BD6FF0850070470020A7
:1017E0007047436A13B15B6803B1184770470346FB
:1017F00010B5D3E8EF0F40EA0102C3E8E42F002C54
:10180000F7D110BD08B5E2F7C7F9C0F3400008BD35
:10181000C078431E584258417047D0E8AF0F704718
:10182000D0E8EF3F0B43C0E8E23F002AF8D1704711
:1018300010B50446E2F73EFB012801D1002010BD9F
:1018400021460F20E2F7A2FA0028F8D1012CF5D1A9
:10185000EAF75AFEF2E7A0F57F40FC3808B5032806
:1018600011D8DFE800F0040A0D02012008BDE2F7FC
:1018700021FB431E58425841F8E7E2F76DFBF8E7B9
:10188000E2F7F6FBF5E70020F0E7032A08461946E1
:1018900001D1E2F7A3BC704738B5137A14465A0752
:1018A0000D460BD443F00403237223681BB11B685D
:1018B0000BB1626898470DB10023236038BD0B7AE5
:1018C0005B0705D50B681BB15B680BB1496818470E
:1018D000704708B5FFF796FF18B1BDE80840EFF76D
:1018E00067B8BDE80840EEF7ABBB437C90F82D200D
:1018F0000374002380F82C20437480F82D30704747
:1019000008B50B784BB124300822C9680A3005F0BD
:101910005FF9B0FA80F0400908BD0830F4E730B54F
:1019200090F8483005460C4685B043B102AB0093B1
:10193000CB686C30D1E9012100F085FC68B195F8E5
:101940007030CBB102AB0093E36805F19400D4E9A9
:10195000012100F078FC78B901200028D4BF0020D4
:101960000120607501209DF808302375DDF80930ED
:101970001BBA236105B030BD0020FBE738B502F08B
:101980009FFC4FF47A74A0FB040547F61222002353
:1019900004FB0151CFF746FD38BD10B5044619B917
:1019A000E2F746FA20B910BDE2F74CFA0128F7D168
:1019B000637AFF2BF7D001336372FFF7DFFF6060BC
:1019C000F1E70023C0F81230C0F81630C0F82E300E
:1019D000C0F83230704710B514461AB1BDE8104057
:1019E000E2F7D8BDE2F7ACFD204610BD012901D0D9
:1019F000E3F720B87047002202828285E3F71AB825
:101A0000B0F8013002785BBA9BB243EA02407047FB
:101A1000FDF756BE70B50D4604460146281D164614
:101A200000F099FA38B93146206805F10802BDE89E
:101A30007040E5F7F7B970BD70470320EAF742BE82
:101A400008B50320EAF73EFE0420EAF73BFE072034
:101A5000EAF738FEBDE808400520EAF733BE10B5C6
:101A60000446043000F097FC04F10C0000F093FCF5
:101A700004F1100000F08FFC04F1200000F08BFC5A
:101A800004F11C00BDE8104000F085BC0A460121AD
:101A9000FDF716BEF0B585B006460D466846114600
:101AA000174600F05CFC044670B928235D4305F13D
:101AB0004C0039463044483500F064FC21466A4603
:101AC0007019E3F7D1FF0446204605B0F0BD30B5EC
:101AD00001258BB00446BDF838008DF80C508DF808
:101AE0000E100D0A110A8DF80F108DF810208DF8C8
:101AF00012301A0A8DF81400030A0F9906A88DF8FF
:101B00000D508DF811208DF8133000F028FC50B9DD
:101B100004F108030193231D00930922234603A91E
:101B200006A8E5F77BF80BB030BD10B504460430CD
:101B300000F031FC04F10800BDE8104000F02BBCBF
:101B40000121E4F78BB838B50446032909D8DFE84A
:101B500001F013020D110123022183702046E3F7E7
:101B600063FF2088BDE83840FFF7EABF0223032166
:101B70008370F3E78378ABB1002304F14805A370C9
:101B80002846FFF76CFF04F1700304F1980253F844
:101B9000041B934245F8041BF9D10023042184F867
:101BA0007030DBE738BD62B18378012B04D1C1F11D
:101BB0000301C9B2FFF7C7BF022B02D109B9032144
:101BC000F8E7704710B5044600210088E4F746F8AE
:101BD00094F848301BB104F14800FFF740FF94F837
:101BE00070301BB104F17000FFF739FF2088E3F774
:101BF000FDFB01212046E3F717FF96220021A01CE0
:101C000004F0DEFF4FF6FF73238010BD08B5E3F745
:101C1000E1FF003818BF012008BD38B5E3F7DAFF4F
:101C20000D46044628B38378012B19D00FD9023B07
:101C3000012B1CD92A46012104F17000E3F714FF9F
:101C4000A8B901212046FFF77EFF002010E000F137
:101C50004C01284600F0ADFB0028EBD1062007E040
:101C600000F17401284600F0A4FB0028EDD00B2001
:101C700038BD0420FCE708B5E3F7ACFF18B1FFF767
:101C8000A1FF002008BD0420FCE708B5E3F7A2FF90
:101C900018B1837800200B7008BD03460420FAE7D2
:101CA00008B5E3F797FF48B1C3780B7090F842008E
:101CB00080F00100034000200B7008BD03460420A3
:101CC000FAE7F0B585B006460D4668461146174658
:101CD00000F045FB044668B9691C6846CD0006EB78
:101CE000C101E5F721F8044620B9281D39463044E2
:101CF00000F048FB204605B0F0BD10B504460021B9
:101D00004088E4F71BFA01212046E4F78DF92046CC
:101D10004FF0FF3340F80C3B00F03DFB04F11400A2
:101D200000F039FB04F108001022BDE8104000214A
:101D300004F046BF08B9E4F78BBC7047084611466B
:101D400008B1E4F7A7BC7047030C020E4B70C0F358
:101D500007230A708B70C870704738B50C460B7833
:101D600001460546013301F8013BA368607843EA68
:101D7000C070FFF7E9FF638805F109011A0A6A716B
:101D8000AB71A3881A0AEA712B72E068BDE838408B
:101D9000FFF7DABF07B5CDE900120122694600F06E
:101DA000C6FA03B05DF804FB7FB51D4601230C465F
:101DB0008DF8003002F10C016B4452F8046B8A423A
:101DC00043F8046BF9D1127869461A704FF48073A6
:101DD0006A46ADF80E30E5F721F968B96A46611E2A
:101DE0006B1E043411F8016F12F8015BA14285EA01
:101DF000060503F8015FF5D104B070BDF0B51C46CF
:101E00001923064689B00D468DF8003002F10C0109
:101E10000DF1010352F8040B8A4243F8040BF9D187
:101E2000127869461A704FF4A063304604AAADF8E0
:101E30000E30E5F7F3F858BB04AF3A466B1E043595
:101E4000117813F8010F4140AB4202F8011BF7D1A2
:101E500004AA11463046E5F7E1F8C8B901238DF828
:101E6000003004ABADF80E0004AA03CB2060616023
:101E700030466946E5F7D2F850B9631E073413F8C7
:101E8000011F17F8012BA34282EA01021A70F6D152
:101E900009B0F0BD1FB5002413460A460146684646
:101EA000CDE90044CDE90244FFF774FF04B010BD52
:101EB00038B50D460446D4F763FE2A46014620464F
:101EC000BDE83840FFF7E6BF70B50D461446002167
:101ED00006468AB01C2203A8029104F071FE234634
:101EE0000122694602A8CDE90065E5F7E7F80AB0E6
:101EF00070BD70B50646049D10461C460A462B462A
:101F00003146FFF747FF00280ADB2046D4F738FEAA
:101F10002B46024621462846BDE87040FFF73ABFEF
:101F200070BD30B505468BB010461C46CDE900515A
:101F30000122694602ABE5F7C1F850B92046D4F753
:101F40001FFE0122CDE9004069460E9B02A8E5F77D
:101F5000B5F80BB030BDF0B50C680D4694F9011022
:101F600007460029B4BF08260426012B10464FF06F
:101F70000003627889B030D1CDF81130CDF815303A
:101F8000CDF8193003238DF81030A3788DF8123076
:101F9000E3788DF8133023798DF8143063798DF858
:101FA0001530A3798DF816300DF11901FFF7CCFE2D
:101FB0000021AB88E21DCDE900113846CDE90226AB
:101FC000073B04A900F066F9044618B931462846D3
:101FD000D9F752FE204609B0F0BD8DF81120A27845
:101FE0008DF810308DF81220E2788DF813202279C8
:101FF0008DF8142062798DF81520A2798DF81730AC
:102000008DF816208DF81830CEE7F0B50C680F4625
:1020100094F9011005460029B4BF08260426012BB7
:1020200010464FF00003627889B02CD1CDF8113002
:10203000CDF81530CDF8193003238DF81030A37882
:102040008DF81230E3788DF8133023798DF8143041
:1020500063798DF81530A3798DF816300DF11901DB
:10206000FFF772FE0021BB88E21D9B1B9BB2BB8069
:102070002846CDE90011CDE90226073B04A900F06E
:102080002FF909B0F0BD8DF81120A2788DF810302D
:102090008DF81220E2788DF8132022798DF8142023
:1020A00062798DF81520A2798DF817308DF81620F9
:1020B0008DF81830D2E770B50D4688B0064604A8F2
:1020C0001446FFF74AFE296968780B1E18BF0123E2
:1020D00000280CBF0420082022681B01CDE9022043
:1020E000CDE900133046A38804A900F0D3F80646D2
:1020F00038B96B782046002B0CBF04210821D9F792
:10210000BBFD304608B070BDF0B50D4689B007463E
:1021100004A814461E46FFF720FE2A696878131E9D
:1021200018BF012300280CBF0420082031681B01C0
:10213000CDE90210CDE900233846A388226804A91E
:1021400000F0CEF8054618B93046A188D9F794FDBD
:10215000284609B0F0BD002810B54FF000000CBFB4
:10216000102420248AB0CDE90000CDE90200CDE999
:102170000414CDE90624CDE90834032268460C9BFB
:1021800004A900F0D4F80AB010BD0346012B08469C
:1021900002D19121FFF798BE13B99121FFF77ABEC2
:1021A0006FF01500704730B5044685B008461D46EF
:1021B0001146089B22464CB1012C11D100912021DF
:1021C00001916946E4F77AFF05B030BD1022009115
:1021D000CDE9012503926946022200F0A8F8F3E751
:1021E0006FF01500F0E71FB50824CDE90234002395
:1021F000CDE90033192300F073F804B010BD30B5F9
:102200008BB08DF8081011680446CDF8091051689C
:102210001846CDF80D100DF111010E9DFFF794FD3C
:1022200002AB00930D23012201936946204606ABC1
:10223000E4F70EFF024618B906AB03CB28606960CD
:1022400010460BB030BDF7B50C46089F11461D4631
:1022500022463B460646FFF7A7FD78B96B46224665
:1022600039463046FFF7CAFD40B90822294668467C
:1022700004F0AEFC002818BF6FF04C0003B0F0BDB6
:102280008160704708B5F7F751FD002818BF6FF05F
:10229000040008BD70B58AB0119C09AEE518CDE9FF
:1022A0000556109E2404CDE903360F9B04F47C14DC
:1022B00001930E9B029200930A4644F0A8610D23FD
:1022C000006841F4807102F026FB30B9099B9D4201
:1022D00018BF6FF004000AB070BD6FF00400FAE799
:1022E00070B51C468AB0119B09AE1D042344CDE98C
:1022F00002230F9BCDE905460193109E0E9B05F42A
:102300007C1500930A46049645F0A8610D230068E9
:1023100041F4807102F043FB30B9099BA34218BF1E
:102320006FF004000AB070BD6FF00400FAE7F7B573
:102330000D461646014601AA02201F46E4F7B2FFE9
:10234000044648B93B463246294601A8E4F780FED8
:1023500004460198F7F7A2F9204603B0F0BD13B583
:102360000C461022014601AB206802F0E1F930B9B9
:10237000019B102B18BF6FF0040002B010BD6FF06E
:102380000400FAE70B68036003F16040052801D8F8
:10239000E4F720BE704710B504460068F7F77EF9F1
:1023A00020B92068BDE81040E4F7FEBD6FF00400DE
:1023B00010BD1FB504466846FFF7D1FF20B91022B3
:1023C0002146684604F004FC04B010BD0246002318
:1023D00030B5058B9D4201DC002030BD546904EB13
:1023E000430034F813408C42F7D00133F2E738B59C
:1023F0004B6842685B6812781B7805469A420C4627
:1024000001D0012038BD0989FFF7E0FF20600028D6
:10241000F7D000206560F5E770B54B6842685B68EF
:1024200012781B7805469A420C4601D0012070BDF7
:10243000C66989683368994202D000232360F5E7B2
:1024400021B9FFF7C3FF002808BF00262660002E31
:10245000ECD000206560EAE7FDF732B938B501F04D
:102460002FFF4FF47A74A0FB040547F612220023D5
:1024700004FB0151CEF7D6FF38BD136810B4012B11
:1024800003D9023B10BC1360704705D1002310BC78
:102490001360090AFDF7EEBD10BCFDF7F2BDF8B5FB
:1024A000069C0D46204616461F46FDF7CFFDA84266
:1024B0000DD3A38821682A4619443846B0470146FF
:1024C00010B12046D9F7D8FB6FF07700F8BD6FF058
:1024D0006800FBE713460A460121FDF7FAB81368C6
:1024E00013B1013B13607047FDF7C4BD08461146A8
:1024F00008B1E5F7D5BA704773B581680646A1B350
:10250000CB6993B38B8883B3E5F732FA051E2CDDD4
:102510008C7C14F0010411D0002302210DF106007F
:10252000ADF80630F1F788F94FF4F073BDF80640C6
:10253000B4FBF3F203FB12441434A4B22C4440F273
:10254000E73047F6122500214FF47A720023C4FBCE
:102550000501CEF767FFB668024620360B463046C7
:1025600002B0BDE87040F4F793B902B070BD30B569
:102570001D46002385B0CDE902030C460193ADF85A
:102580000C20FFF73FF918B9E4F70AFF05B030BD9A
:102590002A462146089B01A8E9F74AF8F6E770B5F4
:1025A00000234FF6FC76CA1C058A92B29D4201DCDC
:1025B000002070BDC46834F813408C4205D0B4428A
:1025C00001D1012A01D90133F0E70120F1E7F0B58B
:1025D000002304464FF0280CC779D8B2874201D8AF
:1025E0000020F0BD0CFB03F5E6687019755B8D42A9
:1025F00002D145889542F4D00133EEE7F0B50246AA
:10260000002328278679D8B2864201D8002007E027
:1026100007FB03F49568013328192C5B8C42F2D137
:10262000F0BD0B4611461847E5F7C4BE42680820C6
:10263000538843F001035380EAF744B84268082006
:10264000538843F002035380EAF73CB842680820FD
:10265000538843F004035380EAF734B8EEF7C2BE60
:10266000EEF7E6BE38B58368044613B900F10C03F3
:102670008360A368FF2923604FF00003A38005D87F
:102680002046BDE83840C9B2FDF7F4BCB1F5803F43
:102690008DB205D229462046BDE83840FDF7FABC88
:1026A0002046C1F30741FDF7E5FC29462046BDE879
:1026B0003840FDF7E6BC37B51346044689B9826851
:1026C000AAB1926991809168116080689A881968AE
:1026D0008069FDF7C3FC204603B0BDE83040E5F754
:1026E00045BD00230093E5F7FFFC03B030BD6FF05C
:1026F0008500FAE738B5002304461D461946228BAB
:102700009A4209DCE369186820B1E8F717F900225A
:10271000E3691A60284638BD626932F8130010B1C7
:1027200022F8131001350133E9E708B5FFF7E2FF9E
:10273000012008BDFCF7CDBF2DE9F041002305467F
:102740000C464FF6FF7801EB4206B44206D1DBB1EE
:102750002846BDE8F0411988FDF793BC224634F8BD
:10276000027B4745F1D06BB11988284641EA073111
:1027700089B2FDF786FC2846C7F30711FDF77AFCFE
:102780000023E2E71346E0E7BDE8F081FCF798BFDD
:10279000E1F708BA10B50446FFF7ACFF10B12046C8
:1027A000FFF74CFF636A2BB1DB681BB12046BDE825
:1027B0001040184710BD10B404682488C4F30B04FB
:1027C0000C8003680321B3F8013010BC1B0913808F
:1027D000D9F71EBA42680346107808B1E6F722BD61
:1027E0004FF6FE71DA6811805A68538843F010037F
:1027F000538070474FF4E02230B589B003AB0446F4
:102800000D4605A848F21101CDE906230593FFF70F
:1028100029FFE1F7A1FB014605A8FDF72BFC0023EA
:1028200029462046009305AAE5F75EFC08B1E6F7C5
:1028300007FD002009B030BDFFF7DCBF084609B135
:10284000E6F724BD7047F8B58B880546032B0C4688
:102850001646084609D8FDF7DAFB00233370014617
:102860002846BDE8F840FFF7C9BEFDF7D0FB074694
:102870002046FDF7CCFB012333700246394628463B
:10288000BDE8F840FFF7A3BE4FF4E02230B589B0B1
:1028900003AB04460D4605A848F22501CDE9062301
:1028A0000593FFF7DFFEE1F777FB014605A8FDF78B
:1028B000E1FB002329462046009305AAE5F714FC16
:1028C00008B1E7F7F3F8002009B030BD4FF4E0227B
:1028D00030B589B003AB04460D4605A848F2140193
:1028E000CDE906230593FFF7BDFEE1F7E3FA0146C4
:1028F00005A8FDF7BFFB002329462046009305AA43
:10290000E5F7F2FB08B1E7F7DBF8002009B030BDCE
:10291000FFF7DCBF4FF4E02230B589B003AB0446CB
:102920000D4605A848F20E01CDE906230593FFF7F1
:1029300099FEE1F7F1FA014605A8FDF79BFB00239C
:1029400029462046009305AAE5F7CEFB08B1E7F734
:10295000E5F8002009B030BD4FF4E02230B589B071
:1029600003AB04460D4605A848F20B01CDE906234A
:102970000593FFF777FEE1F75BFA014605A8FDF73F
:1029800079FB002329462046009305AAE5F7ACFB16
:1029900008B1E7F7CDF8002009B030BD2DE9F041CE
:1029A000044617461E460D4648F23E01DDF81C80DF
:1029B000FFF758FE9DF818102046FDF75BFB3946DF
:1029C0002046FDF75EFB31462046FDF75AFB45B138
:1029D00004212046D9F750F9D8F800300360BDE84B
:1029E000F08102212046D9F747F9B8F8003003807A
:1029F000F5E72DE9F8431F46836804460D469046E7
:102A00009DF820609DF82890002B7DD0002E79D174
:102A1000DA6912B9B9F1000F76D12DBB9A8802B3E9
:102A20009D80A3689A8965F30B029A81A3685A7BFB
:102A300065F304125A73A3689D73A3681D74A36899
:102A4000DD73A3685A7C65F307125A74A3689D600E
:102A5000A068C36913B12030F3F790FF2046FFF759
:102A6000F5FD3046BDE8F8833846E3F701FD08B9C7
:102A70000326F6E739462046FFF791FD0028F7D0F8
:102A8000A268938883F40043B3F5804F02D2906824
:102A9000E7F754FFA3689D80A3689A8967F30B0248
:102AA0009A81A3685A7B6FF304125A73A3689DF846
:102AB00024209A73A3689DF82C2083F81090A368B3
:102AC000DA73A368C3F80880A368DB69002BC5D05C
:102AD0002046E4F74DFF051EA068BCDD47F6122C2A
:102AE00000F12007002140F2E7304FF47A72002312
:102AF000C5FB0C01CEF796FC02460B463846F3F7B1
:102B000037FFABE70A26ACE70726AAE7F0B504468D
:102B100085B008460E46E3F7ABFC18BB032005B0B2
:102B2000F0BDE36833F81520B24215D123F81570D3
:102B30002046FFF77BFDA36873B19B89C3F30B03AA
:102B4000B34209D1002320461A461946CDE9023383
:102B5000CDE90033FFF74DFF0135238A9D42E0DBCD
:102B60000020DCE700254FF6FF77F6E7009B198889
:102B7000FFF7CCBFF0B585B004460D46104603A95B
:102B80000DF10E02FFF717FEBDF80E60BDF80C70D8
:102B900030463946E3F7D2FB334602462946204603
:102BA0000097E7F741FA05B0F0BD2DE9FF41144663
:102BB00005460E4620460DF10E0203A9FFF7FBFD68
:102BC000BDF80E70BDF80C80226841463846E3F728
:102BD0006BFB3B46024631462846CDF80080E7F7BE
:102BE00023FA04B0BDE8F0812DE9FF411446054603
:102BF0000E4620460DF10E0203A9FFF7DCFDBDF8DD
:102C00000E70BDF80C80226841463846E3F700FBA1
:102C10003B46024631462846CDF80080E7F704FAE5
:102C200004B0BDE8F08130B504460D4685B0684675
:102C3000E3F7DEFE6B46002229462046E7F72AFA34
:102C400005B030BD30B504460D4685B06846E3F7A3
:102C500045FF6A4629462046E7F784FA05B030BDAD
:102C600050F8043C23B15B6913B150F8080C1847C5
:102C70007047FCF725BDE7F791BB2DE9F0414368AC
:102C80000446104615465F68FDF7B9F90646284622
:102C9000FDF7BDF97B68024633B1DB6823B13146ED
:102CA0002046BDE8F04118470020BDE8F08170B52E
:102CB0004368044610465D68FDF7A9F96B68014654
:102CC0002BB19B681BB12046BDE87040184700201F
:102CD00070BD30B54FF4E022044689B003AB0D4619
:102CE00005A848F23701CDE906230593FFF7BAFCA2
:102CF000A36805A8597C01F00F01FDF7BBF900237B
:102D000029462046009305AAE5F7EEF908B1E7F752
:102D1000CFFB002009B030BDFFF7DBBF38B504465C
:102D20000D46E7F77BFB28B929462046BDE8384029
:102D3000FFF7CFBF38BD10B504461046FDF75FF969
:102D400001462046E7F71AFD002010BD38B50446BD
:102D50000D46FFF7F0FF28B929462046BDE8384068
:102D6000E7F71CBB38BD70B50D46044660B103687B
:102D70001BB10A46002108469847636823B12946DB
:102D8000BDE870400020184770BDFCF799BC2DE9E4
:102D9000F04190F85030044613F0020F0CBF4FF092
:102DA0000C084FF0080816460F46B0F84630058E5E
:102DB00008FB113390F8481098451046A8BF5FFAF9
:102DC00083F8FDF757F994F85030C5F30C05C3F3B9
:102DD0008003A909AD0041EAC311304645EAD70591
:102DE000FDF748F9E9B23046FDF744F994F84A1086
:102DF000304641EA4711C9B204EB8704FDF73AF9BE
:102E0000424630466168BDE8F041FDF727B92DE93B
:102E1000F041002506460C46174680468B688D809B
:102E20000B60F37F204613F0200F0CBF0C2208220A
:102E3000B38B58F8041F05FB12339A42A8BF1A46F9
:102E4000FDF70CF9F37F013503F01F02AA42E8DA1F
:102E50009B0606D4002F0CBF04220822A3889B1ACD
:102E6000A380BDE8F08138B501F02AFA4FF47A74F6
:102E7000A0FB040547F61222002304FB0151CEF704
:102E8000D1FA38BDF8B5002705460E46144617613D
:102E9000E06918B162786169FFF7B9FF688980F469
:102EA0000043B3F5804F13D3A36921469A689F80EE
:102EB0001A603046D4E90523FFF726F990B96B89EB
:102EC00083F40043B3F5804F0FD22369EB600CE02D
:102ED00000222169E7F756FD20610028E4D16FF058
:102EE000010002E02369002BD2D1F8BD38B592F879
:102EF00050300D461B0714460BD4536D4BB11B6865
:102F00003BB1926D984794F8503043F0080384F831
:102F1000503094F8503043F0200384F85030FFF7DD
:102F2000A2FFC4E90E0145B194F84C302BB1204604
:102F3000BDE838400021E7F767BF38BD6038E8F7E3
:102F400013B810B50C46FFF78EFF94F850309B066F
:102F500009D594F84C3033B1A16B411A2046BDE835
:102F60001040E7F751BF10BD2DE9F04307468DB083
:102F700091460D460E2200210DF122009846159E25
:102F80009DF8584003F01CFE3B88ADF82090ADF84A
:102F90001C304FF6FF73ADF81E300023069307ABCD
:102FA0008DF82C800497059344B3E5F737F8ADF816
:102FB0001800E0F7F1FF2DB2002D8DF81A001ADD90
:102FC0000021149BE4031B88320EC3F30C0344EA74
:102FD0008304330C8DF80B3073BA64BA8DF80A2071
:102FE000ADF80C30CDE90011062302AA04A8ADF813
:102FF0000840E8F7DDFB0DB0BDE8F0832846D6E7D2
:10300000D0E8AF0F084100F001007047034610B54B
:10301000D3E8EF0F00EA0102C3E8E42F002CF7D158
:1030200010BD034610B5D3E8EF0F40EA0102C3E834
:10303000E42F002CF7D110BD30B51D460023142A13
:1030400038BF142287B005930523D200B2FBF3F2F8
:10305000C36A044693428DF8161005D0C0E90B22CE
:1030600008210430FFF7DDFF0023CDE901330A9B7F
:103070002046009305AA2B4604F12401E9F71CF829
:1030800007B030BD38B5051D044600212846FFF7BE
:10309000B7FF60B102212846FFF7B2FF28B104F163
:1030A0001400E9F72BFA012038BD0020FCE704F1F9
:1030B0001400F3F79FF90028F1D0EBE710B50446B0
:1030C00002210430FFF7ADFF04F11400BDE8104009
:1030D000E9F714BA012303FA01F1CA4330B5D0E885
:1030E000EF3F03EA0204C0E8E54F002DF7D1194293
:1030F00014BF0120002030BD4FF6FF70E9F716BD68
:1031000010B504462046D8F725FC00B910BDD8F705
:1031100069FCF7E7FCF7D4BAFCF7DBBA70B5C37803
:10312000044643F00403C37047F612268578002155
:1031300040F2E73033354FF47A720023C5FB0601C5
:10314000CEF770F902460B4604F13800BDE8704036
:10315000F3F70EBC70B54FF47A730C46B1F88E508D
:1031600047F6122640F2E73000215D434FF47A72B1
:103170000023E5FB0601CEF755F902460B4604F1A4
:103180009000F3F7F5FBB4F88E305B00A4F88E30B6
:1031900070BD10B5C378044613F0100010D0236939
:1031A0001B888B4219D113B2002B0ADCA38D9342EA
:1031B00015D0E38D934212D0208E831A5842584185
:1031C00010BD20880028FBD0824206D3237A034416
:1031D0009A42ACBF00200120F2E70020F0E7012076
:1031E000EEE738B5D37815461A0703D4BDE8384062
:1031F000E9F70CBE6FF3C30313F01004EB7004D1B6
:10320000686F10B1D8F7EEFB6C6738BD70B5002160
:10321000044647F61226456840F2E73025EAE57590
:103220004FF47A720023C5FB0601CEF7FBF8024685
:103230000B4604F13800BDE87040F3F799BB70B558
:1032400004460D461CB104F10C06013D00D270BDD0
:103250003046FCF7D4FE208A0028F6D12146D8F764
:103260006BFC0446EEE7F8B530F8043C0446BBB10D
:1032700001F026F84FF47A76A0FB0607002347F604
:10328000122206FB0171CEF7CDF854F88C5C54F88D
:10329000083C6D00C01A854203D2002324F8043C88
:1032A000F8BDA4F19000BDE8F840E9F775BD2DE93F
:1032B000F0470468884616463CB304F10C094846BA
:1032C000FCF7C0FE052105462046B4F810A0FFF724
:1032D000B6FF4846FCF7A3FE074603212046FFF74A
:1032E000AEFF4846FCF79BFE6369B84513FA85F5C7
:1032F000E560A4F810A006D1C0F38C00831B5842EF
:103300005841BDE8F0870020FBE72046F9E738B5D3
:1033100004461D4642B994F87000C0F11000A8425E
:1033200094BF0020012038BD12886830C2F30C021F
:10333000FFF7BDFF0028F6D1EDE709B1E9F7CABEF6
:1033400070472DE9F84F0546894692460027846F5D
:103350000CB9BDE8F88F238A102B17D104F10C0BA0
:103360005846FCF76FFE012106462046B4F810804F
:10337000FFF765FF5846FCF742FE10F0800FB6B22B
:1033800007D16369A4F810803344E36027462468BA
:10339000DEE703215846D8F73BFC5846FCF73FFED2
:1033A0008245EED102212046FFF749FF0121584610
:1033B000D8F748FC03785B06E3D15846FCF72FFEAC
:1033C000D9F80030C0F38F0058406369C0F30C0097
:1033D0003344E360A4F810800028D7D1236887B96C
:1033E000EA6FAB67944200D1EB6700232360D5F806
:1033F00080302046013BC5F88030BDE8F84FD8F753
:10340000F1BA3B60EB6F9C4208BFEF67EDE738B560
:1034100004460D460521D8F7C3FB29462046BDE8E2
:103420003840FCF727BE0A460121FCF749B9EBF703
:103430008DB9034610B5D3E8EF0F40EA0102C3E8A7
:10344000E42F002CF7D110BDFCF73AB9034610B5B4
:10345000D3E8EF0F00EA0102C3E8E42F002CF7D114
:1034600010BD08B5E1F756FCBDE80840E1F716B815
:1034700007B5002343F2D4020421CDE9002340F034
:1034800008020020E0F734FF20B903B05DF804EB38
:10349000EBF7A4BD03B05DF804FB0846114608B184
:1034A000EBF7F8BE7047EBF753BF7047ECF78CBDF6
:1034B000ECF74EBC704700F170010068D3F708BE0E
:1034C0007047704730B54FF4E01204460D468DB09A
:1034D00005AB012102A8CDE903230293D8F760FBD5
:1034E000284694F8382002A9FEF775FA38B92468FE
:1034F000009003460121206802AAEDF76BFC0DB095
:1035000030BD08B50B4601461846FFF7DBFF003813
:1035100018BF012008BD38B500F0D2FE4FF47A7410
:10352000A0FB040547F61222002304FB0151CDF74E
:1035300079FF38BDFCF7CDB84FF6FF7310B50288A0
:103540000C469A4205D0C378012B04D1236801337D
:103550002360002010BDE0F7ADFC0128F6D0E0F7B5
:10356000B3FC0128F5D1F1E730B581B1821C1346D7
:1035700000F1220433F8025F8D4208D0A342F9D152
:10358000002332F8024F1CB900EB4300818030BDAC
:103590000133102BF5D1FAE7012380F84230ECF724
:1035A0009DBE002280F84220ECF798BE0222002146
:1035B0007030E2F757B810B5C3780446012B0CD130
:1035C000FFF7A9FF6368C01A4EF27863984204D9E6
:1035D0002046BDE81040EDF7C1B810BD0846E0F741
:1035E00059BE38B50546002200230830F2F712FB19
:1035F000044628B12868DCF747FB0130A4EB8004BF
:10360000204638BD00230B60436813B9C0E90011A0
:1036100070471960416070470346006828B15968D7
:10362000026888421A6008BF5A607047F8B5069F62
:103630000469C9B2EFF31186402585F31288BFF300
:103640006F8F0C2569430C44A56E05F0070CBCF187
:10365000010F0BD1A76686F31188BFF36F8FC4E902
:10366000182343685B5898470020F8BD05F0C00553
:10367000AF4286F31188BFF36F8F0CBF6FF07700F6
:103680004FF0FF30F1E713B580240094FFF7CEFF31
:1036900002B010BD0069CBB200EB4310002110470F
:1036A0000220F0F727BB0220F0F74ABB1046F2F7E2
:1036B00029BB00F048BB00F047BB8022EDF72CBFD0
:1036C00040F272607047084608B51146F6F7FEF8FA
:1036D000002818BF6FF0040008BD08B5F6F726FBF8
:1036E000002818BF6FF0040008BD2DE9F047002442
:1036F000836886B0884691465B6902AA01A998470B
:10370000A2462546029BAB4202D806B0BDE8F08730
:103710000026019F07EBC5077B6804933A680AEB14
:103720000603B24202D89A460135EBE749460394B4
:10373000059303A8C0470028E7D0049B01361C442A
:10374000ECE770B5037B04460BB100F00FFB0026DD
:10375000A06800B970BDB0F5007F28BF4FF40070BD
:1037600005460246D4E90010EEF718F963682B44C9
:10377000636023680BB12B442360A3685B1BA360C9
:10378000002BE5D0237B0136002BE1D0304600F042
:10379000EEFA0028DCD00120DCE708460021EEF735
:1037A00021B9084611461A4609B1EEF71BB96FF068
:1037B00015007047436800205B68DB680B6070474A
:1037C000436802EA01005B6821EA020158600020B8
:1037D00099607047436800205B6859607047436890
:1037E00000205B689960704743685A68136821EA53
:1037F00003000B405060002093607047F1F734B82D
:1038000030B543681360057A446804EBC504A342ED
:1038100002D36FF0010030BD5C798C4201D00833D7
:10382000F0E70020F7E743681B68D3F830317047B2
:1038300043681B68D3F88004C3F88004704742686B
:103840001368D3F84C0150B10020926A12780A70C4
:10385000C3F84C01D3F84C2101229A6270474FF013
:10386000FF30704713B501AA0446FFF7C9FF0028CF
:1038700005DB019B226819791868EEF739FB02B065
:1038800010BD6FF08500704738B505460022012154
:10389000C620D7F78DFBC620D7F768FB6C680121DF
:1038A000E068FFF7DFFF6B6819686369C1F82435CA
:1038B000E28BA38BA07E1343228C1343628C1343B1
:1038C000627E9BB20243207E02431343C1F86C35F3
:1038D00069680B68D3F8002242F48022C3F8002202
:1038E0000822C3F800254A6A0121C3F83C270022B8
:1038F000C3F840271965D3F830110029FBD0C3F86D
:1039000000256B680021D868FFF7ACFF6D680021C7
:10391000E8682C68FFF7A6FF0823C4F800352A7A68
:1039200052B9AB6AC4F804370123C4F80837C4F8A5
:103930004C21D4F84C21A362002038BD08B50220E8
:10394000EDF730FF002008BD08B5F1F71FF908BDFD
:103950000A460121FBF7B4BE40EA01030F2B01D850
:10396000EEF7AABE6FF0150070470F21FFF7F4BF06
:1039700010B54FF0FF304FF0FF31EFF7A1F80446DC
:1039800028B9BDF747F9044618B1EFF7A1F820466A
:1039900010BDEFF79DF82046D8F7EAFCF7E738B5F9
:1039A0000B8A0D463BB101F10C00FCF728FB012806
:1039B00018D0022803D06FF01504204638BD4FF010
:1039C000FF304FF0FF31EFF77BF804460028F4D1C9
:1039D000E868CEF7B3F80446EFF77AF8ACB1EFF742
:1039E00069F9EAE74FF0FF304FF0FF31EFF768F881
:1039F00004460028E1D1E868EFF76EFB0446EFF7D4
:103A000067F8002CD9D1EFF755F92846D7F7EAFF28
:103A10000024D2E7EFF7BABA10B5312200210446EC
:103A200003F0CEF8202323708023A3706FF03F03B0
:103A300063710423A3722823A3730223E3736FF03B
:103A4000080363760F23A3766FF00703E3767823EA
:103A500023776FF03F0384F82130012384F822306C
:103A60006FF0770384F82330FF2384F82430632336
:103A700084F82530802384F82630032384F8273007
:103A8000402384F82D30042384F82E3010BDF8B57F
:103A900004460E46154600F013FC4FF47A77A0FB5F
:103AA000070C47F6122207FB01C10023CDF7BAFC31
:103AB000D4E90227C4E902010346D4F800C06868CB
:103AC00084450BD1207CB04208D19A1A61EB0703E0
:103AD00041F270718A4273F1000306DB0020AB886B
:103AE0002380EB8826746380F8BD6FF07700FBE7D6
:103AF00000EB80007047002283689B699A809A6877
:103B00001A60704738B50C46054648F20421FEF7A6
:103B1000A9FD28462178FCF7ADFA636863B16178A6
:103B20002846FCF7A7FA6068EFF7BAFE0146284678
:103B3000BDE83840FCF79EBA38BD30B50D464FF4AD
:103B4000102189B002ABCDE906130446114605A841
:103B50000593FFF7D7FF002329462046009305AAC7
:103B6000E4F7C2FA09B030BD73B5002504460E462D
:103B700043686A465868CDE9005583695B68984791
:103B800020466A463146FFF7D8FF284602B070BD8E
:103B900037B50024054643686A465868CDE90044B5
:103BA000836921465B689847AB6869469869FFF767
:103BB000A9FF204603B030BD30B54FF410230446B2
:103BC0000D4687B0114603A80493CDF80CD0CDF86C
:103BD00014D0FFF797FF2946E06903AAFEF76BFDB3
:103BE00007B030BD2DE9F047984693880746022B71
:103BF0000E46144686B001D0042B54D14FF0000974
:103C00007B6820465D68CDE90099FCF7F8F98246AB
:103C10002046FCF7F4F9BAF1010F014646D83246C6
:103C200028460AF0010A8DF810A0FFF730FF03467E
:103C300060B1AB696A46494628465B689847B8F167
:103C4000000F2AD1002006B0BDE8F087A288022A22
:103C50001AD12046FCF7D3F9EFF712FE0290204666
:103C6000FCF7CDF9FFF744FF039002AB0593AB6976
:103C7000314628461C6804AA6B46A0476A460021C4
:103C80002846FFF799FFDAE705F18802D2E8AF4F3F
:103C900014F00100EAD10290E6E76A463146384660
:103CA000FFF74BFFCEE76FF07900CCE76FF0150020
:103CB000C9E70023FFF796BF0123FFF793BF08B5BD
:103CC000EFF72EFEBDE808400320EBF7F3B8EFF75F
:103CD00027BE08B5EFF722FF002008BD08B5F6F7AC
:103CE00025F848B1002383F31188BFF36F8F0423B5
:103CF000184602DF6FF0040008BD684620F0070197
:103D00008D4601B5CCF74EF8BDE8014085467047B9
:103D1000684620F007018D4601B5CBF737FBBDE8BB
:103D2000014085467047684620F007018D4601B581
:103D3000CBF71EFBBDE801408546704708B5D2F7BA
:103D400075FC002008BD70470020EFF7D3BF704717
:103D5000CCF700BB08B5CDF713F930B1EFF3058010
:103D60000338032894BF0020012008BD70470120BC
:103D7000704703460020184700F038B9024610B5D6
:103D8000116891B1B1FA81F3C3F11F00012383409F
:103D900021EA0303D2E8EF4F8C4204D1C2E8EC3FA2
:103DA000BCF1000FF6D1EBD110BD6FF00B00FBE7BB
:103DB00010B50368CB40DB0710D401238B400268A9
:103DC00043EA0201D0E8EF4F944204D1C0E8EC1F6F
:103DD000BCF1000FF6D1F2D1002010BD6FF015003C
:103DE000FBE710B504460846F0F778F904EB400409
:103DF000A08AC0F3401010BD10B504460846F0F785
:103E00006DF904EB4004A08A10F01C0018BF0120DB
:103E100010BD10B504460846F0F760F904EB400405
:103E2000A08AC0F3400010BD10B50446FFF7F1FFB3
:103E300010B12046FFF7D5FF00F0010010BD10B50E
:103E400004460846F0F74AF904EB4004A08A400B08
:103E500010BD70B5044608461646F0F73FF9083025
:103E600034F810300D46DA0509D5C3F3432304EBCB
:103E7000C3023146284654F8333052689847A36845
:103E80002BB131462846E268BDE87040184770BD46
:103E90002DE9F3411746DDE90858019001A80C46C9
:103EA0001E46F0F75DF9019B391E18BF012100EB9A
:103EB0008300231E18BF0123002E43EA410314BFD1
:103EC0000C210021002D43EA010314BF4FF470615F
:103ED0000021B8F1000F43EA010314BF4FF4403151
:103EE0000021D0F880200B4322EA030304B1247898
:103EF0000FB13F787F001C430EB13678B6003C43CB
:103F00008DB1297809023443B8F1000F03D098F835
:103F100000804FEA0848214341EA0801C0F88010B8
:103F200002B0BDE8F0812946EDE71FB50DF10F03A2
:103F3000019300238DF80F101A4619460093FFF7DE
:103F4000A7FF05B05DF804FB2DE9F0470025044606
:103F5000884617462E464FF00109AA46BE420CD1AC
:103F6000D4F8443133B10023C4F84431D4F8443197
:103F700045F400352846BDE8F087F0B2F0F71CF9AB
:103F8000A0F580739B0809FA03F318EA030F05D024
:103F900022581AB144F800A022581D430136DDE72B
:103FA00038B504460D46FFF71CFFB0B12046FFF7B9
:103FB00030FF90B92046FFF742FF0123226883407B
:103FC000C2F81833236800B203EB8003D3F810253E
:103FD00022F00302C3F8102538BD2846BDE838405A
:103FE0000021FFF7A2BFC9B2F1F73EB808B1D7F779
:103FF000B1BE704740B1C368587810F001001EBFD1
:104000001878B0FA80F04009704710B400F10C0441
:10401000C0E903440024446110BCD3F755BB816957
:10402000C26842EA010313F003030FD1036143693D
:10403000013B03FB0122002B01DA002070470169DC
:10404000013B116081690261521AF4E76FF01500BB
:10405000704790F90E308B4201D0F3F709B9002078
:10406000704703460020C3E90033C3E902007047EC
:1040700010B5044630B10268930703D0446809B113
:1040800000F0FBF9204610BD0023C0E90033836037
:1040900000F10C03C0E9033300F11403C0E9053358
:1040A0007047012307B5009300230A461946F1F72C
:1040B00001FD03B05DF804FB002307B50A46009339
:1040C0001946F1F7F7FC03B05DF804FB0021006826
:1040D000FFF7CEBF5AB18A4209D300F11003C0E9FD
:1040E0000212C0E90000C0E90433002070476FF0FD
:1040F00015007047012302688B4022EA0303036026
:1041000022FA01F000F001007047704710B503215A
:1041100004460C30FFF7EEFF30B104F11000F3F766
:10412000CFFFB0FA80F0400910BD20B10022D4309A
:104130001146F3F7E3BC704770B5C3680446C3F398
:1041400040069B0716D4856802210C30FFF7D2FF8A
:1041500080B1D5F8CC206AB194421DD122689EB9B5
:10416000D5F8D030C5F8CC209C4201D1C5F8D0207C
:1041700000232360E36813F01F001EBF43F0020317
:10418000E36040F0020070BD3260D5F8D020944268
:1041900008BFC5F8D060EBE716461268DBE710B53C
:1041A000F2F75EF9041E08DDEFF31180402383F37C
:1041B0001288BFF36F8FF3F751F9204610BDEFF36C
:1041C0000580003818BF0120704788307047D0E95B
:1041D000003213605A600023C0E90033704738B5DD
:1041E00004460D46F2F78EFD637B43F002036373D2
:1041F000E5B1A5602B689D4209D16B68C4E9005305
:104200001C606C6012E06A689A42F6D01B68002B52
:10421000F3D094F90E2093F90E108A42F3D0914214
:10422000F1DD5A68C4E9003214605C6038BD0121D8
:104230001838F2F72DBF10B50446F2F7F3FE04F17B
:104240001800BDE81040F3F73BBF38B505460468D9
:104250000020AC4200D138BD002CFCD02046FFF736
:10426000EAFF2046F2F7AAFE2C680120A542F1E7FA
:1042700008B5C3171F3043F10003400940EAC3608B
:10428000C117F3F73FFA400108BD08B50246F3F73E
:104290000FFE70B1D0E904319B1A61EBE272B3F109
:1042A000004F72F1000104DA002AACBF184600206A
:1042B00008BD6FF00040FBE708B5F4F721F808BD32
:1042C000F4F71EB8B3F1FF3F08BFB2F1FF3F70B57E
:1042D00006461D46144614D01A4316D0002B08DBA0
:1042E000F4F70EF8041941EB0501C6E90041304628
:1042F00070BD6FF001031C1B4FF0FF3363EB050132
:10430000F3E74FF0FF342146EFE70024FBE7B3F17A
:10431000FF3F08BFB2F1FF3FF8B5074616461C46FF
:1043200010D054EA020311D0F3F7EAFFB0420A4674
:10433000A14103460AD2F31A64EB0204C7E9003430
:104340003846F8BD4FF0FF331C46F7E70023FBE784
:104350000023C0E9081200F11802C0E90622C0E9F2
:10436000003303634363704710B50446F3F7A8FEB8
:10437000A8B9636A0BB12046984704F11800F2F718
:104380003BFF60B1F2F71AFEEFF31180402383F395
:104390001288BFF36F8FBDE81040F3F75FB810BD10
:1043A00070B5D0E90034984209D044B1A568EDB1A8
:1043B00015F9526C12F9525CB54208D007DDC1E91B
:1043C00000042160416010E0A342F8D01B68002B7C
:1043D000F5D09A6862B112F9522CAA42F4D0F3DDFA
:1043E0005A68C1E900321160596070BDAB7BFFDED5
:1043F000937BFCE72DE9F041846805460E46D4B175
:104400006378012B22D114F8533C9A0711D5A4F1FB
:1044100060073846FFF70FFF082E0CBF6FF003034D
:104420000023236614F8533CDB0602D13846F2F72A
:10443000C5FD002323700020EB68A860C3F386321B
:10444000164366F39433EB60BDE8F081022BF0D1A4
:104450002378002BEDD054F8048CB8F1000FE8D08D
:1044600004F11400F3F72CFE0023A4F114073946DD
:104470004046E362F1F7F4FFDBE720B1011F50F89B
:10448000040CF1F715B8704700207047704710B55D
:10449000044608B1F4F780FD2046BDE81040F4F76B
:1044A0006BBD00F4E040B0F5805F04D0A0F5005390
:1044B000584258417047012070470346C068E0B138
:1044C0005888D0B11B8803F44F42B2F5824F09D10E
:1044D000DBB2272B2AD008D8172B0FD0222B34D0B1
:1044E000122B16D06FF085007047302B2FD0413B38
:1044F000012BF7D8FF2839D100207047C028FBD006
:10450000E128F9D0B0F5807F0CBF00206FF0860065
:10451000704720F02003C02BEED020F08003B3F5CD
:10452000807FE9D040F209239842EDE7E928E3D003
:10453000EF28E1D040F21B139842DDD040F29913EE
:104540009842D9D040F23B23EEE7E928F1E720F08A
:104550002003C02BD0D020F04003B3F5807FCBD018
:10456000B0F5C07FC8D0B0F5007FCDE7B0F5E07FF3
:10457000CAE73AB1002918BF00232121D21A1844F2
:1045800002F01EBB704742F20703984223D029D89D
:1045900041F2062398421AD8B0F5905F09D241F251
:1045A000010398420CD0B0F5885F09D06FF0850008
:1045B00070476923A0F5905080B2C340DB07F5D562
:1045C00011F0070F0CBF00206FF08600704742F219
:1045D00004039842EAD1B1F5807F0CBF00206FF050
:1045E00086007047B0F5105FE0D121F04003802BCA
:1045F000F1D10020704770B5446A05460E463CB9BB
:104600000120F4F7B3FC686228B12046AE6270BDA9
:104610006FF08A00FBE76FF08C00F8E7F8B50F4603
:10462000114606461546FFF7E6FF044620B92A461E
:104630003946706A02F09DFA2046F8BDF8B5044686
:104640000F461E461546008892B1FFF72AFF78B143
:10465000089BD10019602088FFF795FF044628B910
:104660003946304602F085FA079B1D602046F8BDAA
:104670006FF08504FAE710B50446406A10B1A16AEC
:10468000FFF705FF0020C4E9090010BD38B5054655
:10469000FFF7F1FF2B7F0446012B0ED0023B012BCD
:1046A0000ED82B6A012B18BF6FF096042C22002124
:1046B000284602F085FA204638BD2B6A002BF2E727
:1046C0006FF09604F2E7F8B50488154620461E46BA
:1046D000069FFFF7E6FEB0B944F2010324F440520E
:1046E0009A4210D004F44F43B3F5824F0BD0B3F588
:1046F000884F08D0B3F58E4F05D0803C24F0FF04DE
:10470000B4F5485F0ED1BD420FD82A46304602F0BC
:1047100030FA00217A1B701902F052FA0020079B30
:104720001D60F8BD6FF08500FBE76FF08900F8E7CA
:104730007FB50E461D461446BAB1002301222B60F8
:1047400003A9F4F715FE70B9CDE900450398334687
:10475000D0E90912F5F730FE04460398F5F70CFD91
:10476000002C18BF204604B070BD6FF08900FAE736
:10477000F0B50F461E46154685B00AB3002303A9BF
:104780001A463360F4F7F4FD044638B903980388F9
:104790005B0406D4F5F7F0FC6FF08604204605B004
:1047A000F0BDCDE900563B46D0E90912F5F718FEF9
:1047B00004460398F5F7E0FC002C08BF0446EDE73B
:1047C0006FF08904EAE710B50368044653B100F0BE
:1047D000A5FA00232360A38823F4FF7323F00103C9
:1047E000A38010BD1846FCE72DE9FF419846002341
:1047F0000C460168054617460393A9BB4FF41F7288
:10480000083002F0DDF9B8F1000F20463B4614BF36
:104810004FF480624FF4006203A9F4F7A9FD044647
:1048200020BB039E384631882A1DF4F74DFE04460E
:10483000E0B96B79314668F300036B710097284645
:10484000D6E90923B8F1000F0BD0F5F797FE04461F
:1048500060B90398F5F790FC0446204604B0BDE823
:10486000F081F5F7AFFEF2E76FF088042846FFF716
:10487000AAFF0398F5F780FCEFE70123FFF7B4BF29
:1048800038B50468054664B112B90024204638BD25
:1048900000F02FFA04460028F7D02846FFF793FFD0
:1048A000F4E76FF08804F1E72DE9F041174602685C
:1048B00005460E46984682B14279D2070DD5027957
:1048C0005AB1BA4216D800F01DFA044638B9A6B952
:1048D0002846BDE8F041FFF776BF6FF0880400235B
:1048E000C8F800702B7146B92846FFF76CFF2046C8
:1048F000BDE8F0816FF08904F1E721463A46304681
:10490000D8F80030FFF735FE2846FFF75CFF002C93
:1049100008BF0446EBE72DE9F04F4FF0000A8DB0D9
:104920008046DDE91B6B0846CBF800A00C46174615
:104930001D46F4F799FC814668BB23464FF480720C
:1049400040460BA9F4F714FD814620BB29462046BA
:10495000F4F7E4FC8146D8B91A9BCDE9076B0693BE
:10496000199B0B980593189B00970493179B03932F
:10497000169BCDE901532346D0E90912F5F7A0FDB6
:10498000814628B126B1324651461A9802F018F9EC
:104990000B98F5F7F1FB48460DB0BDE8F08F2DE917
:1049A000F04F4FF0000A8DB08046DDE91B6B0846E2
:1049B000CBF800A00C4617461D46F4F755FC81467F
:1049C00068BB23464FF4007240460BA9F4F7D0FCB5
:1049D000814620BB29462046F4F7A0FC8146D8B981
:1049E0001A9BCDE9076B0693199B0B980593189BAF
:1049F00000970493179B0393169BCDE9015323461D
:104A0000D0E90912F5F786FD814628B126B1324674
:104A100051461A9802F0D4F80B98F5F7ADFB4846CA
:104A20000DB0BDE8F08F2DE9F04705469A4600230A
:104A300088B0079325F0004323F47F03B3F1106F90
:104A40000846DDE910961746DDF848801CD12B4654
:104A50004FF4804207A9F4F78BFC0446B0B9CDE9C6
:104A60000368CDE901A9079800972B46D0E9091200
:104A7000F5F7CCFD044648B90798F5F77DFB0446E9
:104A8000204608B0BDE8F0876FF0860431464846FE
:104A9000F4F71CFF0798C8F80060F5F76DFBEFE727
:104AA00010B500880C461146FFF7FBFC20B12046EC
:104AB000BDE81040F4F70ABF6FF0850010BD1C225E
:104AC000002102F07DB8037F022B06D1036A5A1C35
:104AD00003D001330362002070476FF096007047E7
:104AE00003466FF040420846591E914207D338B141
:104AF00003F1404393428CBF002001207047012006
:104B00007047034668B1017F8A1E012A0BD803292A
:104B1000026A03D1012A01D1FFF7B8BD1AB1013AE7
:104B20001A62002070476FF09600704700207047AF
:104B3000C0B2FF280CBF6FF08600002070471FB581
:104B4000002101AAD5F772FD8C3018BF012005B0F5
:104B50005DF804FB1FB5002101AA0446D5F766FDE8
:104B60008C3002D1002004B010BD00212046D5F7C2
:104B70007DFD014610B16FF09800F4E7204601AAD0
:104B8000D5F754FD8C30EDD0F5E72DE9F04107461F
:104B90001446884686B000293DD0002A3BD0B2F5A5
:104BA000005F3BD202F1240631460120F4F7DEF922
:104BB0000546B0B303463A4621464046F5F7FAFAB1
:104BC0007F6900243846FFF7BAFF012820D021462C
:104BD00000942B4632463846D5F73CFD044678B95A
:104BE0002146384603AAD5F721FD044620B9049B87
:104BF0009E4205D06FF0980438460021D5F736FD67
:104C000031462846FFF743FC204606B0BDE8F08158
:104C10006FF08A04F4E76FF08604F5E76FF08D0417
:104C2000F2E76FF08C04EFE7FFF731BC2DE9F047B6
:104C3000D0F814A086B08146884617465046002119
:104C400003AAD5F7F3FC044610BB049E01203146AD
:104C5000F4F78CF90546002837D02146504603AAC0
:104C60000294D5F7E3FC044670B902AB0246214634
:104C7000CDE9005350463346D5F7DEFC029B04468F
:104C80009E4209D06FF0980431462846FFF7FFFB9B
:104C9000204606B0BDE8F0870028F5D13B464246E5
:104CA00031462846CDF80090F5F7A2FA04460028D0
:104CB000EAD1D8F800302BB13B68002B08BF6FF069
:104CC0009104E1E76FF09104DEE76FF08C04DFE719
:104CD00010B5F5F71FFD044640B9EDF76FFF28B991
:104CE000EDF7AEFF002818BF6FF08304204610BD1B
:104CF00070470368052B02D10830F7F759BE6FF0F3
:104D00008600704710B40468052C03D110BC08302D
:104D1000F7F770BE6FF0860010BC70470368052B74
:104D200002D1083000F03CBC002070470020F5F7AD
:104D300009BF0020F5F740BF002000F041B9D2F7CD
:104D40008FBA002070470A2840DCC31C22DA10F119
:104D5000400F47D010F13F0F2BDA10F1410F44D034
:104D600010F1550F44D010F1490F08BF6FF08400C7
:104D700018BF6FF08600704709282AD8DFE800F0D6
:104D80000529290816293829292F6FF0980070471E
:104D900000207047C31C0D2B1BD8DFE803F0072F42
:104DA0001A1C1A1A1A1A1A1A1D1A1A1D6FF08500DF
:104DB000704710F1210F1ED00BDB10F1200F1DD01A
:104DC00010F1100F08BF6FF09400D1E76438092884
:104DD000D2D96FF0860070476FF0940070476FF083
:104DE0008C0070476FF0840070476FF08900704747
:104DF0006FF0930070476FF0880070476FF092007B
:104E0000704710B501380A44914200D110BD10F826
:104E1000013F11F8014B63400370F5E70144814203
:104E200000D1704711F8013D1A440A70120AF6E7E2
:104E300030B5002503F58073013A002A0DDAFF2B07
:104E4000DAB28CBF0021012152EA050003D0FF2B0A
:104E500094BF00200120401A30BD845C1C448B5C50
:104E6000013AE41A230AE4B2FF332543E5E72DE9CA
:104E7000F8430E46174608994FF4AA7204461D4699
:104E8000DDF8248000F02FFFB8B981464D4509D1E7
:104E90004146204600F0D1FF78B92046BDE8F843EE
:104EA00000F0F9BF204657F8292056F8291000F0E5
:104EB00047FF10B909F10109E8E7BDE8F8831FB51C
:104EC000CDE90221069A03A9CDE90032012302AA05
:104ED000FFF7CDFF05B05DF804FB002313B58DF897
:104EE00007308B4206D19DF80700B0FA80F04009E8
:104EF00002B010BDC45C9DF80720013322438DF839
:104F00000720EEE78B4230B50CD8002421469C42A6
:104F100003D1081E18BF012030BD155D055529437A
:104F20000134F4E70020F7E710B58B4294BFC418B2
:104F30004418A04200D110BD00F8012BF9E700236E
:104F40001A4682B001908B4201D102B0704701989D
:104F5000C2540133F7E70368D90444BF43F48063C4
:104F6000036003689A0444BF43F40063036070471E
:104F7000F7B506460D46202D2F46A8BF2027002155
:104F80006846F8F711FB044670B93A463146684660
:104F9000F8F75CFB10F1520F044608D0431CF4D024
:104FA000684601F081F834B1204603B0F0BD684690
:104FB00001F07AF8E3E7EC1B3E44F5D02546DAE74A
:104FC0000020704707B501A9F5F714FF003818BF96
:104FD000012003B05DF804FB08B54FF4EE71FFF754
:104FE000AEFF002008BD2DE9F04F4FF0000B9146B9
:104FF0001E46448805888BB005F44F43009407345F
:10500000B3F5824F82460F464FF01C0259464FEAD5
:10501000D40803A818BF5D46CDF808B001F0D0FD54
:10502000C845C6F800B041D8B4F5847F41D26A467D
:1050300049465046F6F7AEF9044640BBEDB2284665
:10504000009901AAF5F7E0FB044600BBA5F1410376
:10505000012B20D8424602A9F5F7AEFD20BB414600
:1050600002A8FFF73AFF38BB412D05D1B8F1200F58
:1050700002D102A801F0F7FA4246384602A901F02F
:1050800078FD202102A8FFF75AFFC6F800802046CD
:105090000BB0BDE8F08F4A463946019801F0EEFAB0
:1050A0000028EED0FFF74FFE0446F0E76FF08904CA
:1050B000EDE76FF08504EAE76FF09304E7E7CA04D1
:1050C00048BF41F480618B0448BF41F400618160B6
:1050D00070472DE9F041458817460735B5F5847FBF
:1050E00004460E46984602888EB028D222F0FF0170
:1050F000B1F5E24F13D1202206A9FFF774FF58B98A
:10510000628805AB0732CDE901832046334600971C
:10511000D20806A9F6F722FA0EB0BDE8F081B2F582
:10512000105F06D0B2F5885F03D042F204039A42C2
:1051300005D1EA0806A90020F5F73EFDDFE76FF08C
:105140008500E9E7F6F7EABCCA0448BF41F480618C
:105150008B0448BF41F4006181607047C0F3025383
:10516000042B05D8012B07D80DD06FF0980070479D
:10517000052BFAD1032306E00B8844F212118B426F
:105180000CBF0423022300F030002028136001D05C
:105190000020704702331360FAE713B50C46F5F7A9
:1051A00029FEC31C0FD0013009D004224FF0FF3379
:1051B00021460DEB0200019301F00AFD30B96FF0BA
:1051C0008B0002B010BD6FF08400FAE70020F8E712
:1051D00030B589B0054618220C4601A8002101F01F
:1051E000EFFC012344EA052401A9BA2007940593A2
:1051F000F5F7A8FD002818BF6FF0920009B030BD88
:10520000F7B5BA2001A9F5F7F5FD044610B1002065
:1052100003B0F0BD019D2F0AEDB2AC4205D1BA201A
:10522000F5F7CEFD0028F2D008E0E6193046F5F794
:10523000C7FD30B13046FFF7C5FE10B96FF09200E0
:10524000E6E70134E9E708B5F820FFF7BBFE18B937
:10525000F920FFF7B7FE10B16FF0920008BDF820FB
:10526000F5F7A0FD0028F7D1F920F5F79BFD002800
:10527000F4D0F1E770B504460D4600F54576D0F858
:10528000940301213044FFF75AFED4F894233146A9
:105290002846013200F056FE78B92846D4F8D823C3
:1052A00004F5667100F04EFE38B9284604F57771B2
:1052B0000422BDE8704000F045BE70BDB1F1082F7A
:1052C00001600BD16FF060420023C0E9022340234C
:1052D00083800123C0F81033002070476FF08500F1
:1052E000704738B504461D4623680846B3F1082FB9
:1052F00011463AD1A388413B9BB2022B38D840F2E9
:105300000123984206D040F2062398421AD06FF04B
:10531000860038BDD4F8940380280CBF0023C0F168
:105320007F039D4227D800F545702A46204401F0AE
:1053300020FCD4F894332B44C4F894334223002047
:10534000A380E6E7D4F8D803C0F140039D4212D809
:1053500000F566702A46204401F00BFCD4F8D833DF
:105360002B44C4F8D8334323E9E76FF08500D0E736
:105370006FF08800CDE76FF08C00CAE72DE9F041AF
:105380001F4603680446B3F1082F1546DDF8188060
:1053900005D043463A46BDE8F041FFF7A2BF138867
:1053A000B3F5105F1ED18388402B1ED140F201134C
:1053B00099421AD1B8F1200F1AD8528800F53476E4
:1053C00007323946D208304601F0D3FB4246314617
:1053D000284604F53C73F5F7ABFA08B94123A380DE
:1053E000BDE8F0816FF08500FAE76FF08800F7E71D
:1053F0006FF08600F4E72DE9F04303680446B3F14B
:10540000082F0E461546C1B040F0A3808288A2F155
:105410004103032B00F2A080442A836808D1D4E919
:105420000232AB4272F1000130D26FF08E0019E00F
:105430004422D9028280C3F3475242EAC36201F494
:105440007F015B090A4303F47F431343C0F8DC3355
:1054500000F53C7102A8F7F7A9FE30B1FFF773FC25
:105460000028DCD041B0BDE8F083204602A9FFF758
:1054700001FF0028F2D104F5787102A800F094FD34
:105480000028EBD102A800F002FEE7E75B1B62F107
:105490000002C4E9023204F53C7755B92846E1E739
:1054A000394602A8F7F782FE20B3FFF74CFC00282C
:1054B000D8D194F85030002BF2D0AB4228BF2B4605
:1054C000984604F110091A463046494601F051FB4E
:1054D00094F850204644A2EB0802D2B2A5EB08058E
:1054E00084F85020002AD8D0484609EB080101F082
:1054F0004DFBD2E70422D4F810330DEB02011BBAA6
:1055000002A8019300F01EFD0028CED1204602A97A
:10551000FFF7B0FE0028C8D1102204F5787102A868
:1055200000F010FD0028C0D104F1100102A800F025
:105530003BFD0028B9D102A800F0A9FD0028B4D194
:10554000102384F85030D4F810330133C4F81033EA
:10555000AFE76FF0850085E76FF0880082E7F0B570
:10556000002785B00A9ECDE9027702AFCDE900673A
:1055700004461D46F6F788FF60B902992046721A64
:1055800003AB2944F7F7ACF820B9DDE90232134444
:105590000B9A136005B0F0BDF7F7A0B9F7F79EB905
:1055A00008B54FF41F71FFF7CAFC002008BD0023A7
:1055B00010B500F11002103112F8014D43EA440316
:1055C000824201F8013D4FEAD413F5D110BD00230A
:1055D00070B588B0CDE90033CDE902330C461546ED
:1055E00000F5A4716A4604AB00F5D67001F062FACA
:1055F0000646C0B9214604A8FFF7D9FF9DF910302F
:105600002946002BB8BFE37B2046BCBF83F087034D
:10561000E373FFF7CCFF94F90030002BBEBFEB7BA8
:1056200083F08703EB73304608B070BD2DE9F84F67
:10563000044688461546002700F5CA7900F5C27A67
:10564000ADB92DE0324649465046FFF7DAFB5346E6
:10565000524604F5A47104F5D67001F02BFA00BB94
:105660000146C4F8A4013246484601F0A9FAD4F82C
:10567000A40108EB0701C0F1100BAB4528BFAB46F6
:1056800048445A4601F075FAD4F8A4615F445E4478
:10569000102EC4F8A461A5EB0B05D1D1002DD1D1FA
:1056A0000020BDE8F88F0023F0B58DB008AA04A94A
:1056B0000446CDE90033CDE90233FFF788FF80BB14
:1056C000D4F8A45104F5CA76102D2A462BD13046C1
:1056D00004A9FFF796FB6D46334604F5D2772A46B8
:1056E00018685968083303C2BB421546F7D104F560
:1056F000C275102269462846FFF783FB2B462A46CF
:1057000004F5A47104F5D67001F0D4F948B904F198
:105710000C0355F8042BB54243F8042BF9D11023A0
:1057200063600DB0F0BD3146684601F022FA05F124
:1057300030030DEB030580231022684608A905F805
:10574000303CFFF75EFBD2E700207047C000C90085
:1057500002F1080303F8010D93424FEA1020F9D13A
:1057600003F11002083302F8011D9A424FEA112199
:10577000F9D101207047836883B10022836A1A60DF
:105780008368816A0F3323F0804323F00F0343F0D3
:1057900080438B60836A826010338362704738B5C0
:1057A000C2690546146914B15069A047044605F161
:1057B0002000F7F7DFFF204638BD37B5837E05466A
:1057C0008BB905F12000F7F7ABFFAB7EA3B10198D1
:1057D00000F064FA044678B12846FFF7E0FF00289D
:1057E00018BF012405E001A8F8F77CF90446002859
:1057F000E7D0204603B030BDEA69D3680BB9002476
:10580000F7E75069984704460028E5D1F7E7F7F72E
:1058100073B910B50446F7F76FF920B92268236B06
:1058200012681343236310BD10B400240294039C38
:105830001A46019B019410BCF7F7C2B910B40124B9
:105840000294039C1A46019B019410BCF7F7B8B967
:1058500038B590F8204003466CB3B2F1807F04D392
:10586000FFF79DFF50B3012038BD046934B1FFF745
:1058700096FF0028F7D16FF04800F5E740695D6AB0
:1058800010445861986810449860296002F10F0034
:10589000596A20F00F0040F000558D601D68801A95
:1058A000AD68596A2A6942EA0022CA605A6A2046EB
:1058B00010325A62D8E76FF02000D5E76FF03F0052
:1058C000D2E7F8B51E4690F8203004460F4615463C
:1058D000002B3DD0B2F1807F07D3FFF760FF002897
:1058E00014BF01206FF03F00F8BDFFF744FF0DB972
:1058F0000020F9E7436A05F10F021F60436A22F0B6
:105900000F0242F0005199602368406A9B68511B66
:105910005B69954243EA0123C360636A03F11003A4
:10592000636223692B44C4E90353A36A1E60A36A1C
:105930009D60A36A03F11000A062D9D000221A6111
:10594000A36A41F080419960A36A1033A362CFE754
:105950006FF02000C8E738B590F820300446002BDF
:1059600043D1FFF72AFF054600283CD12368226B6C
:10597000596922EA01022263996998680A43036817
:1059800004F1840104F12000F7F75EFCE3699A68F2
:1059900082B9626A1B681360E369626A5B6843F0FC
:1059A000005393602268636A92685268DA60636A9F
:1059B000103363622368616A1A6AE36AC2F585720A
:1059C00013440B602368626A1B6A43F000539360C0
:1059D0002268636A92689268DA60636A103363626D
:1059E0000023C4E90233284638BD6FF02005FAE7EA
:1059F000F8B590F8203005462BB3F7F7AFFC431C01
:105A0000044605D030B12846FFF7C9FE00B1012495
:105A10002046F8BD2B682A6B5B691340F3D1696897
:105A20000029F0D02E7E05F1F4009E4204D8002C0F
:105A300018BF6FF00F04E6E7CA5C10F8017B013372
:105A40007A401443F1E76FF02004E1E710B5044613
:105A50002046FFF7CDFF431CFAD010BD38B5436890
:105A6000054653B11C6914B15869A047044605F1B5
:105A70000C00F7F77FFE204638BD1C46F7E773B5EC
:105A8000064601A8F8F72EF8044680B906F10C0086
:105A9000F7F746FE019800F001F9044650B9736823
:105AA0002BB1DA681AB158699047054618B92046F3
:105AB00002B070BD05463046FFF7D0FF00280CBF8E
:105AC0002C460124F3E770B5057B0446002D39D040
:105AD000B2F1807F07D3FFF7C1FF002814BF012078
:105AE0006FF03F0070BD806825691044A060296098
:105AF00002F10F00216920F00F0040F000558D6089
:105B0000256826692D68811A2D69824245EA01259A
:105B1000F560256905F11005256165692B606369EC
:105B20009A60636903F11005656101D10020D9E72E
:105B300000221A61636941F0804199606369103302
:105B40006361F3E76FF02000CCE738B5027B22B346
:105B5000016882680C7AA24204D2FFF77FFFF8B195
:105B6000012038BD4C7AB2FBF4F504FB152232B1AA
:105B7000FFF774FF0028F3D16FF04500F1E7C26929
:105B8000497911421CBF8A43C261602100F1700251
:105B90000C30F7F76DFB0020E3E76FF02000E0E743
:105BA0006FF05300DDE738B5037B002B32D002687D
:105BB000D37A23B9FFF752FF78B3012038BD846848
:105BC000937A9C4206D2FFF749FF0028F5D16FF087
:105BD0005300F3E7013B1C4006D0FFF73FFF0028CE
:105BE000EBD16FF04500E9E7C369527960211343B7
:105BF000C361D0E90523A4331360102243699A607E
:105C000043691344436100F170020C30F7F730FB35
:105C10002046D3E76FF02000D0E76FF04700CDE7D4
:105C200038B5037B054663B1F7F798FB431C044680
:105C300005D02846FFF712FF002818BF0124204690
:105C400038BD6FF02004FAE710B504462046FFF790
:105C5000E7FF431CFAD010BD10B5531ED41D03F846
:105C6000010FA3424FEA1020F9D10F3203F8011FB0
:105C700093424FEA1121F9D1012010BD07B50093DD
:105C80000023F7F735FA03B05DF804FB07B500937E
:105C90000423F7F72DFA03B05DF804FB10B59EB0AE
:105CA000024646F611031AA901A8F7F7CDFA002318
:105CB000039A10211360039A01A89360039B1AAA08
:105CC00010330393F7F7D4FAF7F748FB431C044665
:105CD000FAD001A87421FFF732F920461EB010BD9A
:105CE0001830F7F747BD0160CB691146184738B542
:105CF000036804460BB3027EFAB94FF4AA71DB695C
:105D0000C5689847C0B92368E5605A69636AE16964
:105D1000C2F5967213440B602368E2695B6943F035
:105D2000005393606268E3695268DA60E369103394
:105D3000E361A3680233A36038BD6FF02000FBE786
:105D400008B5037E43B32AB38368062B05D9183000
:105D5000F7F710FD6FF0440008BDB2F1807F05D366
:105D60001830F7F707FD6FF03F00F5E7C3691960DA
:105D7000C3699A604168C369C968D960C36910334F
:105D8000C361036913440361C3681344C360836838
:105D9000013383600020DFE76FF02000DCE770B59F
:105DA000037E0246002B45D050F8183BD1681C6991
:105DB000B1FBF4F504FB151121B1F7F7DBFC6FF033
:105DC000450070BDD3E905452C44682C04D9F7F78C
:105DD000D1FC6FF02200F4E79D68946A166A6C406B
:105DE00094625D68654095625C69556AE31CC4F520
:105DF0009674254435601568146A6D6923F00303B1
:105E0000A560146A04F11005156215686D699D425C
:105E10000AD021611468116A64691B1B43F0804336
:105E20008B60136A10331362D8217C32F7F720FAA3
:105E30000020C6E76FF02000C3E710B5037E0446DC
:105E4000A3B1D0E903239A4204D00268836A52685E
:105E50005340836220466369984704F11800D821B3
:105E600004F17C02F7F704FA002010BD6FF0200067
:105E7000FBE738B5037E054653B1F7F76FFA431CCD
:105E8000044603D005F11800F7F774FC204638BD2E
:105E90006FF02004FAE710B504462046FFF7E9FF4B
:105EA000431CFAD010BDC06870470069704738B510
:105EB00002690546146914B15069A047044605F10A
:105EC0001400F7F757FC204638BD08B58268034632
:105ED00062B902681169426A114207D0FFF7E7FF11
:105EE000002814BF01206FF0530008BD03F1140017
:105EF000702103F17802F7F7BBF90020F5E773B5DD
:105F0000064601A8F7F7EEFD044678B906F114003D
:105F1000F7F706FC0198FFF7C1FE044648B932695D
:105F2000D3681BB150699847054618B9204602B09E
:105F300070BD05463046FFF7BAFF00280CBF2C465F
:105F40000124F3E710B5047D03463CB3B2F1807F32
:105F500004D3FFF7ACFF20B3012010BD4468062C2A
:105F600006D9FFF7A4FF0028F6D16FF04400F4E74C
:105F70000AB90020F1E78069016099698A601868B0
:105F800099698069C068C8609969103199615968D8
:105F900001315960996811449960EAE76FF0200077
:105FA000DBE76FF03F00D8E710B4037D002B56D03D
:105FB0008368C3B9836900F124021A6003688269A7
:105FC0001B68013343F000539360046882692368BF
:105FD000A4690133E4681B0203F4F8532343D3603C
:105FE000836910338361036882681C68131923EA8C
:105FF000040384699B1A54F8042C42EA032244F8EF
:10600000042C826952F8084C234443F0005342F8B0
:10601000083C03681A68C368134423EA0203C26990
:106020001160C269C1689160C26902F11001C16169
:10603000C1688B420AD000211161C168C2695B1A34
:1060400043F080439360C3691033C3610368DA6827
:10605000436A23EA0203436210BCFFF736BF6FF0C6
:10606000200010BC704738B5037D054663B1F7F7D3
:1060700075F9431C044605D02846FFF718FF002891
:1060800018BF0124204638BD6FF02004FAE710B590
:10609000037D04462BB12046FFF7E5FF431CFAD0F1
:1060A00010BD6FF02000FBE710B5037804461BB16C
:1060B000F4F7FAFA00232370002010BDF8B5066843
:1060C000054696420C46A2EB060701DDD5F76AFAB3
:1060D0003946204600F04DF832466968E019BDE8BF
:1060E000F84000F06DB8FFF7E9BFF8B5074616466F
:1060F000D2E900208A420C460BDB551A294600F0F3
:1061000038F82246394670682844BDE8F84000F067
:1061100030BD891A3944F8E770B514460E461D465D
:1061200021461A46FFF7E1FF2146304605F10802F5
:10613000BDE87040FFF7D9BF70B5054616461C464E
:106140001A46FFF7BBFF2246314605F10800BDE8BD
:106150007040FFF7B3BF13B50446104622680192A2
:106160001A4601AB184400F004FD019B236002B005
:1061700010BDF7B505460C4601B3002310F0030629
:1061800001930BD0C6F104073B46324601A920F02B
:106190000300FFF7E0FF34443D44043C002128465F
:1061A00024F0030200F00CFD14F0030306D024F0E9
:1061B0000304002201A92819FFF7CDFF03B0F0BDA9
:1061C0002DE9F04110F0030705460E4614460BD0AA
:1061D000C7F1040843463A4620F00300FFF7BBFF2F
:1061E000043C454446443C44324624F00303291F02
:1061F00033449A420BD114F003030DD024F003046E
:10620000311928190022BDE8F041FFF7A4BF52F868
:10621000040B41F8040FECE7BDE8F0810368D8688F
:10622000C0F300407047036803F580535B6A13F4C2
:10623000A02F14BF01200020704710B5044600F0C5
:1062400079F920B12046BDE81040FFF7ECBF2046A9
:10625000BDE81040FFF7E2BF38B5022503680446E9
:106260009D6000F067F918B1236803F58053DD6184
:1062700038BD10B5044600F05DF920B12046BDE8F8
:10628000104000F05CB92368BDE81040D868F7F70B
:1062900089BB10B50446236803F580535B68C62BA1
:1062A00009D02046FFF7C9FF0028F4D12046BDE8F9
:1062B0001040FFF7DEBF6FF0010010BD03685A50B9
:1062C00070470368585870476C30704773B5CDE914
:1062D0000023D0E90145C66800699DF807300068D1
:1062E00004EB0514C000D2B2A6F1080114D502F0E7
:1062F0003F0242F0200243F00103A01B8DF8002072
:106300008DF80730FFF735FF083C08226946204624
:10631000FFF756FF02B070BD641B03F03F0342F06D
:10632000010243F0200304F108008DF800208DF8ED
:106330000730FFF71EFFE8E70369DA6832B142F47D
:106340002022002142F40062FFF7B8BF7047C06806
:1063500070472DE9F8430B680C4613F4700F14D105
:10636000D0E90159036908461B68D1F80880DB00B1
:1063700048BF4B684FF0000744BFA9EB0303ED187B
:1063800000F0CCF80646B74201DBBDE8F883414691
:1063900028466268FFF714FF63684D44984401374C
:1063A000F1E770B50C461E461046D1E9012505EB14
:1063B00042052946FFF704FF62683046A918BDE888
:1063C0007040FFF7FDBE38B50169D0E901344A6875
:1063D0000968C90042BFC168611A5B1800210AB987
:1063E000183038BDD50707D50B2901D9D5F7DAF80C
:1063F0008D1D40F82530013123445210EFE72DE97F
:10640000F74F0446D0E9017A0193036940690E46CB
:1064100091469D68FFF758FFD4F84CB0D0F8008043
:10642000BBF1000F07D02046F7F77AFA102528466F
:1064300003B0BDE8F08FF7F721FA336819064CBFB7
:10644000C36843687168994204DD2046F7F768FA2B
:106450000D25ECE72069E160B8F1000F02D0036977
:1064600049EA0309006833680139034343EA012319
:1064700043EA090204212046FFF720FF23691B6835
:10648000DA0003D5E368AAEB03031F44A5B931463C
:106490002046FFF75EFFB8F1000FC8D023691B69E3
:1064A000002BC4D0D8F808304046984702460B4627
:1064B0002046FFF70BFFBAE7EB0748BF019B4FEA07
:1064C000650544BF43F82B700BF1010B5744DDE722
:1064D000C0F30B03482B4B6028BF482310F4003F48
:1064E0008B6008BF0023CB6010F4803308BFC1E984
:1064F000013300F47003B3F5700F14BF00238B68F1
:1065000000284FF0010C4FF008028B60B8BF002349
:10651000C1E905C2B8BFC1E905337047036813F488
:10652000700F05D18368002B14BF06200020704730
:10653000002070470369186800F40030704710B5F8
:1065400041F224010446FFF7BCFEC20709D48307C9
:1065500009D420460C21FFF7B4FEBDE81040F7F740
:1065600021BA082010BD0220FCE72DE9F0410546C4
:10657000F7F7ECF90746012241F22801FFF79EFEEA
:10658000002241F228013846FFF798FE41F204014B
:106590003846FFF796FEC406F8D410F0200602D065
:1065A0000220BDE8F08141F22C013846FFF789FE58
:1065B0000122044641F208013846FFF77FFE8DB9FB
:1065C00001224FF480513846FFF778FE41F2040172
:1065D0003846FFF776FE420700F023033BD4002B3A
:1065E000F4D0DDE72B68C4F3036803BBE10458BFB4
:1065F0006C68AB684BBF41F20C0641F21006C4F365
:106600000354A8EB0404002BDAD0EB68002BD7D09E
:10661000A34211DC0024EB689C42D1DAAB6831461E
:1066200053F824203846FFF749FE0134F3E76B683E
:10663000002BDBD098450ADA0D20B2E72B6841F237
:10664000100153F826203846FFF738FE01366B68F4
:106650009E42F3DBCAE7F7F77DF901463846F7F7C4
:10666000EDF900209DE7037823F007030370C37F53
:1066700003F07F0343F04003C37770470B46D0E934
:1066800001108A42084402D31A4600F003B86FF0A2
:10669000400070472DE9F0470446104639B12246C4
:1066A0000023164612F8015B35B98B4202D16FF018
:1066B000530435E00133F4E78B42F8D04A1E9A4286
:1066C00001D1022DF3D9A25CD2072FD5FF2415EA00
:1066D000040228D1E443A1EB0308C718FEF724FC09
:1066E000E5B208EB070A424639460020F4F764FA9F
:1066F0000446E8B93B7881462B403B703B4613F893
:10670000012B534549EA0209F9D10023424631469B
:106710003846FEF78DFBB9F1000FE4D00028E2DA2D
:106720002046BDE8F0876400E4B2D0E76624F7E7CE
:106730000224F5E7F0B51F46002385B005469DF815
:10674000280003A940F0007016460393F4F72EF8D2
:10675000044680B96023019305F5D2730093324655
:106760003B46039805F1500100F00BF9044628B1AF
:10677000FEF7E9FA0446204605B0F0BD0398FFF79E
:1067800094FB0123A86085F84C30F4E700232DE941
:10679000F74F0546007889461646019308B140F048
:1067A000007001A9F4F702F80446F8B90198FFF760
:1067B0007CFBAB688046B3420CD9A8EB030305F120
:1067C0000C0018443246494600F0D3F9AB689B1BD5
:1067D000AB600BE095F84C3005F1500A53B95046C8
:1067E000FFF785FA30B1FEF7AEFA0446204603B053
:1067F000BDE8F08F0023AA6805F10C0B59465046FE
:1068000085F84C30A8EB0202FFF79AFA0028EAD18B
:10681000AF684946F31BB3FBF8F308FB0377504618
:106820003A46FFF78DFA0028DDD15046FFF7B7FA58
:106830000028D8D15046FFF72EFB0028D3D1A6EB75
:10684000070A40215846C5F80880FEF778FBBAF1E0
:10685000000FCBD05246584609EB070100F089F9EA
:10686000AB689B1B3B44B3E70023F0B504460078BC
:1068700085B0039308B140F0007003A9F3F796FFC9
:1068800018B1FEF760FA05B0F0BD0398FFF70BFBF7
:106890000398FFF70AFB94F84C30064604F15005C4
:1068A00023B92846FFF723FA0028EAD1A26804F1A9
:1068B0000C0739462846B21AFFF742FA0028E0D101
:1068C00004F5D27440233A4628460399009400F018
:1068D0001FF8D6E770B514464FF4AA7205460E4667
:1068E000FFF701FA98B93046FFF7DFFA2346024670
:1068F0002018984205D121462846BDE87040FFF790
:106900001FBA197881F0360103F8011BF1E770BD59
:106910002DE9F047044608461E460D469146DDF82F
:106920002080FFF7C0FAB042074606D92046FFF79D
:10693000D7F96FF04000BDE8F0872846FFF7B5FAB9
:1069400008EB000A064651462046FFF776FA002873
:10695000F1D12046FFF79FFA0028ECD143469A4533
:1069600009D12B4641462046CDF82090BA19BDE802
:10697000F047FEF7A4BA1A7882F06A0203F8012BF6
:10698000EDE72DE9F74F1C46DDE90C6B05460F4698
:106990009246FFF788FA81462846FFF786FAA0421A
:1069A000804618D222462B46514638460096FEF7BE
:1069B00086FA0246D8B9A8EB0903ABEB090106EB4E
:1069C0000900FEF7B1FA32462946384603B0BDE861
:1069D000F04FFFF77FBF22465146304600F0C9F81E
:1069E0000022A8EB0403ABEB04013019E9E703B084
:1069F000BDE8F08F70B5059E04461546FFF763F8B5
:106A000018B1BDE87040FEF79EB92046FFF79DF82B
:106A10000028F6D12046FFF717F900B9356070BDA0
:106A20002DE9F047DDE908879F42054616461C46DA
:106A3000DDF8289012D3230714D1F6F791FA18B194
:106A4000BDE8F047FEF77FB9434622463146284667
:106A5000CDE90879BDE8F047FFF7CCBF6FF08900BA
:106A6000BDE8F0876FF08600FAE72DE9F047DDE931
:106A700008879F42054616461C46DDF8289012D32B
:106A8000230714D1F6F778FA18B1BDE8F047FEF7FE
:106A90005AB94346224631462846CDE90879BDE831
:106AA000F047FFF7A7BF6FF08900BDE8F0876FF0F0
:106AB0008600FAE77FB5044615461E46F6F750FAFB
:106AC00020B104B0BDE87040FEF73DB9102203AB21
:106AD00001932946334620460092FFF78BFF04B00E
:106AE00070BDEEF723BF4FF0FF324FF0FF33EEF7EC
:106AF00067BEFDF7B6BAF7F717B907B54FF0FF3322
:106B00004FF0FF32CDE90023002200F02FF803B050
:106B10005DF804FB00F026B800F020B8FDF7A8BB34
:106B200010B54B68D0E91A4212F0010F03EA0403D2
:106B300001D09C4210D17BB18366520744BF8A6862
:106B40001A430B6848BF8A6043660123086080F8D7
:106B500070301830F1F7B4FA002010BD4FF0FF325A
:106B6000F7F70EB80A460021F7F70AB85200F7F710
:106B700053B80A44431E914200D1704710B511F832
:106B8000014B914203F8014FF9D110BD884210B575
:106B900001EB020402D98442234607D8431EA142D6
:106BA00008D011F8012B03F8012FF8E70244014641
:106BB0008A4200D110BD13F8014D02F8014DF7E7EC
:106BC00002440346934200D1704703F8011BF9E7E2
:106BD0000139024410B5904201D1002005E003784C
:106BE00011F8014FA34201D0181B10BD0130F2E78C
:106BF00010B56AB10139841810F8012B11F8013F62
:106C00009A4203D1A04201D0002AF5D1D01A10BD7A
:106C10001046FCE710B50139044632B111F8013FC6
:106C2000013A00F8013B002BF7D10021FFF7C8FF24
:106C3000204610BD0246014410B58A42134603D0D7
:106C40001C780132002CF8D1181A10BDF0B5C3F130
:106C50003707044603F01F031046FFB2082BE6B2C5
:106C600032D0102B3DD06508A40845EAC17544EA2E
:106C700081748A082D1942EB5102290941EA0271F7
:106C80006D1842EB1212290A41EA02616D1842EBBB
:106C90001222290C41EA02416D1842EB1242AD1852
:106CA00042F10002EC0844EA4274D10804EB840289
:106CB000A6EB4205EDB2092D0CD90134A5F10A0568
:106CC00041F10001EDB212E0E40806F0070544EAE4
:106CD0004174C908303554EA010200F8015BBDD1A6
:106CE000F0BD240906F00F0544EA01740909092DD5
:106CF00084BFED19EDB2EDE7D1E9043293421EBF36
:106D00005A1C0A61187070470148006870470000FB
:106D10003469002048FEFC7F010000006D21030063
:106D200000000000B1BC01000000000000000000F5
:106D3000D46D0400715403000000000035550300B9
:106D40000000000000000000146E040000000000BD
:106D5000F46D040000000000346E04002D3B0300BD
:106D6000000000003D3D04000000000000000000A5
:106D7000546E040000000000746E0400D11803007B
:106D8000000000003D39040000000000A591010052
:106D90000000000035B60100000000000000000007
:106DA000946E0400E971010000000000795F0300A7
:106DB0000000000000000000B46E040075C1010076
:106DC00000000000D33C040000000000DD3C040093
:106DD00000000000BFEF0400C08B0400287804000E
:106DE000AC16002080720020B515030000000000E2
:106DF00000000000BAF00400048C040004780400D1
:106E0000B2160020207300202D1E03000000000099
:106E100000000000C6F00400188C04000478040090
:106E2000B41600202C7300202D1E0300000000006B
:106E300000000000D1F004002C8C04000478040051
:106E4000B6160020387300202D1E0300000000003D
:106E500000000000EFEF040000000000E4770400F1
:106E6000AE16002000000000DB3604000000000029
:106E700000000000E5F00400508C04004478040099
:106E8000B8160020447300208938040083380400B9
:106E9000000000004BF4040000000000F88C040027
:106EA000BA1600208C730020952E0300000000000D
:106EB00000000000F7EF040000000000EC77040081
:106EC000B016002000000000491903000000000077
:106ED0000000000000000000D9FE030000000000D8
:106EE000D9FE030000000000D9FE030000000000EE
:106EF000D9FE030000000000D9FE030000000000DE
:106F0000D9FE030000000000D9FE030000000000CD
:106F1000D9FE030000000000D9FE030000000000BD
:106F2000D9FE030000000000D9FE030000000000AD
:106F3000D9FE030000000000D9FE0300000000009D
:106F4000D9FE030000000000D9FE0300000000008D
:106F5000D9FE030000000000D9FE0300000000007D
:106F6000D9FE030000000000D9FE0300000000006D
:106F7000D9FE030000000000D9FE0300000000005D
:106F8000D9FE030000000000D9FE0300000000004D
:106F9000D9FE030000000000D9FE0300000000003D
:106FA000D9FE030000000000D9FE0300000000002D
:106FB000D9FE030000000000053C030000000000B3
:106FC000D9FE030000000000D9FE0300000000000D
:106FD000D9FE030000000000D9FE030000000000FD
:106FE000D9FE030000000000D9FE030000000000ED
:106FF000D9FE030000000000D9FE030000000000DD
:10700000D9FE030000000000D9FE030000000000CC
:10701000D9FE030000000000D9FE030000000000BC
:10702000D9FE030000000000D9FE030000000000AC
:10703000D9FE030000000000D9FE0300000000009C
:10704000D9FE030000000000D9FE0300000000008C
:10705000D9FE030000000000D9FE0300000000007C
:10706000D9FE030000000000D9FE0300000000006C
:10707000D9FE030000000000D9FE0300000000005C
:10708000D9FE030000000000D9FE0300000000004C
:10709000D9FE030000000000D9FE0300000000003C
:1070A000D9FE030000000000D9FE0300000000002C
:1070B000D9FE030000000000D9FE0300000000001C
:1070C000D9FE030000000000D9FE0300000000000C
:1070D000D9FE030000000000D9FE030000000000FC
:1070E000D9FE030000000000D9FE030000000000EC
:1070F000D9FE030000000000D9FE030000000000DC
:10710000D9FE030000000000D9FE030000000000CB
:10711000D9FE030000000000D9FE030000000000BB
:10712000D9FE030000000000D9FE030000000000AB
:10713000D9FE030000000000D9FE0300000000009B
:10714000D9FE030000000000D9FE0300000000008B
:10715000D9FE030000000000D9FE0300000000007B
:10716000D9FE030000000000D9FE0300000000006B
:10717000D9FE030000000000D9FE0300000000005B
:10718000D9FE030000000000D9FE0300000000004B
:10719000D9FE030000000000D9FE0300000000003B
:1071A000A5D7030000000000D9FE03000000000086
:1071B000D9FE030000000000D9FE0300000000001B
:1071C000D9FE030000000000D9FE0300000000000B
:1071D000D9FE030000000000D9FE030000000000FB
:1071E000D9FE030000000000D9FE030000000000EB
:1071F000D9FE030000000000D9FE030000000000DB
:10720000D9FE030000000000D9FE030000000000CA
:10721000D9FE030000000000D9FE030000000000BA
:10722000D9FE030000000000D9FE030000000000AA
:10723000D9FE030000000000D9FE0300000000009A
:10724000D9FE030000000000D9FE0300000000008A
:10725000D9FE030000000000D9FE0300000000007A
:10726000D9FE030000000000D9FE0300000000006A
:10727000D9FE030000000000D9FE0300000000005A
:10728000D9FE030000000000D9FE0300000000004A
:10729000D9FE030000000000D9FE0300000000003A
:1072A000D9FE030000000000D9FE0300000000002A
:1072B000D9FE030000000000D9FE0300000000001A
:1072C000D9FE030000000000D9FE0300000000000A
:1072D000D9FE030000000000D9FE030000000000FA
:1072E000D9FE030000000000D9FE030000000000EA
:1072F000D9FE030000000000D9FE030000000000DA
:10730000D9FE030000000000D9FE030000000000C9
:10731000D9FE030000000000D9FE030000000000B9
:10732000D9FE030000000000D9FE030000000000A9
:10733000D9FE030000000000D9FE03000000000099
:10734000D9FE030000000000D9FE03000000000089
:10735000D9FE030000000000D9FE03000000000079
:10736000D9FE030000000000D9FE03000000000069
:10737000D9FE030000000000D9FE03000000000059
:10738000D9FE030000000000D9FE03000000000049
:10739000D9FE030000000000D9FE03000000000039
:1073A000D9FE030000000000D9FE03000000000029
:1073B000D9FE030000000000D9FE03000000000019
:1073C000D9FE030000000000D9FE03000000000009
:1073D000D9FE030000000000D9FE030000000000F9
:1073E000D9FE030000000000D9FE030000000000E9
:1073F000D9FE030000000000D9FE030000000000D9
:10740000D9FE030000000000D9FE030000000000C8
:10741000D9FE030000000000D9FE030000000000B8
:10742000D9FE030000000000D9FE030000000000A8
:10743000D9FE030000000000D9FE03000000000098
:10744000D9FE030000000000D9FE03000000000088
:10745000D9FE030000000000D9FE03000000000078
:10746000D9FE030000000000D9FE03000000000068
:10747000D9FE030000000000D9FE03000000000058
:10748000D9FE030000000000D9FE03000000000048
:10749000D9FE030000000000D9FE03000000000038
:1074A000D9FE030000000000D9FE03000000000028
:1074B000D9FE030000000000D9FE03000000000018
:1074C000D9FE030000000000D9FE03000000000008
:1074D000D9FE030000000000D9FE030000000000F8
:1074E000D9FE030000000000D9FE030000000000E8
:1074F000D9FE030000000000D9FE030000000000D8
:10750000D9FE0300746E0400273804000000000058
:10751000D9FE030000000000D9FE030000000000B7
:10752000D9FE030000000000D9FE030000000000A7
:10753000D9FE030000000000D9FE03000000000097
:10754000D9FE030000000000D9FE03000000000087
:10755000D9FE030000000000D9FE03000000000077
:10756000D9FE030000000000D9FE03000000000067
:10757000D9FE030000000000D9FE03000000000057
:10758000D9FE030000000000D9FE03000000000047
:10759000D9FE030000000000D9FE03000000000037
:1075A000D9FE030000000000D9FE0300D81000201F
:1075B000FD37040000000000D9FE030000000000B9
:1075C000D9FE030000000000D9FE03000000000007
:1075D000D9FE030000000000D9FE030000000000F7
:1075E000D9FE030000000000D9FE030000000000E7
:1075F000D9FE03004D4F0300733D0400000000005E
:10760000D9FE030000000000D9FE030000000000C6
:10761000D9FE030000000000D9FE030000000000B6
:10762000D9FE030000000000D9FE030000000000A6
:10763000D9FE030000000000D9FE03000000000096
:10764000D9FE030000000000D9FE03000000000086
:10765000D9FE030000000000D9FE03000000000076
:10766000D9FE030000000000D9FE03000000000066
:10767000D9FE030000000000D9FE03000000000056
:10768000D9FE030000000000D9FE03000000000046
:10769000D9FE030000000000D9FE03000000000036
:1076A000D9FE030000000000D9FE03000000000026
:1076B000D9FE030000000000D9FE03000000000016
:1076C000D9FE030000000000D9FE03000000000006
:1076D000D9FE030000000000D9FE030000000000F6
:1076E000D9FE030000000000D9FE030000000000E6
:1076F000D9FE030000000000D9FE030000000000D6
:10770000D9FE030000000000D9FE030000000000C5
:10771000D9FE030000000000D9FE030000000000B5
:10772000D9FE030000000000D9FE030000000000A5
:10773000D9FE030000000000D9FE03002410002041
:10774000FD370400513D0400733D040000000000BB
:10775000D9FE030000000000D9FE03000000000075
:10776000D9FE030000000000D9FE03000000000065
:10777000D9FE030000000000D9FE03000000000055
:10778000D9FE030000000000D9FE03000000000045
:10779000D9FE030000000000D9FE03000000000035
:1077A000D9FE030000000000D9FE03000000000025
:1077B000D9FE030000000000D9FE03000000000015
:1077C000D9FE030000000000D9FE03000000000005
:1077D000D9FE030000000000D9FE030000000000F5
:1077E000D9FE0300C7360400000000007119030031
:1077F000A33704009B37040031190300211903004B
:1078000039190300351C0300B5370400C1370400E3
:10781000D5370400DF370400E9370400351B0300C7
:10782000691A03000000000019160300BB360400AB
:107830008736040000000000E5140300000000008B
:10784000000000003F3804007520030031380400B8
:10785000050000005507020006000000193B020069
:10786000040000007118020019FE0200F1FF02007E
:107870000000000000000000000000000000000008
:107880008103030041080300000000000000000025
:107890000000000000000000C8850400080000008F
:1078A000688604000700000095610200ED190400DD
:1078B0003B330400A5070300AD86020046AC04007C
:1078C0000300000057B5040003000000EEA104000F
:1078D0000300000011B1040003000000F5A1040042
:1078E0000300000083B90400030000008EAA040016
:1078F00003000000A2AB040003000000D4B20400A7
:1079000003000000C7CB040003000000B0BB04006C
:107910000300000058DB040003000000E2C3040081
:1079200003000000ABBD040003000000B5BA040072
:10793000030000005AD204000300000087C60400C0
:1079400003000000D9C604000300000051EF04004A
:107950000300000039E2040003000000EFEC040023
:107960000300000024C5040003000000C0D304008D
:10797000030000003CBA04000300000076F4040099
:1079800003000000D6CB040003000000CEC00400BA
:1079900003000000A3C2040003000000ACE90400DF
:1079A00003000000DAE9040003000000B1EA04006B
:1079B00003000000B9F4040003000000DDE6040049
:1079C000030000007DEE04000300000076DC0400EC
:1079D00003000000ACDB040003000000BED904007B
:1079E00003000000E2D404000300000017AE04000E
:1079F0000300000068F404000300000056F40400D3
:107A0000030000004AA1040003000000B0B9040014
:107A10000300000077EF040003000000CA93040095
:107A200003000000E1EF040003000000ADFA0400D1
:107A300003000000B6F40400030000004AF2040052
:107A4000030000006FF20400030000006DA00400BA
:107A50000300000010F0040003000000E4F504003F
:107A6000030000003296040003000000DC990400CB
:107A700003000000BA990400030000006E960400A1
:107A80000300000072960400030000003398040015
:107A90000300000011F5040003000000719E0400C3
:107AA00003000000779F040003000000AB9F040068
:107AB0000300000074F504000300000042F8040015
:107AC00003000000D399040003000000BA9F0400E3
:107AD00003000000F0F00400030000001C83040019
:107AE000EC0F0020229804000100000004000000B8
:107AF0000F0000000100000008000000200000004E
:107B000074000000840000000D0000000C00000064
:107B10000E0000005000000088000000BC000000C3
:107B2000FFFFFFFFFFFFFFFFFFFFFFFFFFFFFFFF65
:107B300047A10400000000000000000071BE010029
:107B400001C1010000000000C6B8040001000000EF
:107B500000000000671204000000000000000000A8
:107B600077B904000100000000000000C5270200F2
:107B700000000000000000006FB9040001000000D8
:107B800000000000E51E0200452D0200000000007C
:107B9000A4DB040002000000000000000000000060
:107BA00031C6020000000000D3C304000000000042
:107BB00000000000DD630200000000000000000083
:107BC0005DBA04000000000000000000F13F020068
:107BD0000000000000000000A7CB0400000000002F
:107BE00000000000517402000000000000000000CE
:107BF00016C0040000000000000000003950020020
:107C000000000000000000004DC004000000000063
:107C1000000000004D4F02000000000000000000C6
:107C2000F0C4040000000000000000005D690200D4
:107C300000000000000000006ADC040000000000FA
:107C4000000000002DC8020000000000000000003D
:107C50008FC004000000000000000000B54F0200CB
:107C60000000000000000000BDCB04000000000088
:107C700000000000457F020000000000000000003E
:107C800094C204000000000000000000355E020005
:107C90000000000000000000D7D404000000000035
:107CA00000000000E5A70200000000000000000046
:107CB000B3CB040000000000000000006D7F020054
:107CC00000000000000000007DB904000100000079
:107CD00000000000A9230200D922020000000000D9
:107CE0008BA9040090A9040094A9040098A9040099
:107CF0009CA90400A0A90400A4A90400A8A9040048
:107D0000ACA90400B0A90400B4A90400B8A90400F7
:107D1000BCA90400C0A90400C4A90400C8A90400A7
:107D2000CCA90400C8190000D0010100B0E20D0088
:107D300080A0370200A0105000820D5000040550B2
:107D400000860D5005000000040000000100000046
:107D5000010208030402002526270102040102048F
:107D60000301020303002804BE119042B400EE0395
:107D7000500B0102040102044C018604E80B0304C9
:107D8000020001020303000000280000002001029D
:107D9000FFFFFFFFFF030F141E28323C50647801E1
:107DA00002030301010002070001020401000100B7
:107DB00000010100000100010000010001000000BD
:107DC0000102080F141E28323C50647802030000A0
:107DD00001000B0002000A00050009000A0008006B
:107DE000140007001E000600320005004B000400CE
:107DF0006400030096000200FA000100F401000094
:107E00000102030302030100F401FA00960064007A
:107E10004B0032001E0014000A00050002000100A1
:107E20000C0802170D0101020909010106020918D7
:107E300018030101090903030503020123020224B7
:107E40000910040405050B0B040B2B1B1B151A1A38
:107E50001C021D16130501490D150508061B1B0FF5
:107E60001D1D0A060601010000FEFEFEFEFEFEFECE
:107E7000FEFEFEFEFEFEFEFEFEFE16FEFEFEFEFE0A
:107E8000FEFEFEFEFEFE1F1FFEFE26FEFEFEFEFEA8
:107E900030FEFEFE32FEFE32FEFE35FEFE3E3EFEB1
:107EA000FEFEFE3B3B006000BE0290062C01CE05AC
:107EB000D0122804BE1190426400AE025006720532
:107EC0000813DA430001020201020400A201B00318
:107ED000BE05EE024806A209C405F40B24120E02E8
:107EE0001C045A03B4063006600C26FEFEFEFE2E6D
:107EF0003630FEFEFE32FEFEFEFEFE35FEFEFEFECD
:107F0000FEFEFEFEFEFEF501020303010203030175
:107F1000020412FEFEFEFEFEFEFEFEFEFEFE030359
:107F2000030303030303030303030314FEFE16FE0C
:107F3000FEFEFEFEFEFE23FEFEFEFEFEFEFEFEFE3C
:107F4000FEFE2E363039FEFE32FEFEFEFEFE35FE11
:107F5000FEFEFEFEFEFEFEFEFEF501020303280409
:107F6000BE11904272050813DA432C00CE01D002F4
:107F7000041040002804BE1190422C00CE01D00213
:107F8000B400EE03500B6400AE025006B400EE03E2
:107F9000500B01020303010204002804BE119042A9
:107FA0002804BE11904201020303000102020102F3
:107FB0000400010302000000102600200200000B54
:107FC000E3A3C300840000200200000B1C26002055
:107FD0000200000C822600200200000B82260020F6
:107FE0000100000C802600200100000C01000000B0
:107FF000070000000000000000000000000000007A
:108000000406080A0C0E10121416181C1E20222436
:1080100026282A2C2E30323436383A3C3E40424410
:1080200046484A4C4E021A5000000000280000004A
:108030001800000050010000500100000000000086
:10804000F023000024130000E86700001879000006
:108050001C0C7805A438143700000000400600000E
:10806000400600004006000040060000000098089E
:108070006B0358029C180000000000000000000084
:1080800000000000F0230000241300003CF000007A
:108090003CF000000000000048A3000014A0000015
:1080A00068A600003CA500000000000000000000E1
:1080B0000000000000000000000040060C03600902
:1080C00034080000000000000000010208FF7F00EB
:1080D000200018000A800720029801AA80000000F2
:1080E000010203040203040401020304010101026A
:1080F0000101010102030402E4E1D8D2C6C9B4B10E
:108100009C93878D6C6378724E4B272D1B1E3639DE
:10811000002060204060800102040301020400018D
:108120000200050400080800000000000000000034
:10813000000001010101010101010101010102022F
:1081400002020202030304040505060607070808E5
:10815000090A0B0C0D0E0F10111213141516171817
:10816000191A1B0010010000D200000030010000AD
:10817000D800000001000000E40000000200000040
:10818000EA00000002000000EC0000000300000014
:10819000EE00000004000000F000000005000000F8
:1081A000F200000006000000F400000007000000DC
:1081B000F600000008000000F700000009000000C1
:1081C000F80000000A000000F90000000B000000A9
:1081D000FA0000000D000000FB0000000F0000008E
:1081E000FC00000011000000FD0000001300000072
:1081F000FE00000015000000FF0000001800000055
:10820000000000001B000000010000001F00000033
:10821000020000002300000003000000280000000E
:10822000040000002D0000000500000033000000E5
:108230000600000039000000070000003F000000B9
:108240000800000000100200FA0000000001000811
:10825000120000000000000000000000000000000C
:108260000000000000000000505341004B45590041
:108270000338FDD870470000000000000000000037
:108280000338FDD8704700005900000000000000CE
:1082900004000000800E002000000000000000002C
:1082A0000000000000000000797301006D73010000
:1082B0002974010019E50300783000200001000056
:1082C000D7F5030081F503000200000051F7030019
:1082D000000000000000000000000000000000009E
:1082E000C4970400CC9704000000000000000000C8
:1082F00000000000D4970400D8970400DC97040025
:10830000E09704000C830400F46800204D9E0100F7
:1083100014690020557C00200100000003F80300D0
:10832000F9F70300C7F70300719E01000000000089
:10833000BBF7030000000000020000000000000086
:108340000000000000501F00B46E04000100000097
:1083500000501F0000800000B46E040040000020A8
:10836000000000000600010002000000708304000D
:1083700000000000109F040002000000E0CF1F007A
:1083800000000020189F040021000000E0FB0720EF
:1083900014100020C5B601000000000091FF03008A
:1083A00094830400B0830400020100000000000078
:1083B00008E4002094830400C48304003D0000000E
:1083C0000000000070F1002094830400D8830400B2
:1083D000020100000000000014F80020D0A90400F1
:1083E000EEA9040009AA040019AA040026AA0400A0
:1083F0002FAA040036AA04003DAA040044AA0400DF
:108400004CAA040026AA040054AA040066AA040088
:108410007BAA04000E03000035DD01000F040000FC
:1084200001DD01001A010000B1C4010005040000D3
:10843000C9C40100130100008DCC01003E01000001
:10844000B9CA0100011200005D0204000A1E00000A
:1084500093020400FF01000025CC01003E01000052
:1084600005CC01000504000015C501001001000045
:1084700089C50100020100002DF301000112000076
:1084800085DC01000A1E00006F03040003090000E0
:10849000DDC60100040B000089C60100060A0000C9
:1084A000EDD00100070A000059C5010012050000C7
:1084B00065EA01001308000091EB010011000000C3
:1084C000E9F001000D01000065F101009483040052
:1084D000DC840400030100000000000030F90020EB
:1084E00090B004009DB00400BDB00400B1B0040021
:1084F000C8B00400DFB00400EFB0040097B404007B
:1085000003B10400948304001485040000000000FB
:108510000000000084FC00209483040028850400EF
:108520002A00000000000000ACFC002069080400E4
:10853000A908040000000000000000000000000086
:10854000E10A02000000000000000000000000003E
:108550000000000002020100EF0F0400040401000B
:108560000518020006060100451702000804010074
:10857000311602000A020100D70F04000C040100AA
:10858000BF0F04000E0401000515020020040100C5
:1085900069140200100401007913020012020100A4
:1085A0008F0E04001E0004008F1104005202000010
:1085B000B50E040094830400C48504002C00000060
:1085C000000000003CFF00206891040063140400D8
:1085D00000000000649104000000010060910400AC
:1085E000F11504000000000030120020000001001E
:1085F000589104000000000000000000000000008E
:1086000000000000549104003514040051250200BC
:10861000381200200000030050910400F1150400FE
:108620000000000028120020000001004891040012
:108630009B140400692602000000000000000300F3
:1086400044910400F11504000000000020120020F5
:10865000000001003C910400552C020000000000C5
:108660000000000000000100949104006314040065
:108670000000000090910400000001008C910400B3
:10868000F11504000000000060120020000001004D
:1086900084910400CB1404000000000000000000DE
:1086A0000000010080910400F115040000000000AA
:1086B000581200200000010078910400F514040015
:1086C00000000000000000000000010074910400A0
:1086D000F11504000000000050120020000001000D
:1086E0006C910400792202000000000000000000EC
:1086F0000000010000000000000000000000000079
:1087000000000000000000009117040000000000BD
:10871000000000000000000000000000814702008F
:10872000554602003D1D0400956602000000000051
:10873000351D0400ED240400C97902003CCB04007F
:108740000000000064CB0400010000003D2804008C
:10875000B18A02000000000000000000D5270400DC
:10876000000000000000000008800000FFFFFFFF85
:108770007D9F020000000000EDFFFFFFE92B0400D9
:1087800001000000EDFFFFFFAB2B040000800000A4
:10879000FDFFFFFF752B040001800000FEFFFFFFBF
:1087A0001D9102000980000000000000592904000A
:1087B0000A800000FFFFFFFFA59002000C80000070
:1087C00000000000152904000D800000FFFFFFFFDE
:1087D0003190020012800000000000001129040006
:1087E00013800000FFFFFFFFD59A020023800000E6
:1087F000000000008928040024800000FFFFFFFF24
:10880000D58F02002680000000000000758F020056
:1088100027800000FEFFFFFFF18E0200188000009D
:1088200004000000BD930200030000000B000000E4
:108830007D9E02001A800000190000004D9D02007C
:108840001B80000006000000D99902002080000073
:1088500014000000E59702001C80000006000000E4
:10886000119902002180000014000000DD96020032
:108870001E80000006000000199502002280000002
:1088800014000000E99502001D80000004000000B3
:108890006994020029800000FCFFFFFFBD8D0200EB
:1088A0002B800000FAFFFFFFC58C02004080000013
:1088B000EEFFFFFF798C020045800000EEFFFFFF16
:1088C0002D8C020041800000FEFFFFFFE18B0200C3
:1088D0004280000000000000818B02004680000002
:1088E000FEFFFFFF358B020047800000FDFFFFFF0A
:1088F000BD8A02003D80000006000000459B02008A
:108900003F800000060000007D9C02004B800000BC
:1089100004000000B19202004D800000060000003B
:10892000B19202004980000000000000E5910200C1
:108930000F800000000000003928040010800000B3
:10894000FFFFFFFF559202002D800000FEFFFFFF9A
:108950001D8A020015800000FEFFFFFFD189020082
:1089600016800000FDFFFFFF6989020038800000CB
:1089700000000000272C040039800000F7FFFFFFF3
:10898000ADA202003A80000000000000452C040067
:108990003B800000FBFFFFFF09A202000000000077
:1089A00000000000000000000000000000000000C7
:1089B00055A402000000000000000000318000000B
:1089C000FEFFFFFF31A702002F800000FEFFFFFF28
:1089D000C5A6020030800000FEFFFFFFAF2C0400A0
:1089E00032800000FDFFFFFF35A60200338000004B
:1089F000FDFFFFFF7B2C040034800000000000001E
:108A0000192D040035800000FFFFFFFF1D2D04001D
:108A100036800000FFFFFFFF1DA40200048000005D
:108A200000000000772C040005800000FFFFFFFF1E
:108A30004D2D040006800000FFFFFFFF372D0400CE
:108A4000000000000000000000000000ED2E040007
:108A5000432F0400B1C50200000000000000000028
:108A6000F930040001600200E16502005D59020076
:108A7000ED580200C55902008D6B0200CD40020086
:108A8000B1840200A9AA020000000000000000005A
:108A900000000000E1850200391A04000000000017
:108AA000E331040035CE020000000000553104001F
:108AB00094830400C08A04001D0000000000000030
:108AC000E808012021E3020025E1020051E1020053
:108AD00051E30200F9E6020015EB02002F34040016
:108AE000F9E8020099E702000000000089EB0200AB
:108AF000CDE602000000000079EC0200B9ED0200B2
:108B0000E9E9020000000000000000000100000090
:108B100059F1020063340400FDF902004DF2020035
:108B200011FC02009DF4020055F702000103000051
:108B300061F202000100000025F6020001000000C1
:108B4000C5F80200000000009B34040095F202000A
:108B500002000000B1FD0200AD34040069700100A4
:108B6000AB34040000000000000000000101000020
:108B70007A16002003020000781600201614000068
:108B80007B16002001010000911600200302000066
:108B90008F160020160B0000951600200101000022
:108BA0009416002003020000921600201613000005
:108BB00095160020A91403008D1503000000000085
:108BC0002D17030055160300CCEF0400B736040040
:108BD000B3360400D2EF0400A1360400A736040027
:108BE000D8EF04001000000001FF0000FD010000AC
:108BF0000010000000A0105000820D50000405502D
:108C000000860D50FF03000000A01050241000202B
:108C10000000000000000000FFFFFFFF00820D5079
:108C2000D81000200000000001000000FF07000035
:108C300000040550000000000000000002000000D9
:108C400000A0105000820D500004055000860D5009
:108C500000600C5000000000000000007C8C04004C
:108C600000C201000000D60100000000000000402A
:108C700000000000207E00201F7E002000600C50BD
:108C8000888C040002000000A88C0400040000008E
:108C9000988C040004010000308000003180000145
:108CA00032800002338000033000000032000002F6
:108CB0003106000133060003146E040016000000A4
:108CC000146E040019000000146E04001B00000064
:108CD000146E04001C000000146E04001A00110041
:108CE000146E040009001100146E04000800110045
:108CF000F46D040005001100812D0300713904009A
:108D00009F39040064000000E80300001027000001
:108D1000C02709000000000000000000FD3803002B
:108D2000F73A04000000000001820000000000008B
:108D3000693B04000282000002000000B93C04000C
:108D40000382000002000000B33C040000000000A9
:108D5000000000000000000029800020000000004A
:108D60000000000000000000000000000000000003
:108D70000001190001000100000000008539030016
:108D80007139030045390300213903000000000058
:108D9000000000000000000000000000CF3C0400C4
:108DA0000000000000000000BF3C040000A01050C4
:108DB00000820D500004055000860D500800000090
:108DC0000A0000000400000001000000D2F70400C7
:108DD000E0F70400F4F7040003F804000FF80400BF
:108DE0001C6D0400246D0400846D04008C6D04006F
:108DF000D46D0400D46D04001AF9040000010000D1
:108E00008813000030000000C000000018000000BF
:108E1000310000000000000030000000E000000011
:108E20001C000000390000000000000030000000BD
:108E300000010000200000004100000000000000D0
:108E40003000000040010000280000005100000038
:108E50000000000030000000800100003000000031
:108E6000610000000000000030000000000200006F
:108E7000400000008100000000000000170000001A
:108E8000C0000000180000003100000000000000D9
:108E900017000000E10000001D0000003B00000082
:108EA000000000001700000000010000200000008A
:108EB000410000000000000012000000C00000009F
:108EC0001800000031000000010000001200000046
:108ED000E00000001C00000039000000010000005C
:108EE000120000000001000020000000410000000E
:108EF00001000000120000004001000028000000F6
:108F0000510000000100000012000000800100007C
:108F100030000000610000000100000012000000AD
:108F2000090200004200000085000000010000006E
:108F300041000000FF0000002000000020000000B1
:108F40000000000041000000C001000038000000E7
:108F5000380000000000000042000000FF00000098
:108F6000200000002000000000000000420000007F
:108F7000C0010000390000003900000000000000BE
:108F800000010000000200000014000000280000A2
:108F9000004000000100000002000000010000008D
:108FA00005000000EC8F04001FFC0400495704007A
:108FB0002000000010000000100000002000000051
:108FC000000000000100000006000000EC8F04001B
:108FD000000000004D5704002000000010000000B9
:108FE0001000000020000000000000001100000040
:108FF00011080000112800000000000041000000DE
:1090000001000000010000001490040001000000B5
:10901000101010001100000011080000114800009D
:109020001128000001000000040000000000000002
:10903000509004002FFC0400595C04004000000024
:109040002000000040000000300000000000000090
:10905000140000001404000014280000142C000068
:109060004400000004000000040000000F000000A5
:1090700010000000100000002000000010000000A0
:10908000100000008890040011000000112800006A
:1090900011080000010000000806000000020000A6
:1090A000000400002000000040000000200000003C
:1090B00048000000D5D403000406000000020000B0
:1090C000000400001C000000400000002000000020
:1090D00048000000D5D40300130000006300000026
:1090E000A3000000030000000000100020000000AA
:1090F000A5FC0400F8900400260000100000000009
:10910000003000000C00000000000000109104007E
:1091100022000010000C0000003100000C000000D4
:10912000000000032891040000000200000000007D
:1091300000000000000000000000000000002A2BDA
:1091400000002A2B000003280000292B0000292BF7
:1091500000000328000002290000052A0000052A5B
:109160000000032800000118000000280000042A65
:109170000000042A000003280000012A0000012A40
:10918000000003280000002A0000002A0000032835
:109190000000001800000028000002290000DC2A5E
:1091A0000000DC2A000003280000DB2A0000DB2A84
:1091B00000000328000027180000002800000229F2
:1091C0000000DE2A0000DE2A000003280000DD2A5D
:1091D0000000DD2A000003280000281800000028F5
:1091E000FF03FFFFFF07FF1FFF03FFFFFF07FF1F37
:1091F000FF03FFFFFF07FF1F426C7565746F6F74FD
:109200006820696E6974206661696C6564202865F0
:109210007272202564290A00426C7565746F6F7440
:109220006820696E697469616C697A65640A0049CD
:109230006E697469616C697A696E67204C45447324
:10924000206661696C656420286572722025642936
:109250000A00496E697469616C697A696E67206297
:109260007574746F6E73206661696C65642028651F
:109270007272202564290A00496E697469616C69FB
:109280007A696E67206D657368206661696C6564D4
:109290002028657272202564290A004D65736820B4
:1092A000696E697469616C697A65640A00496E69FE
:1092B0007469616C697A696E672E2E2E0A005745B3
:1092C00053545F544F504449522F7A6570687972F5
:1092D0002F6C69622F686561702F686561702E63FD
:1092E00000415353455254494F4E204641494C206A
:1092F000402025733A25640A00574553545F544F64
:10930000504449522F7A65706879722F6C69622FC8
:109310006F732F63627072696E74665F7061636BE6
:10932000616765642E630028756E7369676E656496
:10933000292063686172202A207573656420666F36
:10934000722025257020617267756D656E742E2000
:1093500049742773207265636F6D6D656E64656413
:1093600020746F206361737420697420746F207699
:109370006F6964202A206265636175736520697472
:10938000206D6179206361757365206D6973626515
:10939000686176696F7220696E20636572746169B5
:1093A0006E20636F6E66696775726174696F6E7344
:1093B0002E20537472696E673A22257322206172DF
:1093C00067756D656E743A25640063627072696ECC
:1093D00074665F7061636B61676500574553545FE6
:1093E000544F504449522F7A65706879722F6C69D6
:1093F000622F6F732F6D7073635F706275662E637B
:1094000000574553545F544F504449522F7A65706A
:109410006879722F696E636C7564652F7A65706800
:1094200079722F7370696E6C6F636B2E680057458D
:1094300053545F544F504449522F7A657068797283
:109440002F6C69622F7574696C732F6F6E6F66660F
:109450002E6300574553545F544F504449522F7A5E
:1094600065706879722F6C69622F7574696C732FDF
:109470006E6F746966792E6300496E76616C6964FB
:10948000206673007A6D73206E6F7420696E697444
:1094900069616C697A656400436F756C64206E6FF6
:1094A00074206F627461696E20666C6173682070ED
:1094B0006172616D657465727300556E737570705D
:1094C0006F7274656420777269746520626C6F6373
:1094D0006B2073697A6500496E76616C69642073EC
:1094E0006563746F722073697A652C2073686F7579
:1094F0006C64206265206174206C65617374202542
:109500007A7500436F6E66696775726174696F6E14
:10951000206572726F72202D20736563746F7220E4
:10952000636F756E742062656C6F77206D696E690C
:109530006D756D20726571756972656D656E7420EB
:10954000283229005A4D532056657273696F6E2078
:109550006973206E6F7420737570706F72746564B8
:1095600000257520536563746F7273206F66202524
:109570007520627974657300616C6C6F632077721B
:10958000613A20256C6C752C20256C6C7800646128
:109590007461207772613A20256C6C752C20256CE3
:1095A0006C7800474320446F6E65206D61726B6577
:1095B0007220666F756E64004E6F20474320446FC3
:1095C0006E65206D61726B657220666F756E643AB0
:1095D0002072657374617274696E672067630046F8
:1095E00061696C656420746F20636C6F73652074AF
:1095F000686520736563746F722C20726574757270
:109600006E6564203D202564004761726261676574
:1096100020636F6C6C656374696F6E206661696C42
:1096200065642C2072657475726E6564203D20251A
:10963000640066735F7A6D73006C6F6767696E674D
:1096400000574553545F544F504449522F7A657028
:109650006879722F7375627379732F6C6F6767699E
:109660006E672F6C6F675F636F72652E63006C6F40
:1096700067006C6F675F6D676D74004D6573736134
:109680006765202822257322292064726F70706517
:109690006420626563617573652069742065786311
:1096A000656564732073697A65206C696D6974619E
:1096B00074696F6E202825752900574553545F54EF
:1096C0004F504449522F7A65706879722F737562D2
:1096D0007379732F6C6F6767696E672F6C6F675F45
:1096E0006D73672E63004D657373616765206472E7
:1096F0006F7070656420626563617573652069745D
:1097000020657863656564732073697A65206C6988
:109710006D69746174696F6E2028257529000D0AC2
:1097200000574553545F544F504449522F7A657047
:109730006879722F7375627379732F6C6F676769BD
:109740006E672F6C6F675F6F75747075742E630032
:109750001B5B306D00257320005B2530386C755D18
:1097600020005B253032753A253032753A2530328B
:10977000752E253033752C253033755D200025730B
:109780002F003C25733E200025733A2000253032FF
:10979000782000202020007C00256300206D657368
:1097A00073616765732064726F70706564202D2D1E
:1097B0002D0D0A1B5B306D001B5B313B33316D2D72
:1097C0002D2D20001B5B313B33316D001B5B313B8A
:1097D00033336D006572720077726E00696E6600D9
:1097E00064626700574553545F544F504449522FA9
:1097F0007A65706879722F7375627379732F6C6FE5
:109800006767696E672F6261636B656E64732F6C47
:109810006F675F6261636B656E645F756172742E02
:1098200063006C6F675F6261636B656E645F756137
:109830007274006C6F675F756172740057455354A2
:109840005F544F504449522F7A65706879722F7374
:1098500075627379732F73657474696E67732F7390
:1098600072632F73657474696E67732E630073651A
:10987000742D76616C7565206661696C7572652EF4
:10988000206B65793A202573206572726F722825E6
:10989000642900574553545F544F504449522F7A1E
:1098A00065706879722F7375627379732F7365743D
:1098B00074696E67732F7372632F73657474696E46
:1098C00067735F7A6D732E63004D6178696D756D96
:1098D000206861736820636F6C6C6973696F6E7365
:1098E0002072656163686564004C696E6B65642015
:1098F0006C69737420666F72206861736865732089
:1099000069732062726F6B656E2C20547279696E78
:109910006720746F207265636F766572002A2A2A49
:1099200020426F6F74696E67204D657368204C69C3
:109930006768742076332E322E312D6438383837EC
:1099400066366633326466202A2A2A0A002A2A2AC0
:10995000205573696E67206E524620436F6E6E65A8
:1099600063742053444B2076332E322E312D6438CD
:1099700038383766366633326466202A2A2A0A0067
:109980002A2A2A205573696E67205A657068797291
:10999000204F532076342E322E39392D65633738D7
:1099A0003130346631353639202A2A2A0A002573A7
:1099B0002F253038782530387800696E7465726EDE
:1099C000616C5F747275737465645F73746F7261D8
:1099D00067655F73657474696E677300696E74653B
:1099E000726E616C5F747275737465645F616561DA
:1099F000640072302F61313A202030782530387879
:109A0000202072312F61323A20203078253038788A
:109A1000202072322F61333A202030782530387878
:109A20000072332F61343A20203078253038782086
:109A30007231322F69703A20203078253038782002
:109A40007231342F6C723A2020307825303878000B
:109A500020787073723A20203078253038780046AC
:109A600061756C74696E6720696E73747275637466
:109A7000696F6E206164647265737320287231357A
:109A80002F7063293A2030782530387800556E6879
:109A9000616E646C6564204952516E3A2025640001
:109AA0002A2A2A2A2A204D5055204641554C542016
:109AB0002A2A2A2A2A002020537461636B696E6760
:109AC000206572726F722028636F6E7465787420DF
:109AD00061726561206D69676874206265206E6FD0
:109AE000742076616C696429002020556E7374615E
:109AF000636B696E67206572726F7200202044612B
:109B00007461204163636573732056696F6C61747F
:109B1000696F6E0020204D4D4641522041646472B1
:109B20006573733A2030782578002020496E73746D
:109B300072756374696F6E20416363657373205639
:109B4000696F6C6174696F6E002020466C6F617480
:109B5000696E672D706F696E74206C617A792073FD
:109B60007461746520707265736572766174696F73
:109B70006E206572726F7200574553545F544F5098
:109B80004449522F7A65706879722F617263682F29
:109B900061726D2F636F72652F636F727465785F8A
:109BA0006D2F6661756C742E63002A2A2A2A2A207A
:109BB0005553414745204641554C54202A2A2A2ACC
:109BC0002A0020204469766973696F6E20627920CB
:109BD0007A65726F002020556E616C69676E6564EE
:109BE000206D656D6F72792061636365737300200A
:109BF00020537461636B206F766572666C6F77209B
:109C000028636F6E746578742061726561206E6F71
:109C1000742076616C6964290020204E6F20636F88
:109C200070726F636573736F7220696E737472758F
:109C30006374696F6E73002020496C6C6567616C9A
:109C4000206C6F6164206F66204558435F52455415
:109C500055524E20696E746F205043002020496C8D
:109C60006C6567616C20757365206F66207468652C
:109C70002045505352002020417474656D7074204B
:109C8000746F206578656375746520756E646566AC
:109C9000696E656420696E737472756374696F6E42
:109CA000002A2A2A2A2A20425553204641554C543C
:109CB000202A2A2A2A2A002020537461636B696EA5
:109CC00067206572726F720020205072656369733D
:109CD00065206461746120627573206572726F72B1
:109CE0000020204246415220416464726573733AF9
:109CF0002030782578002020496D70726563697383
:109D000065206461746120627573206572726F7280
:109D1000002020496E737472756374696F6E2062DF
:109D20007573206572726F72005265736572766525
:109D30006420457863657074696F6E2028005370E5
:109D40007572696F757320696E746572727570745F
:109D500020284952512000535053454C20696E2011
:109D6000746872656164206D6F646520646F6573EB
:109D7000206E6F7420696E6469636174652050534E
:109D800050002A2A2A2A2A20484152442046415576
:109D90004C54202A2A2A2A2A002020427573206641
:109DA00061756C74206F6E20766563746F722074B9
:109DB00061626C6520726561640020204465627593
:109DC00067206576656E740020204661756C74208E
:109DD000657363616C6174696F6E202873656520BB
:109DE00062656C6F772900415243485F455843458F
:109DF0005054207769746820726561736F6E2025F6
:109E0000780A002A2A2A2A2A204465627567206D6A
:109E10006F6E69746F7220657863657074696F6EB8
:109E2000202A2A2A2A2A002A2A2A2A2A2025732096
:109E3000256429202A2A2A2A2A00574553545F5488
:109E40004F504449522F7A65706879722F6172635E
:109E5000682F61726D2F636F72652F636F72746507
:109E6000785F6D2F6972715F6D616E6167652E63DA
:109E7000006D7075004661696C656420746F2061C7
:109E80006C6C6F63617465206E6577204D50552052
:109E9000726567696F6E2025750A0050617274697A
:109EA00074696F6E2025753A2073616E697479202C
:109EB000636865636B206661696C65642E00496E3A
:109EC00076616C696420756E6465726C79696E6721
:109ED00020726567696F6E20696E646578202575EC
:109EE00000574553545F544F504449522F7A657080
:109EF0006879722F617263682F61726D2F636F7260
:109F0000652F6D70752F61726D5F6D70752E6300BA
:109F1000464C4153485F30005352414D5F3000572B
:109F20004553545F544F504449522F7A65706879B5
:109F3000722F6C69622F6C6962632F7069636F6C3A
:109F40006962632F6173736572742E63006578694B
:109F50007400574553545F544F504449522F7A650B
:109F6000706879722F6C69622F6E65745F627566B6
:109F70002F6275662E63006E65745F6275660057AA
:109F80004553545F544F504449522F7A6570687955
:109F9000722F6C69622F6E65745F6275662F6275D1
:109FA000665F73696D706C652E63006E65745F62C9
:109FB00075665F73696D706C6500736F630000FF99
:109FC000FFFFFFFFFF00000000000000FFFFFFFF9A
:109FD000FFFF0000000000007075626C6963007292
:109FE000616E646F6D007075626C69632D696400E9
:109FF00072616E646F6D2D696400253032583A25A8
:10A000003032583A253032583A253032583A2530D5
:10A0100032583A2530325820282573290030313201
:10A020003334353637383961626364656600496EAA
:10A0300073756666696369656E74206E756D6265B9
:10A0400072206F6620617267756D656E747300496A
:10A05000676E6F72696E67206964656E7469746992
:10A0600065732073746F72656420696E20666C611D
:10A07000736800496E76616C6964206C656E677404
:10A0800068204944206164647265737320696E209E
:10A0900073746F726167650062742F25732F2530AA
:10A0A00032782530327825303278253032782530B4
:10A0B00032782530327825752F25730062742F256C
:10A0C000732F25303278253032782530327825309C
:10A0D00032782530327825303278257500736574F2
:10A0E00074696E67735F7375627379735F696E69A4
:10A0F00074206661696C656420286572722025642D
:10A10000290062742F2573004661696C65642074B0
:10A110006F2073617665204944202865727220257E
:10A12000642900556E61626C6520746F20736574DC
:10A13000757020616E206964656E74697479206140
:10A140006464726573730062740062745F73657433
:10A1500074696E6773004254204C57205751002594
:10A160003038782D253034782D253034782D253031
:10A1700034782D25303878253034780002FB349B34
:10A180005F80000080001000000000000057455371
:10A19000545F544F504449522F7A65706879722F3A
:10A1A0007375627379732F626C7565746F6F746801
:10A1B0002F686F73742F6275662E63005745535472
:10A1C0005F544F504449522F7A65706879722F69F5
:10A1D0006E636C7564652F7A65706879722F626C36
:10A1E0007565746F6F74682F6275662E680062748F
:10A1F0005F6275660062745F6461746100446174DB
:10A200006120627566666572206F766572666C6F36
:10A210007720286C696E6B20747970652030782502
:10A220003032782900556E61626C6520746F206C45
:10A230006F6F6B20757020636F6E6E207769746826
:10A240002068616E646C6520257500556E61626CD6
:10A250006520746F206C6F6F6B757020636F6E6E0E
:10A2600020666F722068616E646C652025750048F9
:10A2700061726477617265206572726F722C2068FA
:10A280006172647761726520636F64653A2025644A
:10A2900000436F756C64206E6F74207375626D6916
:10A2A000742072785F776F726B3A20256400556E68
:10A2B00061626C6520746F20616C6C6F63617465A2
:10A2C0002062756666657200556E657870656374A8
:10A2D000656420737461747573203078253032782A
:10A2E00020257300556E68616E646C656420657628
:10A2F000656E7420307825303278206C656E2025AC
:10A30000753A20257300696E74657276616C2065FC
:10A31000786365656473207468652076616C696430
:10A320002072616E6765202575207573006C6174FD
:10A33000656E63792065786365656473207468650C
:10A340002076616C69642072616E676520307825C3
:10A3500030347800737570765F74696D656F7574ED
:10A360002065786365656473207468652076616C28
:10A3700069642072616E676520307825303478001A
:10A380004E6F20636F6D6D616E642073656E742017
:10A39000666F7220636D6420636F6D706C657465A9
:10A3A00020307825303478004F70436F646520305A
:10A3B000782530347820636F6D706C657465642027
:10A3C000696E7374656164206F662065787065637B
:10A3D0007465642030782530347800574553545FD5
:10A3E000544F504449522F7A65706879722F7375B3
:10A3F000627379732F626C7565746F6F74682F6800
:10A400006F73742F6863695F636F72652E630054A6
:10A410006F6F20736D616C6C2028257520627974D4
:10A42000657329206576656E742030782530327822
:10A4300000496E76616C6964204843492065766501
:10A440006E742073697A65202825752900496E7617
:10A45000616C6964204C45206D657461206576658A
:10A460006E742073697A65202825752900496E76F7
:10A47000616C696420627566207479706520257549
:10A4800000496E76616C6964204843492041434C21
:10A49000207061636B65742073697A652028257567
:10A4A000290041434C2064617461206C656E6774BF
:10A4B00068206D69736D617463682028257520219B
:10A4C0003D2025752900556E61626C6520746F20F2
:10A4D00066696E6420636F6E6E20666F72206861BD
:10A4E0006E646C6520257500556E6B6E6F776E20FF
:10A4F000627566207479706520257500556E6861F7
:10A500006E646C65642076656E646F722D73706521
:10A510006369666963206576656E742030782530DE
:10A520003278206C656E2025753A2025730065769B
:10A5300074206E756D5F68616E646C657320283D74
:10A5400025752920746F6F206C617267652028253E
:10A550007A75203E20257529004E6F20636F6E6E40
:10A56000656374696F6E20666F722068616E646CDB
:10A5700065202575007061636B65747320636F756A
:10A580006E74206D69736D6174636800756E6B6EB7
:10A590006F776E005B305D00484349207472616ED6
:10A5A00073706F72743A20257300534443004964FA
:10A5B000656E7469747925733A2025730049646562
:10A5C0006E746974795B25645D3A20257300484395
:10A5D000493A2076657273696F6E202573202830A2
:10A5E000782530327829207265766973696F6E201C
:10A5F0003078253034782C206D616E756661637417
:10A600007572657220307825303478004C4D503AA0
:10A610002076657273696F6E202573202830782547
:10A620003032782920737562766572203078253053
:10A630003478004E6F2049442061646472657373FE
:10A640002E20417070206D7573742063616C6C20D6
:10A6500073657474696E67735F6C6F616428290039
:10A660004D657368204C6967687400556E61626C53
:10A670006520746F2073656E6420746F2064726946
:10A6800076657220286572722025642900556E63F4
:10A690006C65617265642070656E64696E672073B5
:10A6A000656E745F636D64006F70636F6465203006
:10A6B0007825303478207374617475732030782570
:10A6C000303278202573004661696C656420746FB0
:10A6D000207265616420444C45206D61782064617E
:10A6E0007461206C656E0074785F6F637465747359
:10A6F0002065786365656473207468652076616C95
:10A7000069642072616E67652025750074785F74D6
:10A71000696D65206578636565647320746865207C
:10A7200076616C69642072616E6765202575004EE4
:10A730006F6E2D4C452063617061626C6520636FA4
:10A740006E74726F6C6C6572206465746563746599
:10A750006421004E756D206F6620436F6E74726FBA
:10A760006C6C657227732041434C207061636B658C
:10A77000747320213D2041434C2062745F636F6EEF
:10A780006E5F747820636F6E74657874732028250B
:10A790007520213D2025752900436F6E74726F6C02
:10A7A0006C657220646F6573206E6F7420737570B2
:10A7B000706F727420274C455F524541445F4D4194
:10A7C000585F4144565F444154415F4C454E272EEB
:10A7D00020417373756D696E67206D6178696D7561
:10A7E0006D206C656E677468206973203331206258
:10A7F000797465732E0041434C2042522F454452D8
:10A800002062756666657273206E6F7420696E696A
:10A810007469616C697A65640056656E646F722054
:10A8200048434920657874656E73696F6E73206E56
:10A830006F7420617661696C61626C6500485720B5
:10A84000506C6174666F726D3A20257320283078E1
:10A8500025303478290048572056617269616E743A
:10A860003A2025732028307825303478290046692D
:10A87000726D776172653A20257320283078253013
:10A880003278292056657273696F6E2025752E25E2
:10A8900075204275696C64202575004661696C6598
:10A8A0006420746F207265616420737570706F72BC
:10A8B0007465642076656E646F7220636F6D6D6180
:10A8C0006E6473004661696C656420746F20726504
:10A8D000616420737570706F727465642076656E44
:10A8E000646F7220666561747572657300484349D0
:10A8F00020647269766572206973206E6F742072AD
:10A9000065616479004254205258205751004843F1
:10A910004920647269766572206F70656E20666189
:10A92000696C65642028256429004E6F2070656E6F
:10A9300064696E6720636F6E6E20666F722070654B
:10A94000657220257300556E657870656374656463
:10A9500020484F53545F4E554D5F434F4D504C452B
:10A960005445445F5041434B4554532C207374610C
:10A97000747573203078253032782025730091FB70
:10A98000FBF3F4FBFBFBFBEA010204312E30620017
:10A99000312E3100312E3200322E3000322E310075
:10A9A000332E3000342E3000342E3100342E32005D
:10A9B000352E3000352E3100352E3200352E330045
:10A9C000352E3400362E3000362E3100362E320031
:10A9D0005374616E6461726420426C7565746F6F4C
:10A9E000746820636F6E74726F6C6C65720056656C
:10A9F0006E646F7220737065636966696320636F4C
:10AA00006E74726F6C6C6572004669726D776172FC
:10AA100065206C6F616465720052657363756520B3
:10AA2000696D616765007265736572766564006E55
:10AA30005246353178006E5246353278006E5246B5
:10AA4000353378006E524635344878006E524635BC
:10AA5000344C7800496E74656C20436F72706F726D
:10AA60006174696F6E004E6F726469632053656D27
:10AA700069636F6E647563746F72004E5850205333
:10AA8000656D69636F6E647563746F727300627471
:10AA90005F6863695F636F726500636D64206469FA
:10AAA00073616C6C6F776564004F6E6C79207261B6
:10AAB0006E646F6D20737461746963206964656E80
:10AAC000746974792061646472657373207375703E
:10AAD000706F7274656400496E76616C6964206998
:10AAE0006E70757420706172616D6574657273004B
:10AAF0004661696C656420746F20726561642070C2
:10AB000075626C6963206164647265737300526579
:10AB10006164205374617469632041646472657375
:10AB200073657320636F6D6D616E64206E6F74204A
:10AB3000617661696C61626C65004661696C65642F
:10AB400020746F207265616420737461746963207E
:10AB5000616464726573736573004E6F2073746112
:10AB600074696320616464726573736573207374C0
:10AB70006F72656420696E20636F6E74726F6C6CA7
:10AB800065720043616E27742073657420626F7470
:10AB900068204944454E544954592026204E52506D
:10ABA000410062745F696400616476206F72207393
:10ABB00063616E20727370206461746120746F6FC2
:10ABC000206C617267652028257A75203E206D61B2
:10ABD000782025752900546F6F20626967206164B1
:10ABE000766572746973696E672064617461005779
:10ABF0004553545F544F504449522F7A65706879D9
:10AC0000722F7375627379732F626C7565746F6FD1
:10AC100074682F686F73742F6164762E63004661C9
:10AC2000696C656420746F20737461727420616450
:10AC30007665727469736572004E6F2076616C6917
:10AC400064206164760062745F61647600436F75AE
:10AC50006C64206E6F742073746F7020746865204C
:10AC60006578706C69636974207363616E6E657278
:10AC7000202825642900556E6578706563746564C5
:10AC800020656E64206F662062756666657200419D
:10AC90006476207265706F727420636F7272757063
:10ACA000746564202877616E7473202575206F7534
:10ACB00074206F6620257529005265636569766585
:10ACC0006420616E20696E636F6D706C65746520C1
:10ACD0006164766572746973696E67207265706FFE
:10ACE0007274207768696C65207265617373656D35
:10ACF000626C696E67206164766572746973696EEF
:10AD000067207265706F7274732066726F6D206158
:10AD100020646966666572656E742061647665722A
:10AD200074697365722E205468652061647665725B
:10AD3000746973696E67207265706F7274206973CD
:10AD40002064697363617264656420616E64206667
:10AD50007574757265207363616E20726573756CAE
:10AD60007473206D617920626520696E636F6D7008
:10AD70006C6574652E20496E7465726C65617669C8
:10AD80006E67206F6620667261676D656E746564BC
:10AD9000206164766572746973696E67207265708C
:10ADA0006F7274732066726F6D2064696666657277
:10ADB000656E742061647665727469736572732060
:10ADC0006973206E6F742079657420737570706F6D
:10ADD000727465642E00574553545F544F50444974
:10ADE000522F7A65706879722F7375627379732F39
:10ADF000626C7565746F6F74682F686F73742F73EE
:10AE000063616E2E6300030502000501050505055B
:10AE10000404030502000A62745F7363616E0057E5
:10AE20004553545F544F504449522F7A65706879A6
:10AE3000722F7375627379732F626C7565746F6F9F
:10AE400074682F686F73742F636F6E6E2E63004685
:10AE500061696C656420726561642072656D6F74F0
:10AE60006520666561747572657320282564290004
:10AE70004661696C656420746F2073657420646139
:10AE80007461206C656E202825642900556E6578F4
:10AE9000706563746564206669727374204C324314
:10AEA0004150206672616D6500556E65787065630E
:10AEB000746564204C3243415020636F6E74696E38
:10AEC000756174696F6E004E6F7420656E6F756783
:10AED00068206275666665722073706163652066BE
:10AEE0006F72204C32434150206461746100556E92
:10AEF00065787065637465642041434C20666C61BD
:10AF000067732028307825303278290041434C205F
:10AF10006C656E206D69736D61746368202825759A
:10AF2000203E202575290028756E6B6E6F776E297F
:10AF3000006E6F207472616E736974696F6E202584
:10AF40007300496E76616C69642028257529206F2D
:10AF50006C6420737461746500636F6E6E2025707D
:10AF6000206661696C656420746F2065737461622A
:10AF70006C6973682E205246206E6F6973653F00BE
:10AF80006E6F2076616C69642028257529207374A2
:10AF9000617465207761732073657400696E636FF7
:10AFA0006D70617469626C652068616E646C6520A7
:10AFB00025750054696D656F7574206469736361EC
:10AFC000726465642E204E6F20626C6F636B696ED5
:10AFD0006720696E2073797377712E004661746102
:10AFE0006C206572726F7220282564292E204469B6
:10AFF00073636F6E6E656374696E672025700046BB
:10B000006F756E642076616C696420636F6E6E6527
:10B010006374696F6E202825702920776974682011
:10B020006164647265737320257320696E202573D3
:10B03000207374617465200053656E64204C452054
:10B04000706172616D2075706461746520666169FC
:10B050006C65642028657272202564290053656E32
:10B0600064206175746F204C4520706172616D20A1
:10B07000757064617465206661696C65642028651B
:10B080007272202564290000000101010101020300
:10B09000646973636F6E6E6563746564006469737D
:10B0A000636F6E6E6563742D636F6D706C65746530
:10B0B000007363616E2D6265666F72652D696E69DE
:10B0C00074696174696E6700696E69746961746935
:10B0D0006E672D66696C7465722D6C69737400619E
:10B0E00064762D636F6E6E65637461626C6500617A
:10B0F00064762D6469722D636F6E6E656374616230
:10B100006C6500646973636F6E6E656374696E6706
:10B110000062745F636F6E6E00574553545F544F07
:10B12000504449522F7A65706879722F7375627333
:10B1300079732F626C7565746F6F74682F686F73A5
:10B14000742F6C326361702E6300556E61626C65A2
:10B1500020746F20616C6C6F63617465206275662A
:10B1600066657220666F72206F70203078253032ED
:10B1700078004E6F20617661696C61626C65204C6D
:10B180003243415020636F6E7465787420666F722D
:10B1900020636F6E6E20257000457870656374695A
:10B1A0006E6720757020746F202564207265667349
:10B1B0002C20676F7420256400616C72656164796E
:10B1C00020686176652076696577206F6E2025702E
:10B1D000004C32434150206C656E677468206D6985
:10B1E000736D617463682028257520213D202575C5
:10B1F0002900496E76616C6964206964656E74200B
:10B2000076616C756520696E204C32434150205048
:10B21000445500496E76616C6964204C4520636F2B
:10B220006E6E20706172616D207273702073697A26
:10B23000652028257520213D20257A752900526535
:10B240006A656374696E6720756E6B6E6F776E20CA
:10B250004C324341502050445520636F6465203088
:10B26000782530327800546F6F20736D616C6C20DC
:10B270004C32434150207369676E616C696E672080
:10B2800050445500546F6F20736D616C6C204C32CC
:10B29000434150205044552072656365697665646A
:10B2A0000049676E6F72696E672064617461206621
:10B2B0006F7220756E6B6E6F776E206368616E6E55
:10B2C000656C2049442030782530347800636F6EF7
:10B2D0006669670062745F6C326361700057455342
:10B2E000545F544F504449522F7A65706879722FD9
:10B2F0007375627379732F626C7565746F6F7468A0
:10B300002F686F73742F6174742E6300415454203E
:10B310006368616E6E656C206E6F7420636F6E6E15
:10B320006563746564004572726F72207369676E3D
:10B33000696E6720646174610052616E206F75747C
:10B34000206F662054582062756666657273206FA0
:10B350007220636F6E74657874732E00556E61622F
:10B360006C6520746F20637265617465206572720C
:10B37000207273702050445500415454204D545550
:10B380002065786365656465642C206D617820258F
:10B39000752C2077616E74656420257A7500556E72
:10B3A00061626C6520746F206372656174652072E0
:10B3B00073702050445500546F6F20736D616C6C36
:10B3C0002041545420504455207265636569766568
:10B3D0006400556E68616E646C656420415454204D
:10B3E000636F64652030782530327800496E76616D
:10B3F0006C6964206C656E20257520666F72206311
:10B400006F64652030782530327800556E61626C4B
:10B410006520746F206372656174652055554944D9
:10B420003A2073697A6520257500556E61626C65F6
:10B4300020746F2063726561746520555549443AE4
:10B440002073697A65202564004E6F2061766169FA
:10B450006C61626C652041545420636F6E74657832
:10B460007420666F7220636F6E6E202570004E6FC1
:10B4700020617661696C61626C652041545420637F
:10B4800068616E6E656C20666F7220636F6E6E20F1
:10B490002570004E6F7420636F6E6E656374656413
:10B4A00000556E61626C6520746F2066696E642061
:10B4B000415454206368616E6E656C00476F742060
:10B4C0006572722025642C206E6F742063616C6C31
:10B4D000696E6720415454206362004E6F204154CE
:10B4E00054206368616E6E656C20666F72204D54E7
:10B4F0005520257A75004E6F2070656E64696E6701
:10B5000020415454207265717565737400446973E9
:10B51000636F6E6E656374696E67206661696C65E2
:10B5200064202865727220256429004154542054F7
:10B53000696D656F757420666F72206465766963E6
:10B54000652025732E20446973636F6E6E65637486
:10B55000696E672E2E2E0062745F61747400434D15
:10B56000414320757064617465206661696C65642F
:10B57000202564004661696C656420746F206465F1
:10B58000636F64652076616C756520286572722032
:10B59000257A6429004661696C656420746F2073A4
:10B5A00061766520446174616261736520486173EE
:10B5B0006820286572722025642900574553545F1E
:10B5C000544F504449522F7A65706879722F7375C1
:10B5D000627379732F626C7565746F6F74682F680E
:10B5E0006F73742F676174742E63006661696C6594
:10B5F0006420746F2073746F726520534320286534
:10B6000072722025642900756E61626C6520746F0A
:10B6100020736176652053433A206E6F206366671E
:10B62000206C65667400546F6F206D616E792043E5
:10B630006C69656E742043686172616374657269D8
:10B640007374696320436F6E6669677572617469AC
:10B650006F6E2E2053656520434F4E4649475F422B
:10B66000545F53455454494E47535F4343435F53DC
:10B67000544F52455F4D41580A00496E76616C69DE
:10B6800064206B6579006661696C656420746F2065
:10B6900064656C65746520534320286572722025AB
:10B6A0006429004661696C656420746F20636C6571
:10B6B000617220534320256400556E61626C6520E1
:10B6C000746F206465636F64652061646472657380
:10B6D0007320257300496E76616C6964206C6F631A
:10B6E000616C206964656E7469747920256C7500DD
:10B6F000556E61626C6520746F20726573746F7231
:10B70000652053433A206E6F20636667206C656640
:10B7100074004E6F20737061636520746F207374C2
:10B720006F72652043434320636667004E6F20734A
:10B730007061636520746F2073746F726520436C51
:10B7400069656E7420537570706F727465642046FD
:10B750006561747572657300556E61626C65207405
:10B760006F20726573746F72652043463A206E6F66
:10B7700020636667206C656674004368616E676568
:10B780002D617761726520737461747573206E6FBB
:10B790007420666F756E6420696E207365747469B9
:10B7A0006E67732C2064656661756C74696E6720C2
:10B7B000706565722073746174757320746F206393
:10B7C00068616E67652D756E61776172650052659F
:10B7D0006164206261636B20626164206368616EF2
:10B7E00067652D61776172652076616C75653A20B9
:10B7F000307825782C2064656661756C74696E6795
:10B8000020706565722073746174757320746F2085
:10B810006368616E67652D756E617761726500465C
:10B8200061696C656420746F2073746F7265204366
:10B830006C69656E74204665617475726573202845
:10B840006572722025642900556E61626C652074F2
:10B850006F20696D706F727420746865206B6579F4
:10B8600020666F722041455320434D41432025649B
:10B8700000434D4143206F7065726174696F6E20A3
:10B88000696E6974206661696C6564202564004393
:10B890004D41432066696E697368206661696C6515
:10B8A0006420256400556E61626C6520746F20729F
:10B8B000656769737465722068616E646C652030B9
:10B8C00078253034780062742F63636300466169C1
:10B8D0006C656420746F2073746F726520434343FA
:10B8E00073202865727220256429005265616420E6
:10B8F0006D6574686F64206E6F74207365740046A4
:10B9000061696C656420746F207265616420617484
:10B9100074726962757465202570202865727220C2
:10B92000257A642900496E76616C696420726561CC
:10B9300064206C656E6774683A20257A640043431E
:10B9400043202570206E6F74207772697461626C79
:10B950006500534320726573746F726520696E646D
:10B9600069636174696F6E206661696C6564006209
:10B97000742F686173680062742F63660062742FAD
:10B9800073630062745F67617474004E6F20617648
:10B9900061696C61626C6520534D5020636F6E74F9
:10B9A00065787420666F7220636F6E6E202570005C
:10B9B00062745F736D70004661696C656420656ECA
:10B9C00061626C696E672061647665727469736523
:10B9D00072005072696D61727920456C656D656E9B
:10B9E000743A20307825303478004661696C65649B
:10B9F00020746F20696D706F72742064657669635E
:10BA000065206B6579004661696C656420746F2000
:10BA1000696D706F7274206E6574776F726B206BD6
:10BA20006579004661696C656420746F2063726596
:10BA3000617465206E6574776F726B0062745F6D00
:10BA40006573685F6D61696E004661696C6564204D
:10BA5000746F207365742027636667270062742FF4
:10BA60006D6573682F436667004661696C65642085
:10BA7000746F2073746F726520636F6E666967758B
:10BA8000726174696F6E2076616C756500466169DC
:10BA90006C656420746F20636C65617220636F6EE7
:10BAA00066696775726174696F6E20286572723A93
:10BAB000202564290062745F6D6573685F63666743
:10BAC000005265667573696E6720746F20616C6CD7
:10BAD0006F63617465206275666665722077686958
:10BAE0006C652073757370656E64656400414420F5
:10BAF0006D616C666F726D656400574553545F5499
:10BB00004F504449522F7A65706879722F7375626D
:10BB10007379732F626C7565746F6F74682F6D65C0
:10BB200073682F6164762E6300556E657870656367
:10BB3000746564206B5F706F6C6C206576656E74E5
:10BB40002073746174652025750053656E64696E99
:10BB500067206164766572746973656D656E7420C3
:10BB60007768696C652073757370656E64656400D1
:10BB70007374617274696E67207363616E206661AD
:10BB8000696C6564202865727220256429007374CD
:10BB90006F7070696E67207363616E206661696C97
:10BBA000656420286572722025642900292A2B24C7
:10BBB00062745F6D6573685F6164760043616E27D0
:10BBC0007420656E63727970742070726976617426
:10BBD0006520626561636F6E00496E76616C6964B1
:10BBE00020617574682076616C75652E20526563DE
:10BBF000656976656420617574683A202573004331
:10BC0000616C63756C6174656420617574683A2059
:10BC10002573004661696C656420746F2073656EDE
:10BC20006420626561636F6E3A20657272202564DC
:10BC300000556E61626C6520746F20616C6C6F637F
:10BC400061746520626561636F6E20616476004691
:10BC500061696C656420746F2061647665727469D3
:10BC60007365207375626E65742025643A20657271
:10BC70007220256400556E61626C6520746F2061CE
:10BC80006C6C6F6361746520555249206164760065
:10BC9000546F6F206C6F6E672055524920746F206F
:10BCA000666974206164766572746973696E672071
:10BCB000646174610049676E6F72696E67205068D5
:10BCC0006173652032204B52205570646174652089
:10BCD00073656375726564207573696E67206F6C38
:10BCE00064206B65790049676E6F72696E672073B7
:10BCF000656375726520626561636F6E206F6E208B
:10BD00006E6F6E2D7072696D617279207375626EDF
:10BD1000657400546F6F2073686F72742062656180
:10BD2000636F6E00496E76616C696420756E707227
:10BD30006F766973696F6E656420626561636F6EAB
:10BD4000206C656E677468202825752900546F6F14
:10BD50002073686F72742073656375726520626505
:10BD600061636F6E20286C656E2025752900546F05
:10BD70006F2073686F7274207072697661746520C9
:10BD8000626561636F6E20286C656E2025752900E1
:10BD9000556E6B6E6F776E20626561636F6E207497
:10BDA000797065203078253032780062745F6D6577
:10BDB00073685F626561636F6E004661696C65649C
:10BDC00020746F2073657420276E657427004661A8
:10BDD000696C656420746F207365742027736571C6
:10BDE00027004661696C656420746F207365742058
:10BDF00027697627004661696C6564206372656116
:10BE000074696E67207375626E65740049562049C7
:10BE10006E646578206F7574206F662073796E6329
:10BE20003A2030782530387820213D203078253070
:10BE3000387800495620496E646578205265636FF2
:10BE400076657279206265666F7265206D696E69CC
:10BE50006D756D2064656C617900506572666F72F6
:10BE60006D696E6720495620496E64657820526579
:10BE7000636F766572790049562055706461746508
:10BE8000206265666F7265206D696E696D756D20E3
:10BE90006475726174696F6E0049562055706461F3
:10BEA00074652064656665727265642062656361AD
:10BEB000757365206F662070656E64696E672074A7
:10BEC00072616E7366657200496E7375666669634A
:10BED00069656E74204D4943207370616365206607
:10BEE0006F722043544C2050445500496E73756660
:10BEF00066696369656E74204D49432073706163A0
:10BF00006520666F722050445500556E61626C6505
:10BF100020746F20616C6C6F63617465206C6F6F4F
:10BF2000706261636B0044726F7070696E67207439
:10BF30006F6F2073686F7274206D65736820706115
:10BF4000636B657420286C656E202575290044722A
:10BF50006F7070696E6720746F6F206C6F6E6720F2
:10BF60006D657368207061636B657420286C656E05
:10BF7000202575290044657374696E6174696F6E5C
:10BF8000206164647265737320697320756E6173D8
:10BF90007369676E65643B2064726F7070696E6769
:10BFA000207061636B65740050726F7879206973DB
:10BFB0002064697361626C65643B2069676E6F72AF
:10BFC000696E67206D6573736167650052656D6F9B
:10BFD00076696E672072656A6563746564206D6555
:10BFE00073736167652066726F6D204E6574776F3D
:10BFF000726B204D6573736167652043616368658B
:10C000000052652D656E6372797074696E67206683
:10C0100061696C65640062742F6D6573682F4956A1
:10C02000004661696C656420746F2073746F72657B
:10C030002049562076616C7565004661696C6564BF
:10C0400020746F20636C6561722049560062742F02
:10C050006D6573682F4E6574004661696C65642078
:10C06000746F2073746F7265204E6574776F726B96
:10C070002076616C7565004661696C656420746F3B
:10C0800020636C656172204E6574776F726B00621D
:10C09000742F6D6573682F536571004661696C6517
:10C0A0006420746F2073746F722053657120766101
:10C0B0006C7565004661696C656420746F20636C03
:10C0C000656172205365712076616C7565006274DC
:10C0D0005F6D6573685F6E657400574553545F54B8
:10C0E0004F504449522F7A65706879722F73756288
:10C0F0007379732F626C7565746F6F74682F6D65DB
:10C1000073682F7375626E65742E6300556E61627D
:10C110006C6520746F2067656E6572617465204E72
:10C1200049442C20456E634B657920262050726966
:10C13000766163794B657900556E61626C65207438
:10C140006F20696D706F7274206E6574776F726B9B
:10C15000206B657900556E61626C6520746F206795
:10C16000656E6572617465204E6574204944006E89
:10C170006B696B00556E61626C6520746F2067653A
:10C180006E6572617465204964656E746974794B7B
:10C190006579006E6B626B00556E61626C65207430
:10C1A0006F2067656E657261746520626561636F9B
:10C1B0006E206B6579006E6B706B00556E61626C02
:10C1C0006520746F2067656E65726174652070729A
:10C1D000697661746520626561636F6E206B657955
:10C1E000004661696C656420746F20636C656172E0
:10C1F000204E65744B6579496E64657820307825EA
:10C200003033780062742F6D6573682F4E65744B00
:10C2100065792F2578004E65744B6579496E6465A4
:10C220007820307825303378206E6F7420666F75F3
:10C230006E64004661696C656420746F2073746F6E
:10C240007265204E65744B65792076616C7565006A
:10C25000496E76616C6964204B52207472616E7312
:10C260006974696F6E3A20307825303278202D3E1F
:10C270002030782530327800080C08004661696C5F
:10C28000656420746F2073657420276E65742D6B50
:10C290006579270062742F6D6573682F4E65744B46
:10C2A00065790062745F6D6573685F6E65745F6B5E
:10C2B00065797300574553545F544F504449522F8A
:10C2C0007A65706879722F7375627379732F626CF7
:10C2D0007565746F6F74682F6D6573682F6170700A
:10C2E0005F6B6579732E630062742F6D6573682FC1
:10C2F0004170704B65792F25780041704B65794905
:10C300006E64657820307825303378206E6F742025
:10C31000666F756E64004661696C656420746F2099
:10C3200073746F7265204170704B6579202573209E
:10C3300076616C7565004661696C656420746F2078
:10C34000636C656172204170704B6579496E6465FC
:10C35000782030782530337800556E61626C652026
:10C36000746F20696D706F7274206170706C696396
:10C370006174696F6E206B6579004661696C6564F4
:10C3800020746F2073657420276170702D6B657940
:10C390002700556E6B6E6F776E204E65744B657916
:10C3A00020307825303378004E6F204465764B6519
:10C3B0007920666F722030782530347800556E6BA6
:10C3C0006E6F776E204170704B6579203078253024
:10C3D00033780062742F6D6573682F4170704B6500
:10C3E000790062745F6D6573685F6170705F6B6523
:10C3F000797300574553545F544F504449522F7A34
:10C4000065706879722F7375627379732F626C75BA
:10C4100065746F6F74682F6D6573682F68656172DE
:10C4200074626561742E63004E6F206D6174636881
:10C43000696E67207375626E657420666F7220691D
:10C4400064782030782530327800546F6F2073681C
:10C450006F727420686561727462656174206D65C5
:10C46000737361676500556E6B6E6F776E204E65F6
:10C47000744B657920307825303478004661696CDA
:10C48000656420746F20736574202768625F76612D
:10C490006C270050726F6869626974656420736FFD
:10C4A0007572636520616464726573730050726FA6
:10C4B000686962697465642064657374696E617427
:10C4C000696F6E20616464726573730050726F6887
:10C4D00069626974656420737562736372697074EC
:10C4E000696F6E20706572696F6420257520730016
:10C4F00062742F6D6573682F484250756200466103
:10C50000696C656420746F2073746F726520486570
:10C5100061727462656174205075626C69636174E4
:10C52000696F6E0062745F6D6573685F6862007347
:10C530006D6B3200736D6B330069643634010073C8
:10C540006D6B3400696431323801007072736E00B3
:10C550007072736B007072646B007674616400704B
:10C5600072636B323536007072636B00456E632008
:10C57000626561636F6E3A203078253032782C2006
:10C58000307825303878000091E3720796E4750E14
:10C590009FED7C0998EA7B1C8DFF6E1B8AF869125F
:10C5A00083F1601584F66738A9DB4A3FAEDC4D366F
:10C5B000A7D54431A0D24324B5C75623B2C0512ACF
:10C5C000BBC9582DBCCE5F70E1930277E694057E1F
:10C5D000EF9D0C79E89A0B6CFD8F1E6BFA8819623F
:10C5E000F3811065F4861748D9AB3A4FDEAC3D466F
:10C5F000D7A53441D0A23354C5B72653C2B0215A6F
:10C60000CBB9285DCCBE2FE0710392E7760495EE9E
:10C610007F0D9CE9780A9BFC6D1F8EFB6A1889F2DE
:10C62000631180F5641687D8493BAADF4E3CADD62E
:10C630004735A4D14032A3C45527B6C35220B1CA4E
:10C640005B29B8CD5C2EBF900173E2970674E59E1E
:10C650000F7DEC99087AEB8C1D6FFE8B1A68F982BE
:10C660001361F0851466F7A8394BDAAF3E4CDDA6AE
:10C670003745D4A13042D3B42557C6B32250C1BAEE
:10C680002B59C8BD2C5ECF62745F6D6573685F63A4
:10C69000727970746F004B657920776974682049EE
:10C6A0004420307825347820616C7265616479208B
:10C6B0006578697374732028646573796E6320628A
:10C6C00065747765656E206D65736820616E6420A2
:10C6D00050534120495453290062745F6D6573685B
:10C6E0005F63727970746F5F707361004C6F636128
:10C6F0006C206E6F6465206973206E6F742079659D
:10C70000742070726F766973696F6E656400556E20
:10C7100061626C6520746F2064656C61792070754E
:10C72000626C69636174696F6E202865727220257E
:10C7300064290062742F6D6573682F762F25782F1A
:10C7400025730062742F6D6573682F732F25782F02
:10C75000257300496E76616C69642076656E646F3E
:10C7600072206D6F64656C28636F6D70616E793ACD
:10C770003078253034782069643A30782530347840
:10C7800029206D657373616765206F70636F6465E1
:10C79000203078253038780062696E64004661691F
:10C7A0006C656420746F2073746F7265202573202C
:10C7B00076616C75650073756200737562760070E2
:10C7C000756200546F6F206C6172676520646576D6
:10C7D00069636520636F6D706F736974696F6E0054
:10C7E00052657472616E736D697373696F6E2069DF
:10C7F0006E74657276616C20697320746F6F20733C
:10C80000686F7274005075626C69636174696F6EF1
:10C8100020706572696F6420697320746F6F207374
:10C82000686F727420666F722072657472616E73C5
:10C830006D697373696F6E73005075626C696361C3
:10C8400074696F6E2073656E64696E6720746F6FB4
:10C850006B206C6F6E676572207468616E207468FF
:10C860006520706572696F64005075626C69636100
:10C8700074696F6E20706572696F642069732074CB
:10C880006F6F2073686F727420746F20626520640C
:10C89000656C617961626C65004661696C656420F4
:10C8A000746F207075626C6973683A2065727220CB
:10C8B0002564004661696C656420746F2070756240
:10C8C0006C69736820286572722025642900496E9E
:10C8D00076616C696420656C656D656E7420696E47
:10C8E00064657820257500496E76616C69642076F0
:10C8F000656E646F72206D6F64656C20696E64652F
:10C900007820257500496E76616C6964205349472B
:10C91000206D6F64656C20696E64657820257500F4
:10C920004661696C656420746F20676574206D6F63
:10C9300064656C20666F7220656C656D5F696478F4
:10C94000202575206D6F645F696478202575004629
:10C9500061696C656420746F207265616420766122
:10C960006C7565202865727220257A6429004D6FE8
:10C9700064656C20686173206E6F207075626C69ED
:10C98000636174696F6E20636F6E746578742100E3
:10C990004661696C656420746F2073657420276D2F
:10C9A0006F64656C2D7075622700556E6B6E6F77C6
:10C9B0006E206D6F64756C65206B65792025730042
:10C9C0004D6F64656C206E6F7420626F756E6420AD
:10C9D000746F204170704B65792030782530347841
:10C9E000004E6F207075626C69636174696F6E20B0
:10C9F0006D657373616765004D657373616765206D
:10CA0000646F6573206E6F7420666974206D617841
:10CA1000696D756D205344552073697A6500436CC8
:10CA2000656172696E67207075626C6973682072E7
:10CA3000657472616E736D69742074696D657200DE
:10CA4000546F6F2073686F7274206D6573736167C4
:10CA50006520666F72204F70436F646520307825C3
:10CA600030387800496E76616C6964206D65737347
:10CA70006167652073697A6520666F72204F704325
:10CA80006F6465203078253038780049676E6F72A2
:10CA9000696E6720524655204F70436F646500549D
:10CAA0006F6F2073686F7274207061796C6F61644E
:10CAB00020666F7220322D6F63746574204F70434F
:10CAC0006F646500546F6F2073686F7274207061BB
:10CAD000796C6F616420666F7220332D6F637465AB
:10CAE00074204F70436F646500556E61626C652001
:10CAF000746F206465636F6465204F70436F646575
:10CB000000496E76616C6964206164647265737358
:10CB100020307825303278004661696C6564207277
:10CB2000656164696E6720636F6D706F73697469A6
:10CB30006F6E20646174613A2025640062742F6D09
:10CB40006573682F636D702F30004661696C656492
:10CB500020746F20636C6561722043445025643AF1
:10CB60002025640062742F6D6573682F636D702FCC
:10CB7000310062742F6D6573682F6D657461646137
:10CB80007461004661696C656420746F20636C6534
:10CB90006172206D6F64656C73206D657461646192
:10CBA00074613A2025640062742F6D6573682F6389
:10CBB0006D700062742F6D6573682F760062742F3C
:10CBC0006D6573682F730062745F6D6573685F6174
:10CBD00063636573730062745F6D6573685F6D7323
:10CBE0006700556E61626C6520746F2073656E64BA
:10CBF000204B6579205265667265736820537461B5
:10CC000074652053746174757300556E61626C6550
:10CC100020746F2073656E64204E6F6465204964D4
:10CC2000656E746974792053746174757300556E00
:10CC300061626C6520746F2073656E64204E65744C
:10CC40004B65792053746174757300556E61626C25
:10CC50006520746F2073656E64204D6F64656C2071
:10CC6000537562736372697074696F6E2053746177
:10CC700074757300556E61626C6520746F20736506
:10CC80006E64204D6F64656C205075626C696361E1
:10CC900074696F6E2053746174757300496E7661A8
:10CCA0006C6964204E65744B6579496E64657820C3
:10CCB00030782530347800496E76616C6964206B79
:10CCC00072207068617365207472616E7369746933
:10CCD0006F6E2030782530327800496E76616C694D
:10CCE00064204C504E416464726573733B206967E5
:10CCF0006E6F72696E67206D736700556E61626C4E
:10CD00006520746F2073656E64204C504E20506F08
:10CD10006C6C54696D656F757420537461747573B0
:10CD200000496E76616C6964204E6F6465204944E9
:10CD30002076616C75652030782530327800556E2C
:10CD400061626C6520746F2073656E64204E65743B
:10CD50004B6579204C6973740050726F6869626921
:10CD600074656420656C656D656E742061646472C1
:10CD700065737300556E61626C6520746F20736516
:10CD80006E642056656E646F72204D6F64656C2012
:10CD9000537562736372697074696F6E204C697346
:10CDA0007400556E61626C6520746F2073656E64EB
:10CDB000204D6F64656C2053756273637269707483
:10CDC000696F6E204C697374004E6F20726F6F6DC7
:10CDD00020666F7220616C6C2067726F75707300D3
:10CDE000496E76616C69642052656C617920766168
:10CDF0006C75652030782530327800556E61626C34
:10CE00006520746F2073656E642052656C617920B3
:10CE100053746174757320726573706F6E736500FF
:10CE2000556E61626C6520746F2073656E6420437B
:10CE30006F6E6669672052656C6179205374617406
:10CE4000757320726573706F6E736500556E6162E5
:10CE50006C6520746F2073656E64204E6574776F07
:10CE6000726B205472616E736D69742053746174B7
:10CE700075730050726F68696269746564204465F7
:10CE80006661756C742054544C2076616C75652015
:10CE900030782530327800556E61626C6520746F91
:10CEA0002073656E642044656661756C742054540B
:10CEB0004C2053746174757320726573706F6E7358
:10CEC0006500496E76616C696420436F6E666967C0
:10CED00020426561636F6E2076616C7565203078E5
:10CEE0002530327800556E61626C6520746F207356
:10CEF000656E6420436F6E66696720426561636F8B
:10CF00006E2053746174757320726573706F6E73E5
:10CF10006500556E61626C6520746F2073656E6488
:10CF2000204170704B6579204C69737400556E61B7
:10CF3000626C6520746F2073656E64204E6F64654B
:10CF40002052657365742053746174757300436F68
:10CF50006E66696775726174696F6E20536572766B
:10CF60006572206F6E6C7920616C6C6F77656420E0
:10CF7000696E207072696D61727920656C656D658E
:10CF80006E7400556E61626C6520746F2073656EFF
:10CF90006420467269656E64205374617475730011
:10CFA000496E76616C696420467269656E642076AC
:10CFB000616C7565203078253032780053656E6479
:10CFC000696E67204E6F64652052657365742053E7
:10CFD0007461747573206661696C6564202865727C
:10CFE000722025642900546865206D65737361673C
:10CFF000652073697A6520666F72207468652061A8
:10D0000070706C69636174696F6E206F70636F64B8
:10D010006520697320696E636F72726563742E0098
:10D02000556E61626C6520746F2073656E64204D6F
:10D030006F64656C204170706C69636174696F6EB8
:10D04000204C697374206D65737361676500556E5C
:10D0500061626C6520746F2073656E6420436F6E2F
:10D06000666967204E6574776F726B205472616ECB
:10D07000736D69742053746174757300556E6162C9
:10D080006C6520746F2073656E6420474154542092
:10D0900050726F78792053746174757300496E769D
:10D0A000616C696420474154542050726F78792034
:10D0B00076616C75652030782530327800436C6974
:10D0C000656E7420747269656420746F2062696E85
:10D0D00064204170704B657920746F204465764BF5
:10D0E0006579206261736564206D6F64656C0055BD
:10D0F0006E61626C6520746F2073656E64204D6F85
:10D1000064656C204170702042696E6420537461C4
:10D1100074757320726573706F6E736500556E6100
:10D12000626C6520746F2073656E64204D6F64655A
:10D130006C2041707020556E62696E64205374617A
:10D1400074757320726573706F6E736500496E76C7
:10D15000616C69642054544C2076616C7565203094
:10D160007825303278004661696C656420746F20E0
:10D170006765742043445025642C206572723A25FB
:10D180006400556E61626C6520746F2073656E6417
:10D190002044657669636520436F6D706F736974B1
:10D1A000696F6E2053746174757320726573706F4C
:10D1B0006E736500556E61626C6520746F207365D7
:10D1C0006E6420417070204B6579205374617475D2
:10D1D0007320726573706F6E736500556E61626C5B
:10D1E0006520746F2073656E642048656172746297
:10D1F000656174205075626C69636174696F6E203B
:10D2000053746174757300556E61626C6520746F40
:10D210002073656E64204865617274626561742074
:10D22000537562736372697074696F6E20537461B1
:10D230007475730050726F686962697465642073F5
:10D240007562736372697074696F6E20706572695C
:10D250006F64203078253032780062745F6D6573BA
:10D26000685F6366675F73727600556E61626C65B6
:10D2700020746F2073656E6420417474656E7469E8
:10D280006F6E205374617475730050726F686962B9
:10D290006974656420706572696F642076616C756D
:10D2A00065202575004E6F204865616C74682053B9
:10D2B000657276657220636F6E7465787420707223
:10D2C0006F7669646564004865616C7468205365B5
:10D2D0007276657220686173206E6F207075626C63
:10D2E00069636174696F6E20737570706F7274001A
:10D2F000556E61626C6520746F2073656E642048A2
:10D3000065616C746820506572696F642053746144
:10D31000747573004661696C656420746F2067657D
:10D3200074206661756C74732028657272202564A0
:10D3300029004E6F2063616C6C6261636B20666FC5
:10D34000722067657474696E67206661756C7473AA
:10D350000052756E6E696E67206661756C7420741C
:10D36000657374206661696C6564207769746820F0
:10D3700065727220256400556E61626C6520746F61
:10D380002073656E64204865616C74682043757213
:10D3900072656E7420537461747573207265737056
:10D3A0006F6E7365004E6F204865616C7468205322
:10D3B000657276657220617661696C61626C650088
:10D3C00062745F6D6573685F6865616C74685F73D4
:10D3D0007276004D657368205669727475616C20B1
:10D3E00041646472657373206C656E677468203D78
:10D3F0002030004661696C656420746F2073657429
:10D4000020277669727475616C206164647265733B
:10D4100073270049676E6F7265204D6573682056EB
:10D4200069727475616C20416464726573732072F3
:10D430006566203D2030004F7574206F66206C615A
:10D4400062656C732062756666657273005745533A
:10D45000545F544F504449522F7A65706879722F47
:10D460007375627379732F626C7565746F6F74680E
:10D470002F6D6573682F76612E63004E6F206D618E
:10D48000746368696E67204C6162656C205555490C
:10D490004420666F72203078253034780064656CE3
:10D4A0006574650073746F72650062742F6D6573C7
:10D4B000682F56612F2578004661696C6564207479
:10D4C0006F2025732025732076616C756520286593
:10D4D0007272202564290062742F6D6573682F565F
:10D4E000610062745F6D6573685F7661004F75748B
:10D4F000206F66206E6574776F726B20616476733F
:10D50000004E6F7420656E6F75676820737061637D
:10D510006520696E20467269656E64205175657577
:10D5200065004E6F20737061636520696E204672DE
:10D5300069656E6420517565756500436C6561723F
:10D54000696E6720696E636F6D706C6574652062CB
:10D550007566666572732066726F6D2046726965C6
:10D560006E6420717565756500534152204469737E
:10D57000636172642074696D656F7574206578707D
:10D58000697265640052616E206F7574206F662049
:10D5900072657472616E736D697420776974686FF7
:10D5A00075742070726F677265737320617474652F
:10D5B0006D7074730052616E206F7574206F6620F9
:10D5C00072657472616E736D697420617474656DD7
:10D5D000707473004E6F206D756C74692D73656780
:10D5E0006D656E74206D65737361676520636F6E22
:10D5F000746578747320617661696C61626C650032
:10D600004E6F7420656E6F75676820737061636517
:10D6100020696E20467269656E6420517565756576
:10D6200020666F72202575207365676D656E747353
:10D63000004F7574206F66207365676D656E74208A
:10D640006275666665727300546F6F2073686F72DF
:10D65000742061636B206D6573736167650052654B
:10D660006365697665642061636B20666F7220670D
:10D67000726F757020736567005344552063616E47
:10D6800063656C656400546F6F206C617267652020
:10D690007365676D656E74206E756D626572206965
:10D6A0006E2061636B00556E68616E646C6564200A
:10D6B0005472616E734F70436F646520307825300B
:10D6C0003278005A65726F2D6C656E6774682053EE
:10D6D0004455206E6F7420616C6C6F776564004DEB
:10D6E00065737361676520746F6F206269673A20A4
:10D6F000257500496E73756666696369656E742089
:10D700007461696C726F6F6D20666F722054726104
:10D710006E73706F7274204D49430054544C2074E2
:10D720006F6F206C6172676520286D6178203132DF
:10D73000372900496E76616C696420646573746989
:10D740006E6174696F6E20616464726573730054F6
:10D750006F6F2073686F7274207365676D656E7488
:10D760006564206D65737361676520286C656E2044
:10D77000257529005265706C61793A2073726320B7
:10D780003078253034782064737420307825303434
:10D7900078207365712030782530367800536567BE
:10D7A0004F2067726561746572207468616E2053E2
:10D7B00065674E20282575203E2025752900447573
:10D7C000706C6963617465205344552066726F6D97
:10D7D00020737263203078253034780049676E6F8B
:10D7E00072696E67206F6C6420536571417574684F
:10D7F00000496E76616C6964207365676D656E744F
:10D8000020666F72206F6E676F696E672073657335
:10D8100073696F6E00496E76616C696420736F7511
:10D82000726365206F722064657374696E617469D8
:10D830006F6E20666F72207365676D656E74004948
:10D840006E636F6E73697374656E742043544C20FD
:10D85000696E207365676D656E7400476F74207321
:10D8600065676D656E7420666F722063616E6365B7
:10D870006C65642053445500546F6F2062696720C3
:10D88000696E636F6D696E6720534455206C656ED9
:10D89000677468004E6F20737061636520696E2045
:10D8A000467269656E6420517565756520666F7294
:10D8B000202575207365676D656E74730049676E0A
:10D8C0006F72696E67206F6C642053657141757467
:10D8D0006820307825303678004E6F7420656E6F82
:10D8E000756768207365676D656E747320666F7207
:10D8F00020696E636F6D696E67206D657373616714
:10D9000065004E6F206672656520736C6F747320BE
:10D91000666F72206E657720696E636F6D696E67E2
:10D92000207365676D656E746564206D65737361E2
:10D9300067657300546F6F206C6172676520534494
:10D9400055206C656E00496E636F7272656374205A
:10D950007365676D656E742073697A6520666F7292
:10D96000206D657373616765207479706500556E0D
:10D9700061626C6520616C6C6F63617465206275B7
:10D980006666657220666F72205365672025750094
:10D99000546F6F2073686F727420534455202B208E
:10D9A0004D494300546F6F20736D616C6C20756E30
:10D9B0007365676D656E74656420504455006274CC
:10D9C0005F6D6573685F7472616E73706F727400FF
:10D9D000556E65787065637465642061647620694E
:10D9E0006E7374616E6365004D6573682061647663
:10D9F00065727469736572206E6F7420656E616202
:10DA00006C6564004164766572746973657220693F
:10DA1000732062757379004661696C656420757066
:10DA2000646174696E672061647620706172616DF3
:10DA3000733A202564004661696C656420736574DF
:10DA400074696E672061647620646174613A202590
:10DA500064004164766572746973696E67206661FB
:10DA6000696C65643A2065727220256400466169BC
:10DA70006C656420746F2073746F702070726F789F
:10DA800079206164766572746973696E673A2025DE
:10DA900064004164766572746973696E67202570ED
:10DAA0002063616E63656C65642064756520746FC6
:10DAB0002070726F787920616476206661696C6588
:10DAC0006420746F2073746F70004254204D45536E
:10DAD00048205751004661696C656420746F20735B
:10DAE0006574206163636570745F6578745F6164F9
:10DAF000765F7061636B6574733A20256400436FD1
:10DB0000756C64206E6F7420616C6C6F63617465FA
:10DB100020636F6D6D616E6420627566666572006C
:10DB20004661696C656420746F20736574207A6542
:10DB3000726F2072616E646F6D6E6573733A20252B
:10DB400064004661696C656420746F2073746F7043
:10DB5000206164762025640062745F6D6573685F80
:10DB60006164765F65787400556E6578706563747E
:10DB700065642076616C7565206C656E67746820DD
:10DB800028257A6420213D20257A752900425420D9
:10DB90004D6573682073657474696E677320776F61
:10DBA000726B710062742F6D6573680062745F6DD3
:10DBB0006573685F73657474696E677300556E6131
:10DBC000626C6520746F2066696E642052504C2030
:10DBD000656E74727920666F7220307825303478E3
:10DBE00000556E61626C6520746F20616C6C6F63B0
:10DBF0006174652052504C20656E74727920666F96
:10DC00007220307825303478004661696C65642074
:10DC1000746F2073657420606E6574600062742F89
:10DC20006D6573682F52504C2F2578004661696CE2
:10DC3000656420746F20636C6561722052504C00E3
:10DC400052504C2069732066756C6C2100466169E6
:10DC50006C656420746F2073746F72652052504C31
:10DC60002025732076616C75650062742F6D657375
:10DC7000682F52504C0062745F6D6573685F7270FC
:10DC80006C00574553545F544F504449522F7A65A6
:10DC9000706879722F7375627379732F626C756512
:10DCA000746F6F74682F6D6573682F667269656E27
:10DCB000642E6300417474656D7074206F66207308
:10DCC000656E64696E6720746F2072656D6F76652E
:10DCD0006420667269656E6400556E61626C6520D1
:10DCE000746F20656E636F646520467269656E644B
:10DCF0002055706461746500416E6F7468657220B0
:10DD000072657175657374206265666F72652070E7
:10DD1000726576696F757320636F6D706C6574657D
:10DD2000642073656E64696E6700556E61626C6530
:10DD300020746F206672656520757020656E6F7542
:10DD400067682062756666657273004E6F20667242
:10DD5000656520667269656E64207365676D656EC2
:10DD60007420525820636F6E746578747320666FE8
:10DD70007220307825303478004661696C65642003
:10DD80007570646174696E6720667269656E64207F
:10DD90006372656420666F722030782530347800B5
:10DDA00044656372797074696F6E206661696C6531
:10DDB00064212025640052652D656E63727970744C
:10DDC000696F6E206661696C656421202564004579
:10DDD0006E6372797074696E67206661696C6564E0
:10DDE000004F62667573636174696E67206661696E
:10DDF0006C656400556E61626C6520746F20656EA1
:10DE0000636F646520537562736372697074696FC0
:10DE10006E204C69737420436F6E6669726D617415
:10DE2000696F6E00467269656E6473686970206C14
:10DE30006F737420776974682030782530347800E7
:10DE4000467269656E6473686970206E6F742065D0
:10DE5000737461626C6973686564207769746820A3
:10DE600030782530347800556E61626C6520746FAF
:10DE700020616C6C6F6361746520667269656E64A5
:10DE80002061647600546F6F2073686F727420464F
:10DE90007269656E6420436C656172004E6F206D1F
:10DEA00061746368696E67204C504E2061646472CF
:10DEB00020307825303478004C504E20436F756EFA
:10DEC000746572206F7574206F662072616E67656D
:10DED00020286F6C64202575206E657720257529B4
:10DEE00000546F6F2073686F727420467269656E9C
:10DEF0006420537562736372697074696F6E204138
:10DF000064640050726576696F7573206275666629
:10DF10006572206E6F74207965742073656E74214C
:10DF2000004E6F20737061636520696E20667269B0
:10DF3000656E6420737562736372697074696F6E65
:10DF4000206C69737400546F6F2073686F72742053
:10DF5000467269656E64205375627363726970748A
:10DF6000696F6E2052656D6F766500546F6F207318
:10DF7000686F727420467269656E6420506F6C6CB5
:10DF80000050726F6869626974656420286E6F6EF4
:10DF90002D7A65726F292070616464696E672062F2
:10DFA0006974730050726576696F75732062756667
:10DFB000666572206E6F74207965742073656E7467
:10DFC00000546F6F2073686F727420467269656EBB
:10DFD0006420436C65617220436F6E6669726D00E8
:10DFE0004E6F2070656E64696E6720636C65617248
:10DFF0002070726F63656475726520666F72203081
:10E000007825303278004C504E206164647265731C
:10E0100073206D69736D61746368202830782530D2
:10E02000347820213D2030782530347829004C5038
:10E030004E20636F756E746572206D69736D6174C7
:10E040006368202830782530347820213D203078CE
:10E05000253034782900546F6F2073686F727420F4
:10E06000467269656E6420526571756573740050FF
:10E07000726F686962697465642052656365697668
:10E080006544656C61792028307825303278290024
:10E0900050726F6869626974656420506F6C6C546B
:10E0A000696D656F757420283078253036782900C1
:10E0B00050726F68696269746564204E756D456C55
:10E0C000656D656E74732076616C75652028307897
:10E0D000303029004C504E20656C656D656E747350
:10E0E0002073747265746368206F757473696465F6
:10E0F000206F6620756E69636173742072616E674C
:10E10000650050726F68696269746564204D696E5C
:10E11000696D756D2051756575652053697A652047
:10E12000696E20467269656E64205265717565730B
:10E13000740057652068617665206120746F6F20D8
:10E14000736D616C6C20467269656E6420517565F3
:10E1500075652073697A6520282575203C20257512
:10E1600029004E6F206672656520467269656E648F
:10E1700020636F6E746578747320666F72206E65AD
:10E1800077204C504E004578697374696E67204C57
:10E19000504E2072652D72657175657374696E6776
:10E1A00020467269656E6473686970004661696CC7
:10E1B000656420746F20637265617465206672699E
:10E1C000656E642063726564656E7469616C73006A
:10E1D000556E61626C6520746F20656E636F646557
:10E1E00020467269656E64204F66666572004661FE
:10E1F000696C656420746F20656E636F646520468A
:10E200007269656E642062756666657200436C654E
:10E210006172696E6720696E636F6D706C6574659D
:10E22000207365676D656E747320666F7220307839
:10E2300025303478000A0F141962745F6D657368B5
:10E240005F667269656E6400574553545F544F5062
:10E250004449522F7A65706879722F696E636C75C4
:10E2600064652F7A65706879722F7379732F62797C
:10E2700074656F726465722E6800556E6B6E6F7791
:10E280006E2070726F766973696F6E696E67205069
:10E2900044552074797065203078253032780055E7
:10E2A0006E6578706563746564206D73672030787F
:10E2B0002530327820213D203078253032780049D1
:10E2C0006E76616C6964206C656E67746820257574
:10E2D00020666F722074797065203078253032782E
:10E2E000004661696C656420746F2067656E6572B5
:10E2F000617465207075626C6963206B6579202894
:10E30000256429004E6F2070726F766973696F6E95
:10E31000696E6720636F6E746578742070726F76B3
:10E320006964656400010204080102040810010B1D
:10E33000054000202021000130313233343536379A
:10E3400038394142434445464748494A4B4C4D4E73
:10E350004F505152535455565758595A4661696C4B
:10E36000656420746F2073656E642050726F7669E7
:10E3700073696F6E696E67204661696C6564206DB4
:10E38000657373616765004661696C656420746FCD
:10E390002073656E64206361706162696C69746981
:10E3A0006573004661696C656420746F2073656EE7
:10E3B000642050726F766973696F6E696E67204969
:10E3C0006E70757420436F6D706C65746500466186
:10E3D000696C656420746F2067656E657261746531
:10E3E0002044484B6579004E6F207075626C6963FC
:10E3F000206B657920617661696C61626C650046AD
:10E4000061696C656420746F2073656E642050755B
:10E41000626C6963204B657900556E61626C6520A2
:10E42000746F2067656E65726174652073657373C0
:10E43000696F6E206B657900556E61626C65207442
:10E440006F2067656E6572617465207365737369AB
:10E450006F6E206E6F6E636500556E61626C652035
:10E46000746F20646563727970742070726F76695E
:10E4700073696F6E696E67206461746100556E61C7
:10E48000626C6520746F2067656E657261746520CB
:10E49000646576696365206B6579004661696C65C2
:10E4A0006420746F2073656E642050726F76697398
:10E4B000696F6E696E6720436F6D706C657465007F
:10E4C0004661696C656420746F2070726F76697341
:10E4D000696F6E20286572722025642900556E6B65
:10E4E0006E6F776E20616C676F726974686D203033
:10E4F000782530327800496E76616C6964207075D9
:10E50000626C6963206B657920747970653A20309C
:10E51000782530327800496E76616C6964206175C7
:10E520007468656E7469636174696F6E206D65747B
:10E53000686F643A203078253032783B206163740C
:10E54000696F6E3A203078253032783B2073697AD3
:10E55000653A2030782530327800556E61626C65FE
:10E5600020746F2067656E657261746520636F6EDD
:10E570006669726D6174696F6E2073616C740055A9
:10E580006E61626C6520746F2067656E6572617480
:10E590006520636F6E6669726D6174696F6E206B62
:10E5A000657900556E61626C6520746F2067656ED9
:10E5B00065726174652072616E646F6D206E756D39
:10E5C00062657200556E61626C6520746F206765CC
:10E5D0006E657261746520636F6E6669726D6174D9
:10E5E000696F6E2076616C7565004661696C656463
:10E5F00020746F2073656E642050726F7669736942
:10E600006F6E696E6720436F6E6669726D0052614E
:10E610006E646F6D2076616C756520697320696426
:10E62000656E746963616C20746F206F7572732CF2
:10E630002072656A656374696E672E00556E61624B
:10E640006C6520746F2063616C63756C6174652008
:10E65000636F6E6669726D6174696F6E2076657244
:10E66000696669636174696F6E00496E76616C6991
:10E670006420636F6E6669726D6174696F6E207677
:10E68000616C7565004661696C656420746F206714
:10E69000656E65726174652070726F766973696FFB
:10E6A0006E696E672073616C74004661696C6564A5
:10E6B00020746F2073656E642050726F7669736981
:10E6C0006F6E696E672052616E646F6D004465768F
:10E6D00069636520555549443A2025730062745F8B
:10E6E0006D6573685F70726F766973696F6E65656B
:10E6F000004F7574206F662070726F766973696F52
:10E700006E696E672061647673004E6F206D656D73
:10E710006F727920746F2073656E6420756E61630B
:10E720006B6564205044553A20257300476976692B
:10E730006E67207570207472616E73616374696FA7
:10E740006E004C696E6B206E6F7420616374697625
:10E750006500556E6578706563746564206D7367D8
:10E7600020307825303278206F6E20696E76616CAB
:10E77000696461746564206C696E6B00496E636FD7
:10E78000727265637420464353004461746120666D
:10E790006F7220756E6B6E6F776E207472616E7320
:10E7A000616374696F6E20283078257820213D20C0
:10E7B000307825782900496E76616C69642073652C
:10E7C000676D656E7420696E6465782025750052EA
:10E7D0007820627566666572206F766572666C6F0A
:10E7E000772E204D616C666F726D65642067656E73
:10E7F000657269632070726F76206672616D653F25
:10E8000000496E636F7272656374206C617374206B
:10E81000736567206C656E3A20257520213D2025A3
:10E820007500556E65787065637465642078616302
:10E830007420307825782C20657870656374656461
:10E8400020307825780049676E6F72696E67207A8C
:10E8500065726F2D6C656E6774682070726F766973
:10E8600073696F6E696E672050445500546F6F2056
:10E870006C617267652070726F766973696F6E691B
:10E880006E67205044552028257520627974657381
:10E890002900496E76616C6964206465636C6172FD
:10E8A00065642070726F766973696F6E6967205056
:10E8B0004455206C656E67746820282575203E20BD
:10E8C00025752900546F6F20736D616C6C20746F17
:10E8D00074616C206C656E67746820666F72206D61
:10E8E000756C74692D7365676D656E742050445541
:10E8F00000496E76616C6964205365674E20282557
:10E90000752C2063616C63756C617465642025757A
:10E910002900546F6F2073686F7274206265617292
:10E920006572206F70656E206D6573736167652019
:10E93000286C656E2025752900556E6B6E6F776E9D
:10E9400020626561726572206F70636F64653A2042
:10E9500030782530327800546F6F20626967206DFF
:10E9600065737361676500546F6F2073686F7274AD
:10E970002070726F766973696F6E696E672070615F
:10E98000636B657420286C656E2025752900546FB3
:10E990006F2073686F727420475043206D657373E6
:10E9A00061676520747970652025750062745F6DFC
:10E9B0006573685F70625F616476004461746120B2
:10E9C000666F7220756E6578706563746564206328
:10E9D0006F6E6E656374696F6E0062745F6D6573F0
:10E9E000685F70625F67617474004E6F2050422DE3
:10E9F0004741545420436C69656E7420666F756E90
:10EA00006400436C69656E742077726F74652030A2
:10EA1000782530347820696E737465616420656E82
:10EA200061626C696E67206E6F7469667900556EFD
:10EA300068616E646C6564204D6573736167652001
:10EA4000547970652030782530327800546F6F200B
:10EA5000736D616C6C2050726F7879205044550052
:10EA600050726F7879205044552074797065206415
:10EA70006F65736E2774206D61746368204741541D
:10EA800054207365727669636500546F6F206C6FF4
:10EA90006E672055524920746F2066697420616446
:10EAA000766572746973696E67207061636B6574F3
:10EAB0000062745F6D6573685F70625F6761747434
:10EAC0005F73727600456E636F64696E6720507283
:10EAD0006F787920636667206D6573736167652061
:10EAE0006661696C6564202865727220256429005E
:10EAF0004661696C656420746F2073656E64207074
:10EB0000726F787920636667206D657373616765DE
:10EB100020286572722025642900574553545F549C
:10EB20004F504449522F7A65706879722F7375621D
:10EB30007379732F626C7565746F6F74682F6D6570
:10EB400073682F70726F78795F7372762E630046E8
:10EB500061696C656420746F2061647665727469A4
:10EB60007365207573696E672074797065203078DD
:10EB7000253032782028657272202564290046618C
:10EB8000696C656420746F206465636F64652050F0
:10EB9000726F787920436F6E666967757261746908
:10EBA0006F6E20286572722025642900546F6F20D3
:10EBB00073686F72742070726F787920636F6E66FD
:10EBC000696775726174696F6E2050445500546FA7
:10EBD0006F2073686F72742046696C74657220537D
:10EBE0006574206D6573736167650050726F686945
:10EBF00062697465642046696C746572205479702A
:10EC0000652030782530327800556E68616E646C0E
:10EC1000656420636F6E66696775726174696F6E93
:10EC2000204F70436F64652030782530327800556E
:10EC30006E61626C6520746F2072656769737465BC
:10EC400072204D6573682050726F78792053657219
:10EC50007669636520286572722025642900436FF8
:10EC6000756C64206E6F742066696E6420737562C3
:10EC70006E657420746F2061647665727469736563
:10EC8000004661696C656420746F2061647665720A
:10EC900074697365207573696E67204E6574776F4C
:10ECA000726B204944202865727220256429005522
:10ECB0006E65787065637465642070726F78792012
:10ECC000616476206576743A202564004164766537
:10ECD00072746973696E672070726F7879206661EB
:10ECE000696C656420286572723A20256429006287
:10ECF000745F6D6573685F676174740050726F78DC
:10ED000079205341522074696D656F7574005745C1
:10ED100053545F544F504449522F7A65706879724A
:10ED20002F7375627379732F626C7565746F6F746E
:10ED3000682F6D6573682F70726F78795F6D736778
:10ED40002E630050726F787920726F6C6520627547
:10ED500066666572206F766572666C6F7700436FCA
:10ED60006D706C65746520504455207768696C65DA
:10ED700020612070656E64696E6720696E636F6DD7
:10ED8000706C657465206F6E6500466972737420DF
:10ED9000504455207768696C6520612070656E6409
:10EDA000696E6720696E636F6D706C657465206F46
:10EDB0006E6500436F6E74696E756174696F6E2065
:10EDC00077697468206E6F207072696F7220646159
:10EDD000746100556E6578706563746564206D6557
:10EDE0007373616765207479706520696E20636F45
:10EDF0006E74696E756174696F6E004C6173742016
:10EE0000534152205044552077697468206E6F201A
:10EE10007072696F72206461746100556E657870FC
:10EE20006563746564206D657373616765207479CB
:10EE3000706520696E206C617374205341522050BC
:10EE4000445500496E76616C696420415454204DEC
:10EE500054553A202564004661696C656420746FDE
:10EE60002073656E642070726F7879206D6573739E
:10EE70006167652028657272202564290062745FCD
:10EE80006D6573685F70726F78790052656675732F
:10EE9000696E6720746F20616C6C6F6361746520AC
:10EEA0006D65737361676520636F6E746578742038
:10EEB0007768696C652073757370656E646564004E
:10EEC00050757267652070656E64696E6720646551
:10EED0006C617961626C65206D6573736167652E25
:10EEE000004E6F20617661696C61626C65206672AC
:10EEF00065652064656C617961626C65206D657320
:10EF00007361676520636F6E746578742E00556E4B
:10EF100061626C6520616C6C6F636174652025753E
:10EF2000206368756E6B732C20616C6C6F63617409
:10EF30006564202575004E6F20617661696C6162A1
:10EF40006C65206368756E6B206D656D6F72792ED0
:10EF50000062745F6D6573685F64656C617961629E
:10EF60006C655F6D73670000070E091C1B12153876
:10EF70003F363124232A2D63616368655F6E7266B4
:10EF80007800574553545F544F504449522F7A6587
:10EF9000706879722F647269766572732F636C6F13
:10EFA000636B5F636F6E74726F6C2F636C6F636BF8
:10EFB0005F636F6E74726F6C5F6E72662E63006358
:10EFC0006C6F636B40313065303030006866636C65
:10EFD0006B006C66636C6B006866636C6B32346DDF
:10EFE00000636C6F636B5F636F6E74726F6C007045
:10EFF00073612D726E67007272616D2D636F6E7436
:10F00000726F6C6C65724035303034653030300072
:10F01000666C6173685F6E72665F7272616D0057D5
:10F020004553545F544F504449522F7A6570687964
:10F03000722F696E636C7564652F7A65706879727A
:10F040002F647269766572732F6770696F2F6770AE
:10F05000696F5F7574696C732E6800574553545F10
:10F06000544F504449522F6D6F64756C65732F680F
:10F07000616C2F6E6F726469632F6E7266782F6891
:10F08000616C2F6E72665F6770696F2E68005745FE
:10F0900053545F544F504449522F7A6570687972C7
:10F0A0002F647269766572732F6770696F2F67704E
:10F0B000696F5F6E7266782E63006770696F4031AA
:10F0C0003061303030006770696F40643832303002
:10F0D000006770696F40353034303000000104053E
:10F0E000020608090F7561727440633630303000D3
:10F0F000756172745F6E7266785F756172746500B7
:10F10000574553545F544F504449522F7A657068A5
:10F1100079722F696E636C7564652F7A6570687992
:10F12000722F647269766572732F6770696F2E68CB
:10F13000004750494F2049525120636F6E666967FE
:10F14000206661696C65642C206572723A202564C2
:10F15000004C454420696E646578206F7574206F9B
:10F1600066207468652072616E6765004661696C2F
:10F1700065642064697361626C696E6720696E748E
:10F18000657272757074730043616E6E6F74207275
:10F19000656164206770696F2070696E0043616EFD
:10F1A0006E6F74207772697465204C4544206770D7
:10F1B000696F0043616E6E6F742064697361626C85
:10F1C000652063616C6C6261636B730043616E6E9A
:10F1D0006F7420656E61626C652063616C6C626146
:10F1E000636B730043616E6E6F7420636F6E66694C
:10F1F00067757265204C4544206770696F004361F4
:10F200006E6E6F7420636F6E6669677572652062DB
:10F210007574746F6E206770696F0043616E6E6FF6
:10F22000742064697361626C652063616C6C6261F7
:10F23000636B7328290043616E6E6F742061646490
:10F240002063616C6C6261636B00646B5F627574F8
:10F25000746F6E735F616E645F6C6564730052659A
:10F2600073657474696E672073797374656D006675
:10F270006174616C5F6572726F7200574553545FC1
:10F28000544F504449522F7A65706879722F696ED5
:10F29000636C7564652F7A65706879722F64726922
:10F2A000766572732F656E74726F70792E68005771
:10F2B0004553545F544F504449522F6E72662F731A
:10F2C00075627379732F626C7565746F6F74682FD4
:10F2D000636F6E74726F6C6C65722F6863695F64C4
:10F2E00072697665722E6300574553545F544F50D0
:10F2F0004449522F6E72662F696E636C7564652F78
:10F300006D70736C2F6D70736C5F776F726B2E689E
:10F3100000536F667444657669636520436F6E744D
:10F32000726F6C6C6572204153534552543A2025DC
:10F33000732C20256400536F667444657669636599
:10F3400020436F6E74726F6C6C6572206275696CAD
:10F3500064207265766973696F6E3A2000456E7439
:10F36000726F707920736F7572636520646576695A
:10F370006365206E6F74207265616479004661690F
:10F380006C656420746F20726567697374657220A0
:10F3900072616E6420736F7572636520282564291D
:10F3A00000416C6C6F6361746564206D656D6F7294
:10F3B0007920746F6F206C6F773A20257A75203C26
:10F3C000202575004576656E7420627566666572E7
:10F3D00020746F6F20736D616C6C2E20257A752000
:10F3E0003E20257500556E657870656374656420F0
:10F3F0006D73675F747970653A2025752E205468A7
:10F4000069732069662D656C7365206E656564732C
:10F410002061206E6577206272616E636800556EB0
:10F420006B6E6F776E206572726F72207768656E93
:10F430002070726F63657373696E672068636920FB
:10F440006D6573736167652025640062745F68632E
:10F45000695F7364630062745F7364635F686369A8
:10F460005F6472697665720062745F7364635F6380
:10F47000727970746F0062745F6D6573685F6D6F31
:10F4800064004F4F4220537472696E673A202573AF
:10F490000A0057726F6E67204F4F422073697A657A
:10F4A0003A2025750A004F4F42204E756D626572F5
:10F4B0003A2025750A00646B5F62745F6D6573683E
:10F4C0005F70726F7600574553545F544F504449F4
:10F4D000522F6E72662F7375627379732F6D70730E
:10F4E0006C2F696E69742F6D70736C5F696E6974CF
:10F4F0002E63004D50534C204153534552543A20F3
:10F5000025732C202564004D50534C20576F726B8F
:10F51000006D70736C5F696E697400556E73757001
:10F52000706F72746564204846434C4B2065766565
:10F530006E743A20256400574553545F544F50442D
:10F5400049522F6E72662F647269766572732F6DE1
:10F5500070736C2F636C6F636B5F636F6E74726F2D
:10F560006C2F6E7266785F636C6F636B5F6D707328
:10F570006C2E63006E7266785F636C6F636B5F6D99
:10F5800070736C00574553545F544F504449522F89
:10F590006E72662F647269766572732F6D70736C0C
:10F5A0002F666C6173685F73796E632F666C61732D
:10F5B000685F73796E635F6D70736C2E63006D703E
:10F5C000736C5F74696D65736C6F745F736573736F
:10F5D000696F6E5F6F70656E206661696C65643A15
:10F5E00020256400666C6173685F73796E635F6D7C
:10F5F00070736C00574553545F544F504449522F19
:10F600006D6F64756C65732F68616C2F6E6F7264BB
:10F6100069632F6E7266782F68616C2F6E72665FF9
:10F620006770696F74652E6800574553545F544F77
:10F63000504449522F6D6F64756C65732F68616C0F
:10F640002F6E6F726469632F6E7266782F647269B1
:10F65000766572732F7372632F6E7266785F677050
:10F66000696F74652E6300000A2A354242424242A5
:10F670004242424242424200010203574553545F14
:10F68000544F504449522F6D6F64756C65732F68E9
:10F69000616C2F6E6F726469632F6E7266782F686B
:10F6A000616C2F6E72665F677274632E68005745D7
:10F6B00053545F544F504449522F6D6F64756C65BD
:10F6C000732F68616C2F6E6F726469632F6E726640
:10F6D000782F647269766572732F7372632F6E72FE
:10F6E00066785F677274632E6300574553545F54A6
:10F6F0004F504449522F6D6F64756C65732F68616C
:10F700006C2F6E6F726469632F6E7266782F6861FA
:10F710006C2F6E72665F7272616D632E6800574562
:10F7200053545F544F504449522F7A657068797230
:10F730002F6B65726E656C2F6465766963652E63E9
:10F7400000556E6B6E6F776E206572726F72003E41
:10F750003E3E205A455048595220464154414C2083
:10F760004552524F522025643A202573206F6E2057
:10F77000435055202564004661756C742064757291
:10F78000696E6720696E7465727275707420686145
:10F790006E646C696E670A0043757272656E7420E0
:10F7A0007468726561643A202570202825732900E9
:10F7B000574553545F544F504449522F7A657068EF
:10F7C00079722F6B65726E656C2F666174616C2E39
:10F7D000630043505520657863657074696F6E00EF
:10F7E000556E68616E646C656420696E74657272D2
:10F7F00075707400537461636B206F766572666C0C
:10F800006F77004B65726E656C206F6F7073004B85
:10F8100065726E656C2070616E6963005745535464
:10F820005F544F504449522F7A65706879722F6B3C
:10F8300065726E656C2F696E69742E630069646C05
:10F8400065006F7300574553545F544F50444952FD
:10F850002F7A65706879722F6B65726E656C2F6B8D
:10F86000686561702E6300574553545F544F504490
:10F8700049522F7A65706879722F6B65726E656C6C
:10F880002F6D656D5F736C61622E63005745535435
:10F890005F544F504449522F7A65706879722F6BCC
:10F8A00065726E656C2F696E636C7564652F6B7322
:10F8B000636865642E6800574553545F544F504445
:10F8C00049522F7A65706879722F6B65726E656C1C
:10F8D0002F69646C652E6300574553545F544F5035
:10F8E0004449522F7A65706879722F6B65726E6524
:10F8F0006C2F6D757465782E6300574553545F54B3
:10F900004F504449522F7A65706879722F6B657237
:10F910006E656C2F73656D2E6300737973776F72EC
:10F920006B7100574553545F544F504449522F7ADE
:10F9300065706879722F6B65726E656C2F776F7268
:10F940006B2E6300574553545F544F504449522F18
:10F950007A65706879722F6B65726E656C2F74684A
:10F96000726561642E6300574553545F544F504491
:10F9700049522F7A65706879722F6B65726E656C6B
:10F980002F73636865642E6300574553545F544F6B
:10F99000504449522F7A65706879722F6B65726E88
:10F9A000656C2F696E636C7564652F6B7468726526
:10F9B00061642E6800574553545F544F5044495278
:10F9C0002F7A65706879722F6B65726E656C2F691E
:10F9D0006E636C7564652F6B737761702E6800576A
:10F9E0004553545F544F504449522F7A657068799B
:10F9F000722F6B65726E656C2F74696D65736C69BF
:10FA000063696E672E6300574553545F544F5044EB
:10FA100049522F7A65706879722F6B65726E656CCA
:10FA20002F7468726561645F6D6F6E69746F722E9A
:10FA30006300574553545F544F504449522F7A65E1
:10FA4000706879722F6B65726E656C2F74696D6565
:10FA50006F75742E6300574553545F544F5044499B
:10FA6000522F7A65706879722F6B65726E656C2F94
:10FA7000706F6C6C2E6300574553545F544F504465
:10FA800049522F7A65706879722F6B65726E656C5A
:10FA90002F6D656D706F6F6C2E6300141400001C69
:10FAA0002030401C2000001C203040004063726168
:10FAB00063656E00574553545F544F504449522F6D
:10FAC0006E72662F7375627379732F6E72665F73D1
:10FAD000656375726974792F7372632F64726976C6
:10FAE0006572732F63726163656E2F637261636504
:10FAF0006E7073612F7372632F6C69625F6B6D75CB
:10FB00002E6300574553545F544F504449522F6E53
:10FB100072662F7375627379732F6E72665F736589
:10FB20006375726974792F7372632F647269766575
:10FB300072732F63726163656E2F63726163656EAA
:10FB40007073612F7372632F6B65795F6D616E6186
:10FB500067656D656E742E63004B4D5500010302A1
:10FB6000574553545F544F504449522F6E72662F7D
:10FB70007375627379732F6E72665F7365637572E6
:10FB80006974792F7372632F647269766572732F4B
:10FB900063726163656E2F63726163656E5F737715
:10FBA0002F7372632F63726163656E5F73775F6338
:10FBB00069706865722E6300574553545F544F5007
:10FBC0004449522F6E72662F7375627379732F6E6C
:10FBD00072665F73656375726974792F7372632FD0
:10FBE000647269766572732F63726163656E2F63E9
:10FBF000726163656E5F73772F7372632F637261D7
:10FC000063656E5F73775F6D61632E63001414002C
:10FC1000001C2030401C2000001C20304000400010
:10FC200000000000000000000000000000000000D4
:10FC3000000000000000000000000000000000576D
:10FC40004553545F544F504449522F6E72662F7380
:10FC500075627379732F6E72665F7365637572690F
:10FC600074792F7372632F647269766572732F6370
:10FC7000726163656E2F737873796D6372797074D6
:10FC80002F7372632F706C6174666F726D2F626177
:10FC900072656D6574616C2F696E746572727570D2
:10FCA00074732E6300FFFFFFFF00000001000000DF
:10FCB000000000000000000000FFFFFFFFFFFFFF4B
:10FCC000FFFFFFFFFFFFFFFFFF00000000FFFFFF40
:10FCD000FFFFFFFFFFBCE6FAADA7179E84F3B9CA8A
:10FCE000C2FC6325516B17D1F2E12C4247F8BCE608
:10FCF000E563A440F277037D812DEB33A0F4A139B5
:10FD000045D898C2964FE342E2FE1A7F9B8EE7EBFE
:10FD10004A7C0F9E162BCE33576B315ECECBB6404E
:10FD20006837BF51F5FFFFFFFF0000000100000032
:10FD3000000000000000000000FFFFFFFFFFFFFFCA
:10FD4000FFFFFFFFFC5AC635D8AA3A93E7B3EBBDD5
:10FD500055769886BC651D06B0CC53B0F63BCE3CBC
:10FD60003E27D2604B203042574553545F544F508A
:10FD70004449522F6E72662F7375627379732F6EBA
:10FD800072665F73656375726974792F7372632F1E
:10FD90007574696C732F6E72665F736563757269D3
:10FDA00074795F6D7574657865732E63005745537C
:10FDB000545F544F504449522F7A65706879722FBE
:10FDC0006B65726E656C2F6576656E74732E63005D
:10FDD0009B8FACC31D42AE44FACD1FC348A0B42FC5
:10FDE000CF29EE3D00FFFFFFFF1F00FFC1FBE84CE6
:10FDF00090728BE7B3518963AB2323006472616710
:10FE00006F6F6E2F6C6962732F73636865642F73F5
:10FE100072632F73636865645F68616C5F74696D9A
:10FE200065725F677274632E6300286E756C6C294F
:10FE3000002A666C6F61742A00000000FFFFFFFF5C
:10FE4000FF1F00001F000000000000007FFE0000F8
:10FE5000E40700001D40000000000000000000005A
:10FE600000000000FFFFFFFF1FFF1B00BAABBABA84
:10FE700010101010A0354D00FF000000C409000054
:10FE800001000000000000000050085000000000C9
:10FE9000000000000C00000000FF7F0000000000D8
:10FEA000AAAAAAAA55555555000000000000000056
:10FEB0000000000000000000000000000000000042
:10FEC000B5280000992B00002D2B00005D260100B5
:10FED0001925000027250100612C000027250100BD
:10FEE000D5250100C3250100B525010055290000D5
:10FEF000A92C000027250100552400002929000015
:10FF0000053E0000FD2900002725010061370000A3
:10FF1000493700002725010027250100CD390000C1
:10FF200027250100FD2A000027250100ED340000EF
:10FF30007D2600001F26010019260100452800002B
:10FF400007260100F9250100EB250100EB25010042
:10FF5000F137000079370000D4000020E4000020D1
:10FF6000FC000020300100204401002000000000BF
:10FF70000000000000000000000000000000000081
:10FF80000000000000000000000000000000000071
:10FF9000000000000000000000000000A961000057
:10FFA000000000001D410100000000000962000087
:10FFB00000000000694101000000000065410100EF
:10FFC000000000000F41010000000000FF400100A0
:10FFD0000000000000000000000000000000000021
:10FFE0000000000000000000000000000000000011
:10FFF0000000000000000000000000000000000001
:020000040005F5
:1000000000000000000000000000000000000000F0
:1000100000000000000000000000000000000000E0
:1000200000000000000000000000000000000000D0
:1000300000000000000000000000000000000000C0
:1000400000000000000000000000000000000000B0
:1000500000000000000000000000000000000000A0
:100060000000000000000000000000000000000090
:100070000000000000000000000000000000000080
:100080000000000000000000000000000000000070
:100090000000000000000000000000000000000060
:1000A0000000000000000000000000000000000050
:1000B0000000000000000000000000000000000040
:1000C0000000000000000000000000000000000030
:1000D0000000000000000000000000000000000020
:1000E0000000000000000000000000000000000010
:1000F0000000000000000000000000000000000000
:1001000000000000000000000000000000000000EF
:1001100000000000000000000000000000000000DF
:1001200000000000000000000000000000000000CF
:1001300000000000000000000000000000000000BF
:1001400000000000000000000000000000000000AF
:10015000000000000000000000000000000000009F
:10016000000000000000000000000000000000008F
:10017000000000000000000000000000000000007F
:10018000000000000000000000000000000000006F
:10019000000000000000000000000000000000005F
:1001A000000000000000000000000000000000004F
:1001B000000000000000000000000000000000003F
:1001C000000000000000000000000000000000002F
:1001D000000000000000000000000000000000001F
:1001E000000000000000000000000000000000000F
:1001F00000000000000000000000000000000000FF
:1002000000000000000000000000000000000000EE
:1002100000000000000000000000000000000000DE
:1002200000000000000000000000000000000000CE
:1002300000000000000000000000000000000000BE
:1002400000000000000000000000000000000000AE
:10025000000000000000000000000000000000009E
:10026000000000000000000000000000000000008E
:10027000000000000000000000000000000000007E
:10028000000000000000000000000000000000006E
:10029000000000000000000000000000000000005E
:1002A000000000000000000000000000000000004E
:1002B000000000000000000000000000000000003E
:1002C000000000000000000000000000000000002E
:1002D000000000000000000000000000000000001E
:1002E000000000000000000000000000000000000E
:1002F00000000000000000000000000000000000FE
:1003000000000000000000000000000000000000ED
:100310000000000000000000200500205B660100D6
:10032000616601006366010089660100676601007D
:10033000936601006D6601009D6601007366010011
:10034000A96601007F6601008366010075660100F1
:100350007B66010099660100A36601006805002024
:1003600001FF00003D6B0100496B01004D6B010076
:10037000556B0100596B01000101010300001E00D3
:100380001E02000000000000000002007C007E0051
:10039000E001030000000000000000000000000079
:1003A000000000000000000000000000000000004D
:1003B00000000000D80F0020000000000000000036
:1003C000000000000000000000000000000000002D
:1003D000000000000000000000000000000000001D
:1003E000000000000000000000000000000000000D
:1003F00098820400000000000000000000000000DF
:1004000000000000000000000000000000000000EC
:1004100000000000000000000000000000000000DC
:1004200000000000000000000000000000000000CC
:10043000000000000000000000000000B082040086
:1004400000000000000000000000000000000000AC
:10045000000000000000000000000000000000009C
:10046000000000000000000000000000000000008C
:10047000000000000000000000000000000000007C
:10048000000000000000000000000000000000006C
:10049000000000000000000000000000000000005C
:1004A000000000000000000000000000000000004C
:1004B000000000000000000000000000000000003C
:1004C000000000000000000000000000000000002C
:1004D000000000000000000000000000000000001C
:1004E000000000000000000000000000000000000C
:1004F00000000000000000000000000000000000FC
:1005000000000000B08204000000000000000000B5
:1005100000000000000000000000000000000000DB
:1005200000000000000000000000000000000000CB
:1005300000000000000000000000000000000000BB
:1005400000000000000000000000000000000000AB
:10055000000000000000000000000000000000009B
:10056000000000000000000000000000000000008B
:10057000000000000000000000000000000000007B
:10058000000000000000000000000000000000006B
:10059000000000000000000000000000000000005B
:1005A000000000000000000000000000000000004B
:1005B000000000000000000000000000000000003B
:1005C000000000000000000000000000B0820400F5
:1005D000000000000000000000000000000000001B
:1005E000000000000000000000000000000000000B
:1005F00000000000000000000000000000000000FB
:1006000000000000000000000000000000000000EA
:1006100000000000000000000000000000000000DA
:1006200000000000000000000000000000000000CA
:1006300000000000000000000000000000000000BA
:1006400000000000000000000000000000000000AA
:10065000000000000000000000000000000000009A
:10066000000000000000000000000000000000008A
:10067000000000000000000000000000000000007A
:10068000000000000000000000000000000000006A
:1006900000000000B0820400000000000000000024
:1006A000000000000000000000000000000000004A
:1006B000000000000000000000000000000000003A
:1006C000000000000000000000000000000000002A
:1006D000000000000000000000000000000000001A
:1006E000000000000000000000000000000000000A
:1006F00000000000000000000000000000000000FA
:1007000000000000000000000000000000000000E9
:1007100000000000000000000000000000000000D9
:1007200000000000000000000000000000000000C9
:1007300000000000000000000000000000000000B9
:1007400000000000000000000000000000000000A9
:100750000000000000000000000000000000000099
:100760000000000000000000000000000000000089
:100770000000000000000000000000000000000079
:100780000000000000000000000000000000000069
:100790000000000000000000000000000000000059
:1007A0000000000000000000000000000000000049
:1007B0000000000000000000000000000000000039
:1007C0000000000000000000000000000000000029
:1007D0000000000000000000000000000000000019
:1007E00079D90100000000000000000000000000B6
:1007F00000000000000000000000000000000000F9
:1008000000000000000000000000000000000000E8
:1008100000000000000000000000000000000000D8
:1008200000000000000000000000000000000000C8
:1008300000000000000000000000000000000000B8
:1008400000000000000000000000000000000000A8
:100850000000000000000000000000000000000098
:100860000000000000000000000000000000000088
:100870000000000000000000000000000000000078
:10088000000000000000000000000000946E040062
:100890000000000000000000000000000000000058
:1008A0000000000000000000000000000000000048
:1008B0000000000000000000000000000000000038
:1008C0000000000000000000000000000000000028
:1008D0000000000000000000000000000000000018
:1008E0000000000000000000000000000000000008
:1008F00000000000000000000000000000000000F8
:1009000000000000000000000000000000000000E7
:1009100000000000000000000000000000000000D7
:1009200000000000000000000000000000000000C7
:1009300000000000000000000000000000000000B7
:1009400000000000000000000000000000000000A7
:100950000000000000000000000000000000000097
:100960000000000000000000000000000000000087
:100970000000000000000000000000000000000077
:100980000000000000000000000000000000000067
:100990000000000000000000000000000000000057
:1009A0000000000000000000000000000000000047
:1009B0000000000000000000000000000000000037
:1009C0000000000000000000000000000000000027
:1009D0000000000000000000000000000000000017
:1009E0000000000000000000000000000000000007
:1009F00000000000000000000000000000000000F7
:100A000000000000000000000000000000000000E6
:100A100000000000000000000000000000000000D6
:100A200000000000000000000000000000000000C6
:100A300000000000000000000000000000000000B6
:100A40003C0000000000000000000000000000006A
:100A50000000000000000000000000000000000096
:100A60000000000000000000000000000000000086
:100A70000000000000000000050202070102090357
:100A8000010105000000000041F00200000000002C
:100A90000001000000000000000000000000000055
:100AA0000000000000000000000000000000000046
:100AB0000000000000000000000000000000000036
:100AC000000000000000000068140020000000008A
:100AD0000000000000000000000000000000000016
:100AE0000000000000000000000000000000000006
:100AF00000000000000000000000000000000000F6
:100B000000000000000000000000000000000000E5
:100B100000000000000000000000000000000000D5
:100B200000000000000000000000000000000000C5
:100B300000000000000000000000000000000000B5
:100B400000000000000000000000000000000000A5
:100B50000000000000000000000000000000000095
:100B60000000000000000000000000000000000085
:100B70000000000000000000000000000000000075
:100B80000000000000000000000000000000000065
:100B9000211203000000000000010000000000001E
:100BA0000000000000000000000000000000000045
:100BB0000000000000000000000000000000000035
:100BC000B9710100000000000001000000000000F9
:100BD0000000000000000000000000000000000015
:100BE0000000000000000000000000000000000005
:100BF000670000000000000000000000000000008E
:100C000000000000000000000000000000000000E4
:100C100000000000000000000000000000000000D4
:100C200000000000000000000000000000000000C4
:100C300000000000000000000000000000000000B4
:100C400000000000000000000000000000000000A4
:100C50000000000000000000000000000000000094
:100C60000000000000000000000000000000000084
:100C7000000000000000000000000000987B002041
:100C800001000300500F002098820400927B002096
:100C900002000100200F0020988204008E7B0020BB
:100CA00003000100F00E0020988204008A7B0020DF
:100CB00004000100C00E0020988204000010000013
:100CC000E80E0020A00800206C16002001000000A3
:100CD000887B002001000000B4680020288D0400FB
:100CE000148D0400000000008008002000100000A7
:100CF000180F0020D80700206E1600200100000009
:100D00008C7B002001000000B8680020288D0400C2
:100D1000148D040000000000B8070020001000003F
:100D2000480F00201007002070160020010000006E
:100D3000907B002001000000BC680020288D04008A
:100D4000148D040000000000F006002000000000E8
:100D5000CC68002000000000761600200100000092
:100D6000987B002000000000C8680020688704000D
:100D70005487040002000000D00F0020A0050020CE
:100D80007416002001000000967B00200100000086
:100D9000C4680020BC890400A88904000010000079
:100DA000C80F002048060020721600200100000035
:100DB000947B002001000000C0680020288D040002
:100DC000148D040000000000280600200000000030
:100DD000F00500207C100120000004007C100120A0
:100DE00077E90300A1F5030004830400000000007C
:100DF00055A4010031FB030007FB030000000000C5
:100E0000A5A201000000000013F903003C830400C8
:100E10000000000087FF0300000000000000000049
:100E200000C01050000000000000000000000000A2
:100E300000000000000000000000000000000000B2
:100E400000000000000000000000000000000000A2
:100E50000000000000000000000000000000000092
:100E60000000000000000000000000000000000082
:100E70000000000000000000000000000000000072
:100E80000000000000000000000000000000000062
:100E90000000000000000000000000000000000052
:100EA0000000000000000000000000000000000042
:100EB0000000000000000000000000000000000032
:100EC0000000000000000000000000000000000022
:100ED0000001000000A00D50000000000000000014
:100EE0000000000000000000000000000000000002
:100EF00000000000000000000000000000000000F2
:100F000000000000000000000000000000000000E1
:100F100000000000000000000000000000000000D1
:100F200000000000000000000000000000000000C1
:100F300000000000000000000000000000000000B1
:100F400000000000000000000000000000000000A1
:100F50000000000000000000000000000000000091
:100F60000000000000000000000000000000000081
:100F70000000000000000000000000000000000071
:100F8000000000000000000000000000E5BF0100BC
:100F9000000000000000000000000000F303040057
:100FA000000000000000000000000000D9CA01009D
:100FB0000000000000000000337D00200000E5007C
:100FC000337D0020000000002DFC01000000000027
:100FD0000000000000000000DDF50100000000003E
:100FE00000000000E8110020E811002000000000CF
:100FF00000000000690D0200691C020000000000F2
:101000000000000000000000FD1002003F1004007E
:10101000FD100400210C02000000000040910400BB
:10102000000002004C91040000000A005C910400E2
:101030000000200000000000000000000000000090
:10104000000000002315040000000000709104005F
:10105000000002007C91040000000200889104005E
:1010600000000200FFFF0000000000000000000080
:101070000000000000000000000000000000000070
:101080000000000000000000000000000000000060
:101090000000000000000000000000000000000050
:1010A0000000000000000000000000000000000040
:1010B0000000000000000000000000000000000030
:1010C0000000000000000000000000000000000020
:1010D0000000000000000000000000000000000010
:1010E0000000000000000000000000000000000000
:1010F000000000000000000000000000FFFFFFFFF4
:1011000000000000000000000000000000000000DF
:101110000000000000000000912704000000000013
:1011200000000000A410012000000B00A41001200A
:101130008010012000002400801001201100000018
:10114000000000000000000000000000000000009F
:1011500000000000F5C102000000000000000000D7
:10116000000000000000000000000000000000007F
:10117000000000000200000000000000000000006D
:10118000000000000000000000000000F5C10200A7
:10119000000000000000000000000000000000004F
:1011A000000000000000000000000000020000003D
:1011B000000000000000000000000000000000002F
:1011C00000000000F5C10200000000000000000067
:1011D000000000000000000000000000000000000F
:1011E00000000000080000000000000000000000F7
:1011F000000000000000000000000000F5C1020037
:1012000000000000000000000000000000000000DE
:1012100000000000000000000000000004000000CA
:1012200000000000000000000000000000000000BE
:1012300000000000F5C102000000000000000000F6
:10124000000000000000000000000000000000009E
:10125000000000000000000025E90200000000007E
:1012600000000000AF10012000004100AF1001207D
:10127000801400200600000000000000B891040067
:101280006314040000000000B49104000000010099
:10129000B0910400F11504000000000000150020CA
:1012A00000000100A89104000000000019FF0200E6
:1012B0000000000000000200A4910400F1150400E9
:1012C00000000000F8140020000001009C910400C0
:1012D000000000000000000000000000000000000E
:1012E00098910400351404005125020008150020CF
:1012F00000000300A091040000001000AC91040065
:1013000000000400000000000000000000000000D9
:10131000B5340400BDFE0200000000002C150020C2
:101320000600000000000000DC91040063140400CB
:1013300000000000D891040000000100D4910400D6
:10134000F115040000000000AC15002000000100B1
:10135000CC9104000000000005070300000000001D
:1013600000000200C8910400F11504000000000014
:10137000A415002000000100C0910400000000003E
:10138000000000000000000000000000BC9104000C
:101390003514040051250200B4150020000003009C
:1013A000C491040000001000D0910400000004006B
:1013B000000000000000000000000000C134040034
:1013C00045030300000000000000000000000000D2
:1013D000000000000000000000000000000000000D
:1013E00000000000000000000000000000000000FD
:1013F0000000000071010300000000000000000078
:10140000000000002921030000000000FF00000090
:101410000090D003FF0000000F00000071020000E8
:1014200024160020241600202C1600202C16002044
:101430008D44040089440400C16B040067742000DB
:1014400004180020541800202C1800200C1900202B
:10145000FC1800201818002040180020E36A04003F
:10146000E76A0400F36A0400FFFFFFFFFFFFFFFFCE
:10147000FFFFFFFF271806271800000000000000EC
:1014800000000000000000000000002818062818D6
:101490000628180000000000000000000000000006
:1014A000000000000100000000000000000000003B
:1014B000000000000000000000000000000000002C
:1014C000000000000000000000000000000000001C
:1014D000000000000000000000000000000000000C
:1014E00000000000000000000000000000000000FC
:1014F00000000000000000000000000000000000EC
:101500000417002004170020000000008C000120B8
:10151000000000000100000030000000000000009A
:1015200024170020241700200000000098A80020A5
:101530000000000001000000B800000000000000F2
:10154000441700204417002000000000FC00012088
:101550000000000002000000400000000000000049
:10156000641700206417002000000000FC03012025
:101570000000000006000000400000000000000025
:101580008417002084170020000000007C05012043
:101590000000000003000000240000000000000024
:1015A000A4170020A4170020000000007C010120E7
:1015B000000000000A0000004000000000000000E1
:1015C000C4170020C417002000000000BC00012048
:1015D00000000000040000001000000000000000F7
:1015E000E4170020E417002000000000E8050120B7
:1015F00000000000400000000C000000000000009F
:101600000418002004180020000000000000000062
:101610000E0000001818002018180020000000001C
:10162000000000000E0000002C1800202C180020E4
:1016300000000000000000000E0000004018002024
:101640004018002000000000000000000E00000014
:101650005418002054180020000000000000000072
:101660000E0000006818002068180020000000002C
:10167000000000000E0000007C1800207C180020F4
:1016800000000000000000000E0000009018002084
:101690009018002000000000000000000E00000074
:1016A000A4180020A4180020000000000000000082
:1016B0000E000000B8180020B8180020000000003C
:1016C000000000000E000000CC180020CC18002004
:1016D0000000000001000000DC180020DC180020E1
:1016E000E4180020E418002000000000FFFFFFFFC6
:1016F000F4180020F4180020FC180020FC1800202A
:1017000000000000000000000C1900200C1900204F
:1017100000000000000000000000000000000000C9
:10172000000000002819002028190020301900208E
:101730003019002000000000000000000000000040
:1017400044190020441900204C1900204C19002095
:1017500000000000000000000000000060190020F0
:10176000601900206819002068190020000000009E
:1017700000000000000000007C1900207C190020FF
:1017800084190020841900200000000000000000DF
:10179000000000009819002098190020A0190020CE
:1017A000A019002000000000080008001000000040
:1017B0000000000018850400FCFD0020000000006F
:1017C0000000000000000000CC190020CC1900200F
:1017D000D4190020D41900200000000004000400E7
:1017E00010000000DD190200B4850400ECFF0020A9
:1017F000000000000000000000000000001A0020AF
:10180000001A0020081A0020081A0020000000001A
:10181000140014000000000000000000B483040065
:1018200034F600200000000000000000000000006E
:10183000341A0020341A00203C1A00203C1A0020E0
:10184000000000000100010010000000D5F40100BC
:101850000485040084FC002000000000000000005B
:1018600000000000681A0020681A0020701A00208A
:10187000701A002000000000220022000400000076
:1018800000000000B08A0400C40C01200000000029
:1018900000000000000000009C1A00209C1A00209C
:1018A000A41A0020A41A0020000000000300030076
:1018B0000000000000000000CC8404003CFC00207C
:1018C000000000000000000000000000D01A00200E
:1018D000D01A0020D81A0020D81A002000000000DA
:1018E0000C000C0004000000B1C20100A083040041
:1018F00020F00020000000000000000000000000B8
:10190000041B0020041B00200C1B00200C1B0020CB
:1019100000000000010001000000000000000000C5
:0C192000C883040018F9002015E015E051
:00000001FF
